[{"Number":"","Street":"arch","Suffix":"st","City":"","State":"","Zip":"02110","StreetName":"Arch St","Address":null,"StateName":null,"Zip4":null,"MAK":null,"AddressType":null,"RBDI":null,"Results":null,"NoSuffix":""},{"Number":"","Street":"atlantic","Suffix":"ave","City":"","State":"","Zip":"02110","StreetName":"Atlantic Ave","Address":null,"StateName":null,"Zip4":null,"MAK":null,"AddressType":null,"RBDI":null,"Results":null,"NoSuffix":""},{"Number":"","Street":"batterymarch","Suffix":"st","City":"","State":"","Zip":"02110","StreetName":"Batterymarch St","Address":null,"StateName":null,"Zip4":null,"MAK":null,"AddressType":null,"RBDI":null,"Results":null,"NoSuffix":""},{"Number":"","Street":"broad","Suffix":"st","City":"","State":"","Zip":"02110","StreetName":"Broad St","Address":null,"StateName":null,"Zip4":null,"MAK":null,"AddressType":null,"RBDI":null,"Results":null,"NoSuffix":""},{"Number":"","Street":"central wharf","Suffix":"","City":"","State":"","Zip":"02110","StreetName":"Central Wharf","Address":null,"StateName":null,"Zip4":null,"MAK":null,"AddressType":null,"RBDI":null,"Results":null,"NoSuffix":"t"},{"Number":"","Street":"commercial wharf","Suffix":"","City":"","State":"","Zip":"02110","StreetName":"Commercial Wharf","Address":null,"StateName":null,"Zip4":null,"MAK":null,"AddressType":null,"RBDI":null,"Results":null,"NoSuffix":"t"},{"Number":"","Street":"congress","Suffix":"st","City":"","State":"","Zip":"02110","StreetName":"Congress St","Address":null,"StateName":null,"Zip4":null,"MAK":null,"AddressType":null,"RBDI":null,"Results":null,"NoSuffix":""},{"Number":"","Street":"custom house","Suffix":"st","City":"","State":"","Zip":"02110","StreetName":"Custom House St","Address":null,"StateName":null,"Zip4":null,"MAK":null,"AddressType":null,"RBDI":null,"Results":null,"NoSuffix":""},{"Number":"","Street":"devonshire","Suffix":"st","City":"","State":"","Zip":"02110","StreetName":"Devonshire St","Address":null,"StateName":null,"Zip4":null,"MAK":null,"AddressType":null,"RBDI":null,"Results":null,"NoSuffix":""},{"Number":"","Street":"federal","Suffix":"st","City":"","State":"","Zip":"02110","StreetName":"Federal St","Address":null,"StateName":null,"Zip4":null,"MAK":null,"AddressType":null,"RBDI":null,"Results":null,"NoSuffix":""},{"Number":"","Street":"franklin","Suffix":"st","City":"","State":"","Zip":"02110","StreetName":"Franklin St","Address":null,"StateName":null,"Zip4":null,"MAK":null,"AddressType":null,"RBDI":null,"Results":null,"NoSuffix":""},{"Number":"","Street":"hawley","Suffix":"st","City":"","State":"","Zip":"02110","StreetName":"Hawley St","Address":null,"StateName":null,"Zip4":null,"MAK":null,"AddressType":null,"RBDI":null,"Results":null,"NoSuffix":""},{"Number":"","Street":"high","Suffix":"st","City":"","State":"","Zip":"02110","StreetName":"High St","Address":null,"StateName":null,"Zip4":null,"MAK":null,"AddressType":null,"RBDI":null,"Results":null,"NoSuffix":""},{"Number":"","Street":"india","Suffix":"row","City":"","State":"","Zip":"02110","StreetName":"India Row","Address":null,"StateName":null,"Zip4":null,"MAK":null,"AddressType":null,"RBDI":null,"Results":null,"NoSuffix":""},{"Number":"","Street":"india","Suffix":"st","City":"","State":"","Zip":"02110","StreetName":"India St","Address":null,"StateName":null,"Zip4":null,"MAK":null,"AddressType":null,"RBDI":null,"Results":null,"NoSuffix":""},{"Number":"","Street":"international","Suffix":"pl","City":"","State":"","Zip":"02110","StreetName":"International Pl","Address":null,"StateName":null,"Zip4":null,"MAK":null,"AddressType":null,"RBDI":null,"Results":null,"NoSuffix":""},{"Number":"","Street":"lewis wharf","Suffix":"","City":"","State":"","Zip":"02110","StreetName":"Lewis Wharf","Address":null,"StateName":null,"Zip4":null,"MAK":null,"AddressType":null,"RBDI":null,"Results":null,"NoSuffix":"t"},{"Number":"","Street":"long wharf","Suffix":"","City":"","State":"","Zip":"02110","StreetName":"Long Wharf","Address":null,"StateName":null,"Zip4":null,"MAK":null,"AddressType":null,"RBDI":null,"Results":null,"NoSuffix":"t"},{"Number":"","Street":"oliver","Suffix":"st","City":"","State":"","Zip":"02110","StreetName":"Oliver St","Address":null,"StateName":null,"Zip4":null,"MAK":null,"AddressType":null,"RBDI":null,"Results":null,"NoSuffix":""},{"Number":"","Street":"pearl","Suffix":"st","City":"","State":"","Zip":"02110","StreetName":"Pearl St","Address":null,"StateName":null,"Zip4":null,"MAK":null,"AddressType":null,"RBDI":null,"Results":null,"NoSuffix":""},{"Number":"","Street":"post office","Suffix":"sq","City":"","State":"","Zip":"02110","StreetName":"Post Office Sq","Address":null,"StateName":null,"Zip4":null,"MAK":null,"AddressType":null,"RBDI":null,"Results":null,"NoSuffix":""},{"Number":"","Street":"purchase","Suffix":"st","City":"","State":"","Zip":"02110","StreetName":"Purchase St","Address":null,"StateName":null,"Zip4":null,"MAK":null,"AddressType":null,"RBDI":null,"Results":null,"NoSuffix":""},{"Number":"","Street":"rowes wharf","Suffix":"","City":"","State":"","Zip":"02110","StreetName":"Rowes Wharf","Address":null,"StateName":null,"Zip4":null,"MAK":null,"AddressType":null,"RBDI":null,"Results":null,"NoSuffix":"t"},{"Number":"","Street":"south","Suffix":"sta","City":"","State":"","Zip":"02110","StreetName":"South Sta","Address":null,"StateName":null,"Zip4":null,"MAK":null,"AddressType":null,"RBDI":null,"Results":null,"NoSuffix":""},{"Number":"","Street":"summer","Suffix":"st","City":"","State":"","Zip":"02110","StreetName":"Summer St","Address":null,"StateName":null,"Zip4":null,"MAK":null,"AddressType":null,"RBDI":null,"Results":null,"NoSuffix":""},{"Number":"","Street":"wendell","Suffix":"st","City":"","State":"","Zip":"02110","StreetName":"Wendell St","Address":null,"StateName":null,"Zip4":null,"MAK":null,"AddressType":null,"RBDI":null,"Results":null,"NoSuffix":""},{"Number":"","Street":"winthrop","Suffix":"ln","City":"","State":"","Zip":"02110","StreetName":"Winthrop Ln","Address":null,"StateName":null,"Zip4":null,"MAK":null,"AddressType":null,"RBDI":null,"Results":null,"NoSuffix":""},{"Number":"","Street":"winthrop","Suffix":"sq","City":"","State":"","Zip":"02110","StreetName":"Winthrop Sq","Address":null,"StateName":null,"Zip4":null,"MAK":null,"AddressType":null,"RBDI":null,"Results":null,"NoSuffix":""}]