[{"Number":"","Street":"alden","Suffix":"dr","City":"","State":"","Zip":"01503","StreetName":"Alden Dr","Address":null,"StateName":null,"Zip4":null,"MAK":null,"AddressType":null,"RBDI":null,"Results":null,"NoSuffix":""},{"Number":"","Street":"allen","Suffix":"rd","City":"","State":"","Zip":"01503","StreetName":"Allen Rd","Address":null,"StateName":null,"Zip4":null,"MAK":null,"AddressType":null,"RBDI":null,"Results":null,"NoSuffix":""},{"Number":"","Street":"autumn","Suffix":"rdg","City":"","State":"","Zip":"01503","StreetName":"Autumn Rdg","Address":null,"StateName":null,"Zip4":null,"MAK":null,"AddressType":null,"RBDI":null,"Results":null,"NoSuffix":""},{"Number":"","Street":"bailey","Suffix":"rd","City":"","State":"","Zip":"01503","StreetName":"Bailey Rd","Address":null,"StateName":null,"Zip4":null,"MAK":null,"AddressType":null,"RBDI":null,"Results":null,"NoSuffix":""},{"Number":"","Street":"baker","Suffix":"rd","City":"","State":"","Zip":"01503","StreetName":"Baker Rd","Address":null,"StateName":null,"Zip4":null,"MAK":null,"AddressType":null,"RBDI":null,"Results":null,"NoSuffix":""},{"Number":"","Street":"ball hill","Suffix":"rd","City":"","State":"","Zip":"01503","StreetName":"Ball Hill Rd","Address":null,"StateName":null,"Zip4":null,"MAK":null,"AddressType":null,"RBDI":null,"Results":null,"NoSuffix":""},{"Number":"","Street":"banner","Suffix":"rd","City":"","State":"","Zip":"01503","StreetName":"Banner Rd","Address":null,"StateName":null,"Zip4":null,"MAK":null,"AddressType":null,"RBDI":null,"Results":null,"NoSuffix":""},{"Number":"","Street":"barnes hill","Suffix":"rd","City":"","State":"","Zip":"01503","StreetName":"Barnes Hill Rd","Address":null,"StateName":null,"Zip4":null,"MAK":null,"AddressType":null,"RBDI":null,"Results":null,"NoSuffix":""},{"Number":"","Street":"bellevue","Suffix":"rd","City":"","State":"","Zip":"01503","StreetName":"Bellevue Rd","Address":null,"StateName":null,"Zip4":null,"MAK":null,"AddressType":null,"RBDI":null,"Results":null,"NoSuffix":""},{"Number":"","Street":"bigelow","Suffix":"dr","City":"","State":"","Zip":"01503","StreetName":"Bigelow Dr","Address":null,"StateName":null,"Zip4":null,"MAK":null,"AddressType":null,"RBDI":null,"Results":null,"NoSuffix":""},{"Number":"","Street":"boylston","Suffix":"rd","City":"","State":"","Zip":"01503","StreetName":"Boylston Rd","Address":null,"StateName":null,"Zip4":null,"MAK":null,"AddressType":null,"RBDI":null,"Results":null,"NoSuffix":""},{"Number":"","Street":"brandt","Suffix":"ave","City":"","State":"","Zip":"01503","StreetName":"Brandt Ave","Address":null,"StateName":null,"Zip4":null,"MAK":null,"AddressType":null,"RBDI":null,"Results":null,"NoSuffix":""},{"Number":"","Street":"brewer","Suffix":"rd","City":"","State":"","Zip":"01503","StreetName":"Brewer Rd","Address":null,"StateName":null,"Zip4":null,"MAK":null,"AddressType":null,"RBDI":null,"Results":null,"NoSuffix":""},{"Number":"","Street":"brigham","Suffix":"rd","City":"","State":"","Zip":"01503","StreetName":"Brigham Rd","Address":null,"StateName":null,"Zip4":null,"MAK":null,"AddressType":null,"RBDI":null,"Results":null,"NoSuffix":""},{"Number":"","Street":"brook","Suffix":"ln","City":"","State":"","Zip":"01503","StreetName":"Brook Ln","Address":null,"StateName":null,"Zip4":null,"MAK":null,"AddressType":null,"RBDI":null,"Results":null,"NoSuffix":""},{"Number":"","Street":"captiva","Suffix":"rd","City":"","State":"","Zip":"01503","StreetName":"Captiva Rd","Address":null,"StateName":null,"Zip4":null,"MAK":null,"AddressType":null,"RBDI":null,"Results":null,"NoSuffix":""},{"Number":"","Street":"carr","Suffix":"rd","City":"","State":"","Zip":"01503","StreetName":"Carr Rd","Address":null,"StateName":null,"Zip4":null,"MAK":null,"AddressType":null,"RBDI":null,"Results":null,"NoSuffix":""},{"Number":"","Street":"carter","Suffix":"st","City":"","State":"","Zip":"01503","StreetName":"Carter St","Address":null,"StateName":null,"Zip4":null,"MAK":null,"AddressType":null,"RBDI":null,"Results":null,"NoSuffix":""},{"Number":"","Street":"central","Suffix":"st","City":"","State":"","Zip":"01503","StreetName":"Central St","Address":null,"StateName":null,"Zip4":null,"MAK":null,"AddressType":null,"RBDI":null,"Results":null,"NoSuffix":""},{"Number":"","Street":"clarenan","Suffix":"rd","City":"","State":"","Zip":"01503","StreetName":"Clarenan Rd","Address":null,"StateName":null,"Zip4":null,"MAK":null,"AddressType":null,"RBDI":null,"Results":null,"NoSuffix":""},{"Number":"","Street":"coburn","Suffix":"rd","City":"","State":"","Zip":"01503","StreetName":"Coburn Rd","Address":null,"StateName":null,"Zip4":null,"MAK":null,"AddressType":null,"RBDI":null,"Results":null,"NoSuffix":""},{"Number":"","Street":"collins","Suffix":"rd","City":"","State":"","Zip":"01503","StreetName":"Collins Rd","Address":null,"StateName":null,"Zip4":null,"MAK":null,"AddressType":null,"RBDI":null,"Results":null,"NoSuffix":""},{"Number":"","Street":"coolidge","Suffix":"rd","City":"","State":"","Zip":"01503","StreetName":"Coolidge Rd","Address":null,"StateName":null,"Zip4":null,"MAK":null,"AddressType":null,"RBDI":null,"Results":null,"NoSuffix":""},{"Number":"","Street":"coulson","Suffix":"rd","City":"","State":"","Zip":"01503","StreetName":"Coulson Rd","Address":null,"StateName":null,"Zip4":null,"MAK":null,"AddressType":null,"RBDI":null,"Results":null,"NoSuffix":""},{"Number":"","Street":"crosby","Suffix":"rd","City":"","State":"","Zip":"01503","StreetName":"Crosby Rd","Address":null,"StateName":null,"Zip4":null,"MAK":null,"AddressType":null,"RBDI":null,"Results":null,"NoSuffix":""},{"Number":"","Street":"derby","Suffix":"rd","City":"","State":"","Zip":"01503","StreetName":"Derby Rd","Address":null,"StateName":null,"Zip4":null,"MAK":null,"AddressType":null,"RBDI":null,"Results":null,"NoSuffix":""},{"Number":"","Street":"donohoe","Suffix":"dr","City":"","State":"","Zip":"01503","StreetName":"Donohoe Dr","Address":null,"StateName":null,"Zip4":null,"MAK":null,"AddressType":null,"RBDI":null,"Results":null,"NoSuffix":""},{"Number":"","Street":"dudley","Suffix":"rd","City":"","State":"","Zip":"01503","StreetName":"Dudley Rd","Address":null,"StateName":null,"Zip4":null,"MAK":null,"AddressType":null,"RBDI":null,"Results":null,"NoSuffix":""},{"Number":"","Street":"estabrook","Suffix":"ln","City":"","State":"","Zip":"01503","StreetName":"Estabrook Ln","Address":null,"StateName":null,"Zip4":null,"MAK":null,"AddressType":null,"RBDI":null,"Results":null,"NoSuffix":""},{"Number":"","Street":"fosgate","Suffix":"rd","City":"","State":"","Zip":"01503","StreetName":"Fosgate Rd","Address":null,"StateName":null,"Zip4":null,"MAK":null,"AddressType":null,"RBDI":null,"Results":null,"NoSuffix":""},{"Number":"","Street":"gates pond","Suffix":"rd","City":"","State":"","Zip":"01503","StreetName":"Gates Pond Rd","Address":null,"StateName":null,"Zip4":null,"MAK":null,"AddressType":null,"RBDI":null,"Results":null,"NoSuffix":""},{"Number":"","Street":"harris","Suffix":"st","City":"","State":"","Zip":"01503","StreetName":"Harris St","Address":null,"StateName":null,"Zip4":null,"MAK":null,"AddressType":null,"RBDI":null,"Results":null,"NoSuffix":""},{"Number":"","Street":"highland","Suffix":"st","City":"","State":"","Zip":"01503","StreetName":"Highland St","Address":null,"StateName":null,"Zip4":null,"MAK":null,"AddressType":null,"RBDI":null,"Results":null,"NoSuffix":""},{"Number":"","Street":"jones","Suffix":"rd","City":"","State":"","Zip":"01503","StreetName":"Jones Rd","Address":null,"StateName":null,"Zip4":null,"MAK":null,"AddressType":null,"RBDI":null,"Results":null,"NoSuffix":""},{"Number":"","Street":"kendall","Suffix":"ln","City":"","State":"","Zip":"01503","StreetName":"Kendall Ln","Address":null,"StateName":null,"Zip4":null,"MAK":null,"AddressType":null,"RBDI":null,"Results":null,"NoSuffix":""},{"Number":"","Street":"keyes","Suffix":"rd","City":"","State":"","Zip":"01503","StreetName":"Keyes Rd","Address":null,"StateName":null,"Zip4":null,"MAK":null,"AddressType":null,"RBDI":null,"Results":null,"NoSuffix":""},{"Number":"","Street":"lancaster","Suffix":"rd","City":"","State":"","Zip":"01503","StreetName":"Lancaster Rd","Address":null,"StateName":null,"Zip4":null,"MAK":null,"AddressType":null,"RBDI":null,"Results":null,"NoSuffix":""},{"Number":"","Street":"larkin","Suffix":"rd","City":"","State":"","Zip":"01503","StreetName":"Larkin Rd","Address":null,"StateName":null,"Zip4":null,"MAK":null,"AddressType":null,"RBDI":null,"Results":null,"NoSuffix":""},{"Number":"","Street":"leland","Suffix":"rd","City":"","State":"","Zip":"01503","StreetName":"Leland Rd","Address":null,"StateName":null,"Zip4":null,"MAK":null,"AddressType":null,"RBDI":null,"Results":null,"NoSuffix":""},{"Number":"","Street":"lincoln","Suffix":"rd","City":"","State":"","Zip":"01503","StreetName":"Lincoln Rd","Address":null,"StateName":null,"Zip4":null,"MAK":null,"AddressType":null,"RBDI":null,"Results":null,"NoSuffix":""},{"Number":"","Street":"linden","Suffix":"st","City":"","State":"","Zip":"01503","StreetName":"Linden St","Address":null,"StateName":null,"Zip4":null,"MAK":null,"AddressType":null,"RBDI":null,"Results":null,"NoSuffix":""},{"Number":"","Street":"lyman","Suffix":"rd","City":"","State":"","Zip":"01503","StreetName":"Lyman Rd","Address":null,"StateName":null,"Zip4":null,"MAK":null,"AddressType":null,"RBDI":null,"Results":null,"NoSuffix":""},{"Number":"","Street":"marlboro","Suffix":"rd","City":"","State":"","Zip":"01503","StreetName":"Marlboro Rd","Address":null,"StateName":null,"Zip4":null,"MAK":null,"AddressType":null,"RBDI":null,"Results":null,"NoSuffix":""},{"Number":"","Street":"maynard","Suffix":"rd","City":"","State":"","Zip":"01503","StreetName":"Maynard Rd","Address":null,"StateName":null,"Zip4":null,"MAK":null,"AddressType":null,"RBDI":null,"Results":null,"NoSuffix":""},{"Number":"","Street":"morse","Suffix":"rd","City":"","State":"","Zip":"01503","StreetName":"Morse Rd","Address":null,"StateName":null,"Zip4":null,"MAK":null,"AddressType":null,"RBDI":null,"Results":null,"NoSuffix":""},{"Number":"","Street":"oak","Suffix":"st","City":"","State":"","Zip":"01503","StreetName":"Oak St","Address":null,"StateName":null,"Zip4":null,"MAK":null,"AddressType":null,"RBDI":null,"Results":null,"NoSuffix":""},{"Number":"","Street":"old central","Suffix":"st","City":"","State":"","Zip":"01503","StreetName":"Old Central St","Address":null,"StateName":null,"Zip4":null,"MAK":null,"AddressType":null,"RBDI":null,"Results":null,"NoSuffix":""},{"Number":"","Street":"parker","Suffix":"dr","City":"","State":"","Zip":"01503","StreetName":"Parker Dr","Address":null,"StateName":null,"Zip4":null,"MAK":null,"AddressType":null,"RBDI":null,"Results":null,"NoSuffix":""},{"Number":"","Street":"parker","Suffix":"rd","City":"","State":"","Zip":"01503","StreetName":"Parker Rd","Address":null,"StateName":null,"Zip4":null,"MAK":null,"AddressType":null,"RBDI":null,"Results":null,"NoSuffix":""},{"Number":"","Street":"peach hill","Suffix":"rd","City":"","State":"","Zip":"01503","StreetName":"Peach Hill Rd","Address":null,"StateName":null,"Zip4":null,"MAK":null,"AddressType":null,"RBDI":null,"Results":null,"NoSuffix":""},{"Number":"","Street":"pleasant","Suffix":"st","City":"","State":"","Zip":"01503","StreetName":"Pleasant St","Address":null,"StateName":null,"Zip4":null,"MAK":null,"AddressType":null,"RBDI":null,"Results":null,"NoSuffix":""},{"Number":"","Street":"po box","Suffix":"","City":"","State":"","Zip":"01503","StreetName":"Po Box","Address":null,"StateName":null,"Zip4":null,"MAK":null,"AddressType":null,"RBDI":null,"Results":null,"NoSuffix":"t"},{"Number":"","Street":"powers","Suffix":"rd","City":"","State":"","Zip":"01503","StreetName":"Powers Rd","Address":null,"StateName":null,"Zip4":null,"MAK":null,"AddressType":null,"RBDI":null,"Results":null,"NoSuffix":""},{"Number":"","Street":"priest","Suffix":"rd","City":"","State":"","Zip":"01503","StreetName":"Priest Rd","Address":null,"StateName":null,"Zip4":null,"MAK":null,"AddressType":null,"RBDI":null,"Results":null,"NoSuffix":""},{"Number":"","Street":"randall","Suffix":"rd","City":"","State":"","Zip":"01503","StreetName":"Randall Rd","Address":null,"StateName":null,"Zip4":null,"MAK":null,"AddressType":null,"RBDI":null,"Results":null,"NoSuffix":""},{"Number":"","Street":"rhodes","Suffix":"dr","City":"","State":"","Zip":"01503","StreetName":"Rhodes Dr","Address":null,"StateName":null,"Zip4":null,"MAK":null,"AddressType":null,"RBDI":null,"Results":null,"NoSuffix":""},{"Number":"","Street":"richard","Suffix":"dr","City":"","State":"","Zip":"01503","StreetName":"Richard Dr","Address":null,"StateName":null,"Zip4":null,"MAK":null,"AddressType":null,"RBDI":null,"Results":null,"NoSuffix":""},{"Number":"","Street":"river","Suffix":"rd","City":"","State":"","Zip":"01503","StreetName":"River Rd","Address":null,"StateName":null,"Zip4":null,"MAK":null,"AddressType":null,"RBDI":null,"Results":null,"NoSuffix":""},{"Number":"","Street":"roseberry","Suffix":"rd","City":"","State":"","Zip":"01503","StreetName":"Roseberry Rd","Address":null,"StateName":null,"Zip4":null,"MAK":null,"AddressType":null,"RBDI":null,"Results":null,"NoSuffix":""},{"Number":"","Street":"sawyerhill","Suffix":"rd","City":"","State":"","Zip":"01503","StreetName":"Sawyerhill Rd","Address":null,"StateName":null,"Zip4":null,"MAK":null,"AddressType":null,"RBDI":null,"Results":null,"NoSuffix":""},{"Number":"","Street":"shady","Suffix":"ln","City":"","State":"","Zip":"01503","StreetName":"Shady Ln","Address":null,"StateName":null,"Zip4":null,"MAK":null,"AddressType":null,"RBDI":null,"Results":null,"NoSuffix":""},{"Number":"","Street":"south","Suffix":"st","City":"","State":"","Zip":"01503","StreetName":"South St","Address":null,"StateName":null,"Zip4":null,"MAK":null,"AddressType":null,"RBDI":null,"Results":null,"NoSuffix":""},{"Number":"","Street":"stones corner","Suffix":"rd","City":"","State":"","Zip":"01503","StreetName":"Stones Corner Rd","Address":null,"StateName":null,"Zip4":null,"MAK":null,"AddressType":null,"RBDI":null,"Results":null,"NoSuffix":""},{"Number":"","Street":"summer","Suffix":"rd","City":"","State":"","Zip":"01503","StreetName":"Summer Rd","Address":null,"StateName":null,"Zip4":null,"MAK":null,"AddressType":null,"RBDI":null,"Results":null,"NoSuffix":""},{"Number":"","Street":"taylor","Suffix":"rd","City":"","State":"","Zip":"01503","StreetName":"Taylor Rd","Address":null,"StateName":null,"Zip4":null,"MAK":null,"AddressType":null,"RBDI":null,"Results":null,"NoSuffix":""},{"Number":"","Street":"turner","Suffix":"rd","City":"","State":"","Zip":"01503","StreetName":"Turner Rd","Address":null,"StateName":null,"Zip4":null,"MAK":null,"AddressType":null,"RBDI":null,"Results":null,"NoSuffix":""},{"Number":"","Street":"village","Suffix":"ct","City":"","State":"","Zip":"01503","StreetName":"Village Ct","Address":null,"StateName":null,"Zip4":null,"MAK":null,"AddressType":null,"RBDI":null,"Results":null,"NoSuffix":""},{"Number":"","Street":"village","Suffix":"ln","City":"","State":"","Zip":"01503","StreetName":"Village Ln","Address":null,"StateName":null,"Zip4":null,"MAK":null,"AddressType":null,"RBDI":null,"Results":null,"NoSuffix":""},{"Number":"","Street":"walnut","Suffix":"st","City":"","State":"","Zip":"01503","StreetName":"Walnut St","Address":null,"StateName":null,"Zip4":null,"MAK":null,"AddressType":null,"RBDI":null,"Results":null,"NoSuffix":""},{"Number":"","Street":"west","Suffix":"st","City":"","State":"","Zip":"01503","StreetName":"West St","Address":null,"StateName":null,"Zip4":null,"MAK":null,"AddressType":null,"RBDI":null,"Results":null,"NoSuffix":""},{"Number":"","Street":"whitney","Suffix":"rd","City":"","State":"","Zip":"01503","StreetName":"Whitney Rd","Address":null,"StateName":null,"Zip4":null,"MAK":null,"AddressType":null,"RBDI":null,"Results":null,"NoSuffix":""},{"Number":"","Street":"woodward","Suffix":"ave","City":"","State":"","Zip":"01503","StreetName":"Woodward Ave","Address":null,"StateName":null,"Zip4":null,"MAK":null,"AddressType":null,"RBDI":null,"Results":null,"NoSuffix":""}]