[{"Number":"","Street":"acorn","Suffix":"st","City":"","State":"","Zip":"01510","StreetName":"Acorn St","Address":null,"StateName":null,"Zip4":null,"MAK":null,"AddressType":null,"RBDI":null,"Results":null,"NoSuffix":""},{"Number":"","Street":"acre","Suffix":"ct","City":"","State":"","Zip":"01510","StreetName":"Acre Ct","Address":null,"StateName":null,"Zip4":null,"MAK":null,"AddressType":null,"RBDI":null,"Results":null,"NoSuffix":""},{"Number":"","Street":"acre","Suffix":"st","City":"","State":"","Zip":"01510","StreetName":"Acre St","Address":null,"StateName":null,"Zip4":null,"MAK":null,"AddressType":null,"RBDI":null,"Results":null,"NoSuffix":""},{"Number":"","Street":"adams","Suffix":"rd","City":"","State":"","Zip":"01510","StreetName":"Adams Rd","Address":null,"StateName":null,"Zip4":null,"MAK":null,"AddressType":null,"RBDI":null,"Results":null,"NoSuffix":""},{"Number":"","Street":"alexander","Suffix":"ave","City":"","State":"","Zip":"01510","StreetName":"Alexander Ave","Address":null,"StateName":null,"Zip4":null,"MAK":null,"AddressType":null,"RBDI":null,"Results":null,"NoSuffix":""},{"Number":"","Street":"allen","Suffix":"st","City":"","State":"","Zip":"01510","StreetName":"Allen St","Address":null,"StateName":null,"Zip4":null,"MAK":null,"AddressType":null,"RBDI":null,"Results":null,"NoSuffix":""},{"Number":"","Street":"anthony","Suffix":"dr","City":"","State":"","Zip":"01510","StreetName":"Anthony Dr","Address":null,"StateName":null,"Zip4":null,"MAK":null,"AddressType":null,"RBDI":null,"Results":null,"NoSuffix":""},{"Number":"","Street":"applewood","Suffix":"ln","City":"","State":"","Zip":"01510","StreetName":"Applewood Ln","Address":null,"StateName":null,"Zip4":null,"MAK":null,"AddressType":null,"RBDI":null,"Results":null,"NoSuffix":""},{"Number":"","Street":"arthur","Suffix":"st","City":"","State":"","Zip":"01510","StreetName":"Arthur St","Address":null,"StateName":null,"Zip4":null,"MAK":null,"AddressType":null,"RBDI":null,"Results":null,"NoSuffix":""},{"Number":"","Street":"ash","Suffix":"st","City":"","State":"","Zip":"01510","StreetName":"Ash St","Address":null,"StateName":null,"Zip4":null,"MAK":null,"AddressType":null,"RBDI":null,"Results":null,"NoSuffix":""},{"Number":"","Street":"auburn","Suffix":"st","City":"","State":"","Zip":"01510","StreetName":"Auburn St","Address":null,"StateName":null,"Zip4":null,"MAK":null,"AddressType":null,"RBDI":null,"Results":null,"NoSuffix":""},{"Number":"","Street":"barrett","Suffix":"st","City":"","State":"","Zip":"01510","StreetName":"Barrett St","Address":null,"StateName":null,"Zip4":null,"MAK":null,"AddressType":null,"RBDI":null,"Results":null,"NoSuffix":""},{"Number":"","Street":"battista","Suffix":"ct","City":"","State":"","Zip":"01510","StreetName":"Battista Ct","Address":null,"StateName":null,"Zip4":null,"MAK":null,"AddressType":null,"RBDI":null,"Results":null,"NoSuffix":""},{"Number":"","Street":"beacon","Suffix":"ct","City":"","State":"","Zip":"01510","StreetName":"Beacon Ct","Address":null,"StateName":null,"Zip4":null,"MAK":null,"AddressType":null,"RBDI":null,"Results":null,"NoSuffix":""},{"Number":"","Street":"beacon","Suffix":"st","City":"","State":"","Zip":"01510","StreetName":"Beacon St","Address":null,"StateName":null,"Zip4":null,"MAK":null,"AddressType":null,"RBDI":null,"Results":null,"NoSuffix":""},{"Number":"","Street":"bear","Suffix":"path","City":"","State":"","Zip":"01510","StreetName":"Bear Path","Address":null,"StateName":null,"Zip4":null,"MAK":null,"AddressType":null,"RBDI":null,"Results":null,"NoSuffix":""},{"Number":"","Street":"beech","Suffix":"st","City":"","State":"","Zip":"01510","StreetName":"Beech St","Address":null,"StateName":null,"Zip4":null,"MAK":null,"AddressType":null,"RBDI":null,"Results":null,"NoSuffix":""},{"Number":"","Street":"belmont","Suffix":"ave","City":"","State":"","Zip":"01510","StreetName":"Belmont Ave","Address":null,"StateName":null,"Zip4":null,"MAK":null,"AddressType":null,"RBDI":null,"Results":null,"NoSuffix":""},{"Number":"","Street":"benefit","Suffix":"st","City":"","State":"","Zip":"01510","StreetName":"Benefit St","Address":null,"StateName":null,"Zip4":null,"MAK":null,"AddressType":null,"RBDI":null,"Results":null,"NoSuffix":""},{"Number":"","Street":"berlin","Suffix":"st","City":"","State":"","Zip":"01510","StreetName":"Berlin St","Address":null,"StateName":null,"Zip4":null,"MAK":null,"AddressType":null,"RBDI":null,"Results":null,"NoSuffix":""},{"Number":"","Street":"birch","Suffix":"st","City":"","State":"","Zip":"01510","StreetName":"Birch St","Address":null,"StateName":null,"Zip4":null,"MAK":null,"AddressType":null,"RBDI":null,"Results":null,"NoSuffix":""},{"Number":"","Street":"blossom","Suffix":"st","City":"","State":"","Zip":"01510","StreetName":"Blossom St","Address":null,"StateName":null,"Zip4":null,"MAK":null,"AddressType":null,"RBDI":null,"Results":null,"NoSuffix":""},{"Number":"","Street":"bob cat","Suffix":"ln","City":"","State":"","Zip":"01510","StreetName":"Bob Cat Ln","Address":null,"StateName":null,"Zip4":null,"MAK":null,"AddressType":null,"RBDI":null,"Results":null,"NoSuffix":""},{"Number":"","Street":"bolton","Suffix":"rd","City":"","State":"","Zip":"01510","StreetName":"Bolton Rd","Address":null,"StateName":null,"Zip4":null,"MAK":null,"AddressType":null,"RBDI":null,"Results":null,"NoSuffix":""},{"Number":"","Street":"bourne","Suffix":"st","City":"","State":"","Zip":"01510","StreetName":"Bourne St","Address":null,"StateName":null,"Zip4":null,"MAK":null,"AddressType":null,"RBDI":null,"Results":null,"NoSuffix":""},{"Number":"","Street":"boxwood","Suffix":"ln","City":"","State":"","Zip":"01510","StreetName":"Boxwood Ln","Address":null,"StateName":null,"Zip4":null,"MAK":null,"AddressType":null,"RBDI":null,"Results":null,"NoSuffix":""},{"Number":"","Street":"boylston","Suffix":"st","City":"","State":"","Zip":"01510","StreetName":"Boylston St","Address":null,"StateName":null,"Zip4":null,"MAK":null,"AddressType":null,"RBDI":null,"Results":null,"NoSuffix":""},{"Number":"","Street":"boynton","Suffix":"st","City":"","State":"","Zip":"01510","StreetName":"Boynton St","Address":null,"StateName":null,"Zip4":null,"MAK":null,"AddressType":null,"RBDI":null,"Results":null,"NoSuffix":""},{"Number":"","Street":"branch","Suffix":"st","City":"","State":"","Zip":"01510","StreetName":"Branch St","Address":null,"StateName":null,"Zip4":null,"MAK":null,"AddressType":null,"RBDI":null,"Results":null,"NoSuffix":""},{"Number":"","Street":"brendan","Suffix":"rd","City":"","State":"","Zip":"01510","StreetName":"Brendan Rd","Address":null,"StateName":null,"Zip4":null,"MAK":null,"AddressType":null,"RBDI":null,"Results":null,"NoSuffix":""},{"Number":"","Street":"briarwood","Suffix":"vlg","City":"","State":"","Zip":"01510","StreetName":"Briarwood Vlg","Address":null,"StateName":null,"Zip4":null,"MAK":null,"AddressType":null,"RBDI":null,"Results":null,"NoSuffix":""},{"Number":"","Street":"bristol","Suffix":"ave","City":"","State":"","Zip":"01510","StreetName":"Bristol Ave","Address":null,"StateName":null,"Zip4":null,"MAK":null,"AddressType":null,"RBDI":null,"Results":null,"NoSuffix":""},{"Number":"","Street":"broadway","Suffix":"st","City":"","State":"","Zip":"01510","StreetName":"Broadway St","Address":null,"StateName":null,"Zip4":null,"MAK":null,"AddressType":null,"RBDI":null,"Results":null,"NoSuffix":""},{"Number":"","Street":"brook","Suffix":"st","City":"","State":"","Zip":"01510","StreetName":"Brook St","Address":null,"StateName":null,"Zip4":null,"MAK":null,"AddressType":null,"RBDI":null,"Results":null,"NoSuffix":""},{"Number":"","Street":"bufton farm","Suffix":"rd","City":"","State":"","Zip":"01510","StreetName":"Bufton Farm Rd","Address":null,"StateName":null,"Zip4":null,"MAK":null,"AddressType":null,"RBDI":null,"Results":null,"NoSuffix":""},{"Number":"","Street":"burdett","Suffix":"st","City":"","State":"","Zip":"01510","StreetName":"Burdett St","Address":null,"StateName":null,"Zip4":null,"MAK":null,"AddressType":null,"RBDI":null,"Results":null,"NoSuffix":""},{"Number":"","Street":"california","Suffix":"ct","City":"","State":"","Zip":"01510","StreetName":"California Ct","Address":null,"StateName":null,"Zip4":null,"MAK":null,"AddressType":null,"RBDI":null,"Results":null,"NoSuffix":""},{"Number":"","Street":"cameron","Suffix":"st","City":"","State":"","Zip":"01510","StreetName":"Cameron St","Address":null,"StateName":null,"Zip4":null,"MAK":null,"AddressType":null,"RBDI":null,"Results":null,"NoSuffix":""},{"Number":"","Street":"candice","Suffix":"st","City":"","State":"","Zip":"01510","StreetName":"Candice St","Address":null,"StateName":null,"Zip4":null,"MAK":null,"AddressType":null,"RBDI":null,"Results":null,"NoSuffix":""},{"Number":"","Street":"candlewood","Suffix":"ln","City":"","State":"","Zip":"01510","StreetName":"Candlewood Ln","Address":null,"StateName":null,"Zip4":null,"MAK":null,"AddressType":null,"RBDI":null,"Results":null,"NoSuffix":""},{"Number":"","Street":"catherine","Suffix":"st","City":"","State":"","Zip":"01510","StreetName":"Catherine St","Address":null,"StateName":null,"Zip4":null,"MAK":null,"AddressType":null,"RBDI":null,"Results":null,"NoSuffix":""},{"Number":"","Street":"cedar","Suffix":"st","City":"","State":"","Zip":"01510","StreetName":"Cedar St","Address":null,"StateName":null,"Zip4":null,"MAK":null,"AddressType":null,"RBDI":null,"Results":null,"NoSuffix":""},{"Number":"","Street":"centennial","Suffix":"st","City":"","State":"","Zip":"01510","StreetName":"Centennial St","Address":null,"StateName":null,"Zip4":null,"MAK":null,"AddressType":null,"RBDI":null,"Results":null,"NoSuffix":""},{"Number":"","Street":"chace","Suffix":"st","City":"","State":"","Zip":"01510","StreetName":"Chace St","Address":null,"StateName":null,"Zip4":null,"MAK":null,"AddressType":null,"RBDI":null,"Results":null,"NoSuffix":""},{"Number":"","Street":"cherrywood","Suffix":"ln","City":"","State":"","Zip":"01510","StreetName":"Cherrywood Ln","Address":null,"StateName":null,"Zip4":null,"MAK":null,"AddressType":null,"RBDI":null,"Results":null,"NoSuffix":""},{"Number":"","Street":"chestnut","Suffix":"st","City":"","State":"","Zip":"01510","StreetName":"Chestnut St","Address":null,"StateName":null,"Zip4":null,"MAK":null,"AddressType":null,"RBDI":null,"Results":null,"NoSuffix":""},{"Number":"","Street":"chipman","Suffix":"st","City":"","State":"","Zip":"01510","StreetName":"Chipman St","Address":null,"StateName":null,"Zip4":null,"MAK":null,"AddressType":null,"RBDI":null,"Results":null,"NoSuffix":""},{"Number":"","Street":"church","Suffix":"st","City":"","State":"","Zip":"01510","StreetName":"Church St","Address":null,"StateName":null,"Zip4":null,"MAK":null,"AddressType":null,"RBDI":null,"Results":null,"NoSuffix":""},{"Number":"","Street":"clamshell","Suffix":"rd","City":"","State":"","Zip":"01510","StreetName":"Clamshell Rd","Address":null,"StateName":null,"Zip4":null,"MAK":null,"AddressType":null,"RBDI":null,"Results":null,"NoSuffix":""},{"Number":"","Street":"clark","Suffix":"st","City":"","State":"","Zip":"01510","StreetName":"Clark St","Address":null,"StateName":null,"Zip4":null,"MAK":null,"AddressType":null,"RBDI":null,"Results":null,"NoSuffix":""},{"Number":"","Street":"clinton","Suffix":"ave","City":"","State":"","Zip":"01510","StreetName":"Clinton Ave","Address":null,"StateName":null,"Zip4":null,"MAK":null,"AddressType":null,"RBDI":null,"Results":null,"NoSuffix":""},{"Number":"","Street":"clinton","Suffix":"st","City":"","State":"","Zip":"01510","StreetName":"Clinton St","Address":null,"StateName":null,"Zip4":null,"MAK":null,"AddressType":null,"RBDI":null,"Results":null,"NoSuffix":""},{"Number":"","Street":"coachlace","Suffix":"st","City":"","State":"","Zip":"01510","StreetName":"Coachlace St","Address":null,"StateName":null,"Zip4":null,"MAK":null,"AddressType":null,"RBDI":null,"Results":null,"NoSuffix":""},{"Number":"","Street":"colonial","Suffix":"dr","City":"","State":"","Zip":"01510","StreetName":"Colonial Dr","Address":null,"StateName":null,"Zip4":null,"MAK":null,"AddressType":null,"RBDI":null,"Results":null,"NoSuffix":""},{"Number":"","Street":"coolidge","Suffix":"pl","City":"","State":"","Zip":"01510","StreetName":"Coolidge Pl","Address":null,"StateName":null,"Zip4":null,"MAK":null,"AddressType":null,"RBDI":null,"Results":null,"NoSuffix":""},{"Number":"","Street":"coyne","Suffix":"st","City":"","State":"","Zip":"01510","StreetName":"Coyne St","Address":null,"StateName":null,"Zip4":null,"MAK":null,"AddressType":null,"RBDI":null,"Results":null,"NoSuffix":""},{"Number":"","Street":"craig","Suffix":"dr","City":"","State":"","Zip":"01510","StreetName":"Craig Dr","Address":null,"StateName":null,"Zip4":null,"MAK":null,"AddressType":null,"RBDI":null,"Results":null,"NoSuffix":""},{"Number":"","Street":"cromie","Suffix":"st","City":"","State":"","Zip":"01510","StreetName":"Cromie St","Address":null,"StateName":null,"Zip4":null,"MAK":null,"AddressType":null,"RBDI":null,"Results":null,"NoSuffix":""},{"Number":"","Street":"cross","Suffix":"st","City":"","State":"","Zip":"01510","StreetName":"Cross St","Address":null,"StateName":null,"Zip4":null,"MAK":null,"AddressType":null,"RBDI":null,"Results":null,"NoSuffix":""},{"Number":"","Street":"crown","Suffix":"st","City":"","State":"","Zip":"01510","StreetName":"Crown St","Address":null,"StateName":null,"Zip4":null,"MAK":null,"AddressType":null,"RBDI":null,"Results":null,"NoSuffix":""},{"Number":"","Street":"deer run","Suffix":"cir","City":"","State":"","Zip":"01510","StreetName":"Deer Run Cir","Address":null,"StateName":null,"Zip4":null,"MAK":null,"AddressType":null,"RBDI":null,"Results":null,"NoSuffix":""},{"Number":"","Street":"dennis","Suffix":"st","City":"","State":"","Zip":"01510","StreetName":"Dennis St","Address":null,"StateName":null,"Zip4":null,"MAK":null,"AddressType":null,"RBDI":null,"Results":null,"NoSuffix":""},{"Number":"","Street":"dervin","Suffix":"pl","City":"","State":"","Zip":"01510","StreetName":"Dervin Pl","Address":null,"StateName":null,"Zip4":null,"MAK":null,"AddressType":null,"RBDI":null,"Results":null,"NoSuffix":""},{"Number":"","Street":"devenwood","Suffix":"way","City":"","State":"","Zip":"01510","StreetName":"Devenwood Way","Address":null,"StateName":null,"Zip4":null,"MAK":null,"AddressType":null,"RBDI":null,"Results":null,"NoSuffix":""},{"Number":"","Street":"dewey","Suffix":"st","City":"","State":"","Zip":"01510","StreetName":"Dewey St","Address":null,"StateName":null,"Zip4":null,"MAK":null,"AddressType":null,"RBDI":null,"Results":null,"NoSuffix":""},{"Number":"","Street":"dike","Suffix":"dr","City":"","State":"","Zip":"01510","StreetName":"Dike Dr","Address":null,"StateName":null,"Zip4":null,"MAK":null,"AddressType":null,"RBDI":null,"Results":null,"NoSuffix":""},{"Number":"","Street":"eagle nest","Suffix":"","City":"","State":"","Zip":"01510","StreetName":"Eagle Nest","Address":null,"StateName":null,"Zip4":null,"MAK":null,"AddressType":null,"RBDI":null,"Results":null,"NoSuffix":"t"},{"Number":"","Street":"east","Suffix":"st","City":"","State":"","Zip":"01510","StreetName":"East St","Address":null,"StateName":null,"Zip4":null,"MAK":null,"AddressType":null,"RBDI":null,"Results":null,"NoSuffix":""},{"Number":"","Street":"eileen","Suffix":"ave","City":"","State":"","Zip":"01510","StreetName":"Eileen Ave","Address":null,"StateName":null,"Zip4":null,"MAK":null,"AddressType":null,"RBDI":null,"Results":null,"NoSuffix":""},{"Number":"","Street":"elm","Suffix":"st","City":"","State":"","Zip":"01510","StreetName":"Elm St","Address":null,"StateName":null,"Zip4":null,"MAK":null,"AddressType":null,"RBDI":null,"Results":null,"NoSuffix":""},{"Number":"","Street":"fairmount","Suffix":"st","City":"","State":"","Zip":"01510","StreetName":"Fairmount St","Address":null,"StateName":null,"Zip4":null,"MAK":null,"AddressType":null,"RBDI":null,"Results":null,"NoSuffix":""},{"Number":"","Street":"fairview","Suffix":"st","City":"","State":"","Zip":"01510","StreetName":"Fairview St","Address":null,"StateName":null,"Zip4":null,"MAK":null,"AddressType":null,"RBDI":null,"Results":null,"NoSuffix":""},{"Number":"","Street":"fernwood","Suffix":"ln","City":"","State":"","Zip":"01510","StreetName":"Fernwood Ln","Address":null,"StateName":null,"Zip4":null,"MAK":null,"AddressType":null,"RBDI":null,"Results":null,"NoSuffix":""},{"Number":"","Street":"fitch","Suffix":"rd","City":"","State":"","Zip":"01510","StreetName":"Fitch Rd","Address":null,"StateName":null,"Zip4":null,"MAK":null,"AddressType":null,"RBDI":null,"Results":null,"NoSuffix":""},{"Number":"","Street":"flagg","Suffix":"st","City":"","State":"","Zip":"01510","StreetName":"Flagg St","Address":null,"StateName":null,"Zip4":null,"MAK":null,"AddressType":null,"RBDI":null,"Results":null,"NoSuffix":""},{"Number":"","Street":"forest","Suffix":"ave","City":"","State":"","Zip":"01510","StreetName":"Forest Ave","Address":null,"StateName":null,"Zip4":null,"MAK":null,"AddressType":null,"RBDI":null,"Results":null,"NoSuffix":""},{"Number":"","Street":"forest","Suffix":"st","City":"","State":"","Zip":"01510","StreetName":"Forest St","Address":null,"StateName":null,"Zip4":null,"MAK":null,"AddressType":null,"RBDI":null,"Results":null,"NoSuffix":""},{"Number":"","Street":"fox run","Suffix":"dr","City":"","State":"","Zip":"01510","StreetName":"Fox Run Dr","Address":null,"StateName":null,"Zip4":null,"MAK":null,"AddressType":null,"RBDI":null,"Results":null,"NoSuffix":""},{"Number":"","Street":"francis","Suffix":"st","City":"","State":"","Zip":"01510","StreetName":"Francis St","Address":null,"StateName":null,"Zip4":null,"MAK":null,"AddressType":null,"RBDI":null,"Results":null,"NoSuffix":""},{"Number":"","Street":"franklin","Suffix":"st","City":"","State":"","Zip":"01510","StreetName":"Franklin St","Address":null,"StateName":null,"Zip4":null,"MAK":null,"AddressType":null,"RBDI":null,"Results":null,"NoSuffix":""},{"Number":"","Street":"french","Suffix":"ter","City":"","State":"","Zip":"01510","StreetName":"French Ter","Address":null,"StateName":null,"Zip4":null,"MAK":null,"AddressType":null,"RBDI":null,"Results":null,"NoSuffix":""},{"Number":"","Street":"front","Suffix":"st","City":"","State":"","Zip":"01510","StreetName":"Front St","Address":null,"StateName":null,"Zip4":null,"MAK":null,"AddressType":null,"RBDI":null,"Results":null,"NoSuffix":""},{"Number":"","Street":"fuller","Suffix":"ct","City":"","State":"","Zip":"01510","StreetName":"Fuller Ct","Address":null,"StateName":null,"Zip4":null,"MAK":null,"AddressType":null,"RBDI":null,"Results":null,"NoSuffix":""},{"Number":"","Street":"fuller","Suffix":"st","City":"","State":"","Zip":"01510","StreetName":"Fuller St","Address":null,"StateName":null,"Zip4":null,"MAK":null,"AddressType":null,"RBDI":null,"Results":null,"NoSuffix":""},{"Number":"","Street":"gage","Suffix":"st","City":"","State":"","Zip":"01510","StreetName":"Gage St","Address":null,"StateName":null,"Zip4":null,"MAK":null,"AddressType":null,"RBDI":null,"Results":null,"NoSuffix":""},{"Number":"","Street":"gorham","Suffix":"ave","City":"","State":"","Zip":"01510","StreetName":"Gorham Ave","Address":null,"StateName":null,"Zip4":null,"MAK":null,"AddressType":null,"RBDI":null,"Results":null,"NoSuffix":""},{"Number":"","Street":"goss","Suffix":"st","City":"","State":"","Zip":"01510","StreetName":"Goss St","Address":null,"StateName":null,"Zip4":null,"MAK":null,"AddressType":null,"RBDI":null,"Results":null,"NoSuffix":""},{"Number":"","Street":"grady","Suffix":"st","City":"","State":"","Zip":"01510","StreetName":"Grady St","Address":null,"StateName":null,"Zip4":null,"MAK":null,"AddressType":null,"RBDI":null,"Results":null,"NoSuffix":""},{"Number":"","Street":"greeley","Suffix":"st","City":"","State":"","Zip":"01510","StreetName":"Greeley St","Address":null,"StateName":null,"Zip4":null,"MAK":null,"AddressType":null,"RBDI":null,"Results":null,"NoSuffix":""},{"Number":"","Street":"green","Suffix":"st","City":"","State":"","Zip":"01510","StreetName":"Green St","Address":null,"StateName":null,"Zip4":null,"MAK":null,"AddressType":null,"RBDI":null,"Results":null,"NoSuffix":""},{"Number":"","Street":"grove","Suffix":"st","City":"","State":"","Zip":"01510","StreetName":"Grove St","Address":null,"StateName":null,"Zip4":null,"MAK":null,"AddressType":null,"RBDI":null,"Results":null,"NoSuffix":""},{"Number":"","Street":"hamilton","Suffix":"st","City":"","State":"","Zip":"01510","StreetName":"Hamilton St","Address":null,"StateName":null,"Zip4":null,"MAK":null,"AddressType":null,"RBDI":null,"Results":null,"NoSuffix":""},{"Number":"","Street":"hammond","Suffix":"st","City":"","State":"","Zip":"01510","StreetName":"Hammond St","Address":null,"StateName":null,"Zip4":null,"MAK":null,"AddressType":null,"RBDI":null,"Results":null,"NoSuffix":""},{"Number":"","Street":"harbor","Suffix":"st","City":"","State":"","Zip":"01510","StreetName":"Harbor St","Address":null,"StateName":null,"Zip4":null,"MAK":null,"AddressType":null,"RBDI":null,"Results":null,"NoSuffix":""},{"Number":"","Street":"harkins","Suffix":"st","City":"","State":"","Zip":"01510","StreetName":"Harkins St","Address":null,"StateName":null,"Zip4":null,"MAK":null,"AddressType":null,"RBDI":null,"Results":null,"NoSuffix":""},{"Number":"","Street":"harris","Suffix":"st","City":"","State":"","Zip":"01510","StreetName":"Harris St","Address":null,"StateName":null,"Zip4":null,"MAK":null,"AddressType":null,"RBDI":null,"Results":null,"NoSuffix":""},{"Number":"","Street":"haskell","Suffix":"ave","City":"","State":"","Zip":"01510","StreetName":"Haskell Ave","Address":null,"StateName":null,"Zip4":null,"MAK":null,"AddressType":null,"RBDI":null,"Results":null,"NoSuffix":""},{"Number":"","Street":"hastings","Suffix":"ct","City":"","State":"","Zip":"01510","StreetName":"Hastings Ct","Address":null,"StateName":null,"Zip4":null,"MAK":null,"AddressType":null,"RBDI":null,"Results":null,"NoSuffix":""},{"Number":"","Street":"hazelwood","Suffix":"way","City":"","State":"","Zip":"01510","StreetName":"Hazelwood Way","Address":null,"StateName":null,"Zip4":null,"MAK":null,"AddressType":null,"RBDI":null,"Results":null,"NoSuffix":""},{"Number":"","Street":"henry","Suffix":"st","City":"","State":"","Zip":"01510","StreetName":"Henry St","Address":null,"StateName":null,"Zip4":null,"MAK":null,"AddressType":null,"RBDI":null,"Results":null,"NoSuffix":""},{"Number":"","Street":"high","Suffix":"st","City":"","State":"","Zip":"01510","StreetName":"High St","Address":null,"StateName":null,"Zip4":null,"MAK":null,"AddressType":null,"RBDI":null,"Results":null,"NoSuffix":""},{"Number":"","Street":"highland","Suffix":"ave","City":"","State":"","Zip":"01510","StreetName":"Highland Ave","Address":null,"StateName":null,"Zip4":null,"MAK":null,"AddressType":null,"RBDI":null,"Results":null,"NoSuffix":""},{"Number":"","Street":"highland","Suffix":"st","City":"","State":"","Zip":"01510","StreetName":"Highland St","Address":null,"StateName":null,"Zip4":null,"MAK":null,"AddressType":null,"RBDI":null,"Results":null,"NoSuffix":""},{"Number":"","Street":"hill","Suffix":"st","City":"","State":"","Zip":"01510","StreetName":"Hill St","Address":null,"StateName":null,"Zip4":null,"MAK":null,"AddressType":null,"RBDI":null,"Results":null,"NoSuffix":""},{"Number":"","Street":"hillside","Suffix":"ave","City":"","State":"","Zip":"01510","StreetName":"Hillside Ave","Address":null,"StateName":null,"Zip4":null,"MAK":null,"AddressType":null,"RBDI":null,"Results":null,"NoSuffix":""},{"Number":"","Street":"horseshoe","Suffix":"ln","City":"","State":"","Zip":"01510","StreetName":"Horseshoe Ln","Address":null,"StateName":null,"Zip4":null,"MAK":null,"AddressType":null,"RBDI":null,"Results":null,"NoSuffix":""},{"Number":"","Street":"hugh","Suffix":"st","City":"","State":"","Zip":"01510","StreetName":"Hugh St","Address":null,"StateName":null,"Zip4":null,"MAK":null,"AddressType":null,"RBDI":null,"Results":null,"NoSuffix":""},{"Number":"","Street":"jackie","Suffix":"way","City":"","State":"","Zip":"01510","StreetName":"Jackie Way","Address":null,"StateName":null,"Zip4":null,"MAK":null,"AddressType":null,"RBDI":null,"Results":null,"NoSuffix":""},{"Number":"","Street":"james","Suffix":"st","City":"","State":"","Zip":"01510","StreetName":"James St","Address":null,"StateName":null,"Zip4":null,"MAK":null,"AddressType":null,"RBDI":null,"Results":null,"NoSuffix":""},{"Number":"","Street":"john","Suffix":"st","City":"","State":"","Zip":"01510","StreetName":"John St","Address":null,"StateName":null,"Zip4":null,"MAK":null,"AddressType":null,"RBDI":null,"Results":null,"NoSuffix":""},{"Number":"","Street":"john f kennedy","Suffix":"ave","City":"","State":"","Zip":"01510","StreetName":"John F Kennedy Ave","Address":null,"StateName":null,"Zip4":null,"MAK":null,"AddressType":null,"RBDI":null,"Results":null,"NoSuffix":""},{"Number":"","Street":"kent","Suffix":"st","City":"","State":"","Zip":"01510","StreetName":"Kent St","Address":null,"StateName":null,"Zip4":null,"MAK":null,"AddressType":null,"RBDI":null,"Results":null,"NoSuffix":""},{"Number":"","Street":"kenwood","Suffix":"way","City":"","State":"","Zip":"01510","StreetName":"Kenwood Way","Address":null,"StateName":null,"Zip4":null,"MAK":null,"AddressType":null,"RBDI":null,"Results":null,"NoSuffix":""},{"Number":"","Street":"kilmurray","Suffix":"st","City":"","State":"","Zip":"01510","StreetName":"Kilmurray St","Address":null,"StateName":null,"Zip4":null,"MAK":null,"AddressType":null,"RBDI":null,"Results":null,"NoSuffix":""},{"Number":"","Street":"kittredge","Suffix":"pl","City":"","State":"","Zip":"01510","StreetName":"Kittredge Pl","Address":null,"StateName":null,"Zip4":null,"MAK":null,"AddressType":null,"RBDI":null,"Results":null,"NoSuffix":""},{"Number":"","Street":"lakeside","Suffix":"ave","City":"","State":"","Zip":"01510","StreetName":"Lakeside Ave","Address":null,"StateName":null,"Zip4":null,"MAK":null,"AddressType":null,"RBDI":null,"Results":null,"NoSuffix":""},{"Number":"","Street":"lancaster","Suffix":"rd","City":"","State":"","Zip":"01510","StreetName":"Lancaster Rd","Address":null,"StateName":null,"Zip4":null,"MAK":null,"AddressType":null,"RBDI":null,"Results":null,"NoSuffix":""},{"Number":"","Street":"lane","Suffix":"ave","City":"","State":"","Zip":"01510","StreetName":"Lane Ave","Address":null,"StateName":null,"Zip4":null,"MAK":null,"AddressType":null,"RBDI":null,"Results":null,"NoSuffix":""},{"Number":"","Street":"larch","Suffix":"st","City":"","State":"","Zip":"01510","StreetName":"Larch St","Address":null,"StateName":null,"Zip4":null,"MAK":null,"AddressType":null,"RBDI":null,"Results":null,"NoSuffix":""},{"Number":"","Street":"laurel","Suffix":"st","City":"","State":"","Zip":"01510","StreetName":"Laurel St","Address":null,"StateName":null,"Zip4":null,"MAK":null,"AddressType":null,"RBDI":null,"Results":null,"NoSuffix":""},{"Number":"","Street":"lawrence","Suffix":"st","City":"","State":"","Zip":"01510","StreetName":"Lawrence St","Address":null,"StateName":null,"Zip4":null,"MAK":null,"AddressType":null,"RBDI":null,"Results":null,"NoSuffix":""},{"Number":"","Street":"ledge","Suffix":"ct","City":"","State":"","Zip":"01510","StreetName":"Ledge Ct","Address":null,"StateName":null,"Zip4":null,"MAK":null,"AddressType":null,"RBDI":null,"Results":null,"NoSuffix":""},{"Number":"","Street":"ledge","Suffix":"rd","City":"","State":"","Zip":"01510","StreetName":"Ledge Rd","Address":null,"StateName":null,"Zip4":null,"MAK":null,"AddressType":null,"RBDI":null,"Results":null,"NoSuffix":""},{"Number":"","Street":"ledgewood","Suffix":"way","City":"","State":"","Zip":"01510","StreetName":"Ledgewood Way","Address":null,"StateName":null,"Zip4":null,"MAK":null,"AddressType":null,"RBDI":null,"Results":null,"NoSuffix":""},{"Number":"","Street":"leighton","Suffix":"ave","City":"","State":"","Zip":"01510","StreetName":"Leighton Ave","Address":null,"StateName":null,"Zip4":null,"MAK":null,"AddressType":null,"RBDI":null,"Results":null,"NoSuffix":""},{"Number":"","Street":"lewis","Suffix":"st","City":"","State":"","Zip":"01510","StreetName":"Lewis St","Address":null,"StateName":null,"Zip4":null,"MAK":null,"AddressType":null,"RBDI":null,"Results":null,"NoSuffix":""},{"Number":"","Street":"liberty","Suffix":"st","City":"","State":"","Zip":"01510","StreetName":"Liberty St","Address":null,"StateName":null,"Zip4":null,"MAK":null,"AddressType":null,"RBDI":null,"Results":null,"NoSuffix":""},{"Number":"","Street":"lincoln","Suffix":"st","City":"","State":"","Zip":"01510","StreetName":"Lincoln St","Address":null,"StateName":null,"Zip4":null,"MAK":null,"AddressType":null,"RBDI":null,"Results":null,"NoSuffix":""},{"Number":"","Street":"lindbergh","Suffix":"st","City":"","State":"","Zip":"01510","StreetName":"Lindbergh St","Address":null,"StateName":null,"Zip4":null,"MAK":null,"AddressType":null,"RBDI":null,"Results":null,"NoSuffix":""},{"Number":"","Street":"linwood","Suffix":"ct","City":"","State":"","Zip":"01510","StreetName":"Linwood Ct","Address":null,"StateName":null,"Zip4":null,"MAK":null,"AddressType":null,"RBDI":null,"Results":null,"NoSuffix":""},{"Number":"","Street":"longedge","Suffix":"rd","City":"","State":"","Zip":"01510","StreetName":"Longedge Rd","Address":null,"StateName":null,"Zip4":null,"MAK":null,"AddressType":null,"RBDI":null,"Results":null,"NoSuffix":""},{"Number":"","Street":"lorraine","Suffix":"ave","City":"","State":"","Zip":"01510","StreetName":"Lorraine Ave","Address":null,"StateName":null,"Zip4":null,"MAK":null,"AddressType":null,"RBDI":null,"Results":null,"NoSuffix":""},{"Number":"","Street":"lowe","Suffix":"st","City":"","State":"","Zip":"01510","StreetName":"Lowe St","Address":null,"StateName":null,"Zip4":null,"MAK":null,"AddressType":null,"RBDI":null,"Results":null,"NoSuffix":""},{"Number":"","Street":"lydia","Suffix":"ln","City":"","State":"","Zip":"01510","StreetName":"Lydia Ln","Address":null,"StateName":null,"Zip4":null,"MAK":null,"AddressType":null,"RBDI":null,"Results":null,"NoSuffix":""},{"Number":"","Street":"main","Suffix":"st","City":"","State":"","Zip":"01510","StreetName":"Main St","Address":null,"StateName":null,"Zip4":null,"MAK":null,"AddressType":null,"RBDI":null,"Results":null,"NoSuffix":""},{"Number":"","Street":"maple","Suffix":"st","City":"","State":"","Zip":"01510","StreetName":"Maple St","Address":null,"StateName":null,"Zip4":null,"MAK":null,"AddressType":null,"RBDI":null,"Results":null,"NoSuffix":""},{"Number":"","Street":"marshall","Suffix":"st","City":"","State":"","Zip":"01510","StreetName":"Marshall St","Address":null,"StateName":null,"Zip4":null,"MAK":null,"AddressType":null,"RBDI":null,"Results":null,"NoSuffix":""},{"Number":"","Street":"martin","Suffix":"st","City":"","State":"","Zip":"01510","StreetName":"Martin St","Address":null,"StateName":null,"Zip4":null,"MAK":null,"AddressType":null,"RBDI":null,"Results":null,"NoSuffix":""},{"Number":"","Street":"mayflower","Suffix":"dr","City":"","State":"","Zip":"01510","StreetName":"Mayflower Dr","Address":null,"StateName":null,"Zip4":null,"MAK":null,"AddressType":null,"RBDI":null,"Results":null,"NoSuffix":""},{"Number":"","Street":"mcmahon","Suffix":"ave","City":"","State":"","Zip":"01510","StreetName":"Mcmahon Ave","Address":null,"StateName":null,"Zip4":null,"MAK":null,"AddressType":null,"RBDI":null,"Results":null,"NoSuffix":""},{"Number":"","Street":"meadow","Suffix":"rd","City":"","State":"","Zip":"01510","StreetName":"Meadow Rd","Address":null,"StateName":null,"Zip4":null,"MAK":null,"AddressType":null,"RBDI":null,"Results":null,"NoSuffix":""},{"Number":"","Street":"mechanic","Suffix":"st","City":"","State":"","Zip":"01510","StreetName":"Mechanic St","Address":null,"StateName":null,"Zip4":null,"MAK":null,"AddressType":null,"RBDI":null,"Results":null,"NoSuffix":""},{"Number":"","Street":"megan","Suffix":"cir","City":"","State":"","Zip":"01510","StreetName":"Megan Cir","Address":null,"StateName":null,"Zip4":null,"MAK":null,"AddressType":null,"RBDI":null,"Results":null,"NoSuffix":""},{"Number":"","Street":"milton","Suffix":"ave","City":"","State":"","Zip":"01510","StreetName":"Milton Ave","Address":null,"StateName":null,"Zip4":null,"MAK":null,"AddressType":null,"RBDI":null,"Results":null,"NoSuffix":""},{"Number":"","Street":"mount view","Suffix":"dr","City":"","State":"","Zip":"01510","StreetName":"Mount View Dr","Address":null,"StateName":null,"Zip4":null,"MAK":null,"AddressType":null,"RBDI":null,"Results":null,"NoSuffix":""},{"Number":"","Street":"mulberry","Suffix":"dr","City":"","State":"","Zip":"01510","StreetName":"Mulberry Dr","Address":null,"StateName":null,"Zip4":null,"MAK":null,"AddressType":null,"RBDI":null,"Results":null,"NoSuffix":""},{"Number":"","Street":"myles standish","Suffix":"rd","City":"","State":"","Zip":"01510","StreetName":"Myles Standish Rd","Address":null,"StateName":null,"Zip4":null,"MAK":null,"AddressType":null,"RBDI":null,"Results":null,"NoSuffix":""},{"Number":"","Street":"myrtle","Suffix":"st","City":"","State":"","Zip":"01510","StreetName":"Myrtle St","Address":null,"StateName":null,"Zip4":null,"MAK":null,"AddressType":null,"RBDI":null,"Results":null,"NoSuffix":""},{"Number":"","Street":"nashua","Suffix":"st","City":"","State":"","Zip":"01510","StreetName":"Nashua St","Address":null,"StateName":null,"Zip4":null,"MAK":null,"AddressType":null,"RBDI":null,"Results":null,"NoSuffix":""},{"Number":"","Street":"nathan","Suffix":"dr","City":"","State":"","Zip":"01510","StreetName":"Nathan Dr","Address":null,"StateName":null,"Zip4":null,"MAK":null,"AddressType":null,"RBDI":null,"Results":null,"NoSuffix":""},{"Number":"","Street":"nelson","Suffix":"st","City":"","State":"","Zip":"01510","StreetName":"Nelson St","Address":null,"StateName":null,"Zip4":null,"MAK":null,"AddressType":null,"RBDI":null,"Results":null,"NoSuffix":""},{"Number":"","Street":"new harbor","Suffix":"rd","City":"","State":"","Zip":"01510","StreetName":"New Harbor Rd","Address":null,"StateName":null,"Zip4":null,"MAK":null,"AddressType":null,"RBDI":null,"Results":null,"NoSuffix":""},{"Number":"","Street":"norman","Suffix":"st","City":"","State":"","Zip":"01510","StreetName":"Norman St","Address":null,"StateName":null,"Zip4":null,"MAK":null,"AddressType":null,"RBDI":null,"Results":null,"NoSuffix":""},{"Number":"","Street":"north","Suffix":"st","City":"","State":"","Zip":"01510","StreetName":"North St","Address":null,"StateName":null,"Zip4":null,"MAK":null,"AddressType":null,"RBDI":null,"Results":null,"NoSuffix":""},{"Number":"","Street":"nugent","Suffix":"ave","City":"","State":"","Zip":"01510","StreetName":"Nugent Ave","Address":null,"StateName":null,"Zip4":null,"MAK":null,"AddressType":null,"RBDI":null,"Results":null,"NoSuffix":""},{"Number":"","Street":"oak","Suffix":"ct","City":"","State":"","Zip":"01510","StreetName":"Oak Ct","Address":null,"StateName":null,"Zip4":null,"MAK":null,"AddressType":null,"RBDI":null,"Results":null,"NoSuffix":""},{"Number":"","Street":"oak","Suffix":"st","City":"","State":"","Zip":"01510","StreetName":"Oak St","Address":null,"StateName":null,"Zip4":null,"MAK":null,"AddressType":null,"RBDI":null,"Results":null,"NoSuffix":""},{"Number":"","Street":"oak hill","Suffix":"ave","City":"","State":"","Zip":"01510","StreetName":"Oak Hill Ave","Address":null,"StateName":null,"Zip4":null,"MAK":null,"AddressType":null,"RBDI":null,"Results":null,"NoSuffix":""},{"Number":"","Street":"oak ridge","Suffix":"dr","City":"","State":"","Zip":"01510","StreetName":"Oak Ridge Dr","Address":null,"StateName":null,"Zip4":null,"MAK":null,"AddressType":null,"RBDI":null,"Results":null,"NoSuffix":""},{"Number":"","Street":"olive","Suffix":"st","City":"","State":"","Zip":"01510","StreetName":"Olive St","Address":null,"StateName":null,"Zip4":null,"MAK":null,"AddressType":null,"RBDI":null,"Results":null,"NoSuffix":""},{"Number":"","Street":"orange","Suffix":"st","City":"","State":"","Zip":"01510","StreetName":"Orange St","Address":null,"StateName":null,"Zip4":null,"MAK":null,"AddressType":null,"RBDI":null,"Results":null,"NoSuffix":""},{"Number":"","Street":"otis","Suffix":"st","City":"","State":"","Zip":"01510","StreetName":"Otis St","Address":null,"StateName":null,"Zip4":null,"MAK":null,"AddressType":null,"RBDI":null,"Results":null,"NoSuffix":""},{"Number":"","Street":"oxbow","Suffix":"cir","City":"","State":"","Zip":"01510","StreetName":"Oxbow Cir","Address":null,"StateName":null,"Zip4":null,"MAK":null,"AddressType":null,"RBDI":null,"Results":null,"NoSuffix":""},{"Number":"","Street":"palmer","Suffix":"ct","City":"","State":"","Zip":"01510","StreetName":"Palmer Ct","Address":null,"StateName":null,"Zip4":null,"MAK":null,"AddressType":null,"RBDI":null,"Results":null,"NoSuffix":""},{"Number":"","Street":"park","Suffix":"st","City":"","State":"","Zip":"01510","StreetName":"Park St","Address":null,"StateName":null,"Zip4":null,"MAK":null,"AddressType":null,"RBDI":null,"Results":null,"NoSuffix":""},{"Number":"","Street":"parker","Suffix":"st","City":"","State":"","Zip":"01510","StreetName":"Parker St","Address":null,"StateName":null,"Zip4":null,"MAK":null,"AddressType":null,"RBDI":null,"Results":null,"NoSuffix":""},{"Number":"","Street":"pearl","Suffix":"st","City":"","State":"","Zip":"01510","StreetName":"Pearl St","Address":null,"StateName":null,"Zip4":null,"MAK":null,"AddressType":null,"RBDI":null,"Results":null,"NoSuffix":""},{"Number":"","Street":"pheasant","Suffix":"ln","City":"","State":"","Zip":"01510","StreetName":"Pheasant Ln","Address":null,"StateName":null,"Zip4":null,"MAK":null,"AddressType":null,"RBDI":null,"Results":null,"NoSuffix":""},{"Number":"","Street":"pierce","Suffix":"pl","City":"","State":"","Zip":"01510","StreetName":"Pierce Pl","Address":null,"StateName":null,"Zip4":null,"MAK":null,"AddressType":null,"RBDI":null,"Results":null,"NoSuffix":""},{"Number":"","Street":"pilgrim","Suffix":"rd","City":"","State":"","Zip":"01510","StreetName":"Pilgrim Rd","Address":null,"StateName":null,"Zip4":null,"MAK":null,"AddressType":null,"RBDI":null,"Results":null,"NoSuffix":""},{"Number":"","Street":"pine","Suffix":"st","City":"","State":"","Zip":"01510","StreetName":"Pine St","Address":null,"StateName":null,"Zip4":null,"MAK":null,"AddressType":null,"RBDI":null,"Results":null,"NoSuffix":""},{"Number":"","Street":"pine street","Suffix":"ext","City":"","State":"","Zip":"01510","StreetName":"Pine Street Ext","Address":null,"StateName":null,"Zip4":null,"MAK":null,"AddressType":null,"RBDI":null,"Results":null,"NoSuffix":""},{"Number":"","Street":"plain","Suffix":"st","City":"","State":"","Zip":"01510","StreetName":"Plain St","Address":null,"StateName":null,"Zip4":null,"MAK":null,"AddressType":null,"RBDI":null,"Results":null,"NoSuffix":""},{"Number":"","Street":"pleasant","Suffix":"st","City":"","State":"","Zip":"01510","StreetName":"Pleasant St","Address":null,"StateName":null,"Zip4":null,"MAK":null,"AddressType":null,"RBDI":null,"Results":null,"NoSuffix":""},{"Number":"","Street":"po box","Suffix":"","City":"","State":"","Zip":"01510","StreetName":"Po Box","Address":null,"StateName":null,"Zip4":null,"MAK":null,"AddressType":null,"RBDI":null,"Results":null,"NoSuffix":"t"},{"Number":"","Street":"pond","Suffix":"ct","City":"","State":"","Zip":"01510","StreetName":"Pond Ct","Address":null,"StateName":null,"Zip4":null,"MAK":null,"AddressType":null,"RBDI":null,"Results":null,"NoSuffix":""},{"Number":"","Street":"pond view","Suffix":"dr","City":"","State":"","Zip":"01510","StreetName":"Pond View Dr","Address":null,"StateName":null,"Zip4":null,"MAK":null,"AddressType":null,"RBDI":null,"Results":null,"NoSuffix":""},{"Number":"","Street":"prescott","Suffix":"ln","City":"","State":"","Zip":"01510","StreetName":"Prescott Ln","Address":null,"StateName":null,"Zip4":null,"MAK":null,"AddressType":null,"RBDI":null,"Results":null,"NoSuffix":""},{"Number":"","Street":"prescott","Suffix":"st","City":"","State":"","Zip":"01510","StreetName":"Prescott St","Address":null,"StateName":null,"Zip4":null,"MAK":null,"AddressType":null,"RBDI":null,"Results":null,"NoSuffix":""},{"Number":"","Street":"prospect","Suffix":"st","City":"","State":"","Zip":"01510","StreetName":"Prospect St","Address":null,"StateName":null,"Zip4":null,"MAK":null,"AddressType":null,"RBDI":null,"Results":null,"NoSuffix":""},{"Number":"","Street":"richardson","Suffix":"pl","City":"","State":"","Zip":"01510","StreetName":"Richardson Pl","Address":null,"StateName":null,"Zip4":null,"MAK":null,"AddressType":null,"RBDI":null,"Results":null,"NoSuffix":""},{"Number":"","Street":"richman","Suffix":"st","City":"","State":"","Zip":"01510","StreetName":"Richman St","Address":null,"StateName":null,"Zip4":null,"MAK":null,"AddressType":null,"RBDI":null,"Results":null,"NoSuffix":""},{"Number":"","Street":"ridgefield","Suffix":"cir","City":"","State":"","Zip":"01510","StreetName":"Ridgefield Cir","Address":null,"StateName":null,"Zip4":null,"MAK":null,"AddressType":null,"RBDI":null,"Results":null,"NoSuffix":""},{"Number":"","Street":"ridgefield circle a","Suffix":"","City":"","State":"","Zip":"01510","StreetName":"Ridgefield Circle A","Address":null,"StateName":null,"Zip4":null,"MAK":null,"AddressType":null,"RBDI":null,"Results":null,"NoSuffix":"t"},{"Number":"","Street":"ridgefield circle b","Suffix":"","City":"","State":"","Zip":"01510","StreetName":"Ridgefield Circle B","Address":null,"StateName":null,"Zip4":null,"MAK":null,"AddressType":null,"RBDI":null,"Results":null,"NoSuffix":"t"},{"Number":"","Street":"ridgefield circle c","Suffix":"","City":"","State":"","Zip":"01510","StreetName":"Ridgefield Circle C","Address":null,"StateName":null,"Zip4":null,"MAK":null,"AddressType":null,"RBDI":null,"Results":null,"NoSuffix":"t"},{"Number":"","Street":"ridgefield circle d","Suffix":"","City":"","State":"","Zip":"01510","StreetName":"Ridgefield Circle D","Address":null,"StateName":null,"Zip4":null,"MAK":null,"AddressType":null,"RBDI":null,"Results":null,"NoSuffix":"t"},{"Number":"","Street":"rigby","Suffix":"ln","City":"","State":"","Zip":"01510","StreetName":"Rigby Ln","Address":null,"StateName":null,"Zip4":null,"MAK":null,"AddressType":null,"RBDI":null,"Results":null,"NoSuffix":""},{"Number":"","Street":"rigby","Suffix":"pl","City":"","State":"","Zip":"01510","StreetName":"Rigby Pl","Address":null,"StateName":null,"Zip4":null,"MAK":null,"AddressType":null,"RBDI":null,"Results":null,"NoSuffix":""},{"Number":"","Street":"rigby","Suffix":"rd","City":"","State":"","Zip":"01510","StreetName":"Rigby Rd","Address":null,"StateName":null,"Zip4":null,"MAK":null,"AddressType":null,"RBDI":null,"Results":null,"NoSuffix":""},{"Number":"","Street":"river","Suffix":"rd","City":"","State":"","Zip":"01510","StreetName":"River Rd","Address":null,"StateName":null,"Zip4":null,"MAK":null,"AddressType":null,"RBDI":null,"Results":null,"NoSuffix":""},{"Number":"","Street":"robert","Suffix":"st","City":"","State":"","Zip":"01510","StreetName":"Robert St","Address":null,"StateName":null,"Zip4":null,"MAK":null,"AddressType":null,"RBDI":null,"Results":null,"NoSuffix":""},{"Number":"","Street":"robert memorial","Suffix":"dr","City":"","State":"","Zip":"01510","StreetName":"Robert Memorial Dr","Address":null,"StateName":null,"Zip4":null,"MAK":null,"AddressType":null,"RBDI":null,"Results":null,"NoSuffix":""},{"Number":"","Street":"rogers field","Suffix":"way","City":"","State":"","Zip":"01510","StreetName":"Rogers Field Way","Address":null,"StateName":null,"Zip4":null,"MAK":null,"AddressType":null,"RBDI":null,"Results":null,"NoSuffix":""},{"Number":"","Street":"roma","Suffix":"st","City":"","State":"","Zip":"01510","StreetName":"Roma St","Address":null,"StateName":null,"Zip4":null,"MAK":null,"AddressType":null,"RBDI":null,"Results":null,"NoSuffix":""},{"Number":"","Street":"ross","Suffix":"st","City":"","State":"","Zip":"01510","StreetName":"Ross St","Address":null,"StateName":null,"Zip4":null,"MAK":null,"AddressType":null,"RBDI":null,"Results":null,"NoSuffix":""},{"Number":"","Street":"route 62 and 70","Suffix":"","City":"","State":"","Zip":"01510","StreetName":"Route 62 And 70","Address":null,"StateName":null,"Zip4":null,"MAK":null,"AddressType":null,"RBDI":null,"Results":null,"NoSuffix":"t"},{"Number":"","Street":"russell","Suffix":"pl","City":"","State":"","Zip":"01510","StreetName":"Russell Pl","Address":null,"StateName":null,"Zip4":null,"MAK":null,"AddressType":null,"RBDI":null,"Results":null,"NoSuffix":""},{"Number":"","Street":"saint jude","Suffix":"ave","City":"","State":"","Zip":"01510","StreetName":"Saint Jude Ave","Address":null,"StateName":null,"Zip4":null,"MAK":null,"AddressType":null,"RBDI":null,"Results":null,"NoSuffix":""},{"Number":"","Street":"sand","Suffix":"ct","City":"","State":"","Zip":"01510","StreetName":"Sand Ct","Address":null,"StateName":null,"Zip4":null,"MAK":null,"AddressType":null,"RBDI":null,"Results":null,"NoSuffix":""},{"Number":"","Street":"sanderson","Suffix":"pl","City":"","State":"","Zip":"01510","StreetName":"Sanderson Pl","Address":null,"StateName":null,"Zip4":null,"MAK":null,"AddressType":null,"RBDI":null,"Results":null,"NoSuffix":""},{"Number":"","Street":"schley","Suffix":"st","City":"","State":"","Zip":"01510","StreetName":"Schley St","Address":null,"StateName":null,"Zip4":null,"MAK":null,"AddressType":null,"RBDI":null,"Results":null,"NoSuffix":""},{"Number":"","Street":"schobert","Suffix":"st","City":"","State":"","Zip":"01510","StreetName":"Schobert St","Address":null,"StateName":null,"Zip4":null,"MAK":null,"AddressType":null,"RBDI":null,"Results":null,"NoSuffix":""},{"Number":"","Street":"school","Suffix":"st","City":"","State":"","Zip":"01510","StreetName":"School St","Address":null,"StateName":null,"Zip4":null,"MAK":null,"AddressType":null,"RBDI":null,"Results":null,"NoSuffix":""},{"Number":"","Street":"shore","Suffix":"ln","City":"","State":"","Zip":"01510","StreetName":"Shore Ln","Address":null,"StateName":null,"Zip4":null,"MAK":null,"AddressType":null,"RBDI":null,"Results":null,"NoSuffix":""},{"Number":"","Street":"simon","Suffix":"ct","City":"","State":"","Zip":"01510","StreetName":"Simon Ct","Address":null,"StateName":null,"Zip4":null,"MAK":null,"AddressType":null,"RBDI":null,"Results":null,"NoSuffix":""},{"Number":"","Street":"skyline","Suffix":"dr","City":"","State":"","Zip":"01510","StreetName":"Skyline Dr","Address":null,"StateName":null,"Zip4":null,"MAK":null,"AddressType":null,"RBDI":null,"Results":null,"NoSuffix":""},{"Number":"","Street":"sprague","Suffix":"rd","City":"","State":"","Zip":"01510","StreetName":"Sprague Rd","Address":null,"StateName":null,"Zip4":null,"MAK":null,"AddressType":null,"RBDI":null,"Results":null,"NoSuffix":""},{"Number":"","Street":"spring","Suffix":"st","City":"","State":"","Zip":"01510","StreetName":"Spring St","Address":null,"StateName":null,"Zip4":null,"MAK":null,"AddressType":null,"RBDI":null,"Results":null,"NoSuffix":""},{"Number":"","Street":"spruce","Suffix":"st","City":"","State":"","Zip":"01510","StreetName":"Spruce St","Address":null,"StateName":null,"Zip4":null,"MAK":null,"AddressType":null,"RBDI":null,"Results":null,"NoSuffix":""},{"Number":"","Street":"sprucewood","Suffix":"ln","City":"","State":"","Zip":"01510","StreetName":"Sprucewood Ln","Address":null,"StateName":null,"Zip4":null,"MAK":null,"AddressType":null,"RBDI":null,"Results":null,"NoSuffix":""},{"Number":"","Street":"sterling","Suffix":"st","City":"","State":"","Zip":"01510","StreetName":"Sterling St","Address":null,"StateName":null,"Zip4":null,"MAK":null,"AddressType":null,"RBDI":null,"Results":null,"NoSuffix":""},{"Number":"","Street":"stone","Suffix":"st","City":"","State":"","Zip":"01510","StreetName":"Stone St","Address":null,"StateName":null,"Zip4":null,"MAK":null,"AddressType":null,"RBDI":null,"Results":null,"NoSuffix":""},{"Number":"","Street":"stonebridge","Suffix":"cir","City":"","State":"","Zip":"01510","StreetName":"Stonebridge Cir","Address":null,"StateName":null,"Zip4":null,"MAK":null,"AddressType":null,"RBDI":null,"Results":null,"NoSuffix":""},{"Number":"","Street":"summit","Suffix":"st","City":"","State":"","Zip":"01510","StreetName":"Summit St","Address":null,"StateName":null,"Zip4":null,"MAK":null,"AddressType":null,"RBDI":null,"Results":null,"NoSuffix":""},{"Number":"","Street":"terrence","Suffix":"ave","City":"","State":"","Zip":"01510","StreetName":"Terrence Ave","Address":null,"StateName":null,"Zip4":null,"MAK":null,"AddressType":null,"RBDI":null,"Results":null,"NoSuffix":""},{"Number":"","Street":"thomas","Suffix":"st","City":"","State":"","Zip":"01510","StreetName":"Thomas St","Address":null,"StateName":null,"Zip4":null,"MAK":null,"AddressType":null,"RBDI":null,"Results":null,"NoSuffix":""},{"Number":"","Street":"top","Suffix":"st","City":"","State":"","Zip":"01510","StreetName":"Top St","Address":null,"StateName":null,"Zip4":null,"MAK":null,"AddressType":null,"RBDI":null,"Results":null,"NoSuffix":""},{"Number":"","Street":"union","Suffix":"st","City":"","State":"","Zip":"01510","StreetName":"Union St","Address":null,"StateName":null,"Zip4":null,"MAK":null,"AddressType":null,"RBDI":null,"Results":null,"NoSuffix":""},{"Number":"","Street":"vale","Suffix":"st","City":"","State":"","Zip":"01510","StreetName":"Vale St","Address":null,"StateName":null,"Zip4":null,"MAK":null,"AddressType":null,"RBDI":null,"Results":null,"NoSuffix":""},{"Number":"","Street":"view","Suffix":"st","City":"","State":"","Zip":"01510","StreetName":"View St","Address":null,"StateName":null,"Zip4":null,"MAK":null,"AddressType":null,"RBDI":null,"Results":null,"NoSuffix":""},{"Number":"","Street":"vineyard","Suffix":"ave","City":"","State":"","Zip":"01510","StreetName":"Vineyard Ave","Address":null,"StateName":null,"Zip4":null,"MAK":null,"AddressType":null,"RBDI":null,"Results":null,"NoSuffix":""},{"Number":"","Street":"walden","Suffix":"ter","City":"","State":"","Zip":"01510","StreetName":"Walden Ter","Address":null,"StateName":null,"Zip4":null,"MAK":null,"AddressType":null,"RBDI":null,"Results":null,"NoSuffix":""},{"Number":"","Street":"walnut","Suffix":"st","City":"","State":"","Zip":"01510","StreetName":"Walnut St","Address":null,"StateName":null,"Zip4":null,"MAK":null,"AddressType":null,"RBDI":null,"Results":null,"NoSuffix":""},{"Number":"","Street":"washington","Suffix":"st","City":"","State":"","Zip":"01510","StreetName":"Washington St","Address":null,"StateName":null,"Zip4":null,"MAK":null,"AddressType":null,"RBDI":null,"Results":null,"NoSuffix":""},{"Number":"","Street":"water","Suffix":"st","City":"","State":"","Zip":"01510","StreetName":"Water St","Address":null,"StateName":null,"Zip4":null,"MAK":null,"AddressType":null,"RBDI":null,"Results":null,"NoSuffix":""},{"Number":"","Street":"webster","Suffix":"st","City":"","State":"","Zip":"01510","StreetName":"Webster St","Address":null,"StateName":null,"Zip4":null,"MAK":null,"AddressType":null,"RBDI":null,"Results":null,"NoSuffix":""},{"Number":"","Street":"webster street","Suffix":"ext","City":"","State":"","Zip":"01510","StreetName":"Webster Street Ext","Address":null,"StateName":null,"Zip4":null,"MAK":null,"AddressType":null,"RBDI":null,"Results":null,"NoSuffix":""},{"Number":"","Street":"west","Suffix":"st","City":"","State":"","Zip":"01510","StreetName":"West St","Address":null,"StateName":null,"Zip4":null,"MAK":null,"AddressType":null,"RBDI":null,"Results":null,"NoSuffix":""},{"Number":"","Street":"white","Suffix":"ct","City":"","State":"","Zip":"01510","StreetName":"White Ct","Address":null,"StateName":null,"Zip4":null,"MAK":null,"AddressType":null,"RBDI":null,"Results":null,"NoSuffix":""},{"Number":"","Street":"wilkate","Suffix":"pl","City":"","State":"","Zip":"01510","StreetName":"Wilkate Pl","Address":null,"StateName":null,"Zip4":null,"MAK":null,"AddressType":null,"RBDI":null,"Results":null,"NoSuffix":""},{"Number":"","Street":"williams","Suffix":"st","City":"","State":"","Zip":"01510","StreetName":"Williams St","Address":null,"StateName":null,"Zip4":null,"MAK":null,"AddressType":null,"RBDI":null,"Results":null,"NoSuffix":""},{"Number":"","Street":"willow","Suffix":"st","City":"","State":"","Zip":"01510","StreetName":"Willow St","Address":null,"StateName":null,"Zip4":null,"MAK":null,"AddressType":null,"RBDI":null,"Results":null,"NoSuffix":""},{"Number":"","Street":"wilson","Suffix":"st","City":"","State":"","Zip":"01510","StreetName":"Wilson St","Address":null,"StateName":null,"Zip4":null,"MAK":null,"AddressType":null,"RBDI":null,"Results":null,"NoSuffix":""},{"Number":"","Street":"winter","Suffix":"st","City":"","State":"","Zip":"01510","StreetName":"Winter St","Address":null,"StateName":null,"Zip4":null,"MAK":null,"AddressType":null,"RBDI":null,"Results":null,"NoSuffix":""},{"Number":"","Street":"winthrop","Suffix":"st","City":"","State":"","Zip":"01510","StreetName":"Winthrop St","Address":null,"StateName":null,"Zip4":null,"MAK":null,"AddressType":null,"RBDI":null,"Results":null,"NoSuffix":""},{"Number":"","Street":"wittig","Suffix":"ct","City":"","State":"","Zip":"01510","StreetName":"Wittig Ct","Address":null,"StateName":null,"Zip4":null,"MAK":null,"AddressType":null,"RBDI":null,"Results":null,"NoSuffix":""},{"Number":"","Street":"woodland","Suffix":"cir","City":"","State":"","Zip":"01510","StreetName":"Woodland Cir","Address":null,"StateName":null,"Zip4":null,"MAK":null,"AddressType":null,"RBDI":null,"Results":null,"NoSuffix":""},{"Number":"","Street":"woodlawn","Suffix":"st","City":"","State":"","Zip":"01510","StreetName":"Woodlawn St","Address":null,"StateName":null,"Zip4":null,"MAK":null,"AddressType":null,"RBDI":null,"Results":null,"NoSuffix":""},{"Number":"","Street":"woodruff","Suffix":"rd","City":"","State":"","Zip":"01510","StreetName":"Woodruff Rd","Address":null,"StateName":null,"Zip4":null,"MAK":null,"AddressType":null,"RBDI":null,"Results":null,"NoSuffix":""},{"Number":"","Street":"worcester","Suffix":"st","City":"","State":"","Zip":"01510","StreetName":"Worcester St","Address":null,"StateName":null,"Zip4":null,"MAK":null,"AddressType":null,"RBDI":null,"Results":null,"NoSuffix":""}]