[{"Number":"","Street":"a pine","Suffix":"st","City":"","State":"","Zip":"02180","StreetName":"A Pine St","Address":null,"StateName":null,"Zip4":null,"MAK":null,"AddressType":null,"RBDI":null,"Results":null,"NoSuffix":""},{"Number":"","Street":"adam","Suffix":"rd","City":"","State":"","Zip":"02180","StreetName":"Adam Rd","Address":null,"StateName":null,"Zip4":null,"MAK":null,"AddressType":null,"RBDI":null,"Results":null,"NoSuffix":""},{"Number":"","Street":"albion","Suffix":"ave","City":"","State":"","Zip":"02180","StreetName":"Albion Ave","Address":null,"StateName":null,"Zip4":null,"MAK":null,"AddressType":null,"RBDI":null,"Results":null,"NoSuffix":""},{"Number":"","Street":"alden","Suffix":"ave","City":"","State":"","Zip":"02180","StreetName":"Alden Ave","Address":null,"StateName":null,"Zip4":null,"MAK":null,"AddressType":null,"RBDI":null,"Results":null,"NoSuffix":""},{"Number":"","Street":"alice","Suffix":"ln","City":"","State":"","Zip":"02180","StreetName":"Alice Ln","Address":null,"StateName":null,"Zip4":null,"MAK":null,"AddressType":null,"RBDI":null,"Results":null,"NoSuffix":""},{"Number":"","Street":"apple hill","Suffix":"ln","City":"","State":"","Zip":"02180","StreetName":"Apple Hill Ln","Address":null,"StateName":null,"Zip4":null,"MAK":null,"AddressType":null,"RBDI":null,"Results":null,"NoSuffix":""},{"Number":"","Street":"aricia","Suffix":"ln","City":"","State":"","Zip":"02180","StreetName":"Aricia Ln","Address":null,"StateName":null,"Zip4":null,"MAK":null,"AddressType":null,"RBDI":null,"Results":null,"NoSuffix":""},{"Number":"","Street":"arlene","Suffix":"ave","City":"","State":"","Zip":"02180","StreetName":"Arlene Ave","Address":null,"StateName":null,"Zip4":null,"MAK":null,"AddressType":null,"RBDI":null,"Results":null,"NoSuffix":""},{"Number":"","Street":"arnold","Suffix":"rd","City":"","State":"","Zip":"02180","StreetName":"Arnold Rd","Address":null,"StateName":null,"Zip4":null,"MAK":null,"AddressType":null,"RBDI":null,"Results":null,"NoSuffix":""},{"Number":"","Street":"arthur","Suffix":"rd","City":"","State":"","Zip":"02180","StreetName":"Arthur Rd","Address":null,"StateName":null,"Zip4":null,"MAK":null,"AddressType":null,"RBDI":null,"Results":null,"NoSuffix":""},{"Number":"","Street":"aspen","Suffix":"ln","City":"","State":"","Zip":"02180","StreetName":"Aspen Ln","Address":null,"StateName":null,"Zip4":null,"MAK":null,"AddressType":null,"RBDI":null,"Results":null,"NoSuffix":""},{"Number":"","Street":"atwood","Suffix":"ave","City":"","State":"","Zip":"02180","StreetName":"Atwood Ave","Address":null,"StateName":null,"Zip4":null,"MAK":null,"AddressType":null,"RBDI":null,"Results":null,"NoSuffix":""},{"Number":"","Street":"avalon","Suffix":"rd","City":"","State":"","Zip":"02180","StreetName":"Avalon Rd","Address":null,"StateName":null,"Zip4":null,"MAK":null,"AddressType":null,"RBDI":null,"Results":null,"NoSuffix":""},{"Number":"","Street":"avon","Suffix":"st","City":"","State":"","Zip":"02180","StreetName":"Avon St","Address":null,"StateName":null,"Zip4":null,"MAK":null,"AddressType":null,"RBDI":null,"Results":null,"NoSuffix":""},{"Number":"","Street":"bancroft","Suffix":"pl","City":"","State":"","Zip":"02180","StreetName":"Bancroft Pl","Address":null,"StateName":null,"Zip4":null,"MAK":null,"AddressType":null,"RBDI":null,"Results":null,"NoSuffix":""},{"Number":"","Street":"barbara","Suffix":"rd","City":"","State":"","Zip":"02180","StreetName":"Barbara Rd","Address":null,"StateName":null,"Zip4":null,"MAK":null,"AddressType":null,"RBDI":null,"Results":null,"NoSuffix":""},{"Number":"","Street":"barret","Suffix":"ave","City":"","State":"","Zip":"02180","StreetName":"Barret Ave","Address":null,"StateName":null,"Zip4":null,"MAK":null,"AddressType":null,"RBDI":null,"Results":null,"NoSuffix":""},{"Number":"","Street":"beacon","Suffix":"st","City":"","State":"","Zip":"02180","StreetName":"Beacon St","Address":null,"StateName":null,"Zip4":null,"MAK":null,"AddressType":null,"RBDI":null,"Results":null,"NoSuffix":""},{"Number":"","Street":"bear hill","Suffix":"rd","City":"","State":"","Zip":"02180","StreetName":"Bear Hill Rd","Address":null,"StateName":null,"Zip4":null,"MAK":null,"AddressType":null,"RBDI":null,"Results":null,"NoSuffix":""},{"Number":"","Street":"bellevue","Suffix":"rd","City":"","State":"","Zip":"02180","StreetName":"Bellevue Rd","Address":null,"StateName":null,"Zip4":null,"MAK":null,"AddressType":null,"RBDI":null,"Results":null,"NoSuffix":""},{"Number":"","Street":"benjamin","Suffix":"ter","City":"","State":"","Zip":"02180","StreetName":"Benjamin Ter","Address":null,"StateName":null,"Zip4":null,"MAK":null,"AddressType":null,"RBDI":null,"Results":null,"NoSuffix":""},{"Number":"","Street":"benton","Suffix":"st","City":"","State":"","Zip":"02180","StreetName":"Benton St","Address":null,"StateName":null,"Zip4":null,"MAK":null,"AddressType":null,"RBDI":null,"Results":null,"NoSuffix":""},{"Number":"","Street":"berkley","Suffix":"st","City":"","State":"","Zip":"02180","StreetName":"Berkley St","Address":null,"StateName":null,"Zip4":null,"MAK":null,"AddressType":null,"RBDI":null,"Results":null,"NoSuffix":""},{"Number":"","Street":"birch","Suffix":"st","City":"","State":"","Zip":"02180","StreetName":"Birch St","Address":null,"StateName":null,"Zip4":null,"MAK":null,"AddressType":null,"RBDI":null,"Results":null,"NoSuffix":""},{"Number":"","Street":"blueberry","Suffix":"ln","City":"","State":"","Zip":"02180","StreetName":"Blueberry Ln","Address":null,"StateName":null,"Zip4":null,"MAK":null,"AddressType":null,"RBDI":null,"Results":null,"NoSuffix":""},{"Number":"","Street":"bonad","Suffix":"rd","City":"","State":"","Zip":"02180","StreetName":"Bonad Rd","Address":null,"StateName":null,"Zip4":null,"MAK":null,"AddressType":null,"RBDI":null,"Results":null,"NoSuffix":""},{"Number":"","Street":"border","Suffix":"rd","City":"","State":"","Zip":"02180","StreetName":"Border Rd","Address":null,"StateName":null,"Zip4":null,"MAK":null,"AddressType":null,"RBDI":null,"Results":null,"NoSuffix":""},{"Number":"","Street":"bow","Suffix":"st","City":"","State":"","Zip":"02180","StreetName":"Bow St","Address":null,"StateName":null,"Zip4":null,"MAK":null,"AddressType":null,"RBDI":null,"Results":null,"NoSuffix":""},{"Number":"","Street":"bow street","Suffix":"ct","City":"","State":"","Zip":"02180","StreetName":"Bow Street Ct","Address":null,"StateName":null,"Zip4":null,"MAK":null,"AddressType":null,"RBDI":null,"Results":null,"NoSuffix":""},{"Number":"","Street":"boxwood","Suffix":"rd","City":"","State":"","Zip":"02180","StreetName":"Boxwood Rd","Address":null,"StateName":null,"Zip4":null,"MAK":null,"AddressType":null,"RBDI":null,"Results":null,"NoSuffix":""},{"Number":"","Street":"brackett","Suffix":"ave","City":"","State":"","Zip":"02180","StreetName":"Brackett Ave","Address":null,"StateName":null,"Zip4":null,"MAK":null,"AddressType":null,"RBDI":null,"Results":null,"NoSuffix":""},{"Number":"","Street":"bramante","Suffix":"cir","City":"","State":"","Zip":"02180","StreetName":"Bramante Cir","Address":null,"StateName":null,"Zip4":null,"MAK":null,"AddressType":null,"RBDI":null,"Results":null,"NoSuffix":""},{"Number":"","Street":"brentwood","Suffix":"rd","City":"","State":"","Zip":"02180","StreetName":"Brentwood Rd","Address":null,"StateName":null,"Zip4":null,"MAK":null,"AddressType":null,"RBDI":null,"Results":null,"NoSuffix":""},{"Number":"","Street":"broadway","Suffix":"","City":"","State":"","Zip":"02180","StreetName":"Broadway","Address":null,"StateName":null,"Zip4":null,"MAK":null,"AddressType":null,"RBDI":null,"Results":null,"NoSuffix":"t"},{"Number":"","Street":"brook","Suffix":"st","City":"","State":"","Zip":"02180","StreetName":"Brook St","Address":null,"StateName":null,"Zip4":null,"MAK":null,"AddressType":null,"RBDI":null,"Results":null,"NoSuffix":""},{"Number":"","Street":"brookbridge","Suffix":"rd","City":"","State":"","Zip":"02180","StreetName":"Brookbridge Rd","Address":null,"StateName":null,"Zip4":null,"MAK":null,"AddressType":null,"RBDI":null,"Results":null,"NoSuffix":""},{"Number":"","Street":"butler","Suffix":"ave","City":"","State":"","Zip":"02180","StreetName":"Butler Ave","Address":null,"StateName":null,"Zip4":null,"MAK":null,"AddressType":null,"RBDI":null,"Results":null,"NoSuffix":""},{"Number":"","Street":"buttonwood","Suffix":"rd","City":"","State":"","Zip":"02180","StreetName":"Buttonwood Rd","Address":null,"StateName":null,"Zip4":null,"MAK":null,"AddressType":null,"RBDI":null,"Results":null,"NoSuffix":""},{"Number":"","Street":"cabot","Suffix":"rd","City":"","State":"","Zip":"02180","StreetName":"Cabot Rd","Address":null,"StateName":null,"Zip4":null,"MAK":null,"AddressType":null,"RBDI":null,"Results":null,"NoSuffix":""},{"Number":"","Street":"calthea","Suffix":"st","City":"","State":"","Zip":"02180","StreetName":"Calthea St","Address":null,"StateName":null,"Zip4":null,"MAK":null,"AddressType":null,"RBDI":null,"Results":null,"NoSuffix":""},{"Number":"","Street":"campbell","Suffix":"rd","City":"","State":"","Zip":"02180","StreetName":"Campbell Rd","Address":null,"StateName":null,"Zip4":null,"MAK":null,"AddressType":null,"RBDI":null,"Results":null,"NoSuffix":""},{"Number":"","Street":"capen","Suffix":"st","City":"","State":"","Zip":"02180","StreetName":"Capen St","Address":null,"StateName":null,"Zip4":null,"MAK":null,"AddressType":null,"RBDI":null,"Results":null,"NoSuffix":""},{"Number":"","Street":"cardinal","Suffix":"rd","City":"","State":"","Zip":"02180","StreetName":"Cardinal Rd","Address":null,"StateName":null,"Zip4":null,"MAK":null,"AddressType":null,"RBDI":null,"Results":null,"NoSuffix":""},{"Number":"","Street":"carlida","Suffix":"rd","City":"","State":"","Zip":"02180","StreetName":"Carlida Rd","Address":null,"StateName":null,"Zip4":null,"MAK":null,"AddressType":null,"RBDI":null,"Results":null,"NoSuffix":""},{"Number":"","Street":"carmen","Suffix":"ave","City":"","State":"","Zip":"02180","StreetName":"Carmen Ave","Address":null,"StateName":null,"Zip4":null,"MAK":null,"AddressType":null,"RBDI":null,"Results":null,"NoSuffix":""},{"Number":"","Street":"carol","Suffix":"st","City":"","State":"","Zip":"02180","StreetName":"Carol St","Address":null,"StateName":null,"Zip4":null,"MAK":null,"AddressType":null,"RBDI":null,"Results":null,"NoSuffix":""},{"Number":"","Street":"cedar","Suffix":"ave","City":"","State":"","Zip":"02180","StreetName":"Cedar Ave","Address":null,"StateName":null,"Zip4":null,"MAK":null,"AddressType":null,"RBDI":null,"Results":null,"NoSuffix":""},{"Number":"","Street":"cedar","Suffix":"st","City":"","State":"","Zip":"02180","StreetName":"Cedar St","Address":null,"StateName":null,"Zip4":null,"MAK":null,"AddressType":null,"RBDI":null,"Results":null,"NoSuffix":""},{"Number":"","Street":"cedarway","Suffix":"","City":"","State":"","Zip":"02180","StreetName":"Cedarway","Address":null,"StateName":null,"Zip4":null,"MAK":null,"AddressType":null,"RBDI":null,"Results":null,"NoSuffix":"t"},{"Number":"","Street":"celestine","Suffix":"ter","City":"","State":"","Zip":"02180","StreetName":"Celestine Ter","Address":null,"StateName":null,"Zip4":null,"MAK":null,"AddressType":null,"RBDI":null,"Results":null,"NoSuffix":""},{"Number":"","Street":"central","Suffix":"sq","City":"","State":"","Zip":"02180","StreetName":"Central Sq","Address":null,"StateName":null,"Zip4":null,"MAK":null,"AddressType":null,"RBDI":null,"Results":null,"NoSuffix":""},{"Number":"","Street":"central","Suffix":"st","City":"","State":"","Zip":"02180","StreetName":"Central St","Address":null,"StateName":null,"Zip4":null,"MAK":null,"AddressType":null,"RBDI":null,"Results":null,"NoSuffix":""},{"Number":"","Street":"chapel","Suffix":"way","City":"","State":"","Zip":"02180","StreetName":"Chapel Way","Address":null,"StateName":null,"Zip4":null,"MAK":null,"AddressType":null,"RBDI":null,"Results":null,"NoSuffix":""},{"Number":"","Street":"charles","Suffix":"st","City":"","State":"","Zip":"02180","StreetName":"Charles St","Address":null,"StateName":null,"Zip4":null,"MAK":null,"AddressType":null,"RBDI":null,"Results":null,"NoSuffix":""},{"Number":"","Street":"chase","Suffix":"rd","City":"","State":"","Zip":"02180","StreetName":"Chase Rd","Address":null,"StateName":null,"Zip4":null,"MAK":null,"AddressType":null,"RBDI":null,"Results":null,"NoSuffix":""},{"Number":"","Street":"cherry","Suffix":"ave","City":"","State":"","Zip":"02180","StreetName":"Cherry Ave","Address":null,"StateName":null,"Zip4":null,"MAK":null,"AddressType":null,"RBDI":null,"Results":null,"NoSuffix":""},{"Number":"","Street":"chestnut","Suffix":"st","City":"","State":"","Zip":"02180","StreetName":"Chestnut St","Address":null,"StateName":null,"Zip4":null,"MAK":null,"AddressType":null,"RBDI":null,"Results":null,"NoSuffix":""},{"Number":"","Street":"christine","Suffix":"ave","City":"","State":"","Zip":"02180","StreetName":"Christine Ave","Address":null,"StateName":null,"Zip4":null,"MAK":null,"AddressType":null,"RBDI":null,"Results":null,"NoSuffix":""},{"Number":"","Street":"christopher st","Suffix":"st","City":"","State":"","Zip":"02180","StreetName":"Christopher St St","Address":null,"StateName":null,"Zip4":null,"MAK":null,"AddressType":null,"RBDI":null,"Results":null,"NoSuffix":""},{"Number":"","Street":"church","Suffix":"st","City":"","State":"","Zip":"02180","StreetName":"Church St","Address":null,"StateName":null,"Zip4":null,"MAK":null,"AddressType":null,"RBDI":null,"Results":null,"NoSuffix":""},{"Number":"","Street":"citation","Suffix":"ave","City":"","State":"","Zip":"02180","StreetName":"Citation Ave","Address":null,"StateName":null,"Zip4":null,"MAK":null,"AddressType":null,"RBDI":null,"Results":null,"NoSuffix":""},{"Number":"","Street":"clearview","Suffix":"rd","City":"","State":"","Zip":"02180","StreetName":"Clearview Rd","Address":null,"StateName":null,"Zip4":null,"MAK":null,"AddressType":null,"RBDI":null,"Results":null,"NoSuffix":""},{"Number":"","Street":"cliff","Suffix":"st","City":"","State":"","Zip":"02180","StreetName":"Cliff St","Address":null,"StateName":null,"Zip4":null,"MAK":null,"AddressType":null,"RBDI":null,"Results":null,"NoSuffix":""},{"Number":"","Street":"collincote","Suffix":"st","City":"","State":"","Zip":"02180","StreetName":"Collincote St","Address":null,"StateName":null,"Zip4":null,"MAK":null,"AddressType":null,"RBDI":null,"Results":null,"NoSuffix":""},{"Number":"","Street":"colonial","Suffix":"ct","City":"","State":"","Zip":"02180","StreetName":"Colonial Ct","Address":null,"StateName":null,"Zip4":null,"MAK":null,"AddressType":null,"RBDI":null,"Results":null,"NoSuffix":""},{"Number":"","Street":"columbus","Suffix":"ave","City":"","State":"","Zip":"02180","StreetName":"Columbus Ave","Address":null,"StateName":null,"Zip4":null,"MAK":null,"AddressType":null,"RBDI":null,"Results":null,"NoSuffix":""},{"Number":"","Street":"common","Suffix":"st","City":"","State":"","Zip":"02180","StreetName":"Common St","Address":null,"StateName":null,"Zip4":null,"MAK":null,"AddressType":null,"RBDI":null,"Results":null,"NoSuffix":""},{"Number":"","Street":"concord","Suffix":"rd","City":"","State":"","Zip":"02180","StreetName":"Concord Rd","Address":null,"StateName":null,"Zip4":null,"MAK":null,"AddressType":null,"RBDI":null,"Results":null,"NoSuffix":""},{"Number":"","Street":"congress","Suffix":"st","City":"","State":"","Zip":"02180","StreetName":"Congress St","Address":null,"StateName":null,"Zip4":null,"MAK":null,"AddressType":null,"RBDI":null,"Results":null,"NoSuffix":""},{"Number":"","Street":"constitution","Suffix":"rd","City":"","State":"","Zip":"02180","StreetName":"Constitution Rd","Address":null,"StateName":null,"Zip4":null,"MAK":null,"AddressType":null,"RBDI":null,"Results":null,"NoSuffix":""},{"Number":"","Street":"converse","Suffix":"st","City":"","State":"","Zip":"02180","StreetName":"Converse St","Address":null,"StateName":null,"Zip4":null,"MAK":null,"AddressType":null,"RBDI":null,"Results":null,"NoSuffix":""},{"Number":"","Street":"coolidge","Suffix":"st","City":"","State":"","Zip":"02180","StreetName":"Coolidge St","Address":null,"StateName":null,"Zip4":null,"MAK":null,"AddressType":null,"RBDI":null,"Results":null,"NoSuffix":""},{"Number":"","Street":"corey","Suffix":"ave","City":"","State":"","Zip":"02180","StreetName":"Corey Ave","Address":null,"StateName":null,"Zip4":null,"MAK":null,"AddressType":null,"RBDI":null,"Results":null,"NoSuffix":""},{"Number":"","Street":"cottage","Suffix":"st","City":"","State":"","Zip":"02180","StreetName":"Cottage St","Address":null,"StateName":null,"Zip4":null,"MAK":null,"AddressType":null,"RBDI":null,"Results":null,"NoSuffix":""},{"Number":"","Street":"country club","Suffix":"rd","City":"","State":"","Zip":"02180","StreetName":"Country Club Rd","Address":null,"StateName":null,"Zip4":null,"MAK":null,"AddressType":null,"RBDI":null,"Results":null,"NoSuffix":""},{"Number":"","Street":"coventry","Suffix":"ln","City":"","State":"","Zip":"02180","StreetName":"Coventry Ln","Address":null,"StateName":null,"Zip4":null,"MAK":null,"AddressType":null,"RBDI":null,"Results":null,"NoSuffix":""},{"Number":"","Street":"cowdrey","Suffix":"st","City":"","State":"","Zip":"02180","StreetName":"Cowdrey St","Address":null,"StateName":null,"Zip4":null,"MAK":null,"AddressType":null,"RBDI":null,"Results":null,"NoSuffix":""},{"Number":"","Street":"crescent","Suffix":"ave","City":"","State":"","Zip":"02180","StreetName":"Crescent Ave","Address":null,"StateName":null,"Zip4":null,"MAK":null,"AddressType":null,"RBDI":null,"Results":null,"NoSuffix":""},{"Number":"","Street":"cricklewood","Suffix":"dr","City":"","State":"","Zip":"02180","StreetName":"Cricklewood Dr","Address":null,"StateName":null,"Zip4":null,"MAK":null,"AddressType":null,"RBDI":null,"Results":null,"NoSuffix":""},{"Number":"","Street":"crosby","Suffix":"st","City":"","State":"","Zip":"02180","StreetName":"Crosby St","Address":null,"StateName":null,"Zip4":null,"MAK":null,"AddressType":null,"RBDI":null,"Results":null,"NoSuffix":""},{"Number":"","Street":"crystal","Suffix":"dr","City":"","State":"","Zip":"02180","StreetName":"Crystal Dr","Address":null,"StateName":null,"Zip4":null,"MAK":null,"AddressType":null,"RBDI":null,"Results":null,"NoSuffix":""},{"Number":"","Street":"curve","Suffix":"rd","City":"","State":"","Zip":"02180","StreetName":"Curve Rd","Address":null,"StateName":null,"Zip4":null,"MAK":null,"AddressType":null,"RBDI":null,"Results":null,"NoSuffix":""},{"Number":"","Street":"dale","Suffix":"ct","City":"","State":"","Zip":"02180","StreetName":"Dale Ct","Address":null,"StateName":null,"Zip4":null,"MAK":null,"AddressType":null,"RBDI":null,"Results":null,"NoSuffix":""},{"Number":"","Street":"danby","Suffix":"rd","City":"","State":"","Zip":"02180","StreetName":"Danby Rd","Address":null,"StateName":null,"Zip4":null,"MAK":null,"AddressType":null,"RBDI":null,"Results":null,"NoSuffix":""},{"Number":"","Street":"daniel","Suffix":"dr","City":"","State":"","Zip":"02180","StreetName":"Daniel Dr","Address":null,"StateName":null,"Zip4":null,"MAK":null,"AddressType":null,"RBDI":null,"Results":null,"NoSuffix":""},{"Number":"","Street":"dapper darby","Suffix":"dr","City":"","State":"","Zip":"02180","StreetName":"Dapper Darby Dr","Address":null,"StateName":null,"Zip4":null,"MAK":null,"AddressType":null,"RBDI":null,"Results":null,"NoSuffix":""},{"Number":"","Street":"david","Suffix":"cir","City":"","State":"","Zip":"02180","StreetName":"David Cir","Address":null,"StateName":null,"Zip4":null,"MAK":null,"AddressType":null,"RBDI":null,"Results":null,"NoSuffix":""},{"Number":"","Street":"dean","Suffix":"st","City":"","State":"","Zip":"02180","StreetName":"Dean St","Address":null,"StateName":null,"Zip4":null,"MAK":null,"AddressType":null,"RBDI":null,"Results":null,"NoSuffix":""},{"Number":"","Street":"dewitt","Suffix":"rd","City":"","State":"","Zip":"02180","StreetName":"Dewitt Rd","Address":null,"StateName":null,"Zip4":null,"MAK":null,"AddressType":null,"RBDI":null,"Results":null,"NoSuffix":""},{"Number":"","Street":"dianne","Suffix":"rd","City":"","State":"","Zip":"02180","StreetName":"Dianne Rd","Address":null,"StateName":null,"Zip4":null,"MAK":null,"AddressType":null,"RBDI":null,"Results":null,"NoSuffix":""},{"Number":"","Street":"dinanno","Suffix":"rd","City":"","State":"","Zip":"02180","StreetName":"Dinanno Rd","Address":null,"StateName":null,"Zip4":null,"MAK":null,"AddressType":null,"RBDI":null,"Results":null,"NoSuffix":""},{"Number":"","Street":"doherty","Suffix":"ln","City":"","State":"","Zip":"02180","StreetName":"Doherty Ln","Address":null,"StateName":null,"Zip4":null,"MAK":null,"AddressType":null,"RBDI":null,"Results":null,"NoSuffix":""},{"Number":"","Street":"drummond","Suffix":"rd","City":"","State":"","Zip":"02180","StreetName":"Drummond Rd","Address":null,"StateName":null,"Zip4":null,"MAK":null,"AddressType":null,"RBDI":null,"Results":null,"NoSuffix":""},{"Number":"","Street":"drury","Suffix":"ln","City":"","State":"","Zip":"02180","StreetName":"Drury Ln","Address":null,"StateName":null,"Zip4":null,"MAK":null,"AddressType":null,"RBDI":null,"Results":null,"NoSuffix":""},{"Number":"","Street":"duncklee","Suffix":"ave","City":"","State":"","Zip":"02180","StreetName":"Duncklee Ave","Address":null,"StateName":null,"Zip4":null,"MAK":null,"AddressType":null,"RBDI":null,"Results":null,"NoSuffix":""},{"Number":"","Street":"east","Suffix":"st","City":"","State":"","Zip":"02180","StreetName":"East St","Address":null,"StateName":null,"Zip4":null,"MAK":null,"AddressType":null,"RBDI":null,"Results":null,"NoSuffix":""},{"Number":"","Street":"eastern","Suffix":"ave","City":"","State":"","Zip":"02180","StreetName":"Eastern Ave","Address":null,"StateName":null,"Zip4":null,"MAK":null,"AddressType":null,"RBDI":null,"Results":null,"NoSuffix":""},{"Number":"","Street":"eastview","Suffix":"ter","City":"","State":"","Zip":"02180","StreetName":"Eastview Ter","Address":null,"StateName":null,"Zip4":null,"MAK":null,"AddressType":null,"RBDI":null,"Results":null,"NoSuffix":""},{"Number":"","Street":"edwards","Suffix":"rd","City":"","State":"","Zip":"02180","StreetName":"Edwards Rd","Address":null,"StateName":null,"Zip4":null,"MAK":null,"AddressType":null,"RBDI":null,"Results":null,"NoSuffix":""},{"Number":"","Street":"elaine","Suffix":"rd","City":"","State":"","Zip":"02180","StreetName":"Elaine Rd","Address":null,"StateName":null,"Zip4":null,"MAK":null,"AddressType":null,"RBDI":null,"Results":null,"NoSuffix":""},{"Number":"","Street":"elizabeth","Suffix":"rd","City":"","State":"","Zip":"02180","StreetName":"Elizabeth Rd","Address":null,"StateName":null,"Zip4":null,"MAK":null,"AddressType":null,"RBDI":null,"Results":null,"NoSuffix":""},{"Number":"","Street":"ellen","Suffix":"rd","City":"","State":"","Zip":"02180","StreetName":"Ellen Rd","Address":null,"StateName":null,"Zip4":null,"MAK":null,"AddressType":null,"RBDI":null,"Results":null,"NoSuffix":""},{"Number":"","Street":"elm","Suffix":"st","City":"","State":"","Zip":"02180","StreetName":"Elm St","Address":null,"StateName":null,"Zip4":null,"MAK":null,"AddressType":null,"RBDI":null,"Results":null,"NoSuffix":""},{"Number":"","Street":"elmhurst","Suffix":"rd","City":"","State":"","Zip":"02180","StreetName":"Elmhurst Rd","Address":null,"StateName":null,"Zip4":null,"MAK":null,"AddressType":null,"RBDI":null,"Results":null,"NoSuffix":""},{"Number":"","Street":"elwood","Suffix":"ave","City":"","State":"","Zip":"02180","StreetName":"Elwood Ave","Address":null,"StateName":null,"Zip4":null,"MAK":null,"AddressType":null,"RBDI":null,"Results":null,"NoSuffix":""},{"Number":"","Street":"emerald","Suffix":"ct","City":"","State":"","Zip":"02180","StreetName":"Emerald Ct","Address":null,"StateName":null,"Zip4":null,"MAK":null,"AddressType":null,"RBDI":null,"Results":null,"NoSuffix":""},{"Number":"","Street":"emerson","Suffix":"st","City":"","State":"","Zip":"02180","StreetName":"Emerson St","Address":null,"StateName":null,"Zip4":null,"MAK":null,"AddressType":null,"RBDI":null,"Results":null,"NoSuffix":""},{"Number":"","Street":"emery","Suffix":"ct","City":"","State":"","Zip":"02180","StreetName":"Emery Ct","Address":null,"StateName":null,"Zip4":null,"MAK":null,"AddressType":null,"RBDI":null,"Results":null,"NoSuffix":""},{"Number":"","Street":"endicott","Suffix":"rd","City":"","State":"","Zip":"02180","StreetName":"Endicott Rd","Address":null,"StateName":null,"Zip4":null,"MAK":null,"AddressType":null,"RBDI":null,"Results":null,"NoSuffix":""},{"Number":"","Street":"erickson","Suffix":"st","City":"","State":"","Zip":"02180","StreetName":"Erickson St","Address":null,"StateName":null,"Zip4":null,"MAK":null,"AddressType":null,"RBDI":null,"Results":null,"NoSuffix":""},{"Number":"","Street":"essex","Suffix":"st","City":"","State":"","Zip":"02180","StreetName":"Essex St","Address":null,"StateName":null,"Zip4":null,"MAK":null,"AddressType":null,"RBDI":null,"Results":null,"NoSuffix":""},{"Number":"","Street":"eustis","Suffix":"st","City":"","State":"","Zip":"02180","StreetName":"Eustis St","Address":null,"StateName":null,"Zip4":null,"MAK":null,"AddressType":null,"RBDI":null,"Results":null,"NoSuffix":""},{"Number":"","Street":"evans","Suffix":"rd","City":"","State":"","Zip":"02180","StreetName":"Evans Rd","Address":null,"StateName":null,"Zip4":null,"MAK":null,"AddressType":null,"RBDI":null,"Results":null,"NoSuffix":""},{"Number":"","Street":"everett","Suffix":"st","City":"","State":"","Zip":"02180","StreetName":"Everett St","Address":null,"StateName":null,"Zip4":null,"MAK":null,"AddressType":null,"RBDI":null,"Results":null,"NoSuffix":""},{"Number":"","Street":"evergreen","Suffix":"rd","City":"","State":"","Zip":"02180","StreetName":"Evergreen Rd","Address":null,"StateName":null,"Zip4":null,"MAK":null,"AddressType":null,"RBDI":null,"Results":null,"NoSuffix":""},{"Number":"","Street":"executive","Suffix":"dr","City":"","State":"","Zip":"02180","StreetName":"Executive Dr","Address":null,"StateName":null,"Zip4":null,"MAK":null,"AddressType":null,"RBDI":null,"Results":null,"NoSuffix":""},{"Number":"","Street":"fairlane","Suffix":"rd","City":"","State":"","Zip":"02180","StreetName":"Fairlane Rd","Address":null,"StateName":null,"Zip4":null,"MAK":null,"AddressType":null,"RBDI":null,"Results":null,"NoSuffix":""},{"Number":"","Street":"fairview","Suffix":"rd","City":"","State":"","Zip":"02180","StreetName":"Fairview Rd","Address":null,"StateName":null,"Zip4":null,"MAK":null,"AddressType":null,"RBDI":null,"Results":null,"NoSuffix":""},{"Number":"","Street":"fallon","Suffix":"rd","City":"","State":"","Zip":"02180","StreetName":"Fallon Rd","Address":null,"StateName":null,"Zip4":null,"MAK":null,"AddressType":null,"RBDI":null,"Results":null,"NoSuffix":""},{"Number":"","Street":"fatima","Suffix":"rd","City":"","State":"","Zip":"02180","StreetName":"Fatima Rd","Address":null,"StateName":null,"Zip4":null,"MAK":null,"AddressType":null,"RBDI":null,"Results":null,"NoSuffix":""},{"Number":"","Street":"felicia","Suffix":"rd","City":"","State":"","Zip":"02180","StreetName":"Felicia Rd","Address":null,"StateName":null,"Zip4":null,"MAK":null,"AddressType":null,"RBDI":null,"Results":null,"NoSuffix":""},{"Number":"","Street":"fells","Suffix":"rd","City":"","State":"","Zip":"02180","StreetName":"Fells Rd","Address":null,"StateName":null,"Zip4":null,"MAK":null,"AddressType":null,"RBDI":null,"Results":null,"NoSuffix":""},{"Number":"","Street":"fellsmere","Suffix":"ave","City":"","State":"","Zip":"02180","StreetName":"Fellsmere Ave","Address":null,"StateName":null,"Zip4":null,"MAK":null,"AddressType":null,"RBDI":null,"Results":null,"NoSuffix":""},{"Number":"","Street":"fellsview","Suffix":"rd","City":"","State":"","Zip":"02180","StreetName":"Fellsview Rd","Address":null,"StateName":null,"Zip4":null,"MAK":null,"AddressType":null,"RBDI":null,"Results":null,"NoSuffix":""},{"Number":"","Street":"fellsview","Suffix":"ter","City":"","State":"","Zip":"02180","StreetName":"Fellsview Ter","Address":null,"StateName":null,"Zip4":null,"MAK":null,"AddressType":null,"RBDI":null,"Results":null,"NoSuffix":""},{"Number":"","Street":"fellsway","Suffix":"","City":"","State":"","Zip":"02180","StreetName":"Fellsway","Address":null,"StateName":null,"Zip4":null,"MAK":null,"AddressType":null,"RBDI":null,"Results":null,"NoSuffix":"t"},{"Number":"","Street":"felspa","Suffix":"rd","City":"","State":"","Zip":"02180","StreetName":"Felspa Rd","Address":null,"StateName":null,"Zip4":null,"MAK":null,"AddressType":null,"RBDI":null,"Results":null,"NoSuffix":""},{"Number":"","Street":"ferdinand","Suffix":"st","City":"","State":"","Zip":"02180","StreetName":"Ferdinand St","Address":null,"StateName":null,"Zip4":null,"MAK":null,"AddressType":null,"RBDI":null,"Results":null,"NoSuffix":""},{"Number":"","Street":"fieldstone","Suffix":"dr","City":"","State":"","Zip":"02180","StreetName":"Fieldstone Dr","Address":null,"StateName":null,"Zip4":null,"MAK":null,"AddressType":null,"RBDI":null,"Results":null,"NoSuffix":""},{"Number":"","Street":"fiske","Suffix":"ave","City":"","State":"","Zip":"02180","StreetName":"Fiske Ave","Address":null,"StateName":null,"Zip4":null,"MAK":null,"AddressType":null,"RBDI":null,"Results":null,"NoSuffix":""},{"Number":"","Street":"flint","Suffix":"ave","City":"","State":"","Zip":"02180","StreetName":"Flint Ave","Address":null,"StateName":null,"Zip4":null,"MAK":null,"AddressType":null,"RBDI":null,"Results":null,"NoSuffix":""},{"Number":"","Street":"florence","Suffix":"cir","City":"","State":"","Zip":"02180","StreetName":"Florence Cir","Address":null,"StateName":null,"Zip4":null,"MAK":null,"AddressType":null,"RBDI":null,"Results":null,"NoSuffix":""},{"Number":"","Street":"forest","Suffix":"st","City":"","State":"","Zip":"02180","StreetName":"Forest St","Address":null,"StateName":null,"Zip4":null,"MAK":null,"AddressType":null,"RBDI":null,"Results":null,"NoSuffix":""},{"Number":"","Street":"franklin","Suffix":"pl","City":"","State":"","Zip":"02180","StreetName":"Franklin Pl","Address":null,"StateName":null,"Zip4":null,"MAK":null,"AddressType":null,"RBDI":null,"Results":null,"NoSuffix":""},{"Number":"","Street":"franklin","Suffix":"st","City":"","State":"","Zip":"02180","StreetName":"Franklin St","Address":null,"StateName":null,"Zip4":null,"MAK":null,"AddressType":null,"RBDI":null,"Results":null,"NoSuffix":""},{"Number":"","Street":"fuller","Suffix":"st","City":"","State":"","Zip":"02180","StreetName":"Fuller St","Address":null,"StateName":null,"Zip4":null,"MAK":null,"AddressType":null,"RBDI":null,"Results":null,"NoSuffix":""},{"Number":"","Street":"garden","Suffix":"rd","City":"","State":"","Zip":"02180","StreetName":"Garden Rd","Address":null,"StateName":null,"Zip4":null,"MAK":null,"AddressType":null,"RBDI":null,"Results":null,"NoSuffix":""},{"Number":"","Street":"garfield","Suffix":"ave","City":"","State":"","Zip":"02180","StreetName":"Garfield Ave","Address":null,"StateName":null,"Zip4":null,"MAK":null,"AddressType":null,"RBDI":null,"Results":null,"NoSuffix":""},{"Number":"","Street":"gavin","Suffix":"cir","City":"","State":"","Zip":"02180","StreetName":"Gavin Cir","Address":null,"StateName":null,"Zip4":null,"MAK":null,"AddressType":null,"RBDI":null,"Results":null,"NoSuffix":""},{"Number":"","Street":"george","Suffix":"st","City":"","State":"","Zip":"02180","StreetName":"George St","Address":null,"StateName":null,"Zip4":null,"MAK":null,"AddressType":null,"RBDI":null,"Results":null,"NoSuffix":""},{"Number":"","Street":"gerald","Suffix":"rd","City":"","State":"","Zip":"02180","StreetName":"Gerald Rd","Address":null,"StateName":null,"Zip4":null,"MAK":null,"AddressType":null,"RBDI":null,"Results":null,"NoSuffix":""},{"Number":"","Street":"gerry","Suffix":"ct","City":"","State":"","Zip":"02180","StreetName":"Gerry Ct","Address":null,"StateName":null,"Zip4":null,"MAK":null,"AddressType":null,"RBDI":null,"Results":null,"NoSuffix":""},{"Number":"","Street":"gerry","Suffix":"st","City":"","State":"","Zip":"02180","StreetName":"Gerry St","Address":null,"StateName":null,"Zip4":null,"MAK":null,"AddressType":null,"RBDI":null,"Results":null,"NoSuffix":""},{"Number":"","Street":"gigante","Suffix":"dr","City":"","State":"","Zip":"02180","StreetName":"Gigante Dr","Address":null,"StateName":null,"Zip4":null,"MAK":null,"AddressType":null,"RBDI":null,"Results":null,"NoSuffix":""},{"Number":"","Street":"gilmore","Suffix":"st","City":"","State":"","Zip":"02180","StreetName":"Gilmore St","Address":null,"StateName":null,"Zip4":null,"MAK":null,"AddressType":null,"RBDI":null,"Results":null,"NoSuffix":""},{"Number":"","Street":"girard","Suffix":"rd","City":"","State":"","Zip":"02180","StreetName":"Girard Rd","Address":null,"StateName":null,"Zip4":null,"MAK":null,"AddressType":null,"RBDI":null,"Results":null,"NoSuffix":""},{"Number":"","Street":"glen","Suffix":"rd","City":"","State":"","Zip":"02180","StreetName":"Glen Rd","Address":null,"StateName":null,"Zip4":null,"MAK":null,"AddressType":null,"RBDI":null,"Results":null,"NoSuffix":""},{"Number":"","Street":"glendale","Suffix":"rd","City":"","State":"","Zip":"02180","StreetName":"Glendale Rd","Address":null,"StateName":null,"Zip4":null,"MAK":null,"AddressType":null,"RBDI":null,"Results":null,"NoSuffix":""},{"Number":"","Street":"gorham","Suffix":"ave","City":"","State":"","Zip":"02180","StreetName":"Gorham Ave","Address":null,"StateName":null,"Zip4":null,"MAK":null,"AddressType":null,"RBDI":null,"Results":null,"NoSuffix":""},{"Number":"","Street":"gould","Suffix":"st","City":"","State":"","Zip":"02180","StreetName":"Gould St","Address":null,"StateName":null,"Zip4":null,"MAK":null,"AddressType":null,"RBDI":null,"Results":null,"NoSuffix":""},{"Number":"","Street":"governor","Suffix":"rd","City":"","State":"","Zip":"02180","StreetName":"Governor Rd","Address":null,"StateName":null,"Zip4":null,"MAK":null,"AddressType":null,"RBDI":null,"Results":null,"NoSuffix":""},{"Number":"","Street":"gracewood","Suffix":"rd","City":"","State":"","Zip":"02180","StreetName":"Gracewood Rd","Address":null,"StateName":null,"Zip4":null,"MAK":null,"AddressType":null,"RBDI":null,"Results":null,"NoSuffix":""},{"Number":"","Street":"grandview","Suffix":"ave","City":"","State":"","Zip":"02180","StreetName":"Grandview Ave","Address":null,"StateName":null,"Zip4":null,"MAK":null,"AddressType":null,"RBDI":null,"Results":null,"NoSuffix":""},{"Number":"","Street":"grant","Suffix":"st","City":"","State":"","Zip":"02180","StreetName":"Grant St","Address":null,"StateName":null,"Zip4":null,"MAK":null,"AddressType":null,"RBDI":null,"Results":null,"NoSuffix":""},{"Number":"","Street":"graystone","Suffix":"rd","City":"","State":"","Zip":"02180","StreetName":"Graystone Rd","Address":null,"StateName":null,"Zip4":null,"MAK":null,"AddressType":null,"RBDI":null,"Results":null,"NoSuffix":""},{"Number":"","Street":"green","Suffix":"st","City":"","State":"","Zip":"02180","StreetName":"Green St","Address":null,"StateName":null,"Zip4":null,"MAK":null,"AddressType":null,"RBDI":null,"Results":null,"NoSuffix":""},{"Number":"","Street":"greenview","Suffix":"rd","City":"","State":"","Zip":"02180","StreetName":"Greenview Rd","Address":null,"StateName":null,"Zip4":null,"MAK":null,"AddressType":null,"RBDI":null,"Results":null,"NoSuffix":""},{"Number":"","Street":"greenway","Suffix":"cir","City":"","State":"","Zip":"02180","StreetName":"Greenway Cir","Address":null,"StateName":null,"Zip4":null,"MAK":null,"AddressType":null,"RBDI":null,"Results":null,"NoSuffix":""},{"Number":"","Street":"greg","Suffix":"rd","City":"","State":"","Zip":"02180","StreetName":"Greg Rd","Address":null,"StateName":null,"Zip4":null,"MAK":null,"AddressType":null,"RBDI":null,"Results":null,"NoSuffix":""},{"Number":"","Street":"hall","Suffix":"rd","City":"","State":"","Zip":"02180","StreetName":"Hall Rd","Address":null,"StateName":null,"Zip4":null,"MAK":null,"AddressType":null,"RBDI":null,"Results":null,"NoSuffix":""},{"Number":"","Street":"hamill","Suffix":"ct","City":"","State":"","Zip":"02180","StreetName":"Hamill Ct","Address":null,"StateName":null,"Zip4":null,"MAK":null,"AddressType":null,"RBDI":null,"Results":null,"NoSuffix":""},{"Number":"","Street":"hampton","Suffix":"rd","City":"","State":"","Zip":"02180","StreetName":"Hampton Rd","Address":null,"StateName":null,"Zip4":null,"MAK":null,"AddressType":null,"RBDI":null,"Results":null,"NoSuffix":""},{"Number":"","Street":"hancock","Suffix":"st","City":"","State":"","Zip":"02180","StreetName":"Hancock St","Address":null,"StateName":null,"Zip4":null,"MAK":null,"AddressType":null,"RBDI":null,"Results":null,"NoSuffix":""},{"Number":"","Street":"hanford","Suffix":"rd","City":"","State":"","Zip":"02180","StreetName":"Hanford Rd","Address":null,"StateName":null,"Zip4":null,"MAK":null,"AddressType":null,"RBDI":null,"Results":null,"NoSuffix":""},{"Number":"","Street":"harrison","Suffix":"st","City":"","State":"","Zip":"02180","StreetName":"Harrison St","Address":null,"StateName":null,"Zip4":null,"MAK":null,"AddressType":null,"RBDI":null,"Results":null,"NoSuffix":""},{"Number":"","Street":"heather","Suffix":"ln","City":"","State":"","Zip":"02180","StreetName":"Heather Ln","Address":null,"StateName":null,"Zip4":null,"MAK":null,"AddressType":null,"RBDI":null,"Results":null,"NoSuffix":""},{"Number":"","Street":"hersam","Suffix":"st","City":"","State":"","Zip":"02180","StreetName":"Hersam St","Address":null,"StateName":null,"Zip4":null,"MAK":null,"AddressType":null,"RBDI":null,"Results":null,"NoSuffix":""},{"Number":"","Street":"high","Suffix":"st","City":"","State":"","Zip":"02180","StreetName":"High St","Address":null,"StateName":null,"Zip4":null,"MAK":null,"AddressType":null,"RBDI":null,"Results":null,"NoSuffix":""},{"Number":"","Street":"high cliff","Suffix":"ter","City":"","State":"","Zip":"02180","StreetName":"High Cliff Ter","Address":null,"StateName":null,"Zip4":null,"MAK":null,"AddressType":null,"RBDI":null,"Results":null,"NoSuffix":""},{"Number":"","Street":"high rock","Suffix":"rd","City":"","State":"","Zip":"02180","StreetName":"High Rock Rd","Address":null,"StateName":null,"Zip4":null,"MAK":null,"AddressType":null,"RBDI":null,"Results":null,"NoSuffix":""},{"Number":"","Street":"highland","Suffix":"ave","City":"","State":"","Zip":"02180","StreetName":"Highland Ave","Address":null,"StateName":null,"Zip4":null,"MAK":null,"AddressType":null,"RBDI":null,"Results":null,"NoSuffix":""},{"Number":"","Street":"hill","Suffix":"ct","City":"","State":"","Zip":"02180","StreetName":"Hill Ct","Address":null,"StateName":null,"Zip4":null,"MAK":null,"AddressType":null,"RBDI":null,"Results":null,"NoSuffix":""},{"Number":"","Street":"hill","Suffix":"st","City":"","State":"","Zip":"02180","StreetName":"Hill St","Address":null,"StateName":null,"Zip4":null,"MAK":null,"AddressType":null,"RBDI":null,"Results":null,"NoSuffix":""},{"Number":"","Street":"hillside","Suffix":"ave","City":"","State":"","Zip":"02180","StreetName":"Hillside Ave","Address":null,"StateName":null,"Zip4":null,"MAK":null,"AddressType":null,"RBDI":null,"Results":null,"NoSuffix":""},{"Number":"","Street":"hillside","Suffix":"rd","City":"","State":"","Zip":"02180","StreetName":"Hillside Rd","Address":null,"StateName":null,"Zip4":null,"MAK":null,"AddressType":null,"RBDI":null,"Results":null,"NoSuffix":""},{"Number":"","Street":"hillside","Suffix":"st","City":"","State":"","Zip":"02180","StreetName":"Hillside St","Address":null,"StateName":null,"Zip4":null,"MAK":null,"AddressType":null,"RBDI":null,"Results":null,"NoSuffix":""},{"Number":"","Street":"homestead","Suffix":"ln","City":"","State":"","Zip":"02180","StreetName":"Homestead Ln","Address":null,"StateName":null,"Zip4":null,"MAK":null,"AddressType":null,"RBDI":null,"Results":null,"NoSuffix":""},{"Number":"","Street":"hotin","Suffix":"rd","City":"","State":"","Zip":"02180","StreetName":"Hotin Rd","Address":null,"StateName":null,"Zip4":null,"MAK":null,"AddressType":null,"RBDI":null,"Results":null,"NoSuffix":""},{"Number":"","Street":"irving","Suffix":"st","City":"","State":"","Zip":"02180","StreetName":"Irving St","Address":null,"StateName":null,"Zip4":null,"MAK":null,"AddressType":null,"RBDI":null,"Results":null,"NoSuffix":""},{"Number":"","Street":"isabella","Suffix":"st","City":"","State":"","Zip":"02180","StreetName":"Isabella St","Address":null,"StateName":null,"Zip4":null,"MAK":null,"AddressType":null,"RBDI":null,"Results":null,"NoSuffix":""},{"Number":"","Street":"ivy","Suffix":"rd","City":"","State":"","Zip":"02180","StreetName":"Ivy Rd","Address":null,"StateName":null,"Zip4":null,"MAK":null,"AddressType":null,"RBDI":null,"Results":null,"NoSuffix":""},{"Number":"","Street":"janice","Suffix":"ln","City":"","State":"","Zip":"02180","StreetName":"Janice Ln","Address":null,"StateName":null,"Zip4":null,"MAK":null,"AddressType":null,"RBDI":null,"Results":null,"NoSuffix":""},{"Number":"","Street":"jefts","Suffix":"ter","City":"","State":"","Zip":"02180","StreetName":"Jefts Ter","Address":null,"StateName":null,"Zip4":null,"MAK":null,"AddressType":null,"RBDI":null,"Results":null,"NoSuffix":""},{"Number":"","Street":"jennifer","Suffix":"rd","City":"","State":"","Zip":"02180","StreetName":"Jennifer Rd","Address":null,"StateName":null,"Zip4":null,"MAK":null,"AddressType":null,"RBDI":null,"Results":null,"NoSuffix":""},{"Number":"","Street":"joan","Suffix":"ave","City":"","State":"","Zip":"02180","StreetName":"Joan Ave","Address":null,"StateName":null,"Zip4":null,"MAK":null,"AddressType":null,"RBDI":null,"Results":null,"NoSuffix":""},{"Number":"","Street":"june","Suffix":"rd","City":"","State":"","Zip":"02180","StreetName":"June Rd","Address":null,"StateName":null,"Zip4":null,"MAK":null,"AddressType":null,"RBDI":null,"Results":null,"NoSuffix":""},{"Number":"","Street":"karen","Suffix":"dr","City":"","State":"","Zip":"02180","StreetName":"Karen Dr","Address":null,"StateName":null,"Zip4":null,"MAK":null,"AddressType":null,"RBDI":null,"Results":null,"NoSuffix":""},{"Number":"","Street":"katherine","Suffix":"rd","City":"","State":"","Zip":"02180","StreetName":"Katherine Rd","Address":null,"StateName":null,"Zip4":null,"MAK":null,"AddressType":null,"RBDI":null,"Results":null,"NoSuffix":""},{"Number":"","Street":"kays","Suffix":"rd","City":"","State":"","Zip":"02180","StreetName":"Kays Rd","Address":null,"StateName":null,"Zip4":null,"MAK":null,"AddressType":null,"RBDI":null,"Results":null,"NoSuffix":""},{"Number":"","Street":"keene","Suffix":"st","City":"","State":"","Zip":"02180","StreetName":"Keene St","Address":null,"StateName":null,"Zip4":null,"MAK":null,"AddressType":null,"RBDI":null,"Results":null,"NoSuffix":""},{"Number":"","Street":"keiths","Suffix":"ln","City":"","State":"","Zip":"02180","StreetName":"Keiths Ln","Address":null,"StateName":null,"Zip4":null,"MAK":null,"AddressType":null,"RBDI":null,"Results":null,"NoSuffix":""},{"Number":"","Street":"kenneth","Suffix":"ter","City":"","State":"","Zip":"02180","StreetName":"Kenneth Ter","Address":null,"StateName":null,"Zip4":null,"MAK":null,"AddressType":null,"RBDI":null,"Results":null,"NoSuffix":""},{"Number":"","Street":"kenwood","Suffix":"ave","City":"","State":"","Zip":"02180","StreetName":"Kenwood Ave","Address":null,"StateName":null,"Zip4":null,"MAK":null,"AddressType":null,"RBDI":null,"Results":null,"NoSuffix":""},{"Number":"","Street":"kevin","Suffix":"ave","City":"","State":"","Zip":"02180","StreetName":"Kevin Ave","Address":null,"StateName":null,"Zip4":null,"MAK":null,"AddressType":null,"RBDI":null,"Results":null,"NoSuffix":""},{"Number":"","Street":"kimball","Suffix":"dr","City":"","State":"","Zip":"02180","StreetName":"Kimball Dr","Address":null,"StateName":null,"Zip4":null,"MAK":null,"AddressType":null,"RBDI":null,"Results":null,"NoSuffix":""},{"Number":"","Street":"kirmes","Suffix":"rd","City":"","State":"","Zip":"02180","StreetName":"Kirmes Rd","Address":null,"StateName":null,"Zip4":null,"MAK":null,"AddressType":null,"RBDI":null,"Results":null,"NoSuffix":""},{"Number":"","Street":"lake","Suffix":"ave","City":"","State":"","Zip":"02180","StreetName":"Lake Ave","Address":null,"StateName":null,"Zip4":null,"MAK":null,"AddressType":null,"RBDI":null,"Results":null,"NoSuffix":""},{"Number":"","Street":"landers","Suffix":"rd","City":"","State":"","Zip":"02180","StreetName":"Landers Rd","Address":null,"StateName":null,"Zip4":null,"MAK":null,"AddressType":null,"RBDI":null,"Results":null,"NoSuffix":""},{"Number":"","Street":"larson","Suffix":"ln","City":"","State":"","Zip":"02180","StreetName":"Larson Ln","Address":null,"StateName":null,"Zip4":null,"MAK":null,"AddressType":null,"RBDI":null,"Results":null,"NoSuffix":""},{"Number":"","Street":"laurie","Suffix":"ln","City":"","State":"","Zip":"02180","StreetName":"Laurie Ln","Address":null,"StateName":null,"Zip4":null,"MAK":null,"AddressType":null,"RBDI":null,"Results":null,"NoSuffix":""},{"Number":"","Street":"lawndale","Suffix":"rd","City":"","State":"","Zip":"02180","StreetName":"Lawndale Rd","Address":null,"StateName":null,"Zip4":null,"MAK":null,"AddressType":null,"RBDI":null,"Results":null,"NoSuffix":""},{"Number":"","Street":"ledge","Suffix":"st","City":"","State":"","Zip":"02180","StreetName":"Ledge St","Address":null,"StateName":null,"Zip4":null,"MAK":null,"AddressType":null,"RBDI":null,"Results":null,"NoSuffix":""},{"Number":"","Street":"ledgewood","Suffix":"dr","City":"","State":"","Zip":"02180","StreetName":"Ledgewood Dr","Address":null,"StateName":null,"Zip4":null,"MAK":null,"AddressType":null,"RBDI":null,"Results":null,"NoSuffix":""},{"Number":"","Street":"lee","Suffix":"st","City":"","State":"","Zip":"02180","StreetName":"Lee St","Address":null,"StateName":null,"Zip4":null,"MAK":null,"AddressType":null,"RBDI":null,"Results":null,"NoSuffix":""},{"Number":"","Street":"leisure","Suffix":"ln","City":"","State":"","Zip":"02180","StreetName":"Leisure Ln","Address":null,"StateName":null,"Zip4":null,"MAK":null,"AddressType":null,"RBDI":null,"Results":null,"NoSuffix":""},{"Number":"","Street":"lexington","Suffix":"st","City":"","State":"","Zip":"02180","StreetName":"Lexington St","Address":null,"StateName":null,"Zip4":null,"MAK":null,"AddressType":null,"RBDI":null,"Results":null,"NoSuffix":""},{"Number":"","Street":"lincoln","Suffix":"st","City":"","State":"","Zip":"02180","StreetName":"Lincoln St","Address":null,"StateName":null,"Zip4":null,"MAK":null,"AddressType":null,"RBDI":null,"Results":null,"NoSuffix":""},{"Number":"","Street":"linden","Suffix":"st","City":"","State":"","Zip":"02180","StreetName":"Linden St","Address":null,"StateName":null,"Zip4":null,"MAK":null,"AddressType":null,"RBDI":null,"Results":null,"NoSuffix":""},{"Number":"","Street":"lindenwood","Suffix":"rd","City":"","State":"","Zip":"02180","StreetName":"Lindenwood Rd","Address":null,"StateName":null,"Zip4":null,"MAK":null,"AddressType":null,"RBDI":null,"Results":null,"NoSuffix":""},{"Number":"","Street":"longbow","Suffix":"rd","City":"","State":"","Zip":"02180","StreetName":"Longbow Rd","Address":null,"StateName":null,"Zip4":null,"MAK":null,"AddressType":null,"RBDI":null,"Results":null,"NoSuffix":""},{"Number":"","Street":"lotus","Suffix":"ave","City":"","State":"","Zip":"02180","StreetName":"Lotus Ave","Address":null,"StateName":null,"Zip4":null,"MAK":null,"AddressType":null,"RBDI":null,"Results":null,"NoSuffix":""},{"Number":"","Street":"lucy","Suffix":"st","City":"","State":"","Zip":"02180","StreetName":"Lucy St","Address":null,"StateName":null,"Zip4":null,"MAK":null,"AddressType":null,"RBDI":null,"Results":null,"NoSuffix":""},{"Number":"","Street":"lynn fells","Suffix":"pkwy","City":"","State":"","Zip":"02180","StreetName":"Lynn Fells Pkwy","Address":null,"StateName":null,"Zip4":null,"MAK":null,"AddressType":null,"RBDI":null,"Results":null,"NoSuffix":""},{"Number":"","Street":"macarthur","Suffix":"rd","City":"","State":"","Zip":"02180","StreetName":"Macarthur Rd","Address":null,"StateName":null,"Zip4":null,"MAK":null,"AddressType":null,"RBDI":null,"Results":null,"NoSuffix":""},{"Number":"","Street":"macone","Suffix":"cir","City":"","State":"","Zip":"02180","StreetName":"Macone Cir","Address":null,"StateName":null,"Zip4":null,"MAK":null,"AddressType":null,"RBDI":null,"Results":null,"NoSuffix":""},{"Number":"","Street":"magnolia","Suffix":"ter","City":"","State":"","Zip":"02180","StreetName":"Magnolia Ter","Address":null,"StateName":null,"Zip4":null,"MAK":null,"AddressType":null,"RBDI":null,"Results":null,"NoSuffix":""},{"Number":"","Street":"main","Suffix":"st","City":"","State":"","Zip":"02180","StreetName":"Main St","Address":null,"StateName":null,"Zip4":null,"MAK":null,"AddressType":null,"RBDI":null,"Results":null,"NoSuffix":""},{"Number":"","Street":"manison","Suffix":"st","City":"","State":"","Zip":"02180","StreetName":"Manison St","Address":null,"StateName":null,"Zip4":null,"MAK":null,"AddressType":null,"RBDI":null,"Results":null,"NoSuffix":""},{"Number":"","Street":"maple","Suffix":"st","City":"","State":"","Zip":"02180","StreetName":"Maple St","Address":null,"StateName":null,"Zip4":null,"MAK":null,"AddressType":null,"RBDI":null,"Results":null,"NoSuffix":""},{"Number":"","Street":"marble","Suffix":"st","City":"","State":"","Zip":"02180","StreetName":"Marble St","Address":null,"StateName":null,"Zip4":null,"MAK":null,"AddressType":null,"RBDI":null,"Results":null,"NoSuffix":""},{"Number":"","Street":"mardin","Suffix":"ln","City":"","State":"","Zip":"02180","StreetName":"Mardin Ln","Address":null,"StateName":null,"Zip4":null,"MAK":null,"AddressType":null,"RBDI":null,"Results":null,"NoSuffix":""},{"Number":"","Street":"margaret","Suffix":"rd","City":"","State":"","Zip":"02180","StreetName":"Margaret Rd","Address":null,"StateName":null,"Zip4":null,"MAK":null,"AddressType":null,"RBDI":null,"Results":null,"NoSuffix":""},{"Number":"","Street":"marie","Suffix":"ave","City":"","State":"","Zip":"02180","StreetName":"Marie Ave","Address":null,"StateName":null,"Zip4":null,"MAK":null,"AddressType":null,"RBDI":null,"Results":null,"NoSuffix":""},{"Number":"","Street":"marion","Suffix":"st","City":"","State":"","Zip":"02180","StreetName":"Marion St","Address":null,"StateName":null,"Zip4":null,"MAK":null,"AddressType":null,"RBDI":null,"Results":null,"NoSuffix":""},{"Number":"","Street":"marshall","Suffix":"rd","City":"","State":"","Zip":"02180","StreetName":"Marshall Rd","Address":null,"StateName":null,"Zip4":null,"MAK":null,"AddressType":null,"RBDI":null,"Results":null,"NoSuffix":""},{"Number":"","Street":"martin louis","Suffix":"way","City":"","State":"","Zip":"02180","StreetName":"Martin Louis Way","Address":null,"StateName":null,"Zip4":null,"MAK":null,"AddressType":null,"RBDI":null,"Results":null,"NoSuffix":""},{"Number":"","Street":"marzino","Suffix":"ln","City":"","State":"","Zip":"02180","StreetName":"Marzino Ln","Address":null,"StateName":null,"Zip4":null,"MAK":null,"AddressType":null,"RBDI":null,"Results":null,"NoSuffix":""},{"Number":"","Street":"mauriello","Suffix":"dr","City":"","State":"","Zip":"02180","StreetName":"Mauriello Dr","Address":null,"StateName":null,"Zip4":null,"MAK":null,"AddressType":null,"RBDI":null,"Results":null,"NoSuffix":""},{"Number":"","Street":"mayflower","Suffix":"dr","City":"","State":"","Zip":"02180","StreetName":"Mayflower Dr","Address":null,"StateName":null,"Zip4":null,"MAK":null,"AddressType":null,"RBDI":null,"Results":null,"NoSuffix":""},{"Number":"","Street":"meadow","Suffix":"rd","City":"","State":"","Zip":"02180","StreetName":"Meadow Rd","Address":null,"StateName":null,"Zip4":null,"MAK":null,"AddressType":null,"RBDI":null,"Results":null,"NoSuffix":""},{"Number":"","Street":"melba","Suffix":"ln","City":"","State":"","Zip":"02180","StreetName":"Melba Ln","Address":null,"StateName":null,"Zip4":null,"MAK":null,"AddressType":null,"RBDI":null,"Results":null,"NoSuffix":""},{"Number":"","Street":"merrow","Suffix":"ln","City":"","State":"","Zip":"02180","StreetName":"Merrow Ln","Address":null,"StateName":null,"Zip4":null,"MAK":null,"AddressType":null,"RBDI":null,"Results":null,"NoSuffix":""},{"Number":"","Street":"micahs pond","Suffix":"way","City":"","State":"","Zip":"02180","StreetName":"Micahs Pond Way","Address":null,"StateName":null,"Zip4":null,"MAK":null,"AddressType":null,"RBDI":null,"Results":null,"NoSuffix":""},{"Number":"","Street":"michael","Suffix":"cir","City":"","State":"","Zip":"02180","StreetName":"Michael Cir","Address":null,"StateName":null,"Zip4":null,"MAK":null,"AddressType":null,"RBDI":null,"Results":null,"NoSuffix":""},{"Number":"","Street":"middle","Suffix":"st","City":"","State":"","Zip":"02180","StreetName":"Middle St","Address":null,"StateName":null,"Zip4":null,"MAK":null,"AddressType":null,"RBDI":null,"Results":null,"NoSuffix":""},{"Number":"","Street":"middlesex","Suffix":"rd","City":"","State":"","Zip":"02180","StreetName":"Middlesex Rd","Address":null,"StateName":null,"Zip4":null,"MAK":null,"AddressType":null,"RBDI":null,"Results":null,"NoSuffix":""},{"Number":"","Street":"minot","Suffix":"st","City":"","State":"","Zip":"02180","StreetName":"Minot St","Address":null,"StateName":null,"Zip4":null,"MAK":null,"AddressType":null,"RBDI":null,"Results":null,"NoSuffix":""},{"Number":"","Street":"montvale","Suffix":"ave","City":"","State":"","Zip":"02180","StreetName":"Montvale Ave","Address":null,"StateName":null,"Zip4":null,"MAK":null,"AddressType":null,"RBDI":null,"Results":null,"NoSuffix":""},{"Number":"","Street":"morgan","Suffix":"ave","City":"","State":"","Zip":"02180","StreetName":"Morgan Ave","Address":null,"StateName":null,"Zip4":null,"MAK":null,"AddressType":null,"RBDI":null,"Results":null,"NoSuffix":""},{"Number":"","Street":"morrison","Suffix":"ave","City":"","State":"","Zip":"02180","StreetName":"Morrison Ave","Address":null,"StateName":null,"Zip4":null,"MAK":null,"AddressType":null,"RBDI":null,"Results":null,"NoSuffix":""},{"Number":"","Street":"moulton","Suffix":"ave","City":"","State":"","Zip":"02180","StreetName":"Moulton Ave","Address":null,"StateName":null,"Zip4":null,"MAK":null,"AddressType":null,"RBDI":null,"Results":null,"NoSuffix":""},{"Number":"","Street":"mount vernon","Suffix":"st","City":"","State":"","Zip":"02180","StreetName":"Mount Vernon St","Address":null,"StateName":null,"Zip4":null,"MAK":null,"AddressType":null,"RBDI":null,"Results":null,"NoSuffix":""},{"Number":"","Street":"mountainview","Suffix":"dr","City":"","State":"","Zip":"02180","StreetName":"Mountainview Dr","Address":null,"StateName":null,"Zip4":null,"MAK":null,"AddressType":null,"RBDI":null,"Results":null,"NoSuffix":""},{"Number":"","Street":"murdoch","Suffix":"rd","City":"","State":"","Zip":"02180","StreetName":"Murdoch Rd","Address":null,"StateName":null,"Zip4":null,"MAK":null,"AddressType":null,"RBDI":null,"Results":null,"NoSuffix":""},{"Number":"","Street":"myopia","Suffix":"rd","City":"","State":"","Zip":"02180","StreetName":"Myopia Rd","Address":null,"StateName":null,"Zip4":null,"MAK":null,"AddressType":null,"RBDI":null,"Results":null,"NoSuffix":""},{"Number":"","Street":"myrtle","Suffix":"st","City":"","State":"","Zip":"02180","StreetName":"Myrtle St","Address":null,"StateName":null,"Zip4":null,"MAK":null,"AddressType":null,"RBDI":null,"Results":null,"NoSuffix":""},{"Number":"","Street":"newcomb","Suffix":"rd","City":"","State":"","Zip":"02180","StreetName":"Newcomb Rd","Address":null,"StateName":null,"Zip4":null,"MAK":null,"AddressType":null,"RBDI":null,"Results":null,"NoSuffix":""},{"Number":"","Street":"nina","Suffix":"st","City":"","State":"","Zip":"02180","StreetName":"Nina St","Address":null,"StateName":null,"Zip4":null,"MAK":null,"AddressType":null,"RBDI":null,"Results":null,"NoSuffix":""},{"Number":"","Street":"nixon","Suffix":"ln","City":"","State":"","Zip":"02180","StreetName":"Nixon Ln","Address":null,"StateName":null,"Zip4":null,"MAK":null,"AddressType":null,"RBDI":null,"Results":null,"NoSuffix":""},{"Number":"","Street":"north","Suffix":"ave","City":"","State":"","Zip":"02180","StreetName":"North Ave","Address":null,"StateName":null,"Zip4":null,"MAK":null,"AddressType":null,"RBDI":null,"Results":null,"NoSuffix":""},{"Number":"","Street":"north","Suffix":"st","City":"","State":"","Zip":"02180","StreetName":"North St","Address":null,"StateName":null,"Zip4":null,"MAK":null,"AddressType":null,"RBDI":null,"Results":null,"NoSuffix":""},{"Number":"","Street":"northgate","Suffix":"rd","City":"","State":"","Zip":"02180","StreetName":"Northgate Rd","Address":null,"StateName":null,"Zip4":null,"MAK":null,"AddressType":null,"RBDI":null,"Results":null,"NoSuffix":""},{"Number":"","Street":"norval","Suffix":"ave","City":"","State":"","Zip":"02180","StreetName":"Norval Ave","Address":null,"StateName":null,"Zip4":null,"MAK":null,"AddressType":null,"RBDI":null,"Results":null,"NoSuffix":""},{"Number":"","Street":"nottingham","Suffix":"way","City":"","State":"","Zip":"02180","StreetName":"Nottingham Way","Address":null,"StateName":null,"Zip4":null,"MAK":null,"AddressType":null,"RBDI":null,"Results":null,"NoSuffix":""},{"Number":"","Street":"oak","Suffix":"st","City":"","State":"","Zip":"02180","StreetName":"Oak St","Address":null,"StateName":null,"Zip4":null,"MAK":null,"AddressType":null,"RBDI":null,"Results":null,"NoSuffix":""},{"Number":"","Street":"oak ridge","Suffix":"rd","City":"","State":"","Zip":"02180","StreetName":"Oak Ridge Rd","Address":null,"StateName":null,"Zip4":null,"MAK":null,"AddressType":null,"RBDI":null,"Results":null,"NoSuffix":""},{"Number":"","Street":"ogrady","Suffix":"cir","City":"","State":"","Zip":"02180","StreetName":"Ogrady Cir","Address":null,"StateName":null,"Zip4":null,"MAK":null,"AddressType":null,"RBDI":null,"Results":null,"NoSuffix":""},{"Number":"","Street":"orchard","Suffix":"pl","City":"","State":"","Zip":"02180","StreetName":"Orchard Pl","Address":null,"StateName":null,"Zip4":null,"MAK":null,"AddressType":null,"RBDI":null,"Results":null,"NoSuffix":""},{"Number":"","Street":"orchard","Suffix":"st","City":"","State":"","Zip":"02180","StreetName":"Orchard St","Address":null,"StateName":null,"Zip4":null,"MAK":null,"AddressType":null,"RBDI":null,"Results":null,"NoSuffix":""},{"Number":"","Street":"oriental","Suffix":"ct","City":"","State":"","Zip":"02180","StreetName":"Oriental Ct","Address":null,"StateName":null,"Zip4":null,"MAK":null,"AddressType":null,"RBDI":null,"Results":null,"NoSuffix":""},{"Number":"","Street":"orris","Suffix":"st","City":"","State":"","Zip":"02180","StreetName":"Orris St","Address":null,"StateName":null,"Zip4":null,"MAK":null,"AddressType":null,"RBDI":null,"Results":null,"NoSuffix":""},{"Number":"","Street":"overlook","Suffix":"rd","City":"","State":"","Zip":"02180","StreetName":"Overlook Rd","Address":null,"StateName":null,"Zip4":null,"MAK":null,"AddressType":null,"RBDI":null,"Results":null,"NoSuffix":""},{"Number":"","Street":"pamela","Suffix":"cir","City":"","State":"","Zip":"02180","StreetName":"Pamela Cir","Address":null,"StateName":null,"Zip4":null,"MAK":null,"AddressType":null,"RBDI":null,"Results":null,"NoSuffix":""},{"Number":"","Street":"park","Suffix":"ave","City":"","State":"","Zip":"02180","StreetName":"Park Ave","Address":null,"StateName":null,"Zip4":null,"MAK":null,"AddressType":null,"RBDI":null,"Results":null,"NoSuffix":""},{"Number":"","Street":"park","Suffix":"st","City":"","State":"","Zip":"02180","StreetName":"Park St","Address":null,"StateName":null,"Zip4":null,"MAK":null,"AddressType":null,"RBDI":null,"Results":null,"NoSuffix":""},{"Number":"","Street":"park terrace","Suffix":"dr","City":"","State":"","Zip":"02180","StreetName":"Park Terrace Dr","Address":null,"StateName":null,"Zip4":null,"MAK":null,"AddressType":null,"RBDI":null,"Results":null,"NoSuffix":""},{"Number":"","Street":"parker chase","Suffix":"rd","City":"","State":"","Zip":"02180","StreetName":"Parker Chase Rd","Address":null,"StateName":null,"Zip4":null,"MAK":null,"AddressType":null,"RBDI":null,"Results":null,"NoSuffix":""},{"Number":"","Street":"parkway","Suffix":"rd","City":"","State":"","Zip":"02180","StreetName":"Parkway Rd","Address":null,"StateName":null,"Zip4":null,"MAK":null,"AddressType":null,"RBDI":null,"Results":null,"NoSuffix":""},{"Number":"","Street":"patrick","Suffix":"cir","City":"","State":"","Zip":"02180","StreetName":"Patrick Cir","Address":null,"StateName":null,"Zip4":null,"MAK":null,"AddressType":null,"RBDI":null,"Results":null,"NoSuffix":""},{"Number":"","Street":"patriot","Suffix":"rd","City":"","State":"","Zip":"02180","StreetName":"Patriot Rd","Address":null,"StateName":null,"Zip4":null,"MAK":null,"AddressType":null,"RBDI":null,"Results":null,"NoSuffix":""},{"Number":"","Street":"paul michael","Suffix":"way","City":"","State":"","Zip":"02180","StreetName":"Paul Michael Way","Address":null,"StateName":null,"Zip4":null,"MAK":null,"AddressType":null,"RBDI":null,"Results":null,"NoSuffix":""},{"Number":"","Street":"paula","Suffix":"ave","City":"","State":"","Zip":"02180","StreetName":"Paula Ave","Address":null,"StateName":null,"Zip4":null,"MAK":null,"AddressType":null,"RBDI":null,"Results":null,"NoSuffix":""},{"Number":"","Street":"peabody","Suffix":"rd","City":"","State":"","Zip":"02180","StreetName":"Peabody Rd","Address":null,"StateName":null,"Zip4":null,"MAK":null,"AddressType":null,"RBDI":null,"Results":null,"NoSuffix":""},{"Number":"","Street":"pearl","Suffix":"st","City":"","State":"","Zip":"02180","StreetName":"Pearl St","Address":null,"StateName":null,"Zip4":null,"MAK":null,"AddressType":null,"RBDI":null,"Results":null,"NoSuffix":""},{"Number":"","Street":"pebble","Suffix":"pl","City":"","State":"","Zip":"02180","StreetName":"Pebble Pl","Address":null,"StateName":null,"Zip4":null,"MAK":null,"AddressType":null,"RBDI":null,"Results":null,"NoSuffix":""},{"Number":"","Street":"penny","Suffix":"ln","City":"","State":"","Zip":"02180","StreetName":"Penny Ln","Address":null,"StateName":null,"Zip4":null,"MAK":null,"AddressType":null,"RBDI":null,"Results":null,"NoSuffix":""},{"Number":"","Street":"pento","Suffix":"rd","City":"","State":"","Zip":"02180","StreetName":"Pento Rd","Address":null,"StateName":null,"Zip4":null,"MAK":null,"AddressType":null,"RBDI":null,"Results":null,"NoSuffix":""},{"Number":"","Street":"perkins","Suffix":"st","City":"","State":"","Zip":"02180","StreetName":"Perkins St","Address":null,"StateName":null,"Zip4":null,"MAK":null,"AddressType":null,"RBDI":null,"Results":null,"NoSuffix":""},{"Number":"","Street":"pershing","Suffix":"pl","City":"","State":"","Zip":"02180","StreetName":"Pershing Pl","Address":null,"StateName":null,"Zip4":null,"MAK":null,"AddressType":null,"RBDI":null,"Results":null,"NoSuffix":""},{"Number":"","Street":"peters","Suffix":"dr","City":"","State":"","Zip":"02180","StreetName":"Peters Dr","Address":null,"StateName":null,"Zip4":null,"MAK":null,"AddressType":null,"RBDI":null,"Results":null,"NoSuffix":""},{"Number":"","Street":"philips","Suffix":"rd","City":"","State":"","Zip":"02180","StreetName":"Philips Rd","Address":null,"StateName":null,"Zip4":null,"MAK":null,"AddressType":null,"RBDI":null,"Results":null,"NoSuffix":""},{"Number":"","Street":"pilgrim","Suffix":"rd","City":"","State":"","Zip":"02180","StreetName":"Pilgrim Rd","Address":null,"StateName":null,"Zip4":null,"MAK":null,"AddressType":null,"RBDI":null,"Results":null,"NoSuffix":""},{"Number":"","Street":"pine","Suffix":"st","City":"","State":"","Zip":"02180","StreetName":"Pine St","Address":null,"StateName":null,"Zip4":null,"MAK":null,"AddressType":null,"RBDI":null,"Results":null,"NoSuffix":""},{"Number":"","Street":"pine ridge","Suffix":"rd","City":"","State":"","Zip":"02180","StreetName":"Pine Ridge Rd","Address":null,"StateName":null,"Zip4":null,"MAK":null,"AddressType":null,"RBDI":null,"Results":null,"NoSuffix":""},{"Number":"","Street":"pinewood","Suffix":"rd","City":"","State":"","Zip":"02180","StreetName":"Pinewood Rd","Address":null,"StateName":null,"Zip4":null,"MAK":null,"AddressType":null,"RBDI":null,"Results":null,"NoSuffix":""},{"Number":"","Street":"plaza","Suffix":"ave","City":"","State":"","Zip":"02180","StreetName":"Plaza Ave","Address":null,"StateName":null,"Zip4":null,"MAK":null,"AddressType":null,"RBDI":null,"Results":null,"NoSuffix":""},{"Number":"","Street":"pleasant","Suffix":"st","City":"","State":"","Zip":"02180","StreetName":"Pleasant St","Address":null,"StateName":null,"Zip4":null,"MAK":null,"AddressType":null,"RBDI":null,"Results":null,"NoSuffix":""},{"Number":"","Street":"pleasant street","Suffix":"ter","City":"","State":"","Zip":"02180","StreetName":"Pleasant Street Ter","Address":null,"StateName":null,"Zip4":null,"MAK":null,"AddressType":null,"RBDI":null,"Results":null,"NoSuffix":""},{"Number":"","Street":"po box","Suffix":"","City":"","State":"","Zip":"02180","StreetName":"Po Box","Address":null,"StateName":null,"Zip4":null,"MAK":null,"AddressType":null,"RBDI":null,"Results":null,"NoSuffix":"t"},{"Number":"","Street":"pomeworth","Suffix":"st","City":"","State":"","Zip":"02180","StreetName":"Pomeworth St","Address":null,"StateName":null,"Zip4":null,"MAK":null,"AddressType":null,"RBDI":null,"Results":null,"NoSuffix":""},{"Number":"","Street":"pond","Suffix":"st","City":"","State":"","Zip":"02180","StreetName":"Pond St","Address":null,"StateName":null,"Zip4":null,"MAK":null,"AddressType":null,"RBDI":null,"Results":null,"NoSuffix":""},{"Number":"","Street":"poplar","Suffix":"st","City":"","State":"","Zip":"02180","StreetName":"Poplar St","Address":null,"StateName":null,"Zip4":null,"MAK":null,"AddressType":null,"RBDI":null,"Results":null,"NoSuffix":""},{"Number":"","Street":"prospect","Suffix":"st","City":"","State":"","Zip":"02180","StreetName":"Prospect St","Address":null,"StateName":null,"Zip4":null,"MAK":null,"AddressType":null,"RBDI":null,"Results":null,"NoSuffix":""},{"Number":"","Street":"rafferty","Suffix":"rd","City":"","State":"","Zip":"02180","StreetName":"Rafferty Rd","Address":null,"StateName":null,"Zip4":null,"MAK":null,"AddressType":null,"RBDI":null,"Results":null,"NoSuffix":""},{"Number":"","Street":"randolph","Suffix":"rd","City":"","State":"","Zip":"02180","StreetName":"Randolph Rd","Address":null,"StateName":null,"Zip4":null,"MAK":null,"AddressType":null,"RBDI":null,"Results":null,"NoSuffix":""},{"Number":"","Street":"ravine","Suffix":"rd","City":"","State":"","Zip":"02180","StreetName":"Ravine Rd","Address":null,"StateName":null,"Zip4":null,"MAK":null,"AddressType":null,"RBDI":null,"Results":null,"NoSuffix":""},{"Number":"","Street":"raymond","Suffix":"rd","City":"","State":"","Zip":"02180","StreetName":"Raymond Rd","Address":null,"StateName":null,"Zip4":null,"MAK":null,"AddressType":null,"RBDI":null,"Results":null,"NoSuffix":""},{"Number":"","Street":"rayner","Suffix":"cir","City":"","State":"","Zip":"02180","StreetName":"Rayner Cir","Address":null,"StateName":null,"Zip4":null,"MAK":null,"AddressType":null,"RBDI":null,"Results":null,"NoSuffix":""},{"Number":"","Street":"rebecca","Suffix":"ln","City":"","State":"","Zip":"02180","StreetName":"Rebecca Ln","Address":null,"StateName":null,"Zip4":null,"MAK":null,"AddressType":null,"RBDI":null,"Results":null,"NoSuffix":""},{"Number":"","Street":"rhuland","Suffix":"rd","City":"","State":"","Zip":"02180","StreetName":"Rhuland Rd","Address":null,"StateName":null,"Zip4":null,"MAK":null,"AddressType":null,"RBDI":null,"Results":null,"NoSuffix":""},{"Number":"","Street":"richardson","Suffix":"ln","City":"","State":"","Zip":"02180","StreetName":"Richardson Ln","Address":null,"StateName":null,"Zip4":null,"MAK":null,"AddressType":null,"RBDI":null,"Results":null,"NoSuffix":""},{"Number":"","Street":"richardson","Suffix":"rd","City":"","State":"","Zip":"02180","StreetName":"Richardson Rd","Address":null,"StateName":null,"Zip4":null,"MAK":null,"AddressType":null,"RBDI":null,"Results":null,"NoSuffix":""},{"Number":"","Street":"rita","Suffix":"cir","City":"","State":"","Zip":"02180","StreetName":"Rita Cir","Address":null,"StateName":null,"Zip4":null,"MAK":null,"AddressType":null,"RBDI":null,"Results":null,"NoSuffix":""},{"Number":"","Street":"rivers","Suffix":"ln","City":"","State":"","Zip":"02180","StreetName":"Rivers Ln","Address":null,"StateName":null,"Zip4":null,"MAK":null,"AddressType":null,"RBDI":null,"Results":null,"NoSuffix":""},{"Number":"","Street":"roberts","Suffix":"way","City":"","State":"","Zip":"02180","StreetName":"Roberts Way","Address":null,"StateName":null,"Zip4":null,"MAK":null,"AddressType":null,"RBDI":null,"Results":null,"NoSuffix":""},{"Number":"","Street":"robin hood","Suffix":"rd","City":"","State":"","Zip":"02180","StreetName":"Robin Hood Rd","Address":null,"StateName":null,"Zip4":null,"MAK":null,"AddressType":null,"RBDI":null,"Results":null,"NoSuffix":""},{"Number":"","Street":"rockville","Suffix":"park","City":"","State":"","Zip":"02180","StreetName":"Rockville Park","Address":null,"StateName":null,"Zip4":null,"MAK":null,"AddressType":null,"RBDI":null,"Results":null,"NoSuffix":""},{"Number":"","Street":"rodgers","Suffix":"rd","City":"","State":"","Zip":"02180","StreetName":"Rodgers Rd","Address":null,"StateName":null,"Zip4":null,"MAK":null,"AddressType":null,"RBDI":null,"Results":null,"NoSuffix":""},{"Number":"","Street":"rose","Suffix":"ln","City":"","State":"","Zip":"02180","StreetName":"Rose Ln","Address":null,"StateName":null,"Zip4":null,"MAK":null,"AddressType":null,"RBDI":null,"Results":null,"NoSuffix":""},{"Number":"","Street":"rowe","Suffix":"st","City":"","State":"","Zip":"02180","StreetName":"Rowe St","Address":null,"StateName":null,"Zip4":null,"MAK":null,"AddressType":null,"RBDI":null,"Results":null,"NoSuffix":""},{"Number":"","Street":"rowe hill","Suffix":"rd","City":"","State":"","Zip":"02180","StreetName":"Rowe Hill Rd","Address":null,"StateName":null,"Zip4":null,"MAK":null,"AddressType":null,"RBDI":null,"Results":null,"NoSuffix":""},{"Number":"","Street":"royal","Suffix":"st","City":"","State":"","Zip":"02180","StreetName":"Royal St","Address":null,"StateName":null,"Zip4":null,"MAK":null,"AddressType":null,"RBDI":null,"Results":null,"NoSuffix":""},{"Number":"","Street":"rustic","Suffix":"rd","City":"","State":"","Zip":"02180","StreetName":"Rustic Rd","Address":null,"StateName":null,"Zip4":null,"MAK":null,"AddressType":null,"RBDI":null,"Results":null,"NoSuffix":""},{"Number":"","Street":"ryan","Suffix":"cir","City":"","State":"","Zip":"02180","StreetName":"Ryan Cir","Address":null,"StateName":null,"Zip4":null,"MAK":null,"AddressType":null,"RBDI":null,"Results":null,"NoSuffix":""},{"Number":"","Street":"san jose","Suffix":"ter","City":"","State":"","Zip":"02180","StreetName":"San Jose Ter","Address":null,"StateName":null,"Zip4":null,"MAK":null,"AddressType":null,"RBDI":null,"Results":null,"NoSuffix":""},{"Number":"","Street":"schiappa","Suffix":"cir","City":"","State":"","Zip":"02180","StreetName":"Schiappa Cir","Address":null,"StateName":null,"Zip4":null,"MAK":null,"AddressType":null,"RBDI":null,"Results":null,"NoSuffix":""},{"Number":"","Street":"seward","Suffix":"rd","City":"","State":"","Zip":"02180","StreetName":"Seward Rd","Address":null,"StateName":null,"Zip4":null,"MAK":null,"AddressType":null,"RBDI":null,"Results":null,"NoSuffix":""},{"Number":"","Street":"sheffield","Suffix":"rd","City":"","State":"","Zip":"02180","StreetName":"Sheffield Rd","Address":null,"StateName":null,"Zip4":null,"MAK":null,"AddressType":null,"RBDI":null,"Results":null,"NoSuffix":""},{"Number":"","Street":"sheridan","Suffix":"rd","City":"","State":"","Zip":"02180","StreetName":"Sheridan Rd","Address":null,"StateName":null,"Zip4":null,"MAK":null,"AddressType":null,"RBDI":null,"Results":null,"NoSuffix":""},{"Number":"","Street":"sherman","Suffix":"rd","City":"","State":"","Zip":"02180","StreetName":"Sherman Rd","Address":null,"StateName":null,"Zip4":null,"MAK":null,"AddressType":null,"RBDI":null,"Results":null,"NoSuffix":""},{"Number":"","Street":"sherwood","Suffix":"rd","City":"","State":"","Zip":"02180","StreetName":"Sherwood Rd","Address":null,"StateName":null,"Zip4":null,"MAK":null,"AddressType":null,"RBDI":null,"Results":null,"NoSuffix":""},{"Number":"","Street":"shumway","Suffix":"cir","City":"","State":"","Zip":"02180","StreetName":"Shumway Cir","Address":null,"StateName":null,"Zip4":null,"MAK":null,"AddressType":null,"RBDI":null,"Results":null,"NoSuffix":""},{"Number":"","Street":"skyewood","Suffix":"dr","City":"","State":"","Zip":"02180","StreetName":"Skyewood Dr","Address":null,"StateName":null,"Zip4":null,"MAK":null,"AddressType":null,"RBDI":null,"Results":null,"NoSuffix":""},{"Number":"","Street":"smittys","Suffix":"way","City":"","State":"","Zip":"02180","StreetName":"Smittys Way","Address":null,"StateName":null,"Zip4":null,"MAK":null,"AddressType":null,"RBDI":null,"Results":null,"NoSuffix":""},{"Number":"","Street":"south","Suffix":"st","City":"","State":"","Zip":"02180","StreetName":"South St","Address":null,"StateName":null,"Zip4":null,"MAK":null,"AddressType":null,"RBDI":null,"Results":null,"NoSuffix":""},{"Number":"","Street":"spalding","Suffix":"rd","City":"","State":"","Zip":"02180","StreetName":"Spalding Rd","Address":null,"StateName":null,"Zip4":null,"MAK":null,"AddressType":null,"RBDI":null,"Results":null,"NoSuffix":""},{"Number":"","Street":"sparhawk","Suffix":"cir","City":"","State":"","Zip":"02180","StreetName":"Sparhawk Cir","Address":null,"StateName":null,"Zip4":null,"MAK":null,"AddressType":null,"RBDI":null,"Results":null,"NoSuffix":""},{"Number":"","Street":"spartan","Suffix":"cir","City":"","State":"","Zip":"02180","StreetName":"Spartan Cir","Address":null,"StateName":null,"Zip4":null,"MAK":null,"AddressType":null,"RBDI":null,"Results":null,"NoSuffix":""},{"Number":"","Street":"spencer","Suffix":"st","City":"","State":"","Zip":"02180","StreetName":"Spencer St","Address":null,"StateName":null,"Zip4":null,"MAK":null,"AddressType":null,"RBDI":null,"Results":null,"NoSuffix":""},{"Number":"","Street":"spring","Suffix":"ln","City":"","State":"","Zip":"02180","StreetName":"Spring Ln","Address":null,"StateName":null,"Zip4":null,"MAK":null,"AddressType":null,"RBDI":null,"Results":null,"NoSuffix":""},{"Number":"","Street":"spring","Suffix":"st","City":"","State":"","Zip":"02180","StreetName":"Spring St","Address":null,"StateName":null,"Zip4":null,"MAK":null,"AddressType":null,"RBDI":null,"Results":null,"NoSuffix":""},{"Number":"","Street":"spruce","Suffix":"st","City":"","State":"","Zip":"02180","StreetName":"Spruce St","Address":null,"StateName":null,"Zip4":null,"MAK":null,"AddressType":null,"RBDI":null,"Results":null,"NoSuffix":""},{"Number":"","Street":"standish","Suffix":"rd","City":"","State":"","Zip":"02180","StreetName":"Standish Rd","Address":null,"StateName":null,"Zip4":null,"MAK":null,"AddressType":null,"RBDI":null,"Results":null,"NoSuffix":""},{"Number":"","Street":"stanton","Suffix":"rd","City":"","State":"","Zip":"02180","StreetName":"Stanton Rd","Address":null,"StateName":null,"Zip4":null,"MAK":null,"AddressType":null,"RBDI":null,"Results":null,"NoSuffix":""},{"Number":"","Street":"steele","Suffix":"st","City":"","State":"","Zip":"02180","StreetName":"Steele St","Address":null,"StateName":null,"Zip4":null,"MAK":null,"AddressType":null,"RBDI":null,"Results":null,"NoSuffix":""},{"Number":"","Street":"stella","Suffix":"way","City":"","State":"","Zip":"02180","StreetName":"Stella Way","Address":null,"StateName":null,"Zip4":null,"MAK":null,"AddressType":null,"RBDI":null,"Results":null,"NoSuffix":""},{"Number":"","Street":"stevens","Suffix":"st","City":"","State":"","Zip":"02180","StreetName":"Stevens St","Address":null,"StateName":null,"Zip4":null,"MAK":null,"AddressType":null,"RBDI":null,"Results":null,"NoSuffix":""},{"Number":"","Street":"stockwell","Suffix":"rd","City":"","State":"","Zip":"02180","StreetName":"Stockwell Rd","Address":null,"StateName":null,"Zip4":null,"MAK":null,"AddressType":null,"RBDI":null,"Results":null,"NoSuffix":""},{"Number":"","Street":"stone","Suffix":"ave","City":"","State":"","Zip":"02180","StreetName":"Stone Ave","Address":null,"StateName":null,"Zip4":null,"MAK":null,"AddressType":null,"RBDI":null,"Results":null,"NoSuffix":""},{"Number":"","Street":"stonecroft","Suffix":"ave","City":"","State":"","Zip":"02180","StreetName":"Stonecroft Ave","Address":null,"StateName":null,"Zip4":null,"MAK":null,"AddressType":null,"RBDI":null,"Results":null,"NoSuffix":""},{"Number":"","Street":"stonehill","Suffix":"dr","City":"","State":"","Zip":"02180","StreetName":"Stonehill Dr","Address":null,"StateName":null,"Zip4":null,"MAK":null,"AddressType":null,"RBDI":null,"Results":null,"NoSuffix":""},{"Number":"","Street":"stonewood","Suffix":"ave","City":"","State":"","Zip":"02180","StreetName":"Stonewood Ave","Address":null,"StateName":null,"Zip4":null,"MAK":null,"AddressType":null,"RBDI":null,"Results":null,"NoSuffix":""},{"Number":"","Street":"sullivan","Suffix":"cir","City":"","State":"","Zip":"02180","StreetName":"Sullivan Cir","Address":null,"StateName":null,"Zip4":null,"MAK":null,"AddressType":null,"RBDI":null,"Results":null,"NoSuffix":""},{"Number":"","Street":"sullivan","Suffix":"ln","City":"","State":"","Zip":"02180","StreetName":"Sullivan Ln","Address":null,"StateName":null,"Zip4":null,"MAK":null,"AddressType":null,"RBDI":null,"Results":null,"NoSuffix":""},{"Number":"","Street":"summer","Suffix":"st","City":"","State":"","Zip":"02180","StreetName":"Summer St","Address":null,"StateName":null,"Zip4":null,"MAK":null,"AddressType":null,"RBDI":null,"Results":null,"NoSuffix":""},{"Number":"","Street":"summerhill","Suffix":"st","City":"","State":"","Zip":"02180","StreetName":"Summerhill St","Address":null,"StateName":null,"Zip4":null,"MAK":null,"AddressType":null,"RBDI":null,"Results":null,"NoSuffix":""},{"Number":"","Street":"summit","Suffix":"rd","City":"","State":"","Zip":"02180","StreetName":"Summit Rd","Address":null,"StateName":null,"Zip4":null,"MAK":null,"AddressType":null,"RBDI":null,"Results":null,"NoSuffix":""},{"Number":"","Street":"sunrise","Suffix":"ave","City":"","State":"","Zip":"02180","StreetName":"Sunrise Ave","Address":null,"StateName":null,"Zip4":null,"MAK":null,"AddressType":null,"RBDI":null,"Results":null,"NoSuffix":""},{"Number":"","Street":"sunset","Suffix":"rd","City":"","State":"","Zip":"02180","StreetName":"Sunset Rd","Address":null,"StateName":null,"Zip4":null,"MAK":null,"AddressType":null,"RBDI":null,"Results":null,"NoSuffix":""},{"Number":"","Street":"sycamore","Suffix":"rd","City":"","State":"","Zip":"02180","StreetName":"Sycamore Rd","Address":null,"StateName":null,"Zip4":null,"MAK":null,"AddressType":null,"RBDI":null,"Results":null,"NoSuffix":""},{"Number":"","Street":"tamarock","Suffix":"ter","City":"","State":"","Zip":"02180","StreetName":"Tamarock Ter","Address":null,"StateName":null,"Zip4":null,"MAK":null,"AddressType":null,"RBDI":null,"Results":null,"NoSuffix":""},{"Number":"","Street":"tedford","Suffix":"dr","City":"","State":"","Zip":"02180","StreetName":"Tedford Dr","Address":null,"StateName":null,"Zip4":null,"MAK":null,"AddressType":null,"RBDI":null,"Results":null,"NoSuffix":""},{"Number":"","Street":"theresa","Suffix":"rd","City":"","State":"","Zip":"02180","StreetName":"Theresa Rd","Address":null,"StateName":null,"Zip4":null,"MAK":null,"AddressType":null,"RBDI":null,"Results":null,"NoSuffix":""},{"Number":"","Street":"thomas","Suffix":"cir","City":"","State":"","Zip":"02180","StreetName":"Thomas Cir","Address":null,"StateName":null,"Zip4":null,"MAK":null,"AddressType":null,"RBDI":null,"Results":null,"NoSuffix":""},{"Number":"","Street":"thompson pond","Suffix":"rd","City":"","State":"","Zip":"02180","StreetName":"Thompson Pond Rd","Address":null,"StateName":null,"Zip4":null,"MAK":null,"AddressType":null,"RBDI":null,"Results":null,"NoSuffix":""},{"Number":"","Street":"toms","Suffix":"way","City":"","State":"","Zip":"02180","StreetName":"Toms Way","Address":null,"StateName":null,"Zip4":null,"MAK":null,"AddressType":null,"RBDI":null,"Results":null,"NoSuffix":""},{"Number":"","Street":"towne crest","Suffix":"dr","City":"","State":"","Zip":"02180","StreetName":"Towne Crest Dr","Address":null,"StateName":null,"Zip4":null,"MAK":null,"AddressType":null,"RBDI":null,"Results":null,"NoSuffix":""},{"Number":"","Street":"tremont","Suffix":"st","City":"","State":"","Zip":"02180","StreetName":"Tremont St","Address":null,"StateName":null,"Zip4":null,"MAK":null,"AddressType":null,"RBDI":null,"Results":null,"NoSuffix":""},{"Number":"","Street":"unicorn","Suffix":"ave","City":"","State":"","Zip":"02180","StreetName":"Unicorn Ave","Address":null,"StateName":null,"Zip4":null,"MAK":null,"AddressType":null,"RBDI":null,"Results":null,"NoSuffix":""},{"Number":"","Street":"upland","Suffix":"rd","City":"","State":"","Zip":"02180","StreetName":"Upland Rd","Address":null,"StateName":null,"Zip4":null,"MAK":null,"AddressType":null,"RBDI":null,"Results":null,"NoSuffix":""},{"Number":"","Street":"valdora","Suffix":"dr","City":"","State":"","Zip":"02180","StreetName":"Valdora Dr","Address":null,"StateName":null,"Zip4":null,"MAK":null,"AddressType":null,"RBDI":null,"Results":null,"NoSuffix":""},{"Number":"","Street":"valley","Suffix":"rd","City":"","State":"","Zip":"02180","StreetName":"Valley Rd","Address":null,"StateName":null,"Zip4":null,"MAK":null,"AddressType":null,"RBDI":null,"Results":null,"NoSuffix":""},{"Number":"","Street":"vera","Suffix":"ln","City":"","State":"","Zip":"02180","StreetName":"Vera Ln","Address":null,"StateName":null,"Zip4":null,"MAK":null,"AddressType":null,"RBDI":null,"Results":null,"NoSuffix":""},{"Number":"","Street":"vernon","Suffix":"ave","City":"","State":"","Zip":"02180","StreetName":"Vernon Ave","Address":null,"StateName":null,"Zip4":null,"MAK":null,"AddressType":null,"RBDI":null,"Results":null,"NoSuffix":""},{"Number":"","Street":"veterans","Suffix":"ln","City":"","State":"","Zip":"02180","StreetName":"Veterans Ln","Address":null,"StateName":null,"Zip4":null,"MAK":null,"AddressType":null,"RBDI":null,"Results":null,"NoSuffix":""},{"Number":"","Street":"victoria","Suffix":"ln","City":"","State":"","Zip":"02180","StreetName":"Victoria Ln","Address":null,"StateName":null,"Zip4":null,"MAK":null,"AddressType":null,"RBDI":null,"Results":null,"NoSuffix":""},{"Number":"","Street":"vinton","Suffix":"ct","City":"","State":"","Zip":"02180","StreetName":"Vinton Ct","Address":null,"StateName":null,"Zip4":null,"MAK":null,"AddressType":null,"RBDI":null,"Results":null,"NoSuffix":""},{"Number":"","Street":"virginia","Suffix":"ln","City":"","State":"","Zip":"02180","StreetName":"Virginia Ln","Address":null,"StateName":null,"Zip4":null,"MAK":null,"AddressType":null,"RBDI":null,"Results":null,"NoSuffix":""},{"Number":"","Street":"wagner","Suffix":"rd","City":"","State":"","Zip":"02180","StreetName":"Wagner Rd","Address":null,"StateName":null,"Zip4":null,"MAK":null,"AddressType":null,"RBDI":null,"Results":null,"NoSuffix":""},{"Number":"","Street":"walnut","Suffix":"st","City":"","State":"","Zip":"02180","StreetName":"Walnut St","Address":null,"StateName":null,"Zip4":null,"MAK":null,"AddressType":null,"RBDI":null,"Results":null,"NoSuffix":""},{"Number":"","Street":"walsh","Suffix":"ave","City":"","State":"","Zip":"02180","StreetName":"Walsh Ave","Address":null,"StateName":null,"Zip4":null,"MAK":null,"AddressType":null,"RBDI":null,"Results":null,"NoSuffix":""},{"Number":"","Street":"warren","Suffix":"st","City":"","State":"","Zip":"02180","StreetName":"Warren St","Address":null,"StateName":null,"Zip4":null,"MAK":null,"AddressType":null,"RBDI":null,"Results":null,"NoSuffix":""},{"Number":"","Street":"washington","Suffix":"ave","City":"","State":"","Zip":"02180","StreetName":"Washington Ave","Address":null,"StateName":null,"Zip4":null,"MAK":null,"AddressType":null,"RBDI":null,"Results":null,"NoSuffix":""},{"Number":"","Street":"washington","Suffix":"ct","City":"","State":"","Zip":"02180","StreetName":"Washington Ct","Address":null,"StateName":null,"Zip4":null,"MAK":null,"AddressType":null,"RBDI":null,"Results":null,"NoSuffix":""},{"Number":"","Street":"washington","Suffix":"st","City":"","State":"","Zip":"02180","StreetName":"Washington St","Address":null,"StateName":null,"Zip4":null,"MAK":null,"AddressType":null,"RBDI":null,"Results":null,"NoSuffix":""},{"Number":"","Street":"waterhouse","Suffix":"rd","City":"","State":"","Zip":"02180","StreetName":"Waterhouse Rd","Address":null,"StateName":null,"Zip4":null,"MAK":null,"AddressType":null,"RBDI":null,"Results":null,"NoSuffix":""},{"Number":"","Street":"waverly","Suffix":"st","City":"","State":"","Zip":"02180","StreetName":"Waverly St","Address":null,"StateName":null,"Zip4":null,"MAK":null,"AddressType":null,"RBDI":null,"Results":null,"NoSuffix":""},{"Number":"","Street":"webster","Suffix":"ct","City":"","State":"","Zip":"02180","StreetName":"Webster Ct","Address":null,"StateName":null,"Zip4":null,"MAK":null,"AddressType":null,"RBDI":null,"Results":null,"NoSuffix":""},{"Number":"","Street":"weld","Suffix":"rd","City":"","State":"","Zip":"02180","StreetName":"Weld Rd","Address":null,"StateName":null,"Zip4":null,"MAK":null,"AddressType":null,"RBDI":null,"Results":null,"NoSuffix":""},{"Number":"","Street":"wescott","Suffix":"rd","City":"","State":"","Zip":"02180","StreetName":"Wescott Rd","Address":null,"StateName":null,"Zip4":null,"MAK":null,"AddressType":null,"RBDI":null,"Results":null,"NoSuffix":""},{"Number":"","Street":"west","Suffix":"st","City":"","State":"","Zip":"02180","StreetName":"West St","Address":null,"StateName":null,"Zip4":null,"MAK":null,"AddressType":null,"RBDI":null,"Results":null,"NoSuffix":""},{"Number":"","Street":"westwood","Suffix":"rd","City":"","State":"","Zip":"02180","StreetName":"Westwood Rd","Address":null,"StateName":null,"Zip4":null,"MAK":null,"AddressType":null,"RBDI":null,"Results":null,"NoSuffix":""},{"Number":"","Street":"whip hill","Suffix":"rd","City":"","State":"","Zip":"02180","StreetName":"Whip Hill Rd","Address":null,"StateName":null,"Zip4":null,"MAK":null,"AddressType":null,"RBDI":null,"Results":null,"NoSuffix":""},{"Number":"","Street":"whipple","Suffix":"ave","City":"","State":"","Zip":"02180","StreetName":"Whipple Ave","Address":null,"StateName":null,"Zip4":null,"MAK":null,"AddressType":null,"RBDI":null,"Results":null,"NoSuffix":""},{"Number":"","Street":"whittemore","Suffix":"ln","City":"","State":"","Zip":"02180","StreetName":"Whittemore Ln","Address":null,"StateName":null,"Zip4":null,"MAK":null,"AddressType":null,"RBDI":null,"Results":null,"NoSuffix":""},{"Number":"","Street":"wilbur","Suffix":"st","City":"","State":"","Zip":"02180","StreetName":"Wilbur St","Address":null,"StateName":null,"Zip4":null,"MAK":null,"AddressType":null,"RBDI":null,"Results":null,"NoSuffix":""},{"Number":"","Street":"wildwood","Suffix":"ln","City":"","State":"","Zip":"02180","StreetName":"Wildwood Ln","Address":null,"StateName":null,"Zip4":null,"MAK":null,"AddressType":null,"RBDI":null,"Results":null,"NoSuffix":""},{"Number":"","Street":"william","Suffix":"st","City":"","State":"","Zip":"02180","StreetName":"William St","Address":null,"StateName":null,"Zip4":null,"MAK":null,"AddressType":null,"RBDI":null,"Results":null,"NoSuffix":""},{"Number":"","Street":"wilson","Suffix":"rd","City":"","State":"","Zip":"02180","StreetName":"Wilson Rd","Address":null,"StateName":null,"Zip4":null,"MAK":null,"AddressType":null,"RBDI":null,"Results":null,"NoSuffix":""},{"Number":"","Street":"windsor","Suffix":"rd","City":"","State":"","Zip":"02180","StreetName":"Windsor Rd","Address":null,"StateName":null,"Zip4":null,"MAK":null,"AddressType":null,"RBDI":null,"Results":null,"NoSuffix":""},{"Number":"","Street":"winship","Suffix":"dr","City":"","State":"","Zip":"02180","StreetName":"Winship Dr","Address":null,"StateName":null,"Zip4":null,"MAK":null,"AddressType":null,"RBDI":null,"Results":null,"NoSuffix":""},{"Number":"","Street":"winthrop","Suffix":"st","City":"","State":"","Zip":"02180","StreetName":"Winthrop St","Address":null,"StateName":null,"Zip4":null,"MAK":null,"AddressType":null,"RBDI":null,"Results":null,"NoSuffix":""},{"Number":"","Street":"wolcott","Suffix":"rd","City":"","State":"","Zip":"02180","StreetName":"Wolcott Rd","Address":null,"StateName":null,"Zip4":null,"MAK":null,"AddressType":null,"RBDI":null,"Results":null,"NoSuffix":""},{"Number":"","Street":"wolcott","Suffix":"ter","City":"","State":"","Zip":"02180","StreetName":"Wolcott Ter","Address":null,"StateName":null,"Zip4":null,"MAK":null,"AddressType":null,"RBDI":null,"Results":null,"NoSuffix":""},{"Number":"","Street":"woodbriar","Suffix":"rd","City":"","State":"","Zip":"02180","StreetName":"Woodbriar Rd","Address":null,"StateName":null,"Zip4":null,"MAK":null,"AddressType":null,"RBDI":null,"Results":null,"NoSuffix":""},{"Number":"","Street":"woodland","Suffix":"rd","City":"","State":"","Zip":"02180","StreetName":"Woodland Rd","Address":null,"StateName":null,"Zip4":null,"MAK":null,"AddressType":null,"RBDI":null,"Results":null,"NoSuffix":""},{"Number":"","Street":"wright","Suffix":"st","City":"","State":"","Zip":"02180","StreetName":"Wright St","Address":null,"StateName":null,"Zip4":null,"MAK":null,"AddressType":null,"RBDI":null,"Results":null,"NoSuffix":""},{"Number":"","Street":"wyoming","Suffix":"ave","City":"","State":"","Zip":"02180","StreetName":"Wyoming Ave","Address":null,"StateName":null,"Zip4":null,"MAK":null,"AddressType":null,"RBDI":null,"Results":null,"NoSuffix":""}]