[{"Number":"","Street":"4 acre","Suffix":"is","City":"","State":"","Zip":"01451","StreetName":"4 Acre Is","Address":null,"StateName":null,"Zip4":null,"MAK":null,"AddressType":null,"RBDI":null,"Results":null,"NoSuffix":""},{"Number":"","Street":"abbot","Suffix":"ln","City":"","State":"","Zip":"01451","StreetName":"Abbot Ln","Address":null,"StateName":null,"Zip4":null,"MAK":null,"AddressType":null,"RBDI":null,"Results":null,"NoSuffix":""},{"Number":"","Street":"ann lee","Suffix":"rd","City":"","State":"","Zip":"01451","StreetName":"Ann Lee Rd","Address":null,"StateName":null,"Zip4":null,"MAK":null,"AddressType":null,"RBDI":null,"Results":null,"NoSuffix":""},{"Number":"","Street":"armstrong","Suffix":"rd","City":"","State":"","Zip":"01451","StreetName":"Armstrong Rd","Address":null,"StateName":null,"Zip4":null,"MAK":null,"AddressType":null,"RBDI":null,"Results":null,"NoSuffix":""},{"Number":"","Street":"ayer","Suffix":"rd","City":"","State":"","Zip":"01451","StreetName":"Ayer Rd","Address":null,"StateName":null,"Zip4":null,"MAK":null,"AddressType":null,"RBDI":null,"Results":null,"NoSuffix":""},{"Number":"","Street":"babbit","Suffix":"ln","City":"","State":"","Zip":"01451","StreetName":"Babbit Ln","Address":null,"StateName":null,"Zip4":null,"MAK":null,"AddressType":null,"RBDI":null,"Results":null,"NoSuffix":""},{"Number":"","Street":"bare hill","Suffix":"rd","City":"","State":"","Zip":"01451","StreetName":"Bare Hill Rd","Address":null,"StateName":null,"Zip4":null,"MAK":null,"AddressType":null,"RBDI":null,"Results":null,"NoSuffix":""},{"Number":"","Street":"barton","Suffix":"rd","City":"","State":"","Zip":"01451","StreetName":"Barton Rd","Address":null,"StateName":null,"Zip4":null,"MAK":null,"AddressType":null,"RBDI":null,"Results":null,"NoSuffix":""},{"Number":"","Street":"blanchard","Suffix":"rd","City":"","State":"","Zip":"01451","StreetName":"Blanchard Rd","Address":null,"StateName":null,"Zip4":null,"MAK":null,"AddressType":null,"RBDI":null,"Results":null,"NoSuffix":""},{"Number":"","Street":"bolton","Suffix":"rd","City":"","State":"","Zip":"01451","StreetName":"Bolton Rd","Address":null,"StateName":null,"Zip4":null,"MAK":null,"AddressType":null,"RBDI":null,"Results":null,"NoSuffix":""},{"Number":"","Street":"bowers","Suffix":"rd","City":"","State":"","Zip":"01451","StreetName":"Bowers Rd","Address":null,"StateName":null,"Zip4":null,"MAK":null,"AddressType":null,"RBDI":null,"Results":null,"NoSuffix":""},{"Number":"","Street":"brown","Suffix":"rd","City":"","State":"","Zip":"01451","StreetName":"Brown Rd","Address":null,"StateName":null,"Zip4":null,"MAK":null,"AddressType":null,"RBDI":null,"Results":null,"NoSuffix":""},{"Number":"","Street":"cameron","Suffix":"rd","City":"","State":"","Zip":"01451","StreetName":"Cameron Rd","Address":null,"StateName":null,"Zip4":null,"MAK":null,"AddressType":null,"RBDI":null,"Results":null,"NoSuffix":""},{"Number":"","Street":"candleberry","Suffix":"ln","City":"","State":"","Zip":"01451","StreetName":"Candleberry Ln","Address":null,"StateName":null,"Zip4":null,"MAK":null,"AddressType":null,"RBDI":null,"Results":null,"NoSuffix":""},{"Number":"","Street":"cedar ledge","Suffix":"rd","City":"","State":"","Zip":"01451","StreetName":"Cedar Ledge Rd","Address":null,"StateName":null,"Zip4":null,"MAK":null,"AddressType":null,"RBDI":null,"Results":null,"NoSuffix":""},{"Number":"","Street":"cleaves hill","Suffix":"rd","City":"","State":"","Zip":"01451","StreetName":"Cleaves Hill Rd","Address":null,"StateName":null,"Zip4":null,"MAK":null,"AddressType":null,"RBDI":null,"Results":null,"NoSuffix":""},{"Number":"","Street":"cliffside","Suffix":"dr","City":"","State":"","Zip":"01451","StreetName":"Cliffside Dr","Address":null,"StateName":null,"Zip4":null,"MAK":null,"AddressType":null,"RBDI":null,"Results":null,"NoSuffix":""},{"Number":"","Street":"clinton shores","Suffix":"dr","City":"","State":"","Zip":"01451","StreetName":"Clinton Shores Dr","Address":null,"StateName":null,"Zip4":null,"MAK":null,"AddressType":null,"RBDI":null,"Results":null,"NoSuffix":""},{"Number":"","Street":"codman hill","Suffix":"rd","City":"","State":"","Zip":"01451","StreetName":"Codman Hill Rd","Address":null,"StateName":null,"Zip4":null,"MAK":null,"AddressType":null,"RBDI":null,"Results":null,"NoSuffix":""},{"Number":"","Street":"cove","Suffix":"dr","City":"","State":"","Zip":"01451","StreetName":"Cove Dr","Address":null,"StateName":null,"Zip4":null,"MAK":null,"AddressType":null,"RBDI":null,"Results":null,"NoSuffix":""},{"Number":"","Street":"craggs","Suffix":"rd","City":"","State":"","Zip":"01451","StreetName":"Craggs Rd","Address":null,"StateName":null,"Zip4":null,"MAK":null,"AddressType":null,"RBDI":null,"Results":null,"NoSuffix":""},{"Number":"","Street":"cross","Suffix":"st","City":"","State":"","Zip":"01451","StreetName":"Cross St","Address":null,"StateName":null,"Zip4":null,"MAK":null,"AddressType":null,"RBDI":null,"Results":null,"NoSuffix":""},{"Number":"","Street":"cruft","Suffix":"ln","City":"","State":"","Zip":"01451","StreetName":"Cruft Ln","Address":null,"StateName":null,"Zip4":null,"MAK":null,"AddressType":null,"RBDI":null,"Results":null,"NoSuffix":""},{"Number":"","Street":"deerfoot","Suffix":"trl","City":"","State":"","Zip":"01451","StreetName":"Deerfoot Trl","Address":null,"StateName":null,"Zip4":null,"MAK":null,"AddressType":null,"RBDI":null,"Results":null,"NoSuffix":""},{"Number":"","Street":"depot","Suffix":"rd","City":"","State":"","Zip":"01451","StreetName":"Depot Rd","Address":null,"StateName":null,"Zip4":null,"MAK":null,"AddressType":null,"RBDI":null,"Results":null,"NoSuffix":""},{"Number":"","Street":"eldridge","Suffix":"rd","City":"","State":"","Zip":"01451","StreetName":"Eldridge Rd","Address":null,"StateName":null,"Zip4":null,"MAK":null,"AddressType":null,"RBDI":null,"Results":null,"NoSuffix":""},{"Number":"","Street":"elm","Suffix":"st","City":"","State":"","Zip":"01451","StreetName":"Elm St","Address":null,"StateName":null,"Zip4":null,"MAK":null,"AddressType":null,"RBDI":null,"Results":null,"NoSuffix":""},{"Number":"","Street":"fairbanks","Suffix":"st","City":"","State":"","Zip":"01451","StreetName":"Fairbanks St","Address":null,"StateName":null,"Zip4":null,"MAK":null,"AddressType":null,"RBDI":null,"Results":null,"NoSuffix":""},{"Number":"","Street":"finn","Suffix":"rd","City":"","State":"","Zip":"01451","StreetName":"Finn Rd","Address":null,"StateName":null,"Zip4":null,"MAK":null,"AddressType":null,"RBDI":null,"Results":null,"NoSuffix":""},{"Number":"","Street":"glenview","Suffix":"dr","City":"","State":"","Zip":"01451","StreetName":"Glenview Dr","Address":null,"StateName":null,"Zip4":null,"MAK":null,"AddressType":null,"RBDI":null,"Results":null,"NoSuffix":""},{"Number":"","Street":"graniteview","Suffix":"ln","City":"","State":"","Zip":"01451","StreetName":"Graniteview Ln","Address":null,"StateName":null,"Zip4":null,"MAK":null,"AddressType":null,"RBDI":null,"Results":null,"NoSuffix":""},{"Number":"","Street":"green hill","Suffix":"rd","City":"","State":"","Zip":"01451","StreetName":"Green Hill Rd","Address":null,"StateName":null,"Zip4":null,"MAK":null,"AddressType":null,"RBDI":null,"Results":null,"NoSuffix":""},{"Number":"","Street":"harris","Suffix":"ln","City":"","State":"","Zip":"01451","StreetName":"Harris Ln","Address":null,"StateName":null,"Zip4":null,"MAK":null,"AddressType":null,"RBDI":null,"Results":null,"NoSuffix":""},{"Number":"","Street":"haskell","Suffix":"ln","City":"","State":"","Zip":"01451","StreetName":"Haskell Ln","Address":null,"StateName":null,"Zip4":null,"MAK":null,"AddressType":null,"RBDI":null,"Results":null,"NoSuffix":""},{"Number":"","Street":"highland","Suffix":"ave","City":"","State":"","Zip":"01451","StreetName":"Highland Ave","Address":null,"StateName":null,"Zip4":null,"MAK":null,"AddressType":null,"RBDI":null,"Results":null,"NoSuffix":""},{"Number":"","Street":"hillcrest","Suffix":"dr","City":"","State":"","Zip":"01451","StreetName":"Hillcrest Dr","Address":null,"StateName":null,"Zip4":null,"MAK":null,"AddressType":null,"RBDI":null,"Results":null,"NoSuffix":""},{"Number":"","Street":"houghton","Suffix":"ln","City":"","State":"","Zip":"01451","StreetName":"Houghton Ln","Address":null,"StateName":null,"Zip4":null,"MAK":null,"AddressType":null,"RBDI":null,"Results":null,"NoSuffix":""},{"Number":"","Street":"hynes","Suffix":"ln","City":"","State":"","Zip":"01451","StreetName":"Hynes Ln","Address":null,"StateName":null,"Zip4":null,"MAK":null,"AddressType":null,"RBDI":null,"Results":null,"NoSuffix":""},{"Number":"","Street":"jacob gates","Suffix":"rd","City":"","State":"","Zip":"01451","StreetName":"Jacob Gates Rd","Address":null,"StateName":null,"Zip4":null,"MAK":null,"AddressType":null,"RBDI":null,"Results":null,"NoSuffix":""},{"Number":"","Street":"lancaster county","Suffix":"rd","City":"","State":"","Zip":"01451","StreetName":"Lancaster County Rd","Address":null,"StateName":null,"Zip4":null,"MAK":null,"AddressType":null,"RBDI":null,"Results":null,"NoSuffix":""},{"Number":"","Street":"littleton","Suffix":"rd","City":"","State":"","Zip":"01451","StreetName":"Littleton Rd","Address":null,"StateName":null,"Zip4":null,"MAK":null,"AddressType":null,"RBDI":null,"Results":null,"NoSuffix":""},{"Number":"","Street":"littleton county","Suffix":"rd","City":"","State":"","Zip":"01451","StreetName":"Littleton County Rd","Address":null,"StateName":null,"Zip4":null,"MAK":null,"AddressType":null,"RBDI":null,"Results":null,"NoSuffix":""},{"Number":"","Street":"lovers","Suffix":"ln","City":"","State":"","Zip":"01451","StreetName":"Lovers Ln","Address":null,"StateName":null,"Zip4":null,"MAK":null,"AddressType":null,"RBDI":null,"Results":null,"NoSuffix":""},{"Number":"","Street":"madigan","Suffix":"ln","City":"","State":"","Zip":"01451","StreetName":"Madigan Ln","Address":null,"StateName":null,"Zip4":null,"MAK":null,"AddressType":null,"RBDI":null,"Results":null,"NoSuffix":""},{"Number":"","Street":"mass","Suffix":"ave","City":"","State":"","Zip":"01451","StreetName":"Mass Ave","Address":null,"StateName":null,"Zip4":null,"MAK":null,"AddressType":null,"RBDI":null,"Results":null,"NoSuffix":""},{"Number":"","Street":"mettacomet","Suffix":"path","City":"","State":"","Zip":"01451","StreetName":"Mettacomet Path","Address":null,"StateName":null,"Zip4":null,"MAK":null,"AddressType":null,"RBDI":null,"Results":null,"NoSuffix":""},{"Number":"","Street":"mill","Suffix":"rd","City":"","State":"","Zip":"01451","StreetName":"Mill Rd","Address":null,"StateName":null,"Zip4":null,"MAK":null,"AddressType":null,"RBDI":null,"Results":null,"NoSuffix":""},{"Number":"","Street":"murray","Suffix":"ln","City":"","State":"","Zip":"01451","StreetName":"Murray Ln","Address":null,"StateName":null,"Zip4":null,"MAK":null,"AddressType":null,"RBDI":null,"Results":null,"NoSuffix":""},{"Number":"","Street":"myrick","Suffix":"ln","City":"","State":"","Zip":"01451","StreetName":"Myrick Ln","Address":null,"StateName":null,"Zip4":null,"MAK":null,"AddressType":null,"RBDI":null,"Results":null,"NoSuffix":""},{"Number":"","Street":"oak hill","Suffix":"rd","City":"","State":"","Zip":"01451","StreetName":"Oak Hill Rd","Address":null,"StateName":null,"Zip4":null,"MAK":null,"AddressType":null,"RBDI":null,"Results":null,"NoSuffix":""},{"Number":"","Street":"ohlin","Suffix":"ln","City":"","State":"","Zip":"01451","StreetName":"Ohlin Ln","Address":null,"StateName":null,"Zip4":null,"MAK":null,"AddressType":null,"RBDI":null,"Results":null,"NoSuffix":""},{"Number":"","Street":"old boston","Suffix":"tpke","City":"","State":"","Zip":"01451","StreetName":"Old Boston Tpke","Address":null,"StateName":null,"Zip4":null,"MAK":null,"AddressType":null,"RBDI":null,"Results":null,"NoSuffix":""},{"Number":"","Street":"old littleton","Suffix":"rd","City":"","State":"","Zip":"01451","StreetName":"Old Littleton Rd","Address":null,"StateName":null,"Zip4":null,"MAK":null,"AddressType":null,"RBDI":null,"Results":null,"NoSuffix":""},{"Number":"","Street":"old meadow","Suffix":"ln","City":"","State":"","Zip":"01451","StreetName":"Old Meadow Ln","Address":null,"StateName":null,"Zip4":null,"MAK":null,"AddressType":null,"RBDI":null,"Results":null,"NoSuffix":""},{"Number":"","Street":"old mill","Suffix":"rd","City":"","State":"","Zip":"01451","StreetName":"Old Mill Rd","Address":null,"StateName":null,"Zip4":null,"MAK":null,"AddressType":null,"RBDI":null,"Results":null,"NoSuffix":""},{"Number":"","Street":"old schoolhouse","Suffix":"rd","City":"","State":"","Zip":"01451","StreetName":"Old Schoolhouse Rd","Address":null,"StateName":null,"Zip4":null,"MAK":null,"AddressType":null,"RBDI":null,"Results":null,"NoSuffix":""},{"Number":"","Street":"old shirley","Suffix":"rd","City":"","State":"","Zip":"01451","StreetName":"Old Shirley Rd","Address":null,"StateName":null,"Zip4":null,"MAK":null,"AddressType":null,"RBDI":null,"Results":null,"NoSuffix":""},{"Number":"","Street":"orchard","Suffix":"hl","City":"","State":"","Zip":"01451","StreetName":"Orchard Hl","Address":null,"StateName":null,"Zip4":null,"MAK":null,"AddressType":null,"RBDI":null,"Results":null,"NoSuffix":""},{"Number":"","Street":"park","Suffix":"ln","City":"","State":"","Zip":"01451","StreetName":"Park Ln","Address":null,"StateName":null,"Zip4":null,"MAK":null,"AddressType":null,"RBDI":null,"Results":null,"NoSuffix":""},{"Number":"","Street":"partridge hill","Suffix":"rd","City":"","State":"","Zip":"01451","StreetName":"Partridge Hill Rd","Address":null,"StateName":null,"Zip4":null,"MAK":null,"AddressType":null,"RBDI":null,"Results":null,"NoSuffix":""},{"Number":"","Street":"pattee","Suffix":"rd","City":"","State":"","Zip":"01451","StreetName":"Pattee Rd","Address":null,"StateName":null,"Zip4":null,"MAK":null,"AddressType":null,"RBDI":null,"Results":null,"NoSuffix":""},{"Number":"","Street":"peninsula","Suffix":"rd","City":"","State":"","Zip":"01451","StreetName":"Peninsula Rd","Address":null,"StateName":null,"Zip4":null,"MAK":null,"AddressType":null,"RBDI":null,"Results":null,"NoSuffix":""},{"Number":"","Street":"pineridge","Suffix":"dr","City":"","State":"","Zip":"01451","StreetName":"Pineridge Dr","Address":null,"StateName":null,"Zip4":null,"MAK":null,"AddressType":null,"RBDI":null,"Results":null,"NoSuffix":""},{"Number":"","Street":"pinnacle","Suffix":"rd","City":"","State":"","Zip":"01451","StreetName":"Pinnacle Rd","Address":null,"StateName":null,"Zip4":null,"MAK":null,"AddressType":null,"RBDI":null,"Results":null,"NoSuffix":""},{"Number":"","Street":"po box","Suffix":"","City":"","State":"","Zip":"01451","StreetName":"Po Box","Address":null,"StateName":null,"Zip4":null,"MAK":null,"AddressType":null,"RBDI":null,"Results":null,"NoSuffix":"t"},{"Number":"","Street":"pond","Suffix":"rd","City":"","State":"","Zip":"01451","StreetName":"Pond Rd","Address":null,"StateName":null,"Zip4":null,"MAK":null,"AddressType":null,"RBDI":null,"Results":null,"NoSuffix":""},{"Number":"","Street":"poor farm","Suffix":"rd","City":"","State":"","Zip":"01451","StreetName":"Poor Farm Rd","Address":null,"StateName":null,"Zip4":null,"MAK":null,"AddressType":null,"RBDI":null,"Results":null,"NoSuffix":""},{"Number":"","Street":"prospect hill","Suffix":"rd","City":"","State":"","Zip":"01451","StreetName":"Prospect Hill Rd","Address":null,"StateName":null,"Zip4":null,"MAK":null,"AddressType":null,"RBDI":null,"Results":null,"NoSuffix":""},{"Number":"","Street":"quarry","Suffix":"ln","City":"","State":"","Zip":"01451","StreetName":"Quarry Ln","Address":null,"StateName":null,"Zip4":null,"MAK":null,"AddressType":null,"RBDI":null,"Results":null,"NoSuffix":""},{"Number":"","Street":"saint johns","Suffix":"ln","City":"","State":"","Zip":"01451","StreetName":"Saint Johns Ln","Address":null,"StateName":null,"Zip4":null,"MAK":null,"AddressType":null,"RBDI":null,"Results":null,"NoSuffix":""},{"Number":"","Street":"sawyer","Suffix":"ln","City":"","State":"","Zip":"01451","StreetName":"Sawyer Ln","Address":null,"StateName":null,"Zip4":null,"MAK":null,"AddressType":null,"RBDI":null,"Results":null,"NoSuffix":""},{"Number":"","Street":"scott","Suffix":"rd","City":"","State":"","Zip":"01451","StreetName":"Scott Rd","Address":null,"StateName":null,"Zip4":null,"MAK":null,"AddressType":null,"RBDI":null,"Results":null,"NoSuffix":""},{"Number":"","Street":"shaker","Suffix":"rd","City":"","State":"","Zip":"01451","StreetName":"Shaker Rd","Address":null,"StateName":null,"Zip4":null,"MAK":null,"AddressType":null,"RBDI":null,"Results":null,"NoSuffix":""},{"Number":"","Street":"sheehan","Suffix":"rd","City":"","State":"","Zip":"01451","StreetName":"Sheehan Rd","Address":null,"StateName":null,"Zip4":null,"MAK":null,"AddressType":null,"RBDI":null,"Results":null,"NoSuffix":""},{"Number":"","Street":"sherry","Suffix":"rd","City":"","State":"","Zip":"01451","StreetName":"Sherry Rd","Address":null,"StateName":null,"Zip4":null,"MAK":null,"AddressType":null,"RBDI":null,"Results":null,"NoSuffix":""},{"Number":"","Street":"sholan","Suffix":"cir","City":"","State":"","Zip":"01451","StreetName":"Sholan Cir","Address":null,"StateName":null,"Zip4":null,"MAK":null,"AddressType":null,"RBDI":null,"Results":null,"NoSuffix":""},{"Number":"","Street":"simon atherton","Suffix":"row","City":"","State":"","Zip":"01451","StreetName":"Simon Atherton Row","Address":null,"StateName":null,"Zip4":null,"MAK":null,"AddressType":null,"RBDI":null,"Results":null,"NoSuffix":""},{"Number":"","Street":"slough","Suffix":"rd","City":"","State":"","Zip":"01451","StreetName":"Slough Rd","Address":null,"StateName":null,"Zip4":null,"MAK":null,"AddressType":null,"RBDI":null,"Results":null,"NoSuffix":""},{"Number":"","Street":"still river","Suffix":"rd","City":"","State":"","Zip":"01451","StreetName":"Still River Rd","Address":null,"StateName":null,"Zip4":null,"MAK":null,"AddressType":null,"RBDI":null,"Results":null,"NoSuffix":""},{"Number":"","Street":"still river depot","Suffix":"rd","City":"","State":"","Zip":"01451","StreetName":"Still River Depot Rd","Address":null,"StateName":null,"Zip4":null,"MAK":null,"AddressType":null,"RBDI":null,"Results":null,"NoSuffix":""},{"Number":"","Street":"stonecutters","Suffix":"path","City":"","State":"","Zip":"01451","StreetName":"Stonecutters Path","Address":null,"StateName":null,"Zip4":null,"MAK":null,"AddressType":null,"RBDI":null,"Results":null,"NoSuffix":""},{"Number":"","Street":"stow","Suffix":"rd","City":"","State":"","Zip":"01451","StreetName":"Stow Rd","Address":null,"StateName":null,"Zip4":null,"MAK":null,"AddressType":null,"RBDI":null,"Results":null,"NoSuffix":""},{"Number":"","Street":"tahanto","Suffix":"trl","City":"","State":"","Zip":"01451","StreetName":"Tahanto Trl","Address":null,"StateName":null,"Zip4":null,"MAK":null,"AddressType":null,"RBDI":null,"Results":null,"NoSuffix":""},{"Number":"","Street":"trail ridge","Suffix":"way","City":"","State":"","Zip":"01451","StreetName":"Trail Ridge Way","Address":null,"StateName":null,"Zip4":null,"MAK":null,"AddressType":null,"RBDI":null,"Results":null,"NoSuffix":""},{"Number":"","Street":"turners","Suffix":"ln","City":"","State":"","Zip":"01451","StreetName":"Turners Ln","Address":null,"StateName":null,"Zip4":null,"MAK":null,"AddressType":null,"RBDI":null,"Results":null,"NoSuffix":""},{"Number":"","Street":"under pin hill","Suffix":"rd","City":"","State":"","Zip":"01451","StreetName":"Under Pin Hill Rd","Address":null,"StateName":null,"Zip4":null,"MAK":null,"AddressType":null,"RBDI":null,"Results":null,"NoSuffix":""},{"Number":"","Street":"warren","Suffix":"ave","City":"","State":"","Zip":"01451","StreetName":"Warren Ave","Address":null,"StateName":null,"Zip4":null,"MAK":null,"AddressType":null,"RBDI":null,"Results":null,"NoSuffix":""},{"Number":"","Street":"westcott","Suffix":"rd","City":"","State":"","Zip":"01451","StreetName":"Westcott Rd","Address":null,"StateName":null,"Zip4":null,"MAK":null,"AddressType":null,"RBDI":null,"Results":null,"NoSuffix":""},{"Number":"","Street":"white","Suffix":"ln","City":"","State":"","Zip":"01451","StreetName":"White Ln","Address":null,"StateName":null,"Zip4":null,"MAK":null,"AddressType":null,"RBDI":null,"Results":null,"NoSuffix":""},{"Number":"","Street":"whitman","Suffix":"rd","City":"","State":"","Zip":"01451","StreetName":"Whitman Rd","Address":null,"StateName":null,"Zip4":null,"MAK":null,"AddressType":null,"RBDI":null,"Results":null,"NoSuffix":""},{"Number":"","Street":"whitney","Suffix":"rd","City":"","State":"","Zip":"01451","StreetName":"Whitney Rd","Address":null,"StateName":null,"Zip4":null,"MAK":null,"AddressType":null,"RBDI":null,"Results":null,"NoSuffix":""},{"Number":"","Street":"whitney farm","Suffix":"ln","City":"","State":"","Zip":"01451","StreetName":"Whitney Farm Ln","Address":null,"StateName":null,"Zip4":null,"MAK":null,"AddressType":null,"RBDI":null,"Results":null,"NoSuffix":""},{"Number":"","Street":"willard","Suffix":"ln","City":"","State":"","Zip":"01451","StreetName":"Willard Ln","Address":null,"StateName":null,"Zip4":null,"MAK":null,"AddressType":null,"RBDI":null,"Results":null,"NoSuffix":""},{"Number":"","Street":"willow","Suffix":"rd","City":"","State":"","Zip":"01451","StreetName":"Willow Rd","Address":null,"StateName":null,"Zip4":null,"MAK":null,"AddressType":null,"RBDI":null,"Results":null,"NoSuffix":""},{"Number":"","Street":"wilroy","Suffix":"ave","City":"","State":"","Zip":"01451","StreetName":"Wilroy Ave","Address":null,"StateName":null,"Zip4":null,"MAK":null,"AddressType":null,"RBDI":null,"Results":null,"NoSuffix":""},{"Number":"","Street":"withington","Suffix":"ln","City":"","State":"","Zip":"01451","StreetName":"Withington Ln","Address":null,"StateName":null,"Zip4":null,"MAK":null,"AddressType":null,"RBDI":null,"Results":null,"NoSuffix":""},{"Number":"","Street":"woodchuck hill","Suffix":"rd","City":"","State":"","Zip":"01451","StreetName":"Woodchuck Hill Rd","Address":null,"StateName":null,"Zip4":null,"MAK":null,"AddressType":null,"RBDI":null,"Results":null,"NoSuffix":""},{"Number":"","Street":"woodside","Suffix":"rd","City":"","State":"","Zip":"01451","StreetName":"Woodside Rd","Address":null,"StateName":null,"Zip4":null,"MAK":null,"AddressType":null,"RBDI":null,"Results":null,"NoSuffix":""}]