[{"Number":"","Street":"alwin","Suffix":"pl","City":"","State":"","Zip":"01128","StreetName":"Alwin Pl","Address":null,"StateName":null,"Zip4":null,"MAK":null,"AddressType":null,"RBDI":null,"Results":null,"NoSuffix":""},{"Number":"","Street":"aspen","Suffix":"rd","City":"","State":"","Zip":"01128","StreetName":"Aspen Rd","Address":null,"StateName":null,"Zip4":null,"MAK":null,"AddressType":null,"RBDI":null,"Results":null,"NoSuffix":""},{"Number":"","Street":"bamforth","Suffix":"rd","City":"","State":"","Zip":"01128","StreetName":"Bamforth Rd","Address":null,"StateName":null,"Zip4":null,"MAK":null,"AddressType":null,"RBDI":null,"Results":null,"NoSuffix":""},{"Number":"","Street":"bartels","Suffix":"st","City":"","State":"","Zip":"01128","StreetName":"Bartels St","Address":null,"StateName":null,"Zip4":null,"MAK":null,"AddressType":null,"RBDI":null,"Results":null,"NoSuffix":""},{"Number":"","Street":"berard","Suffix":"cir","City":"","State":"","Zip":"01128","StreetName":"Berard Cir","Address":null,"StateName":null,"Zip4":null,"MAK":null,"AddressType":null,"RBDI":null,"Results":null,"NoSuffix":""},{"Number":"","Street":"blueberry hill","Suffix":"st","City":"","State":"","Zip":"01128","StreetName":"Blueberry Hill St","Address":null,"StateName":null,"Zip4":null,"MAK":null,"AddressType":null,"RBDI":null,"Results":null,"NoSuffix":""},{"Number":"","Street":"briarcliff","Suffix":"st","City":"","State":"","Zip":"01128","StreetName":"Briarcliff St","Address":null,"StateName":null,"Zip4":null,"MAK":null,"AddressType":null,"RBDI":null,"Results":null,"NoSuffix":""},{"Number":"","Street":"butternut","Suffix":"cir","City":"","State":"","Zip":"01128","StreetName":"Butternut Cir","Address":null,"StateName":null,"Zip4":null,"MAK":null,"AddressType":null,"RBDI":null,"Results":null,"NoSuffix":""},{"Number":"","Street":"butternut","Suffix":"st","City":"","State":"","Zip":"01128","StreetName":"Butternut St","Address":null,"StateName":null,"Zip4":null,"MAK":null,"AddressType":null,"RBDI":null,"Results":null,"NoSuffix":""},{"Number":"","Street":"carol ann","Suffix":"st","City":"","State":"","Zip":"01128","StreetName":"Carol Ann St","Address":null,"StateName":null,"Zip4":null,"MAK":null,"AddressType":null,"RBDI":null,"Results":null,"NoSuffix":""},{"Number":"","Street":"catalina","Suffix":"dr","City":"","State":"","Zip":"01128","StreetName":"Catalina Dr","Address":null,"StateName":null,"Zip4":null,"MAK":null,"AddressType":null,"RBDI":null,"Results":null,"NoSuffix":""},{"Number":"","Street":"celia","Suffix":"st","City":"","State":"","Zip":"01128","StreetName":"Celia St","Address":null,"StateName":null,"Zip4":null,"MAK":null,"AddressType":null,"RBDI":null,"Results":null,"NoSuffix":""},{"Number":"","Street":"cooley","Suffix":"st","City":"","State":"","Zip":"01128","StreetName":"Cooley St","Address":null,"StateName":null,"Zip4":null,"MAK":null,"AddressType":null,"RBDI":null,"Results":null,"NoSuffix":""},{"Number":"","Street":"corey","Suffix":"rd","City":"","State":"","Zip":"01128","StreetName":"Corey Rd","Address":null,"StateName":null,"Zip4":null,"MAK":null,"AddressType":null,"RBDI":null,"Results":null,"NoSuffix":""},{"Number":"","Street":"cottonwood","Suffix":"ln","City":"","State":"","Zip":"01128","StreetName":"Cottonwood Ln","Address":null,"StateName":null,"Zip4":null,"MAK":null,"AddressType":null,"RBDI":null,"Results":null,"NoSuffix":""},{"Number":"","Street":"covel","Suffix":"st","City":"","State":"","Zip":"01128","StreetName":"Covel St","Address":null,"StateName":null,"Zip4":null,"MAK":null,"AddressType":null,"RBDI":null,"Results":null,"NoSuffix":""},{"Number":"","Street":"driftwood","Suffix":"rd","City":"","State":"","Zip":"01128","StreetName":"Driftwood Rd","Address":null,"StateName":null,"Zip4":null,"MAK":null,"AddressType":null,"RBDI":null,"Results":null,"NoSuffix":""},{"Number":"","Street":"ellendale","Suffix":"cir","City":"","State":"","Zip":"01128","StreetName":"Ellendale Cir","Address":null,"StateName":null,"Zip4":null,"MAK":null,"AddressType":null,"RBDI":null,"Results":null,"NoSuffix":""},{"Number":"","Street":"emeline","Suffix":"ct","City":"","State":"","Zip":"01128","StreetName":"Emeline Ct","Address":null,"StateName":null,"Zip4":null,"MAK":null,"AddressType":null,"RBDI":null,"Results":null,"NoSuffix":""},{"Number":"","Street":"fair oak","Suffix":"rd","City":"","State":"","Zip":"01128","StreetName":"Fair Oak Rd","Address":null,"StateName":null,"Zip4":null,"MAK":null,"AddressType":null,"RBDI":null,"Results":null,"NoSuffix":""},{"Number":"","Street":"forest hills","Suffix":"rd","City":"","State":"","Zip":"01128","StreetName":"Forest Hills Rd","Address":null,"StateName":null,"Zip4":null,"MAK":null,"AddressType":null,"RBDI":null,"Results":null,"NoSuffix":""},{"Number":"","Street":"gralia","Suffix":"dr","City":"","State":"","Zip":"01128","StreetName":"Gralia Dr","Address":null,"StateName":null,"Zip4":null,"MAK":null,"AddressType":null,"RBDI":null,"Results":null,"NoSuffix":""},{"Number":"","Street":"grand valley","Suffix":"rd","City":"","State":"","Zip":"01128","StreetName":"Grand Valley Rd","Address":null,"StateName":null,"Zip4":null,"MAK":null,"AddressType":null,"RBDI":null,"Results":null,"NoSuffix":""},{"Number":"","Street":"hanson","Suffix":"dr","City":"","State":"","Zip":"01128","StreetName":"Hanson Dr","Address":null,"StateName":null,"Zip4":null,"MAK":null,"AddressType":null,"RBDI":null,"Results":null,"NoSuffix":""},{"Number":"","Street":"helberg","Suffix":"rd","City":"","State":"","Zip":"01128","StreetName":"Helberg Rd","Address":null,"StateName":null,"Zip4":null,"MAK":null,"AddressType":null,"RBDI":null,"Results":null,"NoSuffix":""},{"Number":"","Street":"hilltop","Suffix":"st","City":"","State":"","Zip":"01128","StreetName":"Hilltop St","Address":null,"StateName":null,"Zip4":null,"MAK":null,"AddressType":null,"RBDI":null,"Results":null,"NoSuffix":""},{"Number":"","Street":"katie","Suffix":"way","City":"","State":"","Zip":"01128","StreetName":"Katie Way","Address":null,"StateName":null,"Zip4":null,"MAK":null,"AddressType":null,"RBDI":null,"Results":null,"NoSuffix":""},{"Number":"","Street":"lindsay","Suffix":"rd","City":"","State":"","Zip":"01128","StreetName":"Lindsay Rd","Address":null,"StateName":null,"Zip4":null,"MAK":null,"AddressType":null,"RBDI":null,"Results":null,"NoSuffix":""},{"Number":"","Street":"malibu","Suffix":"dr","City":"","State":"","Zip":"01128","StreetName":"Malibu Dr","Address":null,"StateName":null,"Zip4":null,"MAK":null,"AddressType":null,"RBDI":null,"Results":null,"NoSuffix":""},{"Number":"","Street":"mall","Suffix":"st","City":"","State":"","Zip":"01128","StreetName":"Mall St","Address":null,"StateName":null,"Zip4":null,"MAK":null,"AddressType":null,"RBDI":null,"Results":null,"NoSuffix":""},{"Number":"","Street":"matthew","Suffix":"st","City":"","State":"","Zip":"01128","StreetName":"Matthew St","Address":null,"StateName":null,"Zip4":null,"MAK":null,"AddressType":null,"RBDI":null,"Results":null,"NoSuffix":""},{"Number":"","Street":"meadowbrook","Suffix":"rd","City":"","State":"","Zip":"01128","StreetName":"Meadowbrook Rd","Address":null,"StateName":null,"Zip4":null,"MAK":null,"AddressType":null,"RBDI":null,"Results":null,"NoSuffix":""},{"Number":"","Street":"millbrook","Suffix":"rd","City":"","State":"","Zip":"01128","StreetName":"Millbrook Rd","Address":null,"StateName":null,"Zip4":null,"MAK":null,"AddressType":null,"RBDI":null,"Results":null,"NoSuffix":""},{"Number":"","Street":"oak hollow","Suffix":"rd","City":"","State":"","Zip":"01128","StreetName":"Oak Hollow Rd","Address":null,"StateName":null,"Zip4":null,"MAK":null,"AddressType":null,"RBDI":null,"Results":null,"NoSuffix":""},{"Number":"","Street":"onondaga","Suffix":"st","City":"","State":"","Zip":"01128","StreetName":"Onondaga St","Address":null,"StateName":null,"Zip4":null,"MAK":null,"AddressType":null,"RBDI":null,"Results":null,"NoSuffix":""},{"Number":"","Street":"palo alto","Suffix":"rd","City":"","State":"","Zip":"01128","StreetName":"Palo Alto Rd","Address":null,"StateName":null,"Zip4":null,"MAK":null,"AddressType":null,"RBDI":null,"Results":null,"NoSuffix":""},{"Number":"","Street":"parker","Suffix":"st","City":"","State":"","Zip":"01128","StreetName":"Parker St","Address":null,"StateName":null,"Zip4":null,"MAK":null,"AddressType":null,"RBDI":null,"Results":null,"NoSuffix":""},{"Number":"","Street":"paulk","Suffix":"ter","City":"","State":"","Zip":"01128","StreetName":"Paulk Ter","Address":null,"StateName":null,"Zip4":null,"MAK":null,"AddressType":null,"RBDI":null,"Results":null,"NoSuffix":""},{"Number":"","Street":"porter","Suffix":"rd","City":"","State":"","Zip":"01128","StreetName":"Porter Rd","Address":null,"StateName":null,"Zip4":null,"MAK":null,"AddressType":null,"RBDI":null,"Results":null,"NoSuffix":""},{"Number":"","Street":"rochford","Suffix":"cir","City":"","State":"","Zip":"01128","StreetName":"Rochford Cir","Address":null,"StateName":null,"Zip4":null,"MAK":null,"AddressType":null,"RBDI":null,"Results":null,"NoSuffix":""},{"Number":"","Street":"rosedale","Suffix":"ave","City":"","State":"","Zip":"01128","StreetName":"Rosedale Ave","Address":null,"StateName":null,"Zip4":null,"MAK":null,"AddressType":null,"RBDI":null,"Results":null,"NoSuffix":""},{"Number":"","Street":"ruthven","Suffix":"st","City":"","State":"","Zip":"01128","StreetName":"Ruthven St","Address":null,"StateName":null,"Zip4":null,"MAK":null,"AddressType":null,"RBDI":null,"Results":null,"NoSuffix":""},{"Number":"","Street":"sierra vista","Suffix":"rd","City":"","State":"","Zip":"01128","StreetName":"Sierra Vista Rd","Address":null,"StateName":null,"Zip4":null,"MAK":null,"AddressType":null,"RBDI":null,"Results":null,"NoSuffix":""},{"Number":"","Street":"skyridge","Suffix":"dr","City":"","State":"","Zip":"01128","StreetName":"Skyridge Dr","Address":null,"StateName":null,"Zip4":null,"MAK":null,"AddressType":null,"RBDI":null,"Results":null,"NoSuffix":""},{"Number":"","Street":"skyridge","Suffix":"ln","City":"","State":"","Zip":"01128","StreetName":"Skyridge Ln","Address":null,"StateName":null,"Zip4":null,"MAK":null,"AddressType":null,"RBDI":null,"Results":null,"NoSuffix":""},{"Number":"","Street":"slumber","Suffix":"ln","City":"","State":"","Zip":"01128","StreetName":"Slumber Ln","Address":null,"StateName":null,"Zip4":null,"MAK":null,"AddressType":null,"RBDI":null,"Results":null,"NoSuffix":""},{"Number":"","Street":"teakwood","Suffix":"rd","City":"","State":"","Zip":"01128","StreetName":"Teakwood Rd","Address":null,"StateName":null,"Zip4":null,"MAK":null,"AddressType":null,"RBDI":null,"Results":null,"NoSuffix":""},{"Number":"","Street":"telbar","Suffix":"st","City":"","State":"","Zip":"01128","StreetName":"Telbar St","Address":null,"StateName":null,"Zip4":null,"MAK":null,"AddressType":null,"RBDI":null,"Results":null,"NoSuffix":""},{"Number":"","Street":"tioga","Suffix":"st","City":"","State":"","Zip":"01128","StreetName":"Tioga St","Address":null,"StateName":null,"Zip4":null,"MAK":null,"AddressType":null,"RBDI":null,"Results":null,"NoSuffix":""},{"Number":"","Street":"victoria marie","Suffix":"ln","City":"","State":"","Zip":"01128","StreetName":"Victoria Marie Ln","Address":null,"StateName":null,"Zip4":null,"MAK":null,"AddressType":null,"RBDI":null,"Results":null,"NoSuffix":""},{"Number":"","Street":"white oak","Suffix":"rd","City":"","State":"","Zip":"01128","StreetName":"White Oak Rd","Address":null,"StateName":null,"Zip4":null,"MAK":null,"AddressType":null,"RBDI":null,"Results":null,"NoSuffix":""},{"Number":"","Street":"zephyr","Suffix":"ln","City":"","State":"","Zip":"01128","StreetName":"Zephyr Ln","Address":null,"StateName":null,"Zip4":null,"MAK":null,"AddressType":null,"RBDI":null,"Results":null,"NoSuffix":""}]