[{"Number":"","Street":"3rd","Suffix":"ave","City":"","State":"","Zip":"02743","StreetName":"3Rd Ave","Address":null,"StateName":null,"Zip4":null,"MAK":null,"AddressType":null,"RBDI":null,"Results":null,"NoSuffix":""},{"Number":"","Street":"alden","Suffix":"rd","City":"","State":"","Zip":"02743","StreetName":"Alden Rd","Address":null,"StateName":null,"Zip4":null,"MAK":null,"AddressType":null,"RBDI":null,"Results":null,"NoSuffix":""},{"Number":"","Street":"allen","Suffix":"st","City":"","State":"","Zip":"02743","StreetName":"Allen St","Address":null,"StateName":null,"Zip4":null,"MAK":null,"AddressType":null,"RBDI":null,"Results":null,"NoSuffix":""},{"Number":"","Street":"amanda","Suffix":"ln","City":"","State":"","Zip":"02743","StreetName":"Amanda Ln","Address":null,"StateName":null,"Zip4":null,"MAK":null,"AddressType":null,"RBDI":null,"Results":null,"NoSuffix":""},{"Number":"","Street":"andys","Suffix":"ct","City":"","State":"","Zip":"02743","StreetName":"Andys Ct","Address":null,"StateName":null,"Zip4":null,"MAK":null,"AddressType":null,"RBDI":null,"Results":null,"NoSuffix":""},{"Number":"","Street":"angora","Suffix":"ave","City":"","State":"","Zip":"02743","StreetName":"Angora Ave","Address":null,"StateName":null,"Zip4":null,"MAK":null,"AddressType":null,"RBDI":null,"Results":null,"NoSuffix":""},{"Number":"","Street":"ansel white","Suffix":"dr","City":"","State":"","Zip":"02743","StreetName":"Ansel White Dr","Address":null,"StateName":null,"Zip4":null,"MAK":null,"AddressType":null,"RBDI":null,"Results":null,"NoSuffix":""},{"Number":"","Street":"anthony","Suffix":"dr","City":"","State":"","Zip":"02743","StreetName":"Anthony Dr","Address":null,"StateName":null,"Zip4":null,"MAK":null,"AddressType":null,"RBDI":null,"Results":null,"NoSuffix":""},{"Number":"","Street":"anthony","Suffix":"st","City":"","State":"","Zip":"02743","StreetName":"Anthony St","Address":null,"StateName":null,"Zip4":null,"MAK":null,"AddressType":null,"RBDI":null,"Results":null,"NoSuffix":""},{"Number":"","Street":"apple blossom","Suffix":"ln","City":"","State":"","Zip":"02743","StreetName":"Apple Blossom Ln","Address":null,"StateName":null,"Zip4":null,"MAK":null,"AddressType":null,"RBDI":null,"Results":null,"NoSuffix":""},{"Number":"","Street":"archers","Suffix":"way","City":"","State":"","Zip":"02743","StreetName":"Archers Way","Address":null,"StateName":null,"Zip4":null,"MAK":null,"AddressType":null,"RBDI":null,"Results":null,"NoSuffix":""},{"Number":"","Street":"arrow","Suffix":"ln","City":"","State":"","Zip":"02743","StreetName":"Arrow Ln","Address":null,"StateName":null,"Zip4":null,"MAK":null,"AddressType":null,"RBDI":null,"Results":null,"NoSuffix":""},{"Number":"","Street":"ashley","Suffix":"ln","City":"","State":"","Zip":"02743","StreetName":"Ashley Ln","Address":null,"StateName":null,"Zip4":null,"MAK":null,"AddressType":null,"RBDI":null,"Results":null,"NoSuffix":""},{"Number":"","Street":"athol","Suffix":"st","City":"","State":"","Zip":"02743","StreetName":"Athol St","Address":null,"StateName":null,"Zip4":null,"MAK":null,"AddressType":null,"RBDI":null,"Results":null,"NoSuffix":""},{"Number":"","Street":"austin","Suffix":"ln","City":"","State":"","Zip":"02743","StreetName":"Austin Ln","Address":null,"StateName":null,"Zip4":null,"MAK":null,"AddressType":null,"RBDI":null,"Results":null,"NoSuffix":""},{"Number":"","Street":"balsam brook","Suffix":"ln","City":"","State":"","Zip":"02743","StreetName":"Balsam Brook Ln","Address":null,"StateName":null,"Zip4":null,"MAK":null,"AddressType":null,"RBDI":null,"Results":null,"NoSuffix":""},{"Number":"","Street":"bardsley","Suffix":"st","City":"","State":"","Zip":"02743","StreetName":"Bardsley St","Address":null,"StateName":null,"Zip4":null,"MAK":null,"AddressType":null,"RBDI":null,"Results":null,"NoSuffix":""},{"Number":"","Street":"barksdale","Suffix":"ln","City":"","State":"","Zip":"02743","StreetName":"Barksdale Ln","Address":null,"StateName":null,"Zip4":null,"MAK":null,"AddressType":null,"RBDI":null,"Results":null,"NoSuffix":""},{"Number":"","Street":"bartlett","Suffix":"st","City":"","State":"","Zip":"02743","StreetName":"Bartlett St","Address":null,"StateName":null,"Zip4":null,"MAK":null,"AddressType":null,"RBDI":null,"Results":null,"NoSuffix":""},{"Number":"","Street":"beaver dam","Suffix":"rd","City":"","State":"","Zip":"02743","StreetName":"Beaver Dam Rd","Address":null,"StateName":null,"Zip4":null,"MAK":null,"AddressType":null,"RBDI":null,"Results":null,"NoSuffix":""},{"Number":"","Street":"beech","Suffix":"st","City":"","State":"","Zip":"02743","StreetName":"Beech St","Address":null,"StateName":null,"Zip4":null,"MAK":null,"AddressType":null,"RBDI":null,"Results":null,"NoSuffix":""},{"Number":"","Street":"beechwood","Suffix":"dr","City":"","State":"","Zip":"02743","StreetName":"Beechwood Dr","Address":null,"StateName":null,"Zip4":null,"MAK":null,"AddressType":null,"RBDI":null,"Results":null,"NoSuffix":""},{"Number":"","Street":"belanger","Suffix":"st","City":"","State":"","Zip":"02743","StreetName":"Belanger St","Address":null,"StateName":null,"Zip4":null,"MAK":null,"AddressType":null,"RBDI":null,"Results":null,"NoSuffix":""},{"Number":"","Street":"bernard","Suffix":"st","City":"","State":"","Zip":"02743","StreetName":"Bernard St","Address":null,"StateName":null,"Zip4":null,"MAK":null,"AddressType":null,"RBDI":null,"Results":null,"NoSuffix":""},{"Number":"","Street":"bertrand","Suffix":"way","City":"","State":"","Zip":"02743","StreetName":"Bertrand Way","Address":null,"StateName":null,"Zip4":null,"MAK":null,"AddressType":null,"RBDI":null,"Results":null,"NoSuffix":""},{"Number":"","Street":"bessey","Suffix":"st","City":"","State":"","Zip":"02743","StreetName":"Bessey St","Address":null,"StateName":null,"Zip4":null,"MAK":null,"AddressType":null,"RBDI":null,"Results":null,"NoSuffix":""},{"Number":"","Street":"birch","Suffix":"st","City":"","State":"","Zip":"02743","StreetName":"Birch St","Address":null,"StateName":null,"Zip4":null,"MAK":null,"AddressType":null,"RBDI":null,"Results":null,"NoSuffix":""},{"Number":"","Street":"blacksmith","Suffix":"dr","City":"","State":"","Zip":"02743","StreetName":"Blacksmith Dr","Address":null,"StateName":null,"Zip4":null,"MAK":null,"AddressType":null,"RBDI":null,"Results":null,"NoSuffix":""},{"Number":"","Street":"blain","Suffix":"st","City":"","State":"","Zip":"02743","StreetName":"Blain St","Address":null,"StateName":null,"Zip4":null,"MAK":null,"AddressType":null,"RBDI":null,"Results":null,"NoSuffix":""},{"Number":"","Street":"blaise","Suffix":"dr","City":"","State":"","Zip":"02743","StreetName":"Blaise Dr","Address":null,"StateName":null,"Zip4":null,"MAK":null,"AddressType":null,"RBDI":null,"Results":null,"NoSuffix":""},{"Number":"","Street":"blueberry","Suffix":"dr","City":"","State":"","Zip":"02743","StreetName":"Blueberry Dr","Address":null,"StateName":null,"Zip4":null,"MAK":null,"AddressType":null,"RBDI":null,"Results":null,"NoSuffix":""},{"Number":"","Street":"bow","Suffix":"dr","City":"","State":"","Zip":"02743","StreetName":"Bow Dr","Address":null,"StateName":null,"Zip4":null,"MAK":null,"AddressType":null,"RBDI":null,"Results":null,"NoSuffix":""},{"Number":"","Street":"boylston","Suffix":"st","City":"","State":"","Zip":"02743","StreetName":"Boylston St","Address":null,"StateName":null,"Zip4":null,"MAK":null,"AddressType":null,"RBDI":null,"Results":null,"NoSuffix":""},{"Number":"","Street":"bridge","Suffix":"st","City":"","State":"","Zip":"02743","StreetName":"Bridge St","Address":null,"StateName":null,"Zip4":null,"MAK":null,"AddressType":null,"RBDI":null,"Results":null,"NoSuffix":""},{"Number":"","Street":"brookside","Suffix":"dr","City":"","State":"","Zip":"02743","StreetName":"Brookside Dr","Address":null,"StateName":null,"Zip4":null,"MAK":null,"AddressType":null,"RBDI":null,"Results":null,"NoSuffix":""},{"Number":"","Street":"budano","Suffix":"dr","City":"","State":"","Zip":"02743","StreetName":"Budano Dr","Address":null,"StateName":null,"Zip4":null,"MAK":null,"AddressType":null,"RBDI":null,"Results":null,"NoSuffix":""},{"Number":"","Street":"burr","Suffix":"ave","City":"","State":"","Zip":"02743","StreetName":"Burr Ave","Address":null,"StateName":null,"Zip4":null,"MAK":null,"AddressType":null,"RBDI":null,"Results":null,"NoSuffix":""},{"Number":"","Street":"burt","Suffix":"st","City":"","State":"","Zip":"02743","StreetName":"Burt St","Address":null,"StateName":null,"Zip4":null,"MAK":null,"AddressType":null,"RBDI":null,"Results":null,"NoSuffix":""},{"Number":"","Street":"buttonwood","Suffix":"ln","City":"","State":"","Zip":"02743","StreetName":"Buttonwood Ln","Address":null,"StateName":null,"Zip4":null,"MAK":null,"AddressType":null,"RBDI":null,"Results":null,"NoSuffix":""},{"Number":"","Street":"camerons","Suffix":"way","City":"","State":"","Zip":"02743","StreetName":"Camerons Way","Address":null,"StateName":null,"Zip4":null,"MAK":null,"AddressType":null,"RBDI":null,"Results":null,"NoSuffix":""},{"Number":"","Street":"carol","Suffix":"st","City":"","State":"","Zip":"02743","StreetName":"Carol St","Address":null,"StateName":null,"Zip4":null,"MAK":null,"AddressType":null,"RBDI":null,"Results":null,"NoSuffix":""},{"Number":"","Street":"cedar hill","Suffix":"dr","City":"","State":"","Zip":"02743","StreetName":"Cedar Hill Dr","Address":null,"StateName":null,"Zip4":null,"MAK":null,"AddressType":null,"RBDI":null,"Results":null,"NoSuffix":""},{"Number":"","Street":"charles","Suffix":"st","City":"","State":"","Zip":"02743","StreetName":"Charles St","Address":null,"StateName":null,"Zip4":null,"MAK":null,"AddressType":null,"RBDI":null,"Results":null,"NoSuffix":""},{"Number":"","Street":"chershire","Suffix":"ave","City":"","State":"","Zip":"02743","StreetName":"Chershire Ave","Address":null,"StateName":null,"Zip4":null,"MAK":null,"AddressType":null,"RBDI":null,"Results":null,"NoSuffix":""},{"Number":"","Street":"clems","Suffix":"way","City":"","State":"","Zip":"02743","StreetName":"Clems Way","Address":null,"StateName":null,"Zip4":null,"MAK":null,"AddressType":null,"RBDI":null,"Results":null,"NoSuffix":""},{"Number":"","Street":"cleveland","Suffix":"st","City":"","State":"","Zip":"02743","StreetName":"Cleveland St","Address":null,"StateName":null,"Zip4":null,"MAK":null,"AddressType":null,"RBDI":null,"Results":null,"NoSuffix":""},{"Number":"","Street":"clifford","Suffix":"st","City":"","State":"","Zip":"02743","StreetName":"Clifford St","Address":null,"StateName":null,"Zip4":null,"MAK":null,"AddressType":null,"RBDI":null,"Results":null,"NoSuffix":""},{"Number":"","Street":"club","Suffix":"ave","City":"","State":"","Zip":"02743","StreetName":"Club Ave","Address":null,"StateName":null,"Zip4":null,"MAK":null,"AddressType":null,"RBDI":null,"Results":null,"NoSuffix":""},{"Number":"","Street":"conduit","Suffix":"st","City":"","State":"","Zip":"02743","StreetName":"Conduit St","Address":null,"StateName":null,"Zip4":null,"MAK":null,"AddressType":null,"RBDI":null,"Results":null,"NoSuffix":""},{"Number":"","Street":"coulombe","Suffix":"st","City":"","State":"","Zip":"02743","StreetName":"Coulombe St","Address":null,"StateName":null,"Zip4":null,"MAK":null,"AddressType":null,"RBDI":null,"Results":null,"NoSuffix":""},{"Number":"","Street":"county","Suffix":"st","City":"","State":"","Zip":"02743","StreetName":"County St","Address":null,"StateName":null,"Zip4":null,"MAK":null,"AddressType":null,"RBDI":null,"Results":null,"NoSuffix":""},{"Number":"","Street":"coury","Suffix":"dr","City":"","State":"","Zip":"02743","StreetName":"Coury Dr","Address":null,"StateName":null,"Zip4":null,"MAK":null,"AddressType":null,"RBDI":null,"Results":null,"NoSuffix":""},{"Number":"","Street":"cox","Suffix":"st","City":"","State":"","Zip":"02743","StreetName":"Cox St","Address":null,"StateName":null,"Zip4":null,"MAK":null,"AddressType":null,"RBDI":null,"Results":null,"NoSuffix":""},{"Number":"","Street":"crandon","Suffix":"dr","City":"","State":"","Zip":"02743","StreetName":"Crandon Dr","Address":null,"StateName":null,"Zip4":null,"MAK":null,"AddressType":null,"RBDI":null,"Results":null,"NoSuffix":""},{"Number":"","Street":"crescent","Suffix":"st","City":"","State":"","Zip":"02743","StreetName":"Crescent St","Address":null,"StateName":null,"Zip4":null,"MAK":null,"AddressType":null,"RBDI":null,"Results":null,"NoSuffix":""},{"Number":"","Street":"crompton","Suffix":"st","City":"","State":"","Zip":"02743","StreetName":"Crompton St","Address":null,"StateName":null,"Zip4":null,"MAK":null,"AddressType":null,"RBDI":null,"Results":null,"NoSuffix":""},{"Number":"","Street":"crowell","Suffix":"st","City":"","State":"","Zip":"02743","StreetName":"Crowell St","Address":null,"StateName":null,"Zip4":null,"MAK":null,"AddressType":null,"RBDI":null,"Results":null,"NoSuffix":""},{"Number":"","Street":"cushing","Suffix":"ln","City":"","State":"","Zip":"02743","StreetName":"Cushing Ln","Address":null,"StateName":null,"Zip4":null,"MAK":null,"AddressType":null,"RBDI":null,"Results":null,"NoSuffix":""},{"Number":"","Street":"cushman","Suffix":"st","City":"","State":"","Zip":"02743","StreetName":"Cushman St","Address":null,"StateName":null,"Zip4":null,"MAK":null,"AddressType":null,"RBDI":null,"Results":null,"NoSuffix":""},{"Number":"","Street":"dalton","Suffix":"st","City":"","State":"","Zip":"02743","StreetName":"Dalton St","Address":null,"StateName":null,"Zip4":null,"MAK":null,"AddressType":null,"RBDI":null,"Results":null,"NoSuffix":""},{"Number":"","Street":"danielle","Suffix":"st","City":"","State":"","Zip":"02743","StreetName":"Danielle St","Address":null,"StateName":null,"Zip4":null,"MAK":null,"AddressType":null,"RBDI":null,"Results":null,"NoSuffix":""},{"Number":"","Street":"darling","Suffix":"st","City":"","State":"","Zip":"02743","StreetName":"Darling St","Address":null,"StateName":null,"Zip4":null,"MAK":null,"AddressType":null,"RBDI":null,"Results":null,"NoSuffix":""},{"Number":"","Street":"david","Suffix":"st","City":"","State":"","Zip":"02743","StreetName":"David St","Address":null,"StateName":null,"Zip4":null,"MAK":null,"AddressType":null,"RBDI":null,"Results":null,"NoSuffix":""},{"Number":"","Street":"davis farm","Suffix":"ln","City":"","State":"","Zip":"02743","StreetName":"Davis Farm Ln","Address":null,"StateName":null,"Zip4":null,"MAK":null,"AddressType":null,"RBDI":null,"Results":null,"NoSuffix":""},{"Number":"","Street":"dayton","Suffix":"st","City":"","State":"","Zip":"02743","StreetName":"Dayton St","Address":null,"StateName":null,"Zip4":null,"MAK":null,"AddressType":null,"RBDI":null,"Results":null,"NoSuffix":""},{"Number":"","Street":"diane","Suffix":"st","City":"","State":"","Zip":"02743","StreetName":"Diane St","Address":null,"StateName":null,"Zip4":null,"MAK":null,"AddressType":null,"RBDI":null,"Results":null,"NoSuffix":""},{"Number":"","Street":"donna","Suffix":"ln","City":"","State":"","Zip":"02743","StreetName":"Donna Ln","Address":null,"StateName":null,"Zip4":null,"MAK":null,"AddressType":null,"RBDI":null,"Results":null,"NoSuffix":""},{"Number":"","Street":"dorothy","Suffix":"st","City":"","State":"","Zip":"02743","StreetName":"Dorothy St","Address":null,"StateName":null,"Zip4":null,"MAK":null,"AddressType":null,"RBDI":null,"Results":null,"NoSuffix":""},{"Number":"","Street":"dotys mill","Suffix":"rd","City":"","State":"","Zip":"02743","StreetName":"Dotys Mill Rd","Address":null,"StateName":null,"Zip4":null,"MAK":null,"AddressType":null,"RBDI":null,"Results":null,"NoSuffix":""},{"Number":"","Street":"douglas","Suffix":"ln","City":"","State":"","Zip":"02743","StreetName":"Douglas Ln","Address":null,"StateName":null,"Zip4":null,"MAK":null,"AddressType":null,"RBDI":null,"Results":null,"NoSuffix":""},{"Number":"","Street":"earl","Suffix":"st","City":"","State":"","Zip":"02743","StreetName":"Earl St","Address":null,"StateName":null,"Zip4":null,"MAK":null,"AddressType":null,"RBDI":null,"Results":null,"NoSuffix":""},{"Number":"","Street":"eileen","Suffix":"st","City":"","State":"","Zip":"02743","StreetName":"Eileen St","Address":null,"StateName":null,"Zip4":null,"MAK":null,"AddressType":null,"RBDI":null,"Results":null,"NoSuffix":""},{"Number":"","Street":"elaine","Suffix":"way","City":"","State":"","Zip":"02743","StreetName":"Elaine Way","Address":null,"StateName":null,"Zip4":null,"MAK":null,"AddressType":null,"RBDI":null,"Results":null,"NoSuffix":""},{"Number":"","Street":"elderberry","Suffix":"dr","City":"","State":"","Zip":"02743","StreetName":"Elderberry Dr","Address":null,"StateName":null,"Zip4":null,"MAK":null,"AddressType":null,"RBDI":null,"Results":null,"NoSuffix":""},{"Number":"","Street":"ellis","Suffix":"rd","City":"","State":"","Zip":"02743","StreetName":"Ellis Rd","Address":null,"StateName":null,"Zip4":null,"MAK":null,"AddressType":null,"RBDI":null,"Results":null,"NoSuffix":""},{"Number":"","Street":"elwood","Suffix":"ln","City":"","State":"","Zip":"02743","StreetName":"Elwood Ln","Address":null,"StateName":null,"Zip4":null,"MAK":null,"AddressType":null,"RBDI":null,"Results":null,"NoSuffix":""},{"Number":"","Street":"enos","Suffix":"st","City":"","State":"","Zip":"02743","StreetName":"Enos St","Address":null,"StateName":null,"Zip4":null,"MAK":null,"AddressType":null,"RBDI":null,"Results":null,"NoSuffix":""},{"Number":"","Street":"evergreen","Suffix":"dr","City":"","State":"","Zip":"02743","StreetName":"Evergreen Dr","Address":null,"StateName":null,"Zip4":null,"MAK":null,"AddressType":null,"RBDI":null,"Results":null,"NoSuffix":""},{"Number":"","Street":"fairfield","Suffix":"st","City":"","State":"","Zip":"02743","StreetName":"Fairfield St","Address":null,"StateName":null,"Zip4":null,"MAK":null,"AddressType":null,"RBDI":null,"Results":null,"NoSuffix":""},{"Number":"","Street":"fairway","Suffix":"dr","City":"","State":"","Zip":"02743","StreetName":"Fairway Dr","Address":null,"StateName":null,"Zip4":null,"MAK":null,"AddressType":null,"RBDI":null,"Results":null,"NoSuffix":""},{"Number":"","Street":"francis","Suffix":"st","City":"","State":"","Zip":"02743","StreetName":"Francis St","Address":null,"StateName":null,"Zip4":null,"MAK":null,"AddressType":null,"RBDI":null,"Results":null,"NoSuffix":""},{"Number":"","Street":"frank","Suffix":"st","City":"","State":"","Zip":"02743","StreetName":"Frank St","Address":null,"StateName":null,"Zip4":null,"MAK":null,"AddressType":null,"RBDI":null,"Results":null,"NoSuffix":""},{"Number":"","Street":"gabriel farm","Suffix":"dr","City":"","State":"","Zip":"02743","StreetName":"Gabriel Farm Dr","Address":null,"StateName":null,"Zip4":null,"MAK":null,"AddressType":null,"RBDI":null,"Results":null,"NoSuffix":""},{"Number":"","Street":"gammons","Suffix":"rd","City":"","State":"","Zip":"02743","StreetName":"Gammons Rd","Address":null,"StateName":null,"Zip4":null,"MAK":null,"AddressType":null,"RBDI":null,"Results":null,"NoSuffix":""},{"Number":"","Street":"garfield","Suffix":"st","City":"","State":"","Zip":"02743","StreetName":"Garfield St","Address":null,"StateName":null,"Zip4":null,"MAK":null,"AddressType":null,"RBDI":null,"Results":null,"NoSuffix":""},{"Number":"","Street":"garrison","Suffix":"ln","City":"","State":"","Zip":"02743","StreetName":"Garrison Ln","Address":null,"StateName":null,"Zip4":null,"MAK":null,"AddressType":null,"RBDI":null,"Results":null,"NoSuffix":""},{"Number":"","Street":"gayla","Suffix":"dr","City":"","State":"","Zip":"02743","StreetName":"Gayla Dr","Address":null,"StateName":null,"Zip4":null,"MAK":null,"AddressType":null,"RBDI":null,"Results":null,"NoSuffix":""},{"Number":"","Street":"george","Suffix":"st","City":"","State":"","Zip":"02743","StreetName":"George St","Address":null,"StateName":null,"Zip4":null,"MAK":null,"AddressType":null,"RBDI":null,"Results":null,"NoSuffix":""},{"Number":"","Street":"gill","Suffix":"st","City":"","State":"","Zip":"02743","StreetName":"Gill St","Address":null,"StateName":null,"Zip4":null,"MAK":null,"AddressType":null,"RBDI":null,"Results":null,"NoSuffix":""},{"Number":"","Street":"golfview","Suffix":"rd","City":"","State":"","Zip":"02743","StreetName":"Golfview Rd","Address":null,"StateName":null,"Zip4":null,"MAK":null,"AddressType":null,"RBDI":null,"Results":null,"NoSuffix":""},{"Number":"","Street":"grant","Suffix":"st","City":"","State":"","Zip":"02743","StreetName":"Grant St","Address":null,"StateName":null,"Zip4":null,"MAK":null,"AddressType":null,"RBDI":null,"Results":null,"NoSuffix":""},{"Number":"","Street":"green meadow","Suffix":"dr","City":"","State":"","Zip":"02743","StreetName":"Green Meadow Dr","Address":null,"StateName":null,"Zip4":null,"MAK":null,"AddressType":null,"RBDI":null,"Results":null,"NoSuffix":""},{"Number":"","Street":"guillotte","Suffix":"st","City":"","State":"","Zip":"02743","StreetName":"Guillotte St","Address":null,"StateName":null,"Zip4":null,"MAK":null,"AddressType":null,"RBDI":null,"Results":null,"NoSuffix":""},{"Number":"","Street":"hamlin","Suffix":"st","City":"","State":"","Zip":"02743","StreetName":"Hamlin St","Address":null,"StateName":null,"Zip4":null,"MAK":null,"AddressType":null,"RBDI":null,"Results":null,"NoSuffix":""},{"Number":"","Street":"harbeck","Suffix":"st","City":"","State":"","Zip":"02743","StreetName":"Harbeck St","Address":null,"StateName":null,"Zip4":null,"MAK":null,"AddressType":null,"RBDI":null,"Results":null,"NoSuffix":""},{"Number":"","Street":"harding","Suffix":"st","City":"","State":"","Zip":"02743","StreetName":"Harding St","Address":null,"StateName":null,"Zip4":null,"MAK":null,"AddressType":null,"RBDI":null,"Results":null,"NoSuffix":""},{"Number":"","Street":"harrison","Suffix":"st","City":"","State":"","Zip":"02743","StreetName":"Harrison St","Address":null,"StateName":null,"Zip4":null,"MAK":null,"AddressType":null,"RBDI":null,"Results":null,"NoSuffix":""},{"Number":"","Street":"hartley","Suffix":"st","City":"","State":"","Zip":"02743","StreetName":"Hartley St","Address":null,"StateName":null,"Zip4":null,"MAK":null,"AddressType":null,"RBDI":null,"Results":null,"NoSuffix":""},{"Number":"","Street":"hathaway","Suffix":"rd","City":"","State":"","Zip":"02743","StreetName":"Hathaway Rd","Address":null,"StateName":null,"Zip4":null,"MAK":null,"AddressType":null,"RBDI":null,"Results":null,"NoSuffix":""},{"Number":"","Street":"hayes","Suffix":"st","City":"","State":"","Zip":"02743","StreetName":"Hayes St","Address":null,"StateName":null,"Zip4":null,"MAK":null,"AddressType":null,"RBDI":null,"Results":null,"NoSuffix":""},{"Number":"","Street":"hebert","Suffix":"rd","City":"","State":"","Zip":"02743","StreetName":"Hebert Rd","Address":null,"StateName":null,"Zip4":null,"MAK":null,"AddressType":null,"RBDI":null,"Results":null,"NoSuffix":""},{"Number":"","Street":"helen","Suffix":"st","City":"","State":"","Zip":"02743","StreetName":"Helen St","Address":null,"StateName":null,"Zip4":null,"MAK":null,"AddressType":null,"RBDI":null,"Results":null,"NoSuffix":""},{"Number":"","Street":"henrietta","Suffix":"dr","City":"","State":"","Zip":"02743","StreetName":"Henrietta Dr","Address":null,"StateName":null,"Zip4":null,"MAK":null,"AddressType":null,"RBDI":null,"Results":null,"NoSuffix":""},{"Number":"","Street":"henry","Suffix":"dr","City":"","State":"","Zip":"02743","StreetName":"Henry Dr","Address":null,"StateName":null,"Zip4":null,"MAK":null,"AddressType":null,"RBDI":null,"Results":null,"NoSuffix":""},{"Number":"","Street":"heritage","Suffix":"rd","City":"","State":"","Zip":"02743","StreetName":"Heritage Rd","Address":null,"StateName":null,"Zip4":null,"MAK":null,"AddressType":null,"RBDI":null,"Results":null,"NoSuffix":""},{"Number":"","Street":"highland","Suffix":"st","City":"","State":"","Zip":"02743","StreetName":"Highland St","Address":null,"StateName":null,"Zip4":null,"MAK":null,"AddressType":null,"RBDI":null,"Results":null,"NoSuffix":""},{"Number":"","Street":"hill","Suffix":"st","City":"","State":"","Zip":"02743","StreetName":"Hill St","Address":null,"StateName":null,"Zip4":null,"MAK":null,"AddressType":null,"RBDI":null,"Results":null,"NoSuffix":""},{"Number":"","Street":"hindle","Suffix":"st","City":"","State":"","Zip":"02743","StreetName":"Hindle St","Address":null,"StateName":null,"Zip4":null,"MAK":null,"AddressType":null,"RBDI":null,"Results":null,"NoSuffix":""},{"Number":"","Street":"hiram","Suffix":"st","City":"","State":"","Zip":"02743","StreetName":"Hiram St","Address":null,"StateName":null,"Zip4":null,"MAK":null,"AddressType":null,"RBDI":null,"Results":null,"NoSuffix":""},{"Number":"","Street":"holly","Suffix":"ave","City":"","State":"","Zip":"02743","StreetName":"Holly Ave","Address":null,"StateName":null,"Zip4":null,"MAK":null,"AddressType":null,"RBDI":null,"Results":null,"NoSuffix":""},{"Number":"","Street":"homestead","Suffix":"ave","City":"","State":"","Zip":"02743","StreetName":"Homestead Ave","Address":null,"StateName":null,"Zip4":null,"MAK":null,"AddressType":null,"RBDI":null,"Results":null,"NoSuffix":""},{"Number":"","Street":"honora","Suffix":"way","City":"","State":"","Zip":"02743","StreetName":"Honora Way","Address":null,"StateName":null,"Zip4":null,"MAK":null,"AddressType":null,"RBDI":null,"Results":null,"NoSuffix":""},{"Number":"","Street":"hope","Suffix":"st","City":"","State":"","Zip":"02743","StreetName":"Hope St","Address":null,"StateName":null,"Zip4":null,"MAK":null,"AddressType":null,"RBDI":null,"Results":null,"NoSuffix":""},{"Number":"","Street":"hunter","Suffix":"st","City":"","State":"","Zip":"02743","StreetName":"Hunter St","Address":null,"StateName":null,"Zip4":null,"MAK":null,"AddressType":null,"RBDI":null,"Results":null,"NoSuffix":""},{"Number":"","Street":"jake","Suffix":"ln","City":"","State":"","Zip":"02743","StreetName":"Jake Ln","Address":null,"StateName":null,"Zip4":null,"MAK":null,"AddressType":null,"RBDI":null,"Results":null,"NoSuffix":""},{"Number":"","Street":"james","Suffix":"st","City":"","State":"","Zip":"02743","StreetName":"James St","Address":null,"StateName":null,"Zip4":null,"MAK":null,"AddressType":null,"RBDI":null,"Results":null,"NoSuffix":""},{"Number":"","Street":"jean","Suffix":"st","City":"","State":"","Zip":"02743","StreetName":"Jean St","Address":null,"StateName":null,"Zip4":null,"MAK":null,"AddressType":null,"RBDI":null,"Results":null,"NoSuffix":""},{"Number":"","Street":"jesse","Suffix":"st","City":"","State":"","Zip":"02743","StreetName":"Jesse St","Address":null,"StateName":null,"Zip4":null,"MAK":null,"AddressType":null,"RBDI":null,"Results":null,"NoSuffix":""},{"Number":"","Street":"john","Suffix":"st","City":"","State":"","Zip":"02743","StreetName":"John St","Address":null,"StateName":null,"Zip4":null,"MAK":null,"AddressType":null,"RBDI":null,"Results":null,"NoSuffix":""},{"Number":"","Street":"joseph","Suffix":"st","City":"","State":"","Zip":"02743","StreetName":"Joseph St","Address":null,"StateName":null,"Zip4":null,"MAK":null,"AddressType":null,"RBDI":null,"Results":null,"NoSuffix":""},{"Number":"","Street":"katherine","Suffix":"st","City":"","State":"","Zip":"02743","StreetName":"Katherine St","Address":null,"StateName":null,"Zip4":null,"MAK":null,"AddressType":null,"RBDI":null,"Results":null,"NoSuffix":""},{"Number":"","Street":"keene","Suffix":"rd","City":"","State":"","Zip":"02743","StreetName":"Keene Rd","Address":null,"StateName":null,"Zip4":null,"MAK":null,"AddressType":null,"RBDI":null,"Results":null,"NoSuffix":""},{"Number":"","Street":"kendrick","Suffix":"st","City":"","State":"","Zip":"02743","StreetName":"Kendrick St","Address":null,"StateName":null,"Zip4":null,"MAK":null,"AddressType":null,"RBDI":null,"Results":null,"NoSuffix":""},{"Number":"","Street":"kimberly","Suffix":"way","City":"","State":"","Zip":"02743","StreetName":"Kimberly Way","Address":null,"StateName":null,"Zip4":null,"MAK":null,"AddressType":null,"RBDI":null,"Results":null,"NoSuffix":""},{"Number":"","Street":"lague","Suffix":"st","City":"","State":"","Zip":"02743","StreetName":"Lague St","Address":null,"StateName":null,"Zip4":null,"MAK":null,"AddressType":null,"RBDI":null,"Results":null,"NoSuffix":""},{"Number":"","Street":"lake","Suffix":"st","City":"","State":"","Zip":"02743","StreetName":"Lake St","Address":null,"StateName":null,"Zip4":null,"MAK":null,"AddressType":null,"RBDI":null,"Results":null,"NoSuffix":""},{"Number":"","Street":"lakeview","Suffix":"dr","City":"","State":"","Zip":"02743","StreetName":"Lakeview Dr","Address":null,"StateName":null,"Zip4":null,"MAK":null,"AddressType":null,"RBDI":null,"Results":null,"NoSuffix":""},{"Number":"","Street":"lambert","Suffix":"st","City":"","State":"","Zip":"02743","StreetName":"Lambert St","Address":null,"StateName":null,"Zip4":null,"MAK":null,"AddressType":null,"RBDI":null,"Results":null,"NoSuffix":""},{"Number":"","Street":"lantern","Suffix":"ln","City":"","State":"","Zip":"02743","StreetName":"Lantern Ln","Address":null,"StateName":null,"Zip4":null,"MAK":null,"AddressType":null,"RBDI":null,"Results":null,"NoSuffix":""},{"Number":"","Street":"laura keene","Suffix":"ave","City":"","State":"","Zip":"02743","StreetName":"Laura Keene Ave","Address":null,"StateName":null,"Zip4":null,"MAK":null,"AddressType":null,"RBDI":null,"Results":null,"NoSuffix":""},{"Number":"","Street":"lawson","Suffix":"ave","City":"","State":"","Zip":"02743","StreetName":"Lawson Ave","Address":null,"StateName":null,"Zip4":null,"MAK":null,"AddressType":null,"RBDI":null,"Results":null,"NoSuffix":""},{"Number":"","Street":"lawton","Suffix":"st","City":"","State":"","Zip":"02743","StreetName":"Lawton St","Address":null,"StateName":null,"Zip4":null,"MAK":null,"AddressType":null,"RBDI":null,"Results":null,"NoSuffix":""},{"Number":"","Street":"leboeuf","Suffix":"st","City":"","State":"","Zip":"02743","StreetName":"Leboeuf St","Address":null,"StateName":null,"Zip4":null,"MAK":null,"AddressType":null,"RBDI":null,"Results":null,"NoSuffix":""},{"Number":"","Street":"lee erin","Suffix":"ln","City":"","State":"","Zip":"02743","StreetName":"Lee Erin Ln","Address":null,"StateName":null,"Zip4":null,"MAK":null,"AddressType":null,"RBDI":null,"Results":null,"NoSuffix":""},{"Number":"","Street":"lees","Suffix":"trl","City":"","State":"","Zip":"02743","StreetName":"Lees Trl","Address":null,"StateName":null,"Zip4":null,"MAK":null,"AddressType":null,"RBDI":null,"Results":null,"NoSuffix":""},{"Number":"","Street":"leonard","Suffix":"st","City":"","State":"","Zip":"02743","StreetName":"Leonard St","Address":null,"StateName":null,"Zip4":null,"MAK":null,"AddressType":null,"RBDI":null,"Results":null,"NoSuffix":""},{"Number":"","Street":"lisa","Suffix":"ave","City":"","State":"","Zip":"02743","StreetName":"Lisa Ave","Address":null,"StateName":null,"Zip4":null,"MAK":null,"AddressType":null,"RBDI":null,"Results":null,"NoSuffix":""},{"Number":"","Street":"ludlow","Suffix":"st","City":"","State":"","Zip":"02743","StreetName":"Ludlow St","Address":null,"StateName":null,"Zip4":null,"MAK":null,"AddressType":null,"RBDI":null,"Results":null,"NoSuffix":""},{"Number":"","Street":"lussier","Suffix":"st","City":"","State":"","Zip":"02743","StreetName":"Lussier St","Address":null,"StateName":null,"Zip4":null,"MAK":null,"AddressType":null,"RBDI":null,"Results":null,"NoSuffix":""},{"Number":"","Street":"lynn ellen","Suffix":"dr","City":"","State":"","Zip":"02743","StreetName":"Lynn Ellen Dr","Address":null,"StateName":null,"Zip4":null,"MAK":null,"AddressType":null,"RBDI":null,"Results":null,"NoSuffix":""},{"Number":"","Street":"main","Suffix":"st","City":"","State":"","Zip":"02743","StreetName":"Main St","Address":null,"StateName":null,"Zip4":null,"MAK":null,"AddressType":null,"RBDI":null,"Results":null,"NoSuffix":""},{"Number":"","Street":"mallory","Suffix":"st","City":"","State":"","Zip":"02743","StreetName":"Mallory St","Address":null,"StateName":null,"Zip4":null,"MAK":null,"AddressType":null,"RBDI":null,"Results":null,"NoSuffix":""},{"Number":"","Street":"manchester","Suffix":"ln","City":"","State":"","Zip":"02743","StreetName":"Manchester Ln","Address":null,"StateName":null,"Zip4":null,"MAK":null,"AddressType":null,"RBDI":null,"Results":null,"NoSuffix":""},{"Number":"","Street":"maple","Suffix":"st","City":"","State":"","Zip":"02743","StreetName":"Maple St","Address":null,"StateName":null,"Zip4":null,"MAK":null,"AddressType":null,"RBDI":null,"Results":null,"NoSuffix":""},{"Number":"","Street":"mapleton","Suffix":"st","City":"","State":"","Zip":"02743","StreetName":"Mapleton St","Address":null,"StateName":null,"Zip4":null,"MAK":null,"AddressType":null,"RBDI":null,"Results":null,"NoSuffix":""},{"Number":"","Street":"margaret","Suffix":"st","City":"","State":"","Zip":"02743","StreetName":"Margaret St","Address":null,"StateName":null,"Zip4":null,"MAK":null,"AddressType":null,"RBDI":null,"Results":null,"NoSuffix":""},{"Number":"","Street":"marion","Suffix":"st","City":"","State":"","Zip":"02743","StreetName":"Marion St","Address":null,"StateName":null,"Zip4":null,"MAK":null,"AddressType":null,"RBDI":null,"Results":null,"NoSuffix":""},{"Number":"","Street":"martel","Suffix":"st","City":"","State":"","Zip":"02743","StreetName":"Martel St","Address":null,"StateName":null,"Zip4":null,"MAK":null,"AddressType":null,"RBDI":null,"Results":null,"NoSuffix":""},{"Number":"","Street":"mary","Suffix":"dr","City":"","State":"","Zip":"02743","StreetName":"Mary Dr","Address":null,"StateName":null,"Zip4":null,"MAK":null,"AddressType":null,"RBDI":null,"Results":null,"NoSuffix":""},{"Number":"","Street":"mason","Suffix":"st","City":"","State":"","Zip":"02743","StreetName":"Mason St","Address":null,"StateName":null,"Zip4":null,"MAK":null,"AddressType":null,"RBDI":null,"Results":null,"NoSuffix":""},{"Number":"","Street":"mattapoisett","Suffix":"rd","City":"","State":"","Zip":"02743","StreetName":"Mattapoisett Rd","Address":null,"StateName":null,"Zip4":null,"MAK":null,"AddressType":null,"RBDI":null,"Results":null,"NoSuffix":""},{"Number":"","Street":"matthew","Suffix":"ln","City":"","State":"","Zip":"02743","StreetName":"Matthew Ln","Address":null,"StateName":null,"Zip4":null,"MAK":null,"AddressType":null,"RBDI":null,"Results":null,"NoSuffix":""},{"Number":"","Street":"maura","Suffix":"ln","City":"","State":"","Zip":"02743","StreetName":"Maura Ln","Address":null,"StateName":null,"Zip4":null,"MAK":null,"AddressType":null,"RBDI":null,"Results":null,"NoSuffix":""},{"Number":"","Street":"mayflower","Suffix":"rd","City":"","State":"","Zip":"02743","StreetName":"Mayflower Rd","Address":null,"StateName":null,"Zip4":null,"MAK":null,"AddressType":null,"RBDI":null,"Results":null,"NoSuffix":""},{"Number":"","Street":"meadow","Suffix":"ln","City":"","State":"","Zip":"02743","StreetName":"Meadow Ln","Address":null,"StateName":null,"Zip4":null,"MAK":null,"AddressType":null,"RBDI":null,"Results":null,"NoSuffix":""},{"Number":"","Street":"mecca","Suffix":"way","City":"","State":"","Zip":"02743","StreetName":"Mecca Way","Address":null,"StateName":null,"Zip4":null,"MAK":null,"AddressType":null,"RBDI":null,"Results":null,"NoSuffix":""},{"Number":"","Street":"megans","Suffix":"way","City":"","State":"","Zip":"02743","StreetName":"Megans Way","Address":null,"StateName":null,"Zip4":null,"MAK":null,"AddressType":null,"RBDI":null,"Results":null,"NoSuffix":""},{"Number":"","Street":"mendall","Suffix":"rd","City":"","State":"","Zip":"02743","StreetName":"Mendall Rd","Address":null,"StateName":null,"Zip4":null,"MAK":null,"AddressType":null,"RBDI":null,"Results":null,"NoSuffix":""},{"Number":"","Street":"michael","Suffix":"way","City":"","State":"","Zip":"02743","StreetName":"Michael Way","Address":null,"StateName":null,"Zip4":null,"MAK":null,"AddressType":null,"RBDI":null,"Results":null,"NoSuffix":""},{"Number":"","Street":"middle","Suffix":"rd","City":"","State":"","Zip":"02743","StreetName":"Middle Rd","Address":null,"StateName":null,"Zip4":null,"MAK":null,"AddressType":null,"RBDI":null,"Results":null,"NoSuffix":""},{"Number":"","Street":"middlefield","Suffix":"pl","City":"","State":"","Zip":"02743","StreetName":"Middlefield Pl","Address":null,"StateName":null,"Zip4":null,"MAK":null,"AddressType":null,"RBDI":null,"Results":null,"NoSuffix":""},{"Number":"","Street":"middlewood","Suffix":"dr","City":"","State":"","Zip":"02743","StreetName":"Middlewood Dr","Address":null,"StateName":null,"Zip4":null,"MAK":null,"AddressType":null,"RBDI":null,"Results":null,"NoSuffix":""},{"Number":"","Street":"mill","Suffix":"rd","City":"","State":"","Zip":"02743","StreetName":"Mill Rd","Address":null,"StateName":null,"Zip4":null,"MAK":null,"AddressType":null,"RBDI":null,"Results":null,"NoSuffix":""},{"Number":"","Street":"monmouth","Suffix":"st","City":"","State":"","Zip":"02743","StreetName":"Monmouth St","Address":null,"StateName":null,"Zip4":null,"MAK":null,"AddressType":null,"RBDI":null,"Results":null,"NoSuffix":""},{"Number":"","Street":"morningside","Suffix":"ave","City":"","State":"","Zip":"02743","StreetName":"Morningside Ave","Address":null,"StateName":null,"Zip4":null,"MAK":null,"AddressType":null,"RBDI":null,"Results":null,"NoSuffix":""},{"Number":"","Street":"morses","Suffix":"ln","City":"","State":"","Zip":"02743","StreetName":"Morses Ln","Address":null,"StateName":null,"Zip4":null,"MAK":null,"AddressType":null,"RBDI":null,"Results":null,"NoSuffix":""},{"Number":"","Street":"morton","Suffix":"ln","City":"","State":"","Zip":"02743","StreetName":"Morton Ln","Address":null,"StateName":null,"Zip4":null,"MAK":null,"AddressType":null,"RBDI":null,"Results":null,"NoSuffix":""},{"Number":"","Street":"mulberry","Suffix":"st","City":"","State":"","Zip":"02743","StreetName":"Mulberry St","Address":null,"StateName":null,"Zip4":null,"MAK":null,"AddressType":null,"RBDI":null,"Results":null,"NoSuffix":""},{"Number":"","Street":"myrtle","Suffix":"ave","City":"","State":"","Zip":"02743","StreetName":"Myrtle Ave","Address":null,"StateName":null,"Zip4":null,"MAK":null,"AddressType":null,"RBDI":null,"Results":null,"NoSuffix":""},{"Number":"","Street":"nates","Suffix":"way","City":"","State":"","Zip":"02743","StreetName":"Nates Way","Address":null,"StateName":null,"Zip4":null,"MAK":null,"AddressType":null,"RBDI":null,"Results":null,"NoSuffix":""},{"Number":"","Street":"nelson","Suffix":"ave","City":"","State":"","Zip":"02743","StreetName":"Nelson Ave","Address":null,"StateName":null,"Zip4":null,"MAK":null,"AddressType":null,"RBDI":null,"Results":null,"NoSuffix":""},{"Number":"","Street":"new boston","Suffix":"rd","City":"","State":"","Zip":"02743","StreetName":"New Boston Rd","Address":null,"StateName":null,"Zip4":null,"MAK":null,"AddressType":null,"RBDI":null,"Results":null,"NoSuffix":""},{"Number":"","Street":"new york","Suffix":"ave","City":"","State":"","Zip":"02743","StreetName":"New York Ave","Address":null,"StateName":null,"Zip4":null,"MAK":null,"AddressType":null,"RBDI":null,"Results":null,"NoSuffix":""},{"Number":"","Street":"norman","Suffix":"st","City":"","State":"","Zip":"02743","StreetName":"Norman St","Address":null,"StateName":null,"Zip4":null,"MAK":null,"AddressType":null,"RBDI":null,"Results":null,"NoSuffix":""},{"Number":"","Street":"northfield","Suffix":"pl","City":"","State":"","Zip":"02743","StreetName":"Northfield Pl","Address":null,"StateName":null,"Zip4":null,"MAK":null,"AddressType":null,"RBDI":null,"Results":null,"NoSuffix":""},{"Number":"","Street":"northwest","Suffix":"st","City":"","State":"","Zip":"02743","StreetName":"Northwest St","Address":null,"StateName":null,"Zip4":null,"MAK":null,"AddressType":null,"RBDI":null,"Results":null,"NoSuffix":""},{"Number":"","Street":"norwood","Suffix":"st","City":"","State":"","Zip":"02743","StreetName":"Norwood St","Address":null,"StateName":null,"Zip4":null,"MAK":null,"AddressType":null,"RBDI":null,"Results":null,"NoSuffix":""},{"Number":"","Street":"noyer","Suffix":"st","City":"","State":"","Zip":"02743","StreetName":"Noyer St","Address":null,"StateName":null,"Zip4":null,"MAK":null,"AddressType":null,"RBDI":null,"Results":null,"NoSuffix":""},{"Number":"","Street":"nye","Suffix":"ave","City":"","State":"","Zip":"02743","StreetName":"Nye Ave","Address":null,"StateName":null,"Zip4":null,"MAK":null,"AddressType":null,"RBDI":null,"Results":null,"NoSuffix":""},{"Number":"","Street":"nyes","Suffix":"ln","City":"","State":"","Zip":"02743","StreetName":"Nyes Ln","Address":null,"StateName":null,"Zip4":null,"MAK":null,"AddressType":null,"RBDI":null,"Results":null,"NoSuffix":""},{"Number":"","Street":"oak","Suffix":"st","City":"","State":"","Zip":"02743","StreetName":"Oak St","Address":null,"StateName":null,"Zip4":null,"MAK":null,"AddressType":null,"RBDI":null,"Results":null,"NoSuffix":""},{"Number":"","Street":"oliveira","Suffix":"ave","City":"","State":"","Zip":"02743","StreetName":"Oliveira Ave","Address":null,"StateName":null,"Zip4":null,"MAK":null,"AddressType":null,"RBDI":null,"Results":null,"NoSuffix":""},{"Number":"","Street":"orchard","Suffix":"st","City":"","State":"","Zip":"02743","StreetName":"Orchard St","Address":null,"StateName":null,"Zip4":null,"MAK":null,"AddressType":null,"RBDI":null,"Results":null,"NoSuffix":""},{"Number":"","Street":"pageotte","Suffix":"st","City":"","State":"","Zip":"02743","StreetName":"Pageotte St","Address":null,"StateName":null,"Zip4":null,"MAK":null,"AddressType":null,"RBDI":null,"Results":null,"NoSuffix":""},{"Number":"","Street":"park","Suffix":"ave","City":"","State":"","Zip":"02743","StreetName":"Park Ave","Address":null,"StateName":null,"Zip4":null,"MAK":null,"AddressType":null,"RBDI":null,"Results":null,"NoSuffix":""},{"Number":"","Street":"park","Suffix":"dr","City":"","State":"","Zip":"02743","StreetName":"Park Dr","Address":null,"StateName":null,"Zip4":null,"MAK":null,"AddressType":null,"RBDI":null,"Results":null,"NoSuffix":""},{"Number":"","Street":"parkside","Suffix":"ave","City":"","State":"","Zip":"02743","StreetName":"Parkside Ave","Address":null,"StateName":null,"Zip4":null,"MAK":null,"AddressType":null,"RBDI":null,"Results":null,"NoSuffix":""},{"Number":"","Street":"parris","Suffix":"ln","City":"","State":"","Zip":"02743","StreetName":"Parris Ln","Address":null,"StateName":null,"Zip4":null,"MAK":null,"AddressType":null,"RBDI":null,"Results":null,"NoSuffix":""},{"Number":"","Street":"paulette","Suffix":"st","City":"","State":"","Zip":"02743","StreetName":"Paulette St","Address":null,"StateName":null,"Zip4":null,"MAK":null,"AddressType":null,"RBDI":null,"Results":null,"NoSuffix":""},{"Number":"","Street":"peace pipe","Suffix":"path","City":"","State":"","Zip":"02743","StreetName":"Peace Pipe Path","Address":null,"StateName":null,"Zip4":null,"MAK":null,"AddressType":null,"RBDI":null,"Results":null,"NoSuffix":""},{"Number":"","Street":"peach blossom","Suffix":"rd","City":"","State":"","Zip":"02743","StreetName":"Peach Blossom Rd","Address":null,"StateName":null,"Zip4":null,"MAK":null,"AddressType":null,"RBDI":null,"Results":null,"NoSuffix":""},{"Number":"","Street":"peckham","Suffix":"rd","City":"","State":"","Zip":"02743","StreetName":"Peckham Rd","Address":null,"StateName":null,"Zip4":null,"MAK":null,"AddressType":null,"RBDI":null,"Results":null,"NoSuffix":""},{"Number":"","Street":"pedro","Suffix":"st","City":"","State":"","Zip":"02743","StreetName":"Pedro St","Address":null,"StateName":null,"Zip4":null,"MAK":null,"AddressType":null,"RBDI":null,"Results":null,"NoSuffix":""},{"Number":"","Street":"pembroke","Suffix":"ave","City":"","State":"","Zip":"02743","StreetName":"Pembroke Ave","Address":null,"StateName":null,"Zip4":null,"MAK":null,"AddressType":null,"RBDI":null,"Results":null,"NoSuffix":""},{"Number":"","Street":"perkins","Suffix":"ln","City":"","State":"","Zip":"02743","StreetName":"Perkins Ln","Address":null,"StateName":null,"Zip4":null,"MAK":null,"AddressType":null,"RBDI":null,"Results":null,"NoSuffix":""},{"Number":"","Street":"perry hill","Suffix":"rd","City":"","State":"","Zip":"02743","StreetName":"Perry Hill Rd","Address":null,"StateName":null,"Zip4":null,"MAK":null,"AddressType":null,"RBDI":null,"Results":null,"NoSuffix":""},{"Number":"","Street":"pershing","Suffix":"ave","City":"","State":"","Zip":"02743","StreetName":"Pershing Ave","Address":null,"StateName":null,"Zip4":null,"MAK":null,"AddressType":null,"RBDI":null,"Results":null,"NoSuffix":""},{"Number":"","Street":"pine","Suffix":"dr","City":"","State":"","Zip":"02743","StreetName":"Pine Dr","Address":null,"StateName":null,"Zip4":null,"MAK":null,"AddressType":null,"RBDI":null,"Results":null,"NoSuffix":""},{"Number":"","Street":"pine","Suffix":"st","City":"","State":"","Zip":"02743","StreetName":"Pine St","Address":null,"StateName":null,"Zip4":null,"MAK":null,"AddressType":null,"RBDI":null,"Results":null,"NoSuffix":""},{"Number":"","Street":"pleasant","Suffix":"st","City":"","State":"","Zip":"02743","StreetName":"Pleasant St","Address":null,"StateName":null,"Zip4":null,"MAK":null,"AddressType":null,"RBDI":null,"Results":null,"NoSuffix":""},{"Number":"","Street":"po box","Suffix":"","City":"","State":"","Zip":"02743","StreetName":"Po Box","Address":null,"StateName":null,"Zip4":null,"MAK":null,"AddressType":null,"RBDI":null,"Results":null,"NoSuffix":"t"},{"Number":"","Street":"pondview","Suffix":"rd","City":"","State":"","Zip":"02743","StreetName":"Pondview Rd","Address":null,"StateName":null,"Zip4":null,"MAK":null,"AddressType":null,"RBDI":null,"Results":null,"NoSuffix":""},{"Number":"","Street":"pope","Suffix":"st","City":"","State":"","Zip":"02743","StreetName":"Pope St","Address":null,"StateName":null,"Zip4":null,"MAK":null,"AddressType":null,"RBDI":null,"Results":null,"NoSuffix":""},{"Number":"","Street":"porter","Suffix":"st","City":"","State":"","Zip":"02743","StreetName":"Porter St","Address":null,"StateName":null,"Zip4":null,"MAK":null,"AddressType":null,"RBDI":null,"Results":null,"NoSuffix":""},{"Number":"","Street":"prouteau","Suffix":"st","City":"","State":"","Zip":"02743","StreetName":"Prouteau St","Address":null,"StateName":null,"Zip4":null,"MAK":null,"AddressType":null,"RBDI":null,"Results":null,"NoSuffix":""},{"Number":"","Street":"providence","Suffix":"st","City":"","State":"","Zip":"02743","StreetName":"Providence St","Address":null,"StateName":null,"Zip4":null,"MAK":null,"AddressType":null,"RBDI":null,"Results":null,"NoSuffix":""},{"Number":"","Street":"quaker","Suffix":"ln","City":"","State":"","Zip":"02743","StreetName":"Quaker Ln","Address":null,"StateName":null,"Zip4":null,"MAK":null,"AddressType":null,"RBDI":null,"Results":null,"NoSuffix":""},{"Number":"","Street":"randall","Suffix":"st","City":"","State":"","Zip":"02743","StreetName":"Randall St","Address":null,"StateName":null,"Zip4":null,"MAK":null,"AddressType":null,"RBDI":null,"Results":null,"NoSuffix":""},{"Number":"","Street":"rene","Suffix":"st","City":"","State":"","Zip":"02743","StreetName":"Rene St","Address":null,"StateName":null,"Zip4":null,"MAK":null,"AddressType":null,"RBDI":null,"Results":null,"NoSuffix":""},{"Number":"","Street":"reservation","Suffix":"rd","City":"","State":"","Zip":"02743","StreetName":"Reservation Rd","Address":null,"StateName":null,"Zip4":null,"MAK":null,"AddressType":null,"RBDI":null,"Results":null,"NoSuffix":""},{"Number":"","Street":"reservoir","Suffix":"rd","City":"","State":"","Zip":"02743","StreetName":"Reservoir Rd","Address":null,"StateName":null,"Zip4":null,"MAK":null,"AddressType":null,"RBDI":null,"Results":null,"NoSuffix":""},{"Number":"","Street":"river","Suffix":"st","City":"","State":"","Zip":"02743","StreetName":"River St","Address":null,"StateName":null,"Zip4":null,"MAK":null,"AddressType":null,"RBDI":null,"Results":null,"NoSuffix":""},{"Number":"","Street":"rivet","Suffix":"st","City":"","State":"","Zip":"02743","StreetName":"Rivet St","Address":null,"StateName":null,"Zip4":null,"MAK":null,"AddressType":null,"RBDI":null,"Results":null,"NoSuffix":""},{"Number":"","Street":"robinson","Suffix":"rd","City":"","State":"","Zip":"02743","StreetName":"Robinson Rd","Address":null,"StateName":null,"Zip4":null,"MAK":null,"AddressType":null,"RBDI":null,"Results":null,"NoSuffix":""},{"Number":"","Street":"rock","Suffix":"st","City":"","State":"","Zip":"02743","StreetName":"Rock St","Address":null,"StateName":null,"Zip4":null,"MAK":null,"AddressType":null,"RBDI":null,"Results":null,"NoSuffix":""},{"Number":"","Street":"rock cress","Suffix":"ln","City":"","State":"","Zip":"02743","StreetName":"Rock Cress Ln","Address":null,"StateName":null,"Zip4":null,"MAK":null,"AddressType":null,"RBDI":null,"Results":null,"NoSuffix":""},{"Number":"","Street":"rogerson","Suffix":"ave","City":"","State":"","Zip":"02743","StreetName":"Rogerson Ave","Address":null,"StateName":null,"Zip4":null,"MAK":null,"AddressType":null,"RBDI":null,"Results":null,"NoSuffix":""},{"Number":"","Street":"roosevelt","Suffix":"st","City":"","State":"","Zip":"02743","StreetName":"Roosevelt St","Address":null,"StateName":null,"Zip4":null,"MAK":null,"AddressType":null,"RBDI":null,"Results":null,"NoSuffix":""},{"Number":"","Street":"rosemeadow","Suffix":"ct","City":"","State":"","Zip":"02743","StreetName":"Rosemeadow Ct","Address":null,"StateName":null,"Zip4":null,"MAK":null,"AddressType":null,"RBDI":null,"Results":null,"NoSuffix":""},{"Number":"","Street":"rotch","Suffix":"st","City":"","State":"","Zip":"02743","StreetName":"Rotch St","Address":null,"StateName":null,"Zip4":null,"MAK":null,"AddressType":null,"RBDI":null,"Results":null,"NoSuffix":""},{"Number":"","Street":"russell","Suffix":"st","City":"","State":"","Zip":"02743","StreetName":"Russell St","Address":null,"StateName":null,"Zip4":null,"MAK":null,"AddressType":null,"RBDI":null,"Results":null,"NoSuffix":""},{"Number":"","Street":"saint lawrence","Suffix":"st","City":"","State":"","Zip":"02743","StreetName":"Saint Lawrence St","Address":null,"StateName":null,"Zip4":null,"MAK":null,"AddressType":null,"RBDI":null,"Results":null,"NoSuffix":""},{"Number":"","Street":"sam","Suffix":"st","City":"","State":"","Zip":"02743","StreetName":"Sam St","Address":null,"StateName":null,"Zip4":null,"MAK":null,"AddressType":null,"RBDI":null,"Results":null,"NoSuffix":""},{"Number":"","Street":"sandpiper","Suffix":"ln","City":"","State":"","Zip":"02743","StreetName":"Sandpiper Ln","Address":null,"StateName":null,"Zip4":null,"MAK":null,"AddressType":null,"RBDI":null,"Results":null,"NoSuffix":""},{"Number":"","Street":"saucier","Suffix":"st","City":"","State":"","Zip":"02743","StreetName":"Saucier St","Address":null,"StateName":null,"Zip4":null,"MAK":null,"AddressType":null,"RBDI":null,"Results":null,"NoSuffix":""},{"Number":"","Street":"scotts","Suffix":"way","City":"","State":"","Zip":"02743","StreetName":"Scotts Way","Address":null,"StateName":null,"Zip4":null,"MAK":null,"AddressType":null,"RBDI":null,"Results":null,"NoSuffix":""},{"Number":"","Street":"sears","Suffix":"ln","City":"","State":"","Zip":"02743","StreetName":"Sears Ln","Address":null,"StateName":null,"Zip4":null,"MAK":null,"AddressType":null,"RBDI":null,"Results":null,"NoSuffix":""},{"Number":"","Street":"sevigny","Suffix":"st","City":"","State":"","Zip":"02743","StreetName":"Sevigny St","Address":null,"StateName":null,"Zip4":null,"MAK":null,"AddressType":null,"RBDI":null,"Results":null,"NoSuffix":""},{"Number":"","Street":"shade tree","Suffix":"ln","City":"","State":"","Zip":"02743","StreetName":"Shade Tree Ln","Address":null,"StateName":null,"Zip4":null,"MAK":null,"AddressType":null,"RBDI":null,"Results":null,"NoSuffix":""},{"Number":"","Street":"sherri","Suffix":"ln","City":"","State":"","Zip":"02743","StreetName":"Sherri Ln","Address":null,"StateName":null,"Zip4":null,"MAK":null,"AddressType":null,"RBDI":null,"Results":null,"NoSuffix":""},{"Number":"","Street":"siamese","Suffix":"ave","City":"","State":"","Zip":"02743","StreetName":"Siamese Ave","Address":null,"StateName":null,"Zip4":null,"MAK":null,"AddressType":null,"RBDI":null,"Results":null,"NoSuffix":""},{"Number":"","Street":"slocum","Suffix":"st","City":"","State":"","Zip":"02743","StreetName":"Slocum St","Address":null,"StateName":null,"Zip4":null,"MAK":null,"AddressType":null,"RBDI":null,"Results":null,"NoSuffix":""},{"Number":"","Street":"snap weed","Suffix":"ln","City":"","State":"","Zip":"02743","StreetName":"Snap Weed Ln","Address":null,"StateName":null,"Zip4":null,"MAK":null,"AddressType":null,"RBDI":null,"Results":null,"NoSuffix":""},{"Number":"","Street":"taber","Suffix":"st","City":"","State":"","Zip":"02743","StreetName":"Taber St","Address":null,"StateName":null,"Zip4":null,"MAK":null,"AddressType":null,"RBDI":null,"Results":null,"NoSuffix":""},{"Number":"","Street":"tarkiln hill","Suffix":"rd","City":"","State":"","Zip":"02743","StreetName":"Tarkiln Hill Rd","Address":null,"StateName":null,"Zip4":null,"MAK":null,"AddressType":null,"RBDI":null,"Results":null,"NoSuffix":""},{"Number":"","Street":"therrien","Suffix":"ln","City":"","State":"","Zip":"02743","StreetName":"Therrien Ln","Address":null,"StateName":null,"Zip4":null,"MAK":null,"AddressType":null,"RBDI":null,"Results":null,"NoSuffix":""},{"Number":"","Street":"thomas","Suffix":"st","City":"","State":"","Zip":"02743","StreetName":"Thomas St","Address":null,"StateName":null,"Zip4":null,"MAK":null,"AddressType":null,"RBDI":null,"Results":null,"NoSuffix":""},{"Number":"","Street":"thomas hill","Suffix":"rd","City":"","State":"","Zip":"02743","StreetName":"Thomas Hill Rd","Address":null,"StateName":null,"Zip4":null,"MAK":null,"AddressType":null,"RBDI":null,"Results":null,"NoSuffix":""},{"Number":"","Street":"thornton","Suffix":"st","City":"","State":"","Zip":"02743","StreetName":"Thornton St","Address":null,"StateName":null,"Zip4":null,"MAK":null,"AddressType":null,"RBDI":null,"Results":null,"NoSuffix":""},{"Number":"","Street":"tillie","Suffix":"way","City":"","State":"","Zip":"02743","StreetName":"Tillie Way","Address":null,"StateName":null,"Zip4":null,"MAK":null,"AddressType":null,"RBDI":null,"Results":null,"NoSuffix":""},{"Number":"","Street":"titleist","Suffix":"dr","City":"","State":"","Zip":"02743","StreetName":"Titleist Dr","Address":null,"StateName":null,"Zip4":null,"MAK":null,"AddressType":null,"RBDI":null,"Results":null,"NoSuffix":""},{"Number":"","Street":"tobey","Suffix":"st","City":"","State":"","Zip":"02743","StreetName":"Tobey St","Address":null,"StateName":null,"Zip4":null,"MAK":null,"AddressType":null,"RBDI":null,"Results":null,"NoSuffix":""},{"Number":"","Street":"tootle","Suffix":"ln","City":"","State":"","Zip":"02743","StreetName":"Tootle Ln","Address":null,"StateName":null,"Zip4":null,"MAK":null,"AddressType":null,"RBDI":null,"Results":null,"NoSuffix":""},{"Number":"","Street":"tracey","Suffix":"st","City":"","State":"","Zip":"02743","StreetName":"Tracey St","Address":null,"StateName":null,"Zip4":null,"MAK":null,"AddressType":null,"RBDI":null,"Results":null,"NoSuffix":""},{"Number":"","Street":"union","Suffix":"st","City":"","State":"","Zip":"02743","StreetName":"Union St","Address":null,"StateName":null,"Zip4":null,"MAK":null,"AddressType":null,"RBDI":null,"Results":null,"NoSuffix":""},{"Number":"","Street":"victor","Suffix":"st","City":"","State":"","Zip":"02743","StreetName":"Victor St","Address":null,"StateName":null,"Zip4":null,"MAK":null,"AddressType":null,"RBDI":null,"Results":null,"NoSuffix":""},{"Number":"","Street":"village","Suffix":"ave","City":"","State":"","Zip":"02743","StreetName":"Village Ave","Address":null,"StateName":null,"Zip4":null,"MAK":null,"AddressType":null,"RBDI":null,"Results":null,"NoSuffix":""},{"Number":"","Street":"wamsutta","Suffix":"ave","City":"","State":"","Zip":"02743","StreetName":"Wamsutta Ave","Address":null,"StateName":null,"Zip4":null,"MAK":null,"AddressType":null,"RBDI":null,"Results":null,"NoSuffix":""},{"Number":"","Street":"ward","Suffix":"st","City":"","State":"","Zip":"02743","StreetName":"Ward St","Address":null,"StateName":null,"Zip4":null,"MAK":null,"AddressType":null,"RBDI":null,"Results":null,"NoSuffix":""},{"Number":"","Street":"waterfall","Suffix":"rd","City":"","State":"","Zip":"02743","StreetName":"Waterfall Rd","Address":null,"StateName":null,"Zip4":null,"MAK":null,"AddressType":null,"RBDI":null,"Results":null,"NoSuffix":""},{"Number":"","Street":"westland","Suffix":"st","City":"","State":"","Zip":"02743","StreetName":"Westland St","Address":null,"StateName":null,"Zip4":null,"MAK":null,"AddressType":null,"RBDI":null,"Results":null,"NoSuffix":""},{"Number":"","Street":"whelden","Suffix":"ln","City":"","State":"","Zip":"02743","StreetName":"Whelden Ln","Address":null,"StateName":null,"Zip4":null,"MAK":null,"AddressType":null,"RBDI":null,"Results":null,"NoSuffix":""},{"Number":"","Street":"white","Suffix":"st","City":"","State":"","Zip":"02743","StreetName":"White St","Address":null,"StateName":null,"Zip4":null,"MAK":null,"AddressType":null,"RBDI":null,"Results":null,"NoSuffix":""},{"Number":"","Street":"wilbur","Suffix":"ave","City":"","State":"","Zip":"02743","StreetName":"Wilbur Ave","Address":null,"StateName":null,"Zip4":null,"MAK":null,"AddressType":null,"RBDI":null,"Results":null,"NoSuffix":""},{"Number":"","Street":"wildrose","Suffix":"ln","City":"","State":"","Zip":"02743","StreetName":"Wildrose Ln","Address":null,"StateName":null,"Zip4":null,"MAK":null,"AddressType":null,"RBDI":null,"Results":null,"NoSuffix":""},{"Number":"","Street":"wilfred","Suffix":"ln","City":"","State":"","Zip":"02743","StreetName":"Wilfred Ln","Address":null,"StateName":null,"Zip4":null,"MAK":null,"AddressType":null,"RBDI":null,"Results":null,"NoSuffix":""},{"Number":"","Street":"william","Suffix":"st","City":"","State":"","Zip":"02743","StreetName":"William St","Address":null,"StateName":null,"Zip4":null,"MAK":null,"AddressType":null,"RBDI":null,"Results":null,"NoSuffix":""},{"Number":"","Street":"willow","Suffix":"st","City":"","State":"","Zip":"02743","StreetName":"Willow St","Address":null,"StateName":null,"Zip4":null,"MAK":null,"AddressType":null,"RBDI":null,"Results":null,"NoSuffix":""},{"Number":"","Street":"wing","Suffix":"ln","City":"","State":"","Zip":"02743","StreetName":"Wing Ln","Address":null,"StateName":null,"Zip4":null,"MAK":null,"AddressType":null,"RBDI":null,"Results":null,"NoSuffix":""},{"Number":"","Street":"wing","Suffix":"rd","City":"","State":"","Zip":"02743","StreetName":"Wing Rd","Address":null,"StateName":null,"Zip4":null,"MAK":null,"AddressType":null,"RBDI":null,"Results":null,"NoSuffix":""},{"Number":"","Street":"wood","Suffix":"rd","City":"","State":"","Zip":"02743","StreetName":"Wood Rd","Address":null,"StateName":null,"Zip4":null,"MAK":null,"AddressType":null,"RBDI":null,"Results":null,"NoSuffix":""},{"Number":"","Street":"wood duck","Suffix":"rd","City":"","State":"","Zip":"02743","StreetName":"Wood Duck Rd","Address":null,"StateName":null,"Zip4":null,"MAK":null,"AddressType":null,"RBDI":null,"Results":null,"NoSuffix":""},{"Number":"","Street":"woodland","Suffix":"rd","City":"","State":"","Zip":"02743","StreetName":"Woodland Rd","Address":null,"StateName":null,"Zip4":null,"MAK":null,"AddressType":null,"RBDI":null,"Results":null,"NoSuffix":""}]