[{"Number":"","Street":"academy","Suffix":"dr","City":"","State":"","Zip":"01355","StreetName":"Academy Dr","Address":null,"StateName":null,"Zip4":null,"MAK":null,"AddressType":null,"RBDI":null,"Results":null,"NoSuffix":""},{"Number":"","Street":"blueberry hill","Suffix":"rd","City":"","State":"","Zip":"01355","StreetName":"Blueberry Hill Rd","Address":null,"StateName":null,"Zip4":null,"MAK":null,"AddressType":null,"RBDI":null,"Results":null,"NoSuffix":""},{"Number":"","Street":"cooleyville","Suffix":"rd","City":"","State":"","Zip":"01355","StreetName":"Cooleyville Rd","Address":null,"StateName":null,"Zip4":null,"MAK":null,"AddressType":null,"RBDI":null,"Results":null,"NoSuffix":""},{"Number":"","Street":"coolidge","Suffix":"dr","City":"","State":"","Zip":"01355","StreetName":"Coolidge Dr","Address":null,"StateName":null,"Zip4":null,"MAK":null,"AddressType":null,"RBDI":null,"Results":null,"NoSuffix":""},{"Number":"","Street":"crowl","Suffix":"rd","City":"","State":"","Zip":"01355","StreetName":"Crowl Rd","Address":null,"StateName":null,"Zip4":null,"MAK":null,"AddressType":null,"RBDI":null,"Results":null,"NoSuffix":""},{"Number":"","Street":"daniel shays","Suffix":"hwy","City":"","State":"","Zip":"01355","StreetName":"Daniel Shays Hwy","Address":null,"StateName":null,"Zip4":null,"MAK":null,"AddressType":null,"RBDI":null,"Results":null,"NoSuffix":""},{"Number":"","Street":"earl whitaker","Suffix":"rd","City":"","State":"","Zip":"01355","StreetName":"Earl Whitaker Rd","Address":null,"StateName":null,"Zip4":null,"MAK":null,"AddressType":null,"RBDI":null,"Results":null,"NoSuffix":""},{"Number":"","Street":"elm","Suffix":"st","City":"","State":"","Zip":"01355","StreetName":"Elm St","Address":null,"StateName":null,"Zip4":null,"MAK":null,"AddressType":null,"RBDI":null,"Results":null,"NoSuffix":""},{"Number":"","Street":"fay","Suffix":"rd","City":"","State":"","Zip":"01355","StreetName":"Fay Rd","Address":null,"StateName":null,"Zip4":null,"MAK":null,"AddressType":null,"RBDI":null,"Results":null,"NoSuffix":""},{"Number":"","Street":"hessian","Suffix":"ln","City":"","State":"","Zip":"01355","StreetName":"Hessian Ln","Address":null,"StateName":null,"Zip4":null,"MAK":null,"AddressType":null,"RBDI":null,"Results":null,"NoSuffix":""},{"Number":"","Street":"hunt","Suffix":"rd","City":"","State":"","Zip":"01355","StreetName":"Hunt Rd","Address":null,"StateName":null,"Zip4":null,"MAK":null,"AddressType":null,"RBDI":null,"Results":null,"NoSuffix":""},{"Number":"","Street":"jenne horr","Suffix":"rd","City":"","State":"","Zip":"01355","StreetName":"Jenne Horr Rd","Address":null,"StateName":null,"Zip4":null,"MAK":null,"AddressType":null,"RBDI":null,"Results":null,"NoSuffix":""},{"Number":"","Street":"lavoie","Suffix":"ln","City":"","State":"","Zip":"01355","StreetName":"Lavoie Ln","Address":null,"StateName":null,"Zip4":null,"MAK":null,"AddressType":null,"RBDI":null,"Results":null,"NoSuffix":""},{"Number":"","Street":"lovers","Suffix":"ln","City":"","State":"","Zip":"01355","StreetName":"Lovers Ln","Address":null,"StateName":null,"Zip4":null,"MAK":null,"AddressType":null,"RBDI":null,"Results":null,"NoSuffix":""},{"Number":"","Street":"main","Suffix":"st","City":"","State":"","Zip":"01355","StreetName":"Main St","Address":null,"StateName":null,"Zip4":null,"MAK":null,"AddressType":null,"RBDI":null,"Results":null,"NoSuffix":""},{"Number":"","Street":"meacham","Suffix":"rd","City":"","State":"","Zip":"01355","StreetName":"Meacham Rd","Address":null,"StateName":null,"Zip4":null,"MAK":null,"AddressType":null,"RBDI":null,"Results":null,"NoSuffix":""},{"Number":"","Street":"meetinghouse","Suffix":"ln","City":"","State":"","Zip":"01355","StreetName":"Meetinghouse Ln","Address":null,"StateName":null,"Zip4":null,"MAK":null,"AddressType":null,"RBDI":null,"Results":null,"NoSuffix":""},{"Number":"","Street":"millington","Suffix":"rd","City":"","State":"","Zip":"01355","StreetName":"Millington Rd","Address":null,"StateName":null,"Zip4":null,"MAK":null,"AddressType":null,"RBDI":null,"Results":null,"NoSuffix":""},{"Number":"","Street":"moosehorn","Suffix":"rd","City":"","State":"","Zip":"01355","StreetName":"Moosehorn Rd","Address":null,"StateName":null,"Zip4":null,"MAK":null,"AddressType":null,"RBDI":null,"Results":null,"NoSuffix":""},{"Number":"","Street":"neilson","Suffix":"rd","City":"","State":"","Zip":"01355","StreetName":"Neilson Rd","Address":null,"StateName":null,"Zip4":null,"MAK":null,"AddressType":null,"RBDI":null,"Results":null,"NoSuffix":""},{"Number":"","Street":"old county","Suffix":"rd","City":"","State":"","Zip":"01355","StreetName":"Old County Rd","Address":null,"StateName":null,"Zip4":null,"MAK":null,"AddressType":null,"RBDI":null,"Results":null,"NoSuffix":""},{"Number":"","Street":"old main","Suffix":"st","City":"","State":"","Zip":"01355","StreetName":"Old Main St","Address":null,"StateName":null,"Zip4":null,"MAK":null,"AddressType":null,"RBDI":null,"Results":null,"NoSuffix":""},{"Number":"","Street":"old north dana","Suffix":"rd","City":"","State":"","Zip":"01355","StreetName":"Old North Dana Rd","Address":null,"StateName":null,"Zip4":null,"MAK":null,"AddressType":null,"RBDI":null,"Results":null,"NoSuffix":""},{"Number":"","Street":"old petersham","Suffix":"rd","City":"","State":"","Zip":"01355","StreetName":"Old Petersham Rd","Address":null,"StateName":null,"Zip4":null,"MAK":null,"AddressType":null,"RBDI":null,"Results":null,"NoSuffix":""},{"Number":"","Street":"orange","Suffix":"rd","City":"","State":"","Zip":"01355","StreetName":"Orange Rd","Address":null,"StateName":null,"Zip4":null,"MAK":null,"AddressType":null,"RBDI":null,"Results":null,"NoSuffix":""},{"Number":"","Street":"osborne","Suffix":"rd","City":"","State":"","Zip":"01355","StreetName":"Osborne Rd","Address":null,"StateName":null,"Zip4":null,"MAK":null,"AddressType":null,"RBDI":null,"Results":null,"NoSuffix":""},{"Number":"","Street":"petersham","Suffix":"rd","City":"","State":"","Zip":"01355","StreetName":"Petersham Rd","Address":null,"StateName":null,"Zip4":null,"MAK":null,"AddressType":null,"RBDI":null,"Results":null,"NoSuffix":""},{"Number":"","Street":"pinetree","Suffix":"dr","City":"","State":"","Zip":"01355","StreetName":"Pinetree Dr","Address":null,"StateName":null,"Zip4":null,"MAK":null,"AddressType":null,"RBDI":null,"Results":null,"NoSuffix":""},{"Number":"","Street":"po box","Suffix":"","City":"","State":"","Zip":"01355","StreetName":"Po Box","Address":null,"StateName":null,"Zip4":null,"MAK":null,"AddressType":null,"RBDI":null,"Results":null,"NoSuffix":"t"},{"Number":"","Street":"prescott","Suffix":"rd","City":"","State":"","Zip":"01355","StreetName":"Prescott Rd","Address":null,"StateName":null,"Zip4":null,"MAK":null,"AddressType":null,"RBDI":null,"Results":null,"NoSuffix":""},{"Number":"","Street":"route","Suffix":"","City":"","State":"","Zip":"01355","StreetName":"Route","Address":null,"StateName":null,"Zip4":null,"MAK":null,"AddressType":null,"RBDI":null,"Results":null,"NoSuffix":"t"},{"Number":"","Street":"shutesbury","Suffix":"rd","City":"","State":"","Zip":"01355","StreetName":"Shutesbury Rd","Address":null,"StateName":null,"Zip4":null,"MAK":null,"AddressType":null,"RBDI":null,"Results":null,"NoSuffix":""},{"Number":"","Street":"spec pond","Suffix":"rd","City":"","State":"","Zip":"01355","StreetName":"Spec Pond Rd","Address":null,"StateName":null,"Zip4":null,"MAK":null,"AddressType":null,"RBDI":null,"Results":null,"NoSuffix":""},{"Number":"","Street":"stone hill","Suffix":"rd","City":"","State":"","Zip":"01355","StreetName":"Stone Hill Rd","Address":null,"StateName":null,"Zip4":null,"MAK":null,"AddressType":null,"RBDI":null,"Results":null,"NoSuffix":""},{"Number":"","Street":"sweezy","Suffix":"ln","City":"","State":"","Zip":"01355","StreetName":"Sweezy Ln","Address":null,"StateName":null,"Zip4":null,"MAK":null,"AddressType":null,"RBDI":null,"Results":null,"NoSuffix":""},{"Number":"","Street":"vaughn","Suffix":"rd","City":"","State":"","Zip":"01355","StreetName":"Vaughn Rd","Address":null,"StateName":null,"Zip4":null,"MAK":null,"AddressType":null,"RBDI":null,"Results":null,"NoSuffix":""},{"Number":"","Street":"wendell","Suffix":"rd","City":"","State":"","Zip":"01355","StreetName":"Wendell Rd","Address":null,"StateName":null,"Zip4":null,"MAK":null,"AddressType":null,"RBDI":null,"Results":null,"NoSuffix":""},{"Number":"","Street":"west","Suffix":"st","City":"","State":"","Zip":"01355","StreetName":"West St","Address":null,"StateName":null,"Zip4":null,"MAK":null,"AddressType":null,"RBDI":null,"Results":null,"NoSuffix":""},{"Number":"","Street":"whitaker","Suffix":"rd","City":"","State":"","Zip":"01355","StreetName":"Whitaker Rd","Address":null,"StateName":null,"Zip4":null,"MAK":null,"AddressType":null,"RBDI":null,"Results":null,"NoSuffix":""},{"Number":"","Street":"william rice","Suffix":"rd","City":"","State":"","Zip":"01355","StreetName":"William Rice Rd","Address":null,"StateName":null,"Zip4":null,"MAK":null,"AddressType":null,"RBDI":null,"Results":null,"NoSuffix":""}]