[{"Number":"","Street":"ada","Suffix":"st","City":"","State":"","Zip":"02131","StreetName":"Ada St","Address":null,"StateName":null,"Zip4":null,"MAK":null,"AddressType":null,"RBDI":null,"Results":null,"NoSuffix":""},{"Number":"","Street":"ainsworth","Suffix":"st","City":"","State":"","Zip":"02131","StreetName":"Ainsworth St","Address":null,"StateName":null,"Zip4":null,"MAK":null,"AddressType":null,"RBDI":null,"Results":null,"NoSuffix":""},{"Number":"","Street":"albano","Suffix":"st","City":"","State":"","Zip":"02131","StreetName":"Albano St","Address":null,"StateName":null,"Zip4":null,"MAK":null,"AddressType":null,"RBDI":null,"Results":null,"NoSuffix":""},{"Number":"","Street":"alder","Suffix":"st","City":"","State":"","Zip":"02131","StreetName":"Alder St","Address":null,"StateName":null,"Zip4":null,"MAK":null,"AddressType":null,"RBDI":null,"Results":null,"NoSuffix":""},{"Number":"","Street":"aldrich","Suffix":"st","City":"","State":"","Zip":"02131","StreetName":"Aldrich St","Address":null,"StateName":null,"Zip4":null,"MAK":null,"AddressType":null,"RBDI":null,"Results":null,"NoSuffix":""},{"Number":"","Street":"aldwin","Suffix":"rd","City":"","State":"","Zip":"02131","StreetName":"Aldwin Rd","Address":null,"StateName":null,"Zip4":null,"MAK":null,"AddressType":null,"RBDI":null,"Results":null,"NoSuffix":""},{"Number":"","Street":"allandale","Suffix":"st","City":"","State":"","Zip":"02131","StreetName":"Allandale St","Address":null,"StateName":null,"Zip4":null,"MAK":null,"AddressType":null,"RBDI":null,"Results":null,"NoSuffix":""},{"Number":"","Street":"allen","Suffix":"st","City":"","State":"","Zip":"02131","StreetName":"Allen St","Address":null,"StateName":null,"Zip4":null,"MAK":null,"AddressType":null,"RBDI":null,"Results":null,"NoSuffix":""},{"Number":"","Street":"alpheus","Suffix":"rd","City":"","State":"","Zip":"02131","StreetName":"Alpheus Rd","Address":null,"StateName":null,"Zip4":null,"MAK":null,"AddressType":null,"RBDI":null,"Results":null,"NoSuffix":""},{"Number":"","Street":"american legion","Suffix":"hwy","City":"","State":"","Zip":"02131","StreetName":"American Legion Hwy","Address":null,"StateName":null,"Zip4":null,"MAK":null,"AddressType":null,"RBDI":null,"Results":null,"NoSuffix":""},{"Number":"","Street":"amherst","Suffix":"st","City":"","State":"","Zip":"02131","StreetName":"Amherst St","Address":null,"StateName":null,"Zip4":null,"MAK":null,"AddressType":null,"RBDI":null,"Results":null,"NoSuffix":""},{"Number":"","Street":"annafran","Suffix":"st","City":"","State":"","Zip":"02131","StreetName":"Annafran St","Address":null,"StateName":null,"Zip4":null,"MAK":null,"AddressType":null,"RBDI":null,"Results":null,"NoSuffix":""},{"Number":"","Street":"arboretum","Suffix":"rd","City":"","State":"","Zip":"02131","StreetName":"Arboretum Rd","Address":null,"StateName":null,"Zip4":null,"MAK":null,"AddressType":null,"RBDI":null,"Results":null,"NoSuffix":""},{"Number":"","Street":"arborfield","Suffix":"rd","City":"","State":"","Zip":"02131","StreetName":"Arborfield Rd","Address":null,"StateName":null,"Zip4":null,"MAK":null,"AddressType":null,"RBDI":null,"Results":null,"NoSuffix":""},{"Number":"","Street":"arborough","Suffix":"rd","City":"","State":"","Zip":"02131","StreetName":"Arborough Rd","Address":null,"StateName":null,"Zip4":null,"MAK":null,"AddressType":null,"RBDI":null,"Results":null,"NoSuffix":""},{"Number":"","Street":"archdale","Suffix":"rd","City":"","State":"","Zip":"02131","StreetName":"Archdale Rd","Address":null,"StateName":null,"Zip4":null,"MAK":null,"AddressType":null,"RBDI":null,"Results":null,"NoSuffix":""},{"Number":"","Street":"ardale","Suffix":"st","City":"","State":"","Zip":"02131","StreetName":"Ardale St","Address":null,"StateName":null,"Zip4":null,"MAK":null,"AddressType":null,"RBDI":null,"Results":null,"NoSuffix":""},{"Number":"","Street":"ardent","Suffix":"st","City":"","State":"","Zip":"02131","StreetName":"Ardent St","Address":null,"StateName":null,"Zip4":null,"MAK":null,"AddressType":null,"RBDI":null,"Results":null,"NoSuffix":""},{"Number":"","Street":"ashfield","Suffix":"st","City":"","State":"","Zip":"02131","StreetName":"Ashfield St","Address":null,"StateName":null,"Zip4":null,"MAK":null,"AddressType":null,"RBDI":null,"Results":null,"NoSuffix":""},{"Number":"","Street":"ashwood","Suffix":"ter","City":"","State":"","Zip":"02131","StreetName":"Ashwood Ter","Address":null,"StateName":null,"Zip4":null,"MAK":null,"AddressType":null,"RBDI":null,"Results":null,"NoSuffix":""},{"Number":"","Street":"atherton","Suffix":"ave","City":"","State":"","Zip":"02131","StreetName":"Atherton Ave","Address":null,"StateName":null,"Zip4":null,"MAK":null,"AddressType":null,"RBDI":null,"Results":null,"NoSuffix":""},{"Number":"","Street":"augustus","Suffix":"ave","City":"","State":"","Zip":"02131","StreetName":"Augustus Ave","Address":null,"StateName":null,"Zip4":null,"MAK":null,"AddressType":null,"RBDI":null,"Results":null,"NoSuffix":""},{"Number":"","Street":"averton","Suffix":"st","City":"","State":"","Zip":"02131","StreetName":"Averton St","Address":null,"StateName":null,"Zip4":null,"MAK":null,"AddressType":null,"RBDI":null,"Results":null,"NoSuffix":""},{"Number":"","Street":"basile","Suffix":"st","City":"","State":"","Zip":"02131","StreetName":"Basile St","Address":null,"StateName":null,"Zip4":null,"MAK":null,"AddressType":null,"RBDI":null,"Results":null,"NoSuffix":""},{"Number":"","Street":"basto","Suffix":"ter","City":"","State":"","Zip":"02131","StreetName":"Basto Ter","Address":null,"StateName":null,"Zip4":null,"MAK":null,"AddressType":null,"RBDI":null,"Results":null,"NoSuffix":""},{"Number":"","Street":"bateman","Suffix":"st","City":"","State":"","Zip":"02131","StreetName":"Bateman St","Address":null,"StateName":null,"Zip4":null,"MAK":null,"AddressType":null,"RBDI":null,"Results":null,"NoSuffix":""},{"Number":"","Street":"beech","Suffix":"st","City":"","State":"","Zip":"02131","StreetName":"Beech St","Address":null,"StateName":null,"Zip4":null,"MAK":null,"AddressType":null,"RBDI":null,"Results":null,"NoSuffix":""},{"Number":"","Street":"beechland","Suffix":"cir","City":"","State":"","Zip":"02131","StreetName":"Beechland Cir","Address":null,"StateName":null,"Zip4":null,"MAK":null,"AddressType":null,"RBDI":null,"Results":null,"NoSuffix":""},{"Number":"","Street":"belgrade","Suffix":"ave","City":"","State":"","Zip":"02131","StreetName":"Belgrade Ave","Address":null,"StateName":null,"Zip4":null,"MAK":null,"AddressType":null,"RBDI":null,"Results":null,"NoSuffix":""},{"Number":"","Street":"beram","Suffix":"ave","City":"","State":"","Zip":"02131","StreetName":"Beram Ave","Address":null,"StateName":null,"Zip4":null,"MAK":null,"AddressType":null,"RBDI":null,"Results":null,"NoSuffix":""},{"Number":"","Street":"beryl","Suffix":"st","City":"","State":"","Zip":"02131","StreetName":"Beryl St","Address":null,"StateName":null,"Zip4":null,"MAK":null,"AddressType":null,"RBDI":null,"Results":null,"NoSuffix":""},{"Number":"","Street":"bexley","Suffix":"rd","City":"","State":"","Zip":"02131","StreetName":"Bexley Rd","Address":null,"StateName":null,"Zip4":null,"MAK":null,"AddressType":null,"RBDI":null,"Results":null,"NoSuffix":""},{"Number":"","Street":"birch","Suffix":"st","City":"","State":"","Zip":"02131","StreetName":"Birch St","Address":null,"StateName":null,"Zip4":null,"MAK":null,"AddressType":null,"RBDI":null,"Results":null,"NoSuffix":""},{"Number":"","Street":"blakemore","Suffix":"st","City":"","State":"","Zip":"02131","StreetName":"Blakemore St","Address":null,"StateName":null,"Zip4":null,"MAK":null,"AddressType":null,"RBDI":null,"Results":null,"NoSuffix":""},{"Number":"","Street":"blue ledge","Suffix":"dr","City":"","State":"","Zip":"02131","StreetName":"Blue Ledge Dr","Address":null,"StateName":null,"Zip4":null,"MAK":null,"AddressType":null,"RBDI":null,"Results":null,"NoSuffix":""},{"Number":"","Street":"blue ledge","Suffix":"ter","City":"","State":"","Zip":"02131","StreetName":"Blue Ledge Ter","Address":null,"StateName":null,"Zip4":null,"MAK":null,"AddressType":null,"RBDI":null,"Results":null,"NoSuffix":""},{"Number":"","Street":"bourne","Suffix":"st","City":"","State":"","Zip":"02131","StreetName":"Bourne St","Address":null,"StateName":null,"Zip4":null,"MAK":null,"AddressType":null,"RBDI":null,"Results":null,"NoSuffix":""},{"Number":"","Street":"bradeen","Suffix":"st","City":"","State":"","Zip":"02131","StreetName":"Bradeen St","Address":null,"StateName":null,"Zip4":null,"MAK":null,"AddressType":null,"RBDI":null,"Results":null,"NoSuffix":""},{"Number":"","Street":"bradfield","Suffix":"ave","City":"","State":"","Zip":"02131","StreetName":"Bradfield Ave","Address":null,"StateName":null,"Zip4":null,"MAK":null,"AddressType":null,"RBDI":null,"Results":null,"NoSuffix":""},{"Number":"","Street":"bradford","Suffix":"cir","City":"","State":"","Zip":"02131","StreetName":"Bradford Cir","Address":null,"StateName":null,"Zip4":null,"MAK":null,"AddressType":null,"RBDI":null,"Results":null,"NoSuffix":""},{"Number":"","Street":"bradstreet","Suffix":"ave","City":"","State":"","Zip":"02131","StreetName":"Bradstreet Ave","Address":null,"StateName":null,"Zip4":null,"MAK":null,"AddressType":null,"RBDI":null,"Results":null,"NoSuffix":""},{"Number":"","Street":"bradwood","Suffix":"st","City":"","State":"","Zip":"02131","StreetName":"Bradwood St","Address":null,"StateName":null,"Zip4":null,"MAK":null,"AddressType":null,"RBDI":null,"Results":null,"NoSuffix":""},{"Number":"","Street":"brahms","Suffix":"st","City":"","State":"","Zip":"02131","StreetName":"Brahms St","Address":null,"StateName":null,"Zip4":null,"MAK":null,"AddressType":null,"RBDI":null,"Results":null,"NoSuffix":""},{"Number":"","Street":"bridge","Suffix":"ct","City":"","State":"","Zip":"02131","StreetName":"Bridge Ct","Address":null,"StateName":null,"Zip4":null,"MAK":null,"AddressType":null,"RBDI":null,"Results":null,"NoSuffix":""},{"Number":"","Street":"bridge","Suffix":"st","City":"","State":"","Zip":"02131","StreetName":"Bridge St","Address":null,"StateName":null,"Zip4":null,"MAK":null,"AddressType":null,"RBDI":null,"Results":null,"NoSuffix":""},{"Number":"","Street":"brook","Suffix":"st","City":"","State":"","Zip":"02131","StreetName":"Brook St","Address":null,"StateName":null,"Zip4":null,"MAK":null,"AddressType":null,"RBDI":null,"Results":null,"NoSuffix":""},{"Number":"","Street":"brookdale","Suffix":"st","City":"","State":"","Zip":"02131","StreetName":"Brookdale St","Address":null,"StateName":null,"Zip4":null,"MAK":null,"AddressType":null,"RBDI":null,"Results":null,"NoSuffix":""},{"Number":"","Street":"brookfield","Suffix":"st","City":"","State":"","Zip":"02131","StreetName":"Brookfield St","Address":null,"StateName":null,"Zip4":null,"MAK":null,"AddressType":null,"RBDI":null,"Results":null,"NoSuffix":""},{"Number":"","Street":"brookway","Suffix":"rd","City":"","State":"","Zip":"02131","StreetName":"Brookway Rd","Address":null,"StateName":null,"Zip4":null,"MAK":null,"AddressType":null,"RBDI":null,"Results":null,"NoSuffix":""},{"Number":"","Street":"brookway","Suffix":"ter","City":"","State":"","Zip":"02131","StreetName":"Brookway Ter","Address":null,"StateName":null,"Zip4":null,"MAK":null,"AddressType":null,"RBDI":null,"Results":null,"NoSuffix":""},{"Number":"","Street":"brown","Suffix":"ave","City":"","State":"","Zip":"02131","StreetName":"Brown Ave","Address":null,"StateName":null,"Zip4":null,"MAK":null,"AddressType":null,"RBDI":null,"Results":null,"NoSuffix":""},{"Number":"","Street":"burley","Suffix":"st","City":"","State":"","Zip":"02131","StreetName":"Burley St","Address":null,"StateName":null,"Zip4":null,"MAK":null,"AddressType":null,"RBDI":null,"Results":null,"NoSuffix":""},{"Number":"","Street":"byrd","Suffix":"ave","City":"","State":"","Zip":"02131","StreetName":"Byrd Ave","Address":null,"StateName":null,"Zip4":null,"MAK":null,"AddressType":null,"RBDI":null,"Results":null,"NoSuffix":""},{"Number":"","Street":"canterbury","Suffix":"st","City":"","State":"","Zip":"02131","StreetName":"Canterbury St","Address":null,"StateName":null,"Zip4":null,"MAK":null,"AddressType":null,"RBDI":null,"Results":null,"NoSuffix":""},{"Number":"","Street":"catherine","Suffix":"st","City":"","State":"","Zip":"02131","StreetName":"Catherine St","Address":null,"StateName":null,"Zip4":null,"MAK":null,"AddressType":null,"RBDI":null,"Results":null,"NoSuffix":""},{"Number":"","Street":"cedrus","Suffix":"ave","City":"","State":"","Zip":"02131","StreetName":"Cedrus Ave","Address":null,"StateName":null,"Zip4":null,"MAK":null,"AddressType":null,"RBDI":null,"Results":null,"NoSuffix":""},{"Number":"","Street":"centre","Suffix":"st","City":"","State":"","Zip":"02131","StreetName":"Centre St","Address":null,"StateName":null,"Zip4":null,"MAK":null,"AddressType":null,"RBDI":null,"Results":null,"NoSuffix":""},{"Number":"","Street":"charme","Suffix":"ave","City":"","State":"","Zip":"02131","StreetName":"Charme Ave","Address":null,"StateName":null,"Zip4":null,"MAK":null,"AddressType":null,"RBDI":null,"Results":null,"NoSuffix":""},{"Number":"","Street":"chisholm","Suffix":"ln","City":"","State":"","Zip":"02131","StreetName":"Chisholm Ln","Address":null,"StateName":null,"Zip4":null,"MAK":null,"AddressType":null,"RBDI":null,"Results":null,"NoSuffix":""},{"Number":"","Street":"chisholm","Suffix":"rd","City":"","State":"","Zip":"02131","StreetName":"Chisholm Rd","Address":null,"StateName":null,"Zip4":null,"MAK":null,"AddressType":null,"RBDI":null,"Results":null,"NoSuffix":""},{"Number":"","Street":"chisholm","Suffix":"ter","City":"","State":"","Zip":"02131","StreetName":"Chisholm Ter","Address":null,"StateName":null,"Zip4":null,"MAK":null,"AddressType":null,"RBDI":null,"Results":null,"NoSuffix":""},{"Number":"","Street":"clare","Suffix":"ave","City":"","State":"","Zip":"02131","StreetName":"Clare Ave","Address":null,"StateName":null,"Zip4":null,"MAK":null,"AddressType":null,"RBDI":null,"Results":null,"NoSuffix":""},{"Number":"","Street":"clarendon","Suffix":"park","City":"","State":"","Zip":"02131","StreetName":"Clarendon Park","Address":null,"StateName":null,"Zip4":null,"MAK":null,"AddressType":null,"RBDI":null,"Results":null,"NoSuffix":""},{"Number":"","Street":"claron","Suffix":"st","City":"","State":"","Zip":"02131","StreetName":"Claron St","Address":null,"StateName":null,"Zip4":null,"MAK":null,"AddressType":null,"RBDI":null,"Results":null,"NoSuffix":""},{"Number":"","Street":"claxton","Suffix":"st","City":"","State":"","Zip":"02131","StreetName":"Claxton St","Address":null,"StateName":null,"Zip4":null,"MAK":null,"AddressType":null,"RBDI":null,"Results":null,"NoSuffix":""},{"Number":"","Street":"cliffmont","Suffix":"st","City":"","State":"","Zip":"02131","StreetName":"Cliffmont St","Address":null,"StateName":null,"Zip4":null,"MAK":null,"AddressType":null,"RBDI":null,"Results":null,"NoSuffix":""},{"Number":"","Street":"cliftondale","Suffix":"st","City":"","State":"","Zip":"02131","StreetName":"Cliftondale St","Address":null,"StateName":null,"Zip4":null,"MAK":null,"AddressType":null,"RBDI":null,"Results":null,"NoSuffix":""},{"Number":"","Street":"cohasset","Suffix":"st","City":"","State":"","Zip":"02131","StreetName":"Cohasset St","Address":null,"StateName":null,"Zip4":null,"MAK":null,"AddressType":null,"RBDI":null,"Results":null,"NoSuffix":""},{"Number":"","Street":"colberg","Suffix":"ave","City":"","State":"","Zip":"02131","StreetName":"Colberg Ave","Address":null,"StateName":null,"Zip4":null,"MAK":null,"AddressType":null,"RBDI":null,"Results":null,"NoSuffix":""},{"Number":"","Street":"colgate","Suffix":"rd","City":"","State":"","Zip":"02131","StreetName":"Colgate Rd","Address":null,"StateName":null,"Zip4":null,"MAK":null,"AddressType":null,"RBDI":null,"Results":null,"NoSuffix":""},{"Number":"","Street":"congreve","Suffix":"st","City":"","State":"","Zip":"02131","StreetName":"Congreve St","Address":null,"StateName":null,"Zip4":null,"MAK":null,"AddressType":null,"RBDI":null,"Results":null,"NoSuffix":""},{"Number":"","Street":"coniston","Suffix":"rd","City":"","State":"","Zip":"02131","StreetName":"Coniston Rd","Address":null,"StateName":null,"Zip4":null,"MAK":null,"AddressType":null,"RBDI":null,"Results":null,"NoSuffix":""},{"Number":"","Street":"conway","Suffix":"ct","City":"","State":"","Zip":"02131","StreetName":"Conway Ct","Address":null,"StateName":null,"Zip4":null,"MAK":null,"AddressType":null,"RBDI":null,"Results":null,"NoSuffix":""},{"Number":"","Street":"conway","Suffix":"st","City":"","State":"","Zip":"02131","StreetName":"Conway St","Address":null,"StateName":null,"Zip4":null,"MAK":null,"AddressType":null,"RBDI":null,"Results":null,"NoSuffix":""},{"Number":"","Street":"corinth","Suffix":"st","City":"","State":"","Zip":"02131","StreetName":"Corinth St","Address":null,"StateName":null,"Zip4":null,"MAK":null,"AddressType":null,"RBDI":null,"Results":null,"NoSuffix":""},{"Number":"","Street":"cornauba","Suffix":"st","City":"","State":"","Zip":"02131","StreetName":"Cornauba St","Address":null,"StateName":null,"Zip4":null,"MAK":null,"AddressType":null,"RBDI":null,"Results":null,"NoSuffix":""},{"Number":"","Street":"cornauba street","Suffix":"ext","City":"","State":"","Zip":"02131","StreetName":"Cornauba Street Ext","Address":null,"StateName":null,"Zip4":null,"MAK":null,"AddressType":null,"RBDI":null,"Results":null,"NoSuffix":""},{"Number":"","Street":"cornell","Suffix":"st","City":"","State":"","Zip":"02131","StreetName":"Cornell St","Address":null,"StateName":null,"Zip4":null,"MAK":null,"AddressType":null,"RBDI":null,"Results":null,"NoSuffix":""},{"Number":"","Street":"cotton","Suffix":"st","City":"","State":"","Zip":"02131","StreetName":"Cotton St","Address":null,"StateName":null,"Zip4":null,"MAK":null,"AddressType":null,"RBDI":null,"Results":null,"NoSuffix":""},{"Number":"","Street":"crandall","Suffix":"st","City":"","State":"","Zip":"02131","StreetName":"Crandall St","Address":null,"StateName":null,"Zip4":null,"MAK":null,"AddressType":null,"RBDI":null,"Results":null,"NoSuffix":""},{"Number":"","Street":"crehore","Suffix":"rd","City":"","State":"","Zip":"02131","StreetName":"Crehore Rd","Address":null,"StateName":null,"Zip4":null,"MAK":null,"AddressType":null,"RBDI":null,"Results":null,"NoSuffix":""},{"Number":"","Street":"crestview","Suffix":"rd","City":"","State":"","Zip":"02131","StreetName":"Crestview Rd","Address":null,"StateName":null,"Zip4":null,"MAK":null,"AddressType":null,"RBDI":null,"Results":null,"NoSuffix":""},{"Number":"","Street":"cummins","Suffix":"hwy","City":"","State":"","Zip":"02131","StreetName":"Cummins Hwy","Address":null,"StateName":null,"Zip4":null,"MAK":null,"AddressType":null,"RBDI":null,"Results":null,"NoSuffix":""},{"Number":"","Street":"curley","Suffix":"st","City":"","State":"","Zip":"02131","StreetName":"Curley St","Address":null,"StateName":null,"Zip4":null,"MAK":null,"AddressType":null,"RBDI":null,"Results":null,"NoSuffix":""},{"Number":"","Street":"dale","Suffix":"st","City":"","State":"","Zip":"02131","StreetName":"Dale St","Address":null,"StateName":null,"Zip4":null,"MAK":null,"AddressType":null,"RBDI":null,"Results":null,"NoSuffix":""},{"Number":"","Street":"deforest","Suffix":"st","City":"","State":"","Zip":"02131","StreetName":"Deforest St","Address":null,"StateName":null,"Zip4":null,"MAK":null,"AddressType":null,"RBDI":null,"Results":null,"NoSuffix":""},{"Number":"","Street":"delano","Suffix":"ct","City":"","State":"","Zip":"02131","StreetName":"Delano Ct","Address":null,"StateName":null,"Zip4":null,"MAK":null,"AddressType":null,"RBDI":null,"Results":null,"NoSuffix":""},{"Number":"","Street":"delano","Suffix":"park","City":"","State":"","Zip":"02131","StreetName":"Delano Park","Address":null,"StateName":null,"Zip4":null,"MAK":null,"AddressType":null,"RBDI":null,"Results":null,"NoSuffix":""},{"Number":"","Street":"delford","Suffix":"st","City":"","State":"","Zip":"02131","StreetName":"Delford St","Address":null,"StateName":null,"Zip4":null,"MAK":null,"AddressType":null,"RBDI":null,"Results":null,"NoSuffix":""},{"Number":"","Street":"delore","Suffix":"cir","City":"","State":"","Zip":"02131","StreetName":"Delore Cir","Address":null,"StateName":null,"Zip4":null,"MAK":null,"AddressType":null,"RBDI":null,"Results":null,"NoSuffix":""},{"Number":"","Street":"denton","Suffix":"ter","City":"","State":"","Zip":"02131","StreetName":"Denton Ter","Address":null,"StateName":null,"Zip4":null,"MAK":null,"AddressType":null,"RBDI":null,"Results":null,"NoSuffix":""},{"Number":"","Street":"destefano","Suffix":"rd","City":"","State":"","Zip":"02131","StreetName":"Destefano Rd","Address":null,"StateName":null,"Zip4":null,"MAK":null,"AddressType":null,"RBDI":null,"Results":null,"NoSuffix":""},{"Number":"","Street":"doncaster","Suffix":"st","City":"","State":"","Zip":"02131","StreetName":"Doncaster St","Address":null,"StateName":null,"Zip4":null,"MAK":null,"AddressType":null,"RBDI":null,"Results":null,"NoSuffix":""},{"Number":"","Street":"durnell","Suffix":"ave","City":"","State":"","Zip":"02131","StreetName":"Durnell Ave","Address":null,"StateName":null,"Zip4":null,"MAK":null,"AddressType":null,"RBDI":null,"Results":null,"NoSuffix":""},{"Number":"","Street":"eastbourne","Suffix":"st","City":"","State":"","Zip":"02131","StreetName":"Eastbourne St","Address":null,"StateName":null,"Zip4":null,"MAK":null,"AddressType":null,"RBDI":null,"Results":null,"NoSuffix":""},{"Number":"","Street":"edgemont","Suffix":"st","City":"","State":"","Zip":"02131","StreetName":"Edgemont St","Address":null,"StateName":null,"Zip4":null,"MAK":null,"AddressType":null,"RBDI":null,"Results":null,"NoSuffix":""},{"Number":"","Street":"eldon","Suffix":"st","City":"","State":"","Zip":"02131","StreetName":"Eldon St","Address":null,"StateName":null,"Zip4":null,"MAK":null,"AddressType":null,"RBDI":null,"Results":null,"NoSuffix":""},{"Number":"","Street":"elven","Suffix":"rd","City":"","State":"","Zip":"02131","StreetName":"Elven Rd","Address":null,"StateName":null,"Zip4":null,"MAK":null,"AddressType":null,"RBDI":null,"Results":null,"NoSuffix":""},{"Number":"","Street":"ethel","Suffix":"st","City":"","State":"","Zip":"02131","StreetName":"Ethel St","Address":null,"StateName":null,"Zip4":null,"MAK":null,"AddressType":null,"RBDI":null,"Results":null,"NoSuffix":""},{"Number":"","Street":"eugenia","Suffix":"rd","City":"","State":"","Zip":"02131","StreetName":"Eugenia Rd","Address":null,"StateName":null,"Zip4":null,"MAK":null,"AddressType":null,"RBDI":null,"Results":null,"NoSuffix":""},{"Number":"","Street":"fairview","Suffix":"st","City":"","State":"","Zip":"02131","StreetName":"Fairview St","Address":null,"StateName":null,"Zip4":null,"MAK":null,"AddressType":null,"RBDI":null,"Results":null,"NoSuffix":""},{"Number":"","Street":"farquhar","Suffix":"st","City":"","State":"","Zip":"02131","StreetName":"Farquhar St","Address":null,"StateName":null,"Zip4":null,"MAK":null,"AddressType":null,"RBDI":null,"Results":null,"NoSuffix":""},{"Number":"","Street":"fawndale","Suffix":"rd","City":"","State":"","Zip":"02131","StreetName":"Fawndale Rd","Address":null,"StateName":null,"Zip4":null,"MAK":null,"AddressType":null,"RBDI":null,"Results":null,"NoSuffix":""},{"Number":"","Street":"filomena","Suffix":"rd","City":"","State":"","Zip":"02131","StreetName":"Filomena Rd","Address":null,"StateName":null,"Zip4":null,"MAK":null,"AddressType":null,"RBDI":null,"Results":null,"NoSuffix":""},{"Number":"","Street":"firth","Suffix":"rd","City":"","State":"","Zip":"02131","StreetName":"Firth Rd","Address":null,"StateName":null,"Zip4":null,"MAK":null,"AddressType":null,"RBDI":null,"Results":null,"NoSuffix":""},{"Number":"","Street":"fletcher","Suffix":"st","City":"","State":"","Zip":"02131","StreetName":"Fletcher St","Address":null,"StateName":null,"Zip4":null,"MAK":null,"AddressType":null,"RBDI":null,"Results":null,"NoSuffix":""},{"Number":"","Street":"florence","Suffix":"st","City":"","State":"","Zip":"02131","StreetName":"Florence St","Address":null,"StateName":null,"Zip4":null,"MAK":null,"AddressType":null,"RBDI":null,"Results":null,"NoSuffix":""},{"Number":"","Street":"florian","Suffix":"st","City":"","State":"","Zip":"02131","StreetName":"Florian St","Address":null,"StateName":null,"Zip4":null,"MAK":null,"AddressType":null,"RBDI":null,"Results":null,"NoSuffix":""},{"Number":"","Street":"florian","Suffix":"way","City":"","State":"","Zip":"02131","StreetName":"Florian Way","Address":null,"StateName":null,"Zip4":null,"MAK":null,"AddressType":null,"RBDI":null,"Results":null,"NoSuffix":""},{"Number":"","Street":"folsom","Suffix":"st","City":"","State":"","Zip":"02131","StreetName":"Folsom St","Address":null,"StateName":null,"Zip4":null,"MAK":null,"AddressType":null,"RBDI":null,"Results":null,"NoSuffix":""},{"Number":"","Street":"fowle","Suffix":"st","City":"","State":"","Zip":"02131","StreetName":"Fowle St","Address":null,"StateName":null,"Zip4":null,"MAK":null,"AddressType":null,"RBDI":null,"Results":null,"NoSuffix":""},{"Number":"","Street":"franklin","Suffix":"pl","City":"","State":"","Zip":"02131","StreetName":"Franklin Pl","Address":null,"StateName":null,"Zip4":null,"MAK":null,"AddressType":null,"RBDI":null,"Results":null,"NoSuffix":""},{"Number":"","Street":"fresno","Suffix":"st","City":"","State":"","Zip":"02131","StreetName":"Fresno St","Address":null,"StateName":null,"Zip4":null,"MAK":null,"AddressType":null,"RBDI":null,"Results":null,"NoSuffix":""},{"Number":"","Street":"gardenside","Suffix":"st","City":"","State":"","Zip":"02131","StreetName":"Gardenside St","Address":null,"StateName":null,"Zip4":null,"MAK":null,"AddressType":null,"RBDI":null,"Results":null,"NoSuffix":""},{"Number":"","Street":"gilman","Suffix":"st","City":"","State":"","Zip":"02131","StreetName":"Gilman St","Address":null,"StateName":null,"Zip4":null,"MAK":null,"AddressType":null,"RBDI":null,"Results":null,"NoSuffix":""},{"Number":"","Street":"glencliff","Suffix":"rd","City":"","State":"","Zip":"02131","StreetName":"Glencliff Rd","Address":null,"StateName":null,"Zip4":null,"MAK":null,"AddressType":null,"RBDI":null,"Results":null,"NoSuffix":""},{"Number":"","Street":"glendower","Suffix":"rd","City":"","State":"","Zip":"02131","StreetName":"Glendower Rd","Address":null,"StateName":null,"Zip4":null,"MAK":null,"AddressType":null,"RBDI":null,"Results":null,"NoSuffix":""},{"Number":"","Street":"granada","Suffix":"ave","City":"","State":"","Zip":"02131","StreetName":"Granada Ave","Address":null,"StateName":null,"Zip4":null,"MAK":null,"AddressType":null,"RBDI":null,"Results":null,"NoSuffix":""},{"Number":"","Street":"grandview","Suffix":"st","City":"","State":"","Zip":"02131","StreetName":"Grandview St","Address":null,"StateName":null,"Zip4":null,"MAK":null,"AddressType":null,"RBDI":null,"Results":null,"NoSuffix":""},{"Number":"","Street":"granfield","Suffix":"ave","City":"","State":"","Zip":"02131","StreetName":"Granfield Ave","Address":null,"StateName":null,"Zip4":null,"MAK":null,"AddressType":null,"RBDI":null,"Results":null,"NoSuffix":""},{"Number":"","Street":"grew","Suffix":"ave","City":"","State":"","Zip":"02131","StreetName":"Grew Ave","Address":null,"StateName":null,"Zip4":null,"MAK":null,"AddressType":null,"RBDI":null,"Results":null,"NoSuffix":""},{"Number":"","Street":"grew hill","Suffix":"rd","City":"","State":"","Zip":"02131","StreetName":"Grew Hill Rd","Address":null,"StateName":null,"Zip4":null,"MAK":null,"AddressType":null,"RBDI":null,"Results":null,"NoSuffix":""},{"Number":"","Street":"grover","Suffix":"ave","City":"","State":"","Zip":"02131","StreetName":"Grover Ave","Address":null,"StateName":null,"Zip4":null,"MAK":null,"AddressType":null,"RBDI":null,"Results":null,"NoSuffix":""},{"Number":"","Street":"guernsey","Suffix":"st","City":"","State":"","Zip":"02131","StreetName":"Guernsey St","Address":null,"StateName":null,"Zip4":null,"MAK":null,"AddressType":null,"RBDI":null,"Results":null,"NoSuffix":""},{"Number":"","Street":"hackensack","Suffix":"cir","City":"","State":"","Zip":"02131","StreetName":"Hackensack Cir","Address":null,"StateName":null,"Zip4":null,"MAK":null,"AddressType":null,"RBDI":null,"Results":null,"NoSuffix":""},{"Number":"","Street":"hackensack","Suffix":"rd","City":"","State":"","Zip":"02131","StreetName":"Hackensack Rd","Address":null,"StateName":null,"Zip4":null,"MAK":null,"AddressType":null,"RBDI":null,"Results":null,"NoSuffix":""},{"Number":"","Street":"hadwin","Suffix":"way","City":"","State":"","Zip":"02131","StreetName":"Hadwin Way","Address":null,"StateName":null,"Zip4":null,"MAK":null,"AddressType":null,"RBDI":null,"Results":null,"NoSuffix":""},{"Number":"","Street":"halliday","Suffix":"st","City":"","State":"","Zip":"02131","StreetName":"Halliday St","Address":null,"StateName":null,"Zip4":null,"MAK":null,"AddressType":null,"RBDI":null,"Results":null,"NoSuffix":""},{"Number":"","Street":"harding","Suffix":"rd","City":"","State":"","Zip":"02131","StreetName":"Harding Rd","Address":null,"StateName":null,"Zip4":null,"MAK":null,"AddressType":null,"RBDI":null,"Results":null,"NoSuffix":""},{"Number":"","Street":"harrison","Suffix":"st","City":"","State":"","Zip":"02131","StreetName":"Harrison St","Address":null,"StateName":null,"Zip4":null,"MAK":null,"AddressType":null,"RBDI":null,"Results":null,"NoSuffix":""},{"Number":"","Street":"haslet","Suffix":"st","City":"","State":"","Zip":"02131","StreetName":"Haslet St","Address":null,"StateName":null,"Zip4":null,"MAK":null,"AddressType":null,"RBDI":null,"Results":null,"NoSuffix":""},{"Number":"","Street":"hautevale","Suffix":"st","City":"","State":"","Zip":"02131","StreetName":"Hautevale St","Address":null,"StateName":null,"Zip4":null,"MAK":null,"AddressType":null,"RBDI":null,"Results":null,"NoSuffix":""},{"Number":"","Street":"havana","Suffix":"st","City":"","State":"","Zip":"02131","StreetName":"Havana St","Address":null,"StateName":null,"Zip4":null,"MAK":null,"AddressType":null,"RBDI":null,"Results":null,"NoSuffix":""},{"Number":"","Street":"havey","Suffix":"st","City":"","State":"","Zip":"02131","StreetName":"Havey St","Address":null,"StateName":null,"Zip4":null,"MAK":null,"AddressType":null,"RBDI":null,"Results":null,"NoSuffix":""},{"Number":"","Street":"hawthorne","Suffix":"st","City":"","State":"","Zip":"02131","StreetName":"Hawthorne St","Address":null,"StateName":null,"Zip4":null,"MAK":null,"AddressType":null,"RBDI":null,"Results":null,"NoSuffix":""},{"Number":"","Street":"hawthorne","Suffix":"ter","City":"","State":"","Zip":"02131","StreetName":"Hawthorne Ter","Address":null,"StateName":null,"Zip4":null,"MAK":null,"AddressType":null,"RBDI":null,"Results":null,"NoSuffix":""},{"Number":"","Street":"haydn","Suffix":"st","City":"","State":"","Zip":"02131","StreetName":"Haydn St","Address":null,"StateName":null,"Zip4":null,"MAK":null,"AddressType":null,"RBDI":null,"Results":null,"NoSuffix":""},{"Number":"","Street":"hayes","Suffix":"rd","City":"","State":"","Zip":"02131","StreetName":"Hayes Rd","Address":null,"StateName":null,"Zip4":null,"MAK":null,"AddressType":null,"RBDI":null,"Results":null,"NoSuffix":""},{"Number":"","Street":"hazelmere","Suffix":"rd","City":"","State":"","Zip":"02131","StreetName":"Hazelmere Rd","Address":null,"StateName":null,"Zip4":null,"MAK":null,"AddressType":null,"RBDI":null,"Results":null,"NoSuffix":""},{"Number":"","Street":"heathcote","Suffix":"st","City":"","State":"","Zip":"02131","StreetName":"Heathcote St","Address":null,"StateName":null,"Zip4":null,"MAK":null,"AddressType":null,"RBDI":null,"Results":null,"NoSuffix":""},{"Number":"","Street":"hemman","Suffix":"st","City":"","State":"","Zip":"02131","StreetName":"Hemman St","Address":null,"StateName":null,"Zip4":null,"MAK":null,"AddressType":null,"RBDI":null,"Results":null,"NoSuffix":""},{"Number":"","Street":"hewlett","Suffix":"st","City":"","State":"","Zip":"02131","StreetName":"Hewlett St","Address":null,"StateName":null,"Zip4":null,"MAK":null,"AddressType":null,"RBDI":null,"Results":null,"NoSuffix":""},{"Number":"","Street":"highcrest","Suffix":"rd","City":"","State":"","Zip":"02131","StreetName":"Highcrest Rd","Address":null,"StateName":null,"Zip4":null,"MAK":null,"AddressType":null,"RBDI":null,"Results":null,"NoSuffix":""},{"Number":"","Street":"highcrest","Suffix":"ter","City":"","State":"","Zip":"02131","StreetName":"Highcrest Ter","Address":null,"StateName":null,"Zip4":null,"MAK":null,"AddressType":null,"RBDI":null,"Results":null,"NoSuffix":""},{"Number":"","Street":"highfield","Suffix":"rd","City":"","State":"","Zip":"02131","StreetName":"Highfield Rd","Address":null,"StateName":null,"Zip4":null,"MAK":null,"AddressType":null,"RBDI":null,"Results":null,"NoSuffix":""},{"Number":"","Street":"highfield","Suffix":"ter","City":"","State":"","Zip":"02131","StreetName":"Highfield Ter","Address":null,"StateName":null,"Zip4":null,"MAK":null,"AddressType":null,"RBDI":null,"Results":null,"NoSuffix":""},{"Number":"","Street":"hilburn","Suffix":"pl","City":"","State":"","Zip":"02131","StreetName":"Hilburn Pl","Address":null,"StateName":null,"Zip4":null,"MAK":null,"AddressType":null,"RBDI":null,"Results":null,"NoSuffix":""},{"Number":"","Street":"hilburn","Suffix":"st","City":"","State":"","Zip":"02131","StreetName":"Hilburn St","Address":null,"StateName":null,"Zip4":null,"MAK":null,"AddressType":null,"RBDI":null,"Results":null,"NoSuffix":""},{"Number":"","Street":"hillock","Suffix":"st","City":"","State":"","Zip":"02131","StreetName":"Hillock St","Address":null,"StateName":null,"Zip4":null,"MAK":null,"AddressType":null,"RBDI":null,"Results":null,"NoSuffix":""},{"Number":"","Street":"hillview","Suffix":"ave","City":"","State":"","Zip":"02131","StreetName":"Hillview Ave","Address":null,"StateName":null,"Zip4":null,"MAK":null,"AddressType":null,"RBDI":null,"Results":null,"NoSuffix":""},{"Number":"","Street":"hobson","Suffix":"st","City":"","State":"","Zip":"02131","StreetName":"Hobson St","Address":null,"StateName":null,"Zip4":null,"MAK":null,"AddressType":null,"RBDI":null,"Results":null,"NoSuffix":""},{"Number":"","Street":"holly","Suffix":"rd","City":"","State":"","Zip":"02131","StreetName":"Holly Rd","Address":null,"StateName":null,"Zip4":null,"MAK":null,"AddressType":null,"RBDI":null,"Results":null,"NoSuffix":""},{"Number":"","Street":"hunter","Suffix":"st","City":"","State":"","Zip":"02131","StreetName":"Hunter St","Address":null,"StateName":null,"Zip4":null,"MAK":null,"AddressType":null,"RBDI":null,"Results":null,"NoSuffix":""},{"Number":"","Street":"hyde park","Suffix":"ave","City":"","State":"","Zip":"02131","StreetName":"Hyde Park Ave","Address":null,"StateName":null,"Zip4":null,"MAK":null,"AddressType":null,"RBDI":null,"Results":null,"NoSuffix":""},{"Number":"","Street":"iona","Suffix":"st","City":"","State":"","Zip":"02131","StreetName":"Iona St","Address":null,"StateName":null,"Zip4":null,"MAK":null,"AddressType":null,"RBDI":null,"Results":null,"NoSuffix":""},{"Number":"","Street":"jeffers","Suffix":"st","City":"","State":"","Zip":"02131","StreetName":"Jeffers St","Address":null,"StateName":null,"Zip4":null,"MAK":null,"AddressType":null,"RBDI":null,"Results":null,"NoSuffix":""},{"Number":"","Street":"jewett","Suffix":"st","City":"","State":"","Zip":"02131","StreetName":"Jewett St","Address":null,"StateName":null,"Zip4":null,"MAK":null,"AddressType":null,"RBDI":null,"Results":null,"NoSuffix":""},{"Number":"","Street":"johnswood","Suffix":"rd","City":"","State":"","Zip":"02131","StreetName":"Johnswood Rd","Address":null,"StateName":null,"Zip4":null,"MAK":null,"AddressType":null,"RBDI":null,"Results":null,"NoSuffix":""},{"Number":"","Street":"june","Suffix":"ln","City":"","State":"","Zip":"02131","StreetName":"June Ln","Address":null,"StateName":null,"Zip4":null,"MAK":null,"AddressType":null,"RBDI":null,"Results":null,"NoSuffix":""},{"Number":"","Street":"june","Suffix":"st","City":"","State":"","Zip":"02131","StreetName":"June St","Address":null,"StateName":null,"Zip4":null,"MAK":null,"AddressType":null,"RBDI":null,"Results":null,"NoSuffix":""},{"Number":"","Street":"kittredge","Suffix":"ct","City":"","State":"","Zip":"02131","StreetName":"Kittredge Ct","Address":null,"StateName":null,"Zip4":null,"MAK":null,"AddressType":null,"RBDI":null,"Results":null,"NoSuffix":""},{"Number":"","Street":"kittredge","Suffix":"st","City":"","State":"","Zip":"02131","StreetName":"Kittredge St","Address":null,"StateName":null,"Zip4":null,"MAK":null,"AddressType":null,"RBDI":null,"Results":null,"NoSuffix":""},{"Number":"","Street":"kittredge","Suffix":"ter","City":"","State":"","Zip":"02131","StreetName":"Kittredge Ter","Address":null,"StateName":null,"Zip4":null,"MAK":null,"AddressType":null,"RBDI":null,"Results":null,"NoSuffix":""},{"Number":"","Street":"knoll","Suffix":"st","City":"","State":"","Zip":"02131","StreetName":"Knoll St","Address":null,"StateName":null,"Zip4":null,"MAK":null,"AddressType":null,"RBDI":null,"Results":null,"NoSuffix":""},{"Number":"","Street":"larch","Suffix":"pl","City":"","State":"","Zip":"02131","StreetName":"Larch Pl","Address":null,"StateName":null,"Zip4":null,"MAK":null,"AddressType":null,"RBDI":null,"Results":null,"NoSuffix":""},{"Number":"","Street":"lee hill","Suffix":"rd","City":"","State":"","Zip":"02131","StreetName":"Lee Hill Rd","Address":null,"StateName":null,"Zip4":null,"MAK":null,"AddressType":null,"RBDI":null,"Results":null,"NoSuffix":""},{"Number":"","Street":"legion","Suffix":"pl","City":"","State":"","Zip":"02131","StreetName":"Legion Pl","Address":null,"StateName":null,"Zip4":null,"MAK":null,"AddressType":null,"RBDI":null,"Results":null,"NoSuffix":""},{"Number":"","Street":"leland","Suffix":"rd","City":"","State":"","Zip":"02131","StreetName":"Leland Rd","Address":null,"StateName":null,"Zip4":null,"MAK":null,"AddressType":null,"RBDI":null,"Results":null,"NoSuffix":""},{"Number":"","Street":"leniston","Suffix":"st","City":"","State":"","Zip":"02131","StreetName":"Leniston St","Address":null,"StateName":null,"Zip4":null,"MAK":null,"AddressType":null,"RBDI":null,"Results":null,"NoSuffix":""},{"Number":"","Street":"lesher","Suffix":"st","City":"","State":"","Zip":"02131","StreetName":"Lesher St","Address":null,"StateName":null,"Zip4":null,"MAK":null,"AddressType":null,"RBDI":null,"Results":null,"NoSuffix":""},{"Number":"","Street":"lilac","Suffix":"ter","City":"","State":"","Zip":"02131","StreetName":"Lilac Ter","Address":null,"StateName":null,"Zip4":null,"MAK":null,"AddressType":null,"RBDI":null,"Results":null,"NoSuffix":""},{"Number":"","Street":"lindall","Suffix":"st","City":"","State":"","Zip":"02131","StreetName":"Lindall St","Address":null,"StateName":null,"Zip4":null,"MAK":null,"AddressType":null,"RBDI":null,"Results":null,"NoSuffix":""},{"Number":"","Street":"liszt","Suffix":"st","City":"","State":"","Zip":"02131","StreetName":"Liszt St","Address":null,"StateName":null,"Zip4":null,"MAK":null,"AddressType":null,"RBDI":null,"Results":null,"NoSuffix":""},{"Number":"","Street":"littledale","Suffix":"st","City":"","State":"","Zip":"02131","StreetName":"Littledale St","Address":null,"StateName":null,"Zip4":null,"MAK":null,"AddressType":null,"RBDI":null,"Results":null,"NoSuffix":""},{"Number":"","Street":"lochdale","Suffix":"rd","City":"","State":"","Zip":"02131","StreetName":"Lochdale Rd","Address":null,"StateName":null,"Zip4":null,"MAK":null,"AddressType":null,"RBDI":null,"Results":null,"NoSuffix":""},{"Number":"","Street":"lorraine","Suffix":"st","City":"","State":"","Zip":"02131","StreetName":"Lorraine St","Address":null,"StateName":null,"Zip4":null,"MAK":null,"AddressType":null,"RBDI":null,"Results":null,"NoSuffix":""},{"Number":"","Street":"mahler","Suffix":"rd","City":"","State":"","Zip":"02131","StreetName":"Mahler Rd","Address":null,"StateName":null,"Zip4":null,"MAK":null,"AddressType":null,"RBDI":null,"Results":null,"NoSuffix":""},{"Number":"","Street":"malverna","Suffix":"rd","City":"","State":"","Zip":"02131","StreetName":"Malverna Rd","Address":null,"StateName":null,"Zip4":null,"MAK":null,"AddressType":null,"RBDI":null,"Results":null,"NoSuffix":""},{"Number":"","Street":"manning","Suffix":"st","City":"","State":"","Zip":"02131","StreetName":"Manning St","Address":null,"StateName":null,"Zip4":null,"MAK":null,"AddressType":null,"RBDI":null,"Results":null,"NoSuffix":""},{"Number":"","Street":"mansur","Suffix":"st","City":"","State":"","Zip":"02131","StreetName":"Mansur St","Address":null,"StateName":null,"Zip4":null,"MAK":null,"AddressType":null,"RBDI":null,"Results":null,"NoSuffix":""},{"Number":"","Street":"maria","Suffix":"ln","City":"","State":"","Zip":"02131","StreetName":"Maria Ln","Address":null,"StateName":null,"Zip4":null,"MAK":null,"AddressType":null,"RBDI":null,"Results":null,"NoSuffix":""},{"Number":"","Street":"marion","Suffix":"st","City":"","State":"","Zip":"02131","StreetName":"Marion St","Address":null,"StateName":null,"Zip4":null,"MAK":null,"AddressType":null,"RBDI":null,"Results":null,"NoSuffix":""},{"Number":"","Street":"mary anna","Suffix":"rd","City":"","State":"","Zip":"02131","StreetName":"Mary Anna Rd","Address":null,"StateName":null,"Zip4":null,"MAK":null,"AddressType":null,"RBDI":null,"Results":null,"NoSuffix":""},{"Number":"","Street":"maynard","Suffix":"st","City":"","State":"","Zip":"02131","StreetName":"Maynard St","Address":null,"StateName":null,"Zip4":null,"MAK":null,"AddressType":null,"RBDI":null,"Results":null,"NoSuffix":""},{"Number":"","Street":"mccraw","Suffix":"st","City":"","State":"","Zip":"02131","StreetName":"Mccraw St","Address":null,"StateName":null,"Zip4":null,"MAK":null,"AddressType":null,"RBDI":null,"Results":null,"NoSuffix":""},{"Number":"","Street":"mendelssohn","Suffix":"st","City":"","State":"","Zip":"02131","StreetName":"Mendelssohn St","Address":null,"StateName":null,"Zip4":null,"MAK":null,"AddressType":null,"RBDI":null,"Results":null,"NoSuffix":""},{"Number":"","Street":"mendum","Suffix":"st","City":"","State":"","Zip":"02131","StreetName":"Mendum St","Address":null,"StateName":null,"Zip4":null,"MAK":null,"AddressType":null,"RBDI":null,"Results":null,"NoSuffix":""},{"Number":"","Street":"mercedes","Suffix":"vw","City":"","State":"","Zip":"02131","StreetName":"Mercedes Vw","Address":null,"StateName":null,"Zip4":null,"MAK":null,"AddressType":null,"RBDI":null,"Results":null,"NoSuffix":""},{"Number":"","Street":"metcalf","Suffix":"st","City":"","State":"","Zip":"02131","StreetName":"Metcalf St","Address":null,"StateName":null,"Zip4":null,"MAK":null,"AddressType":null,"RBDI":null,"Results":null,"NoSuffix":""},{"Number":"","Street":"metropolitan","Suffix":"ave","City":"","State":"","Zip":"02131","StreetName":"Metropolitan Ave","Address":null,"StateName":null,"Zip4":null,"MAK":null,"AddressType":null,"RBDI":null,"Results":null,"NoSuffix":""},{"Number":"","Street":"metropolitan","Suffix":"cir","City":"","State":"","Zip":"02131","StreetName":"Metropolitan Cir","Address":null,"StateName":null,"Zip4":null,"MAK":null,"AddressType":null,"RBDI":null,"Results":null,"NoSuffix":""},{"Number":"","Street":"meyer","Suffix":"ct","City":"","State":"","Zip":"02131","StreetName":"Meyer Ct","Address":null,"StateName":null,"Zip4":null,"MAK":null,"AddressType":null,"RBDI":null,"Results":null,"NoSuffix":""},{"Number":"","Street":"meyer","Suffix":"st","City":"","State":"","Zip":"02131","StreetName":"Meyer St","Address":null,"StateName":null,"Zip4":null,"MAK":null,"AddressType":null,"RBDI":null,"Results":null,"NoSuffix":""},{"Number":"","Street":"montvale","Suffix":"st","City":"","State":"","Zip":"02131","StreetName":"Montvale St","Address":null,"StateName":null,"Zip4":null,"MAK":null,"AddressType":null,"RBDI":null,"Results":null,"NoSuffix":""},{"Number":"","Street":"mosgrove","Suffix":"ave","City":"","State":"","Zip":"02131","StreetName":"Mosgrove Ave","Address":null,"StateName":null,"Zip4":null,"MAK":null,"AddressType":null,"RBDI":null,"Results":null,"NoSuffix":""},{"Number":"","Street":"mount calvary","Suffix":"rd","City":"","State":"","Zip":"02131","StreetName":"Mount Calvary Rd","Address":null,"StateName":null,"Zip4":null,"MAK":null,"AddressType":null,"RBDI":null,"Results":null,"NoSuffix":""},{"Number":"","Street":"mount hope","Suffix":"st","City":"","State":"","Zip":"02131","StreetName":"Mount Hope St","Address":null,"StateName":null,"Zip4":null,"MAK":null,"AddressType":null,"RBDI":null,"Results":null,"NoSuffix":""},{"Number":"","Street":"murray hill","Suffix":"rd","City":"","State":"","Zip":"02131","StreetName":"Murray Hill Rd","Address":null,"StateName":null,"Zip4":null,"MAK":null,"AddressType":null,"RBDI":null,"Results":null,"NoSuffix":""},{"Number":"","Street":"navarre","Suffix":"st","City":"","State":"","Zip":"02131","StreetName":"Navarre St","Address":null,"StateName":null,"Zip4":null,"MAK":null,"AddressType":null,"RBDI":null,"Results":null,"NoSuffix":""},{"Number":"","Street":"neponset","Suffix":"ave","City":"","State":"","Zip":"02131","StreetName":"Neponset Ave","Address":null,"StateName":null,"Zip4":null,"MAK":null,"AddressType":null,"RBDI":null,"Results":null,"NoSuffix":""},{"Number":"","Street":"neponset","Suffix":"ct","City":"","State":"","Zip":"02131","StreetName":"Neponset Ct","Address":null,"StateName":null,"Zip4":null,"MAK":null,"AddressType":null,"RBDI":null,"Results":null,"NoSuffix":""},{"Number":"","Street":"new park","Suffix":"ave","City":"","State":"","Zip":"02131","StreetName":"New Park Ave","Address":null,"StateName":null,"Zip4":null,"MAK":null,"AddressType":null,"RBDI":null,"Results":null,"NoSuffix":""},{"Number":"","Street":"newburg","Suffix":"st","City":"","State":"","Zip":"02131","StreetName":"Newburg St","Address":null,"StateName":null,"Zip4":null,"MAK":null,"AddressType":null,"RBDI":null,"Results":null,"NoSuffix":""},{"Number":"","Street":"nikisch","Suffix":"ave","City":"","State":"","Zip":"02131","StreetName":"Nikisch Ave","Address":null,"StateName":null,"Zip4":null,"MAK":null,"AddressType":null,"RBDI":null,"Results":null,"NoSuffix":""},{"Number":"","Street":"orange","Suffix":"st","City":"","State":"","Zip":"02131","StreetName":"Orange St","Address":null,"StateName":null,"Zip4":null,"MAK":null,"AddressType":null,"RBDI":null,"Results":null,"NoSuffix":""},{"Number":"","Street":"organ","Suffix":"park","City":"","State":"","Zip":"02131","StreetName":"Organ Park","Address":null,"StateName":null,"Zip4":null,"MAK":null,"AddressType":null,"RBDI":null,"Results":null,"NoSuffix":""},{"Number":"","Street":"otis","Suffix":"pl","City":"","State":"","Zip":"02131","StreetName":"Otis Pl","Address":null,"StateName":null,"Zip4":null,"MAK":null,"AddressType":null,"RBDI":null,"Results":null,"NoSuffix":""},{"Number":"","Street":"paine","Suffix":"st","City":"","State":"","Zip":"02131","StreetName":"Paine St","Address":null,"StateName":null,"Zip4":null,"MAK":null,"AddressType":null,"RBDI":null,"Results":null,"NoSuffix":""},{"Number":"","Street":"palfrey","Suffix":"st","City":"","State":"","Zip":"02131","StreetName":"Palfrey St","Address":null,"StateName":null,"Zip4":null,"MAK":null,"AddressType":null,"RBDI":null,"Results":null,"NoSuffix":""},{"Number":"","Street":"penfield","Suffix":"st","City":"","State":"","Zip":"02131","StreetName":"Penfield St","Address":null,"StateName":null,"Zip4":null,"MAK":null,"AddressType":null,"RBDI":null,"Results":null,"NoSuffix":""},{"Number":"","Street":"philbrick","Suffix":"st","City":"","State":"","Zip":"02131","StreetName":"Philbrick St","Address":null,"StateName":null,"Zip4":null,"MAK":null,"AddressType":null,"RBDI":null,"Results":null,"NoSuffix":""},{"Number":"","Street":"pinedale","Suffix":"rd","City":"","State":"","Zip":"02131","StreetName":"Pinedale Rd","Address":null,"StateName":null,"Zip4":null,"MAK":null,"AddressType":null,"RBDI":null,"Results":null,"NoSuffix":""},{"Number":"","Street":"pinehurst","Suffix":"st","City":"","State":"","Zip":"02131","StreetName":"Pinehurst St","Address":null,"StateName":null,"Zip4":null,"MAK":null,"AddressType":null,"RBDI":null,"Results":null,"NoSuffix":""},{"Number":"","Street":"pitsmoor","Suffix":"rd","City":"","State":"","Zip":"02131","StreetName":"Pitsmoor Rd","Address":null,"StateName":null,"Zip4":null,"MAK":null,"AddressType":null,"RBDI":null,"Results":null,"NoSuffix":""},{"Number":"","Street":"planet","Suffix":"st","City":"","State":"","Zip":"02131","StreetName":"Planet St","Address":null,"StateName":null,"Zip4":null,"MAK":null,"AddressType":null,"RBDI":null,"Results":null,"NoSuffix":""},{"Number":"","Street":"pleasantview","Suffix":"st","City":"","State":"","Zip":"02131","StreetName":"Pleasantview St","Address":null,"StateName":null,"Zip4":null,"MAK":null,"AddressType":null,"RBDI":null,"Results":null,"NoSuffix":""},{"Number":"","Street":"po box","Suffix":"","City":"","State":"","Zip":"02131","StreetName":"Po Box","Address":null,"StateName":null,"Zip4":null,"MAK":null,"AddressType":null,"RBDI":null,"Results":null,"NoSuffix":"t"},{"Number":"","Street":"poplar","Suffix":"st","City":"","State":"","Zip":"02131","StreetName":"Poplar St","Address":null,"StateName":null,"Zip4":null,"MAK":null,"AddressType":null,"RBDI":null,"Results":null,"NoSuffix":""},{"Number":"","Street":"primrose","Suffix":"st","City":"","State":"","Zip":"02131","StreetName":"Primrose St","Address":null,"StateName":null,"Zip4":null,"MAK":null,"AddressType":null,"RBDI":null,"Results":null,"NoSuffix":""},{"Number":"","Street":"prospect","Suffix":"ave","City":"","State":"","Zip":"02131","StreetName":"Prospect Ave","Address":null,"StateName":null,"Zip4":null,"MAK":null,"AddressType":null,"RBDI":null,"Results":null,"NoSuffix":""},{"Number":"","Street":"quarley","Suffix":"rd","City":"","State":"","Zip":"02131","StreetName":"Quarley Rd","Address":null,"StateName":null,"Zip4":null,"MAK":null,"AddressType":null,"RBDI":null,"Results":null,"NoSuffix":""},{"Number":"","Street":"ramsdell","Suffix":"ave","City":"","State":"","Zip":"02131","StreetName":"Ramsdell Ave","Address":null,"StateName":null,"Zip4":null,"MAK":null,"AddressType":null,"RBDI":null,"Results":null,"NoSuffix":""},{"Number":"","Street":"rawston","Suffix":"rd","City":"","State":"","Zip":"02131","StreetName":"Rawston Rd","Address":null,"StateName":null,"Zip4":null,"MAK":null,"AddressType":null,"RBDI":null,"Results":null,"NoSuffix":""},{"Number":"","Street":"rexhame","Suffix":"st","City":"","State":"","Zip":"02131","StreetName":"Rexhame St","Address":null,"StateName":null,"Zip4":null,"MAK":null,"AddressType":null,"RBDI":null,"Results":null,"NoSuffix":""},{"Number":"","Street":"ridge","Suffix":"st","City":"","State":"","Zip":"02131","StreetName":"Ridge St","Address":null,"StateName":null,"Zip4":null,"MAK":null,"AddressType":null,"RBDI":null,"Results":null,"NoSuffix":""},{"Number":"","Street":"robert","Suffix":"st","City":"","State":"","Zip":"02131","StreetName":"Robert St","Address":null,"StateName":null,"Zip4":null,"MAK":null,"AddressType":null,"RBDI":null,"Results":null,"NoSuffix":""},{"Number":"","Street":"robken","Suffix":"rd","City":"","State":"","Zip":"02131","StreetName":"Robken Rd","Address":null,"StateName":null,"Zip4":null,"MAK":null,"AddressType":null,"RBDI":null,"Results":null,"NoSuffix":""},{"Number":"","Street":"rosecliff","Suffix":"st","City":"","State":"","Zip":"02131","StreetName":"Rosecliff St","Address":null,"StateName":null,"Zip4":null,"MAK":null,"AddressType":null,"RBDI":null,"Results":null,"NoSuffix":""},{"Number":"","Street":"rosecliff","Suffix":"ter","City":"","State":"","Zip":"02131","StreetName":"Rosecliff Ter","Address":null,"StateName":null,"Zip4":null,"MAK":null,"AddressType":null,"RBDI":null,"Results":null,"NoSuffix":""},{"Number":"","Street":"rosemere","Suffix":"ct","City":"","State":"","Zip":"02131","StreetName":"Rosemere Ct","Address":null,"StateName":null,"Zip4":null,"MAK":null,"AddressType":null,"RBDI":null,"Results":null,"NoSuffix":""},{"Number":"","Street":"roslindale","Suffix":"ave","City":"","State":"","Zip":"02131","StreetName":"Roslindale Ave","Address":null,"StateName":null,"Zip4":null,"MAK":null,"AddressType":null,"RBDI":null,"Results":null,"NoSuffix":""},{"Number":"","Street":"rowe","Suffix":"ct","City":"","State":"","Zip":"02131","StreetName":"Rowe Ct","Address":null,"StateName":null,"Zip4":null,"MAK":null,"AddressType":null,"RBDI":null,"Results":null,"NoSuffix":""},{"Number":"","Street":"rowe","Suffix":"st","City":"","State":"","Zip":"02131","StreetName":"Rowe St","Address":null,"StateName":null,"Zip4":null,"MAK":null,"AddressType":null,"RBDI":null,"Results":null,"NoSuffix":""},{"Number":"","Street":"roxbury","Suffix":"pkwy","City":"","State":"","Zip":"02131","StreetName":"Roxbury Pkwy","Address":null,"StateName":null,"Zip4":null,"MAK":null,"AddressType":null,"RBDI":null,"Results":null,"NoSuffix":""},{"Number":"","Street":"sammett","Suffix":"ave","City":"","State":"","Zip":"02131","StreetName":"Sammett Ave","Address":null,"StateName":null,"Zip4":null,"MAK":null,"AddressType":null,"RBDI":null,"Results":null,"NoSuffix":""},{"Number":"","Street":"schubert","Suffix":"st","City":"","State":"","Zip":"02131","StreetName":"Schubert St","Address":null,"StateName":null,"Zip4":null,"MAK":null,"AddressType":null,"RBDI":null,"Results":null,"NoSuffix":""},{"Number":"","Street":"selwyn","Suffix":"st","City":"","State":"","Zip":"02131","StreetName":"Selwyn St","Address":null,"StateName":null,"Zip4":null,"MAK":null,"AddressType":null,"RBDI":null,"Results":null,"NoSuffix":""},{"Number":"","Street":"seymour","Suffix":"st","City":"","State":"","Zip":"02131","StreetName":"Seymour St","Address":null,"StateName":null,"Zip4":null,"MAK":null,"AddressType":null,"RBDI":null,"Results":null,"NoSuffix":""},{"Number":"","Street":"sheffield","Suffix":"rd","City":"","State":"","Zip":"02131","StreetName":"Sheffield Rd","Address":null,"StateName":null,"Zip4":null,"MAK":null,"AddressType":null,"RBDI":null,"Results":null,"NoSuffix":""},{"Number":"","Street":"sheldon","Suffix":"st","City":"","State":"","Zip":"02131","StreetName":"Sheldon St","Address":null,"StateName":null,"Zip4":null,"MAK":null,"AddressType":null,"RBDI":null,"Results":null,"NoSuffix":""},{"Number":"","Street":"sherman","Suffix":"st","City":"","State":"","Zip":"02131","StreetName":"Sherman St","Address":null,"StateName":null,"Zip4":null,"MAK":null,"AddressType":null,"RBDI":null,"Results":null,"NoSuffix":""},{"Number":"","Street":"sherwood","Suffix":"st","City":"","State":"","Zip":"02131","StreetName":"Sherwood St","Address":null,"StateName":null,"Zip4":null,"MAK":null,"AddressType":null,"RBDI":null,"Results":null,"NoSuffix":""},{"Number":"","Street":"south","Suffix":"st","City":"","State":"","Zip":"02131","StreetName":"South St","Address":null,"StateName":null,"Zip4":null,"MAK":null,"AddressType":null,"RBDI":null,"Results":null,"NoSuffix":""},{"Number":"","Street":"starbird","Suffix":"ave","City":"","State":"","Zip":"02131","StreetName":"Starbird Ave","Address":null,"StateName":null,"Zip4":null,"MAK":null,"AddressType":null,"RBDI":null,"Results":null,"NoSuffix":""},{"Number":"","Street":"stella","Suffix":"rd","City":"","State":"","Zip":"02131","StreetName":"Stella Rd","Address":null,"StateName":null,"Zip4":null,"MAK":null,"AddressType":null,"RBDI":null,"Results":null,"NoSuffix":""},{"Number":"","Street":"stellman","Suffix":"rd","City":"","State":"","Zip":"02131","StreetName":"Stellman Rd","Address":null,"StateName":null,"Zip4":null,"MAK":null,"AddressType":null,"RBDI":null,"Results":null,"NoSuffix":""},{"Number":"","Street":"sumner","Suffix":"ave","City":"","State":"","Zip":"02131","StreetName":"Sumner Ave","Address":null,"StateName":null,"Zip4":null,"MAK":null,"AddressType":null,"RBDI":null,"Results":null,"NoSuffix":""},{"Number":"","Street":"sycamore","Suffix":"st","City":"","State":"","Zip":"02131","StreetName":"Sycamore St","Address":null,"StateName":null,"Zip4":null,"MAK":null,"AddressType":null,"RBDI":null,"Results":null,"NoSuffix":""},{"Number":"","Street":"symmes","Suffix":"st","City":"","State":"","Zip":"02131","StreetName":"Symmes St","Address":null,"StateName":null,"Zip4":null,"MAK":null,"AddressType":null,"RBDI":null,"Results":null,"NoSuffix":""},{"Number":"","Street":"tafthill","Suffix":"park","City":"","State":"","Zip":"02131","StreetName":"Tafthill Park","Address":null,"StateName":null,"Zip4":null,"MAK":null,"AddressType":null,"RBDI":null,"Results":null,"NoSuffix":""},{"Number":"","Street":"tafthill","Suffix":"ter","City":"","State":"","Zip":"02131","StreetName":"Tafthill Ter","Address":null,"StateName":null,"Zip4":null,"MAK":null,"AddressType":null,"RBDI":null,"Results":null,"NoSuffix":""},{"Number":"","Street":"tappan","Suffix":"st","City":"","State":"","Zip":"02131","StreetName":"Tappan St","Address":null,"StateName":null,"Zip4":null,"MAK":null,"AddressType":null,"RBDI":null,"Results":null,"NoSuffix":""},{"Number":"","Street":"tyndale","Suffix":"st","City":"","State":"","Zip":"02131","StreetName":"Tyndale St","Address":null,"StateName":null,"Zip4":null,"MAK":null,"AddressType":null,"RBDI":null,"Results":null,"NoSuffix":""},{"Number":"","Street":"unity","Suffix":"way","City":"","State":"","Zip":"02131","StreetName":"Unity Way","Address":null,"StateName":null,"Zip4":null,"MAK":null,"AddressType":null,"RBDI":null,"Results":null,"NoSuffix":""},{"Number":"","Street":"vfw","Suffix":"pkwy","City":"","State":"","Zip":"02131","StreetName":"Vfw Pkwy","Address":null,"StateName":null,"Zip4":null,"MAK":null,"AddressType":null,"RBDI":null,"Results":null,"NoSuffix":""},{"Number":"","Street":"vista","Suffix":"st","City":"","State":"","Zip":"02131","StreetName":"Vista St","Address":null,"StateName":null,"Zip4":null,"MAK":null,"AddressType":null,"RBDI":null,"Results":null,"NoSuffix":""},{"Number":"","Street":"walk hill","Suffix":"st","City":"","State":"","Zip":"02131","StreetName":"Walk Hill St","Address":null,"StateName":null,"Zip4":null,"MAK":null,"AddressType":null,"RBDI":null,"Results":null,"NoSuffix":""},{"Number":"","Street":"walter","Suffix":"st","City":"","State":"","Zip":"02131","StreetName":"Walter St","Address":null,"StateName":null,"Zip4":null,"MAK":null,"AddressType":null,"RBDI":null,"Results":null,"NoSuffix":""},{"Number":"","Street":"walworth","Suffix":"st","City":"","State":"","Zip":"02131","StreetName":"Walworth St","Address":null,"StateName":null,"Zip4":null,"MAK":null,"AddressType":null,"RBDI":null,"Results":null,"NoSuffix":""},{"Number":"","Street":"washington","Suffix":"st","City":"","State":"","Zip":"02131","StreetName":"Washington St","Address":null,"StateName":null,"Zip4":null,"MAK":null,"AddressType":null,"RBDI":null,"Results":null,"NoSuffix":""},{"Number":"","Street":"waterman","Suffix":"rd","City":"","State":"","Zip":"02131","StreetName":"Waterman Rd","Address":null,"StateName":null,"Zip4":null,"MAK":null,"AddressType":null,"RBDI":null,"Results":null,"NoSuffix":""},{"Number":"","Street":"weeks","Suffix":"ave","City":"","State":"","Zip":"02131","StreetName":"Weeks Ave","Address":null,"StateName":null,"Zip4":null,"MAK":null,"AddressType":null,"RBDI":null,"Results":null,"NoSuffix":""},{"Number":"","Street":"weld","Suffix":"st","City":"","State":"","Zip":"02131","StreetName":"Weld St","Address":null,"StateName":null,"Zip4":null,"MAK":null,"AddressType":null,"RBDI":null,"Results":null,"NoSuffix":""},{"Number":"","Street":"wellsmere","Suffix":"park","City":"","State":"","Zip":"02131","StreetName":"Wellsmere Park","Address":null,"StateName":null,"Zip4":null,"MAK":null,"AddressType":null,"RBDI":null,"Results":null,"NoSuffix":""},{"Number":"","Street":"wellsmere","Suffix":"rd","City":"","State":"","Zip":"02131","StreetName":"Wellsmere Rd","Address":null,"StateName":null,"Zip4":null,"MAK":null,"AddressType":null,"RBDI":null,"Results":null,"NoSuffix":""},{"Number":"","Street":"wellsmere","Suffix":"ter","City":"","State":"","Zip":"02131","StreetName":"Wellsmere Ter","Address":null,"StateName":null,"Zip4":null,"MAK":null,"AddressType":null,"RBDI":null,"Results":null,"NoSuffix":""},{"Number":"","Street":"westbourne","Suffix":"st","City":"","State":"","Zip":"02131","StreetName":"Westbourne St","Address":null,"StateName":null,"Zip4":null,"MAK":null,"AddressType":null,"RBDI":null,"Results":null,"NoSuffix":""},{"Number":"","Street":"whipple","Suffix":"ave","City":"","State":"","Zip":"02131","StreetName":"Whipple Ave","Address":null,"StateName":null,"Zip4":null,"MAK":null,"AddressType":null,"RBDI":null,"Results":null,"NoSuffix":""},{"Number":"","Street":"whitford","Suffix":"st","City":"","State":"","Zip":"02131","StreetName":"Whitford St","Address":null,"StateName":null,"Zip4":null,"MAK":null,"AddressType":null,"RBDI":null,"Results":null,"NoSuffix":""},{"Number":"","Street":"wilkins","Suffix":"pl","City":"","State":"","Zip":"02131","StreetName":"Wilkins Pl","Address":null,"StateName":null,"Zip4":null,"MAK":null,"AddressType":null,"RBDI":null,"Results":null,"NoSuffix":""},{"Number":"","Street":"wilmot","Suffix":"st","City":"","State":"","Zip":"02131","StreetName":"Wilmot St","Address":null,"StateName":null,"Zip4":null,"MAK":null,"AddressType":null,"RBDI":null,"Results":null,"NoSuffix":""},{"Number":"","Street":"winton","Suffix":"st","City":"","State":"","Zip":"02131","StreetName":"Winton St","Address":null,"StateName":null,"Zip4":null,"MAK":null,"AddressType":null,"RBDI":null,"Results":null,"NoSuffix":""},{"Number":"","Street":"wyvern","Suffix":"st","City":"","State":"","Zip":"02131","StreetName":"Wyvern St","Address":null,"StateName":null,"Zip4":null,"MAK":null,"AddressType":null,"RBDI":null,"Results":null,"NoSuffix":""},{"Number":"","Street":"zeller","Suffix":"st","City":"","State":"","Zip":"02131","StreetName":"Zeller St","Address":null,"StateName":null,"Zip4":null,"MAK":null,"AddressType":null,"RBDI":null,"Results":null,"NoSuffix":""}]