[{"Number":"","Street":"aldrew","Suffix":"ter","City":"","State":"","Zip":"01119","StreetName":"Aldrew Ter","Address":null,"StateName":null,"Zip4":null,"MAK":null,"AddressType":null,"RBDI":null,"Results":null,"NoSuffix":""},{"Number":"","Street":"almira","Suffix":"rd","City":"","State":"","Zip":"01119","StreetName":"Almira Rd","Address":null,"StateName":null,"Zip4":null,"MAK":null,"AddressType":null,"RBDI":null,"Results":null,"NoSuffix":""},{"Number":"","Street":"andover","Suffix":"rd","City":"","State":"","Zip":"01119","StreetName":"Andover Rd","Address":null,"StateName":null,"Zip4":null,"MAK":null,"AddressType":null,"RBDI":null,"Results":null,"NoSuffix":""},{"Number":"","Street":"angelo","Suffix":"st","City":"","State":"","Zip":"01119","StreetName":"Angelo St","Address":null,"StateName":null,"Zip4":null,"MAK":null,"AddressType":null,"RBDI":null,"Results":null,"NoSuffix":""},{"Number":"","Street":"annies","Suffix":"way","City":"","State":"","Zip":"01119","StreetName":"Annies Way","Address":null,"StateName":null,"Zip4":null,"MAK":null,"AddressType":null,"RBDI":null,"Results":null,"NoSuffix":""},{"Number":"","Street":"arnold","Suffix":"ave","City":"","State":"","Zip":"01119","StreetName":"Arnold Ave","Address":null,"StateName":null,"Zip4":null,"MAK":null,"AddressType":null,"RBDI":null,"Results":null,"NoSuffix":""},{"Number":"","Street":"ashland","Suffix":"ave","City":"","State":"","Zip":"01119","StreetName":"Ashland Ave","Address":null,"StateName":null,"Zip4":null,"MAK":null,"AddressType":null,"RBDI":null,"Results":null,"NoSuffix":""},{"Number":"","Street":"avery","Suffix":"st","City":"","State":"","Zip":"01119","StreetName":"Avery St","Address":null,"StateName":null,"Zip4":null,"MAK":null,"AddressType":null,"RBDI":null,"Results":null,"NoSuffix":""},{"Number":"","Street":"bacon","Suffix":"rd","City":"","State":"","Zip":"01119","StreetName":"Bacon Rd","Address":null,"StateName":null,"Zip4":null,"MAK":null,"AddressType":null,"RBDI":null,"Results":null,"NoSuffix":""},{"Number":"","Street":"balboa","Suffix":"dr","City":"","State":"","Zip":"01119","StreetName":"Balboa Dr","Address":null,"StateName":null,"Zip4":null,"MAK":null,"AddressType":null,"RBDI":null,"Results":null,"NoSuffix":""},{"Number":"","Street":"ballard","Suffix":"ave","City":"","State":"","Zip":"01119","StreetName":"Ballard Ave","Address":null,"StateName":null,"Zip4":null,"MAK":null,"AddressType":null,"RBDI":null,"Results":null,"NoSuffix":""},{"Number":"","Street":"baltimore","Suffix":"ave","City":"","State":"","Zip":"01119","StreetName":"Baltimore Ave","Address":null,"StateName":null,"Zip4":null,"MAK":null,"AddressType":null,"RBDI":null,"Results":null,"NoSuffix":""},{"Number":"","Street":"barre","Suffix":"st","City":"","State":"","Zip":"01119","StreetName":"Barre St","Address":null,"StateName":null,"Zip4":null,"MAK":null,"AddressType":null,"RBDI":null,"Results":null,"NoSuffix":""},{"Number":"","Street":"beacon","Suffix":"cir","City":"","State":"","Zip":"01119","StreetName":"Beacon Cir","Address":null,"StateName":null,"Zip4":null,"MAK":null,"AddressType":null,"RBDI":null,"Results":null,"NoSuffix":""},{"Number":"","Street":"beacon","Suffix":"ter","City":"","State":"","Zip":"01119","StreetName":"Beacon Ter","Address":null,"StateName":null,"Zip4":null,"MAK":null,"AddressType":null,"RBDI":null,"Results":null,"NoSuffix":""},{"Number":"","Street":"bellamy","Suffix":"rd","City":"","State":"","Zip":"01119","StreetName":"Bellamy Rd","Address":null,"StateName":null,"Zip4":null,"MAK":null,"AddressType":null,"RBDI":null,"Results":null,"NoSuffix":""},{"Number":"","Street":"bellwood","Suffix":"rd","City":"","State":"","Zip":"01119","StreetName":"Bellwood Rd","Address":null,"StateName":null,"Zip4":null,"MAK":null,"AddressType":null,"RBDI":null,"Results":null,"NoSuffix":""},{"Number":"","Street":"better","Suffix":"way","City":"","State":"","Zip":"01119","StreetName":"Better Way","Address":null,"StateName":null,"Zip4":null,"MAK":null,"AddressType":null,"RBDI":null,"Results":null,"NoSuffix":""},{"Number":"","Street":"bexhill","Suffix":"st","City":"","State":"","Zip":"01119","StreetName":"Bexhill St","Address":null,"StateName":null,"Zip4":null,"MAK":null,"AddressType":null,"RBDI":null,"Results":null,"NoSuffix":""},{"Number":"","Street":"birch glen","Suffix":"rd","City":"","State":"","Zip":"01119","StreetName":"Birch Glen Rd","Address":null,"StateName":null,"Zip4":null,"MAK":null,"AddressType":null,"RBDI":null,"Results":null,"NoSuffix":""},{"Number":"","Street":"birchland","Suffix":"ave","City":"","State":"","Zip":"01119","StreetName":"Birchland Ave","Address":null,"StateName":null,"Zip4":null,"MAK":null,"AddressType":null,"RBDI":null,"Results":null,"NoSuffix":""},{"Number":"","Street":"bissell","Suffix":"st","City":"","State":"","Zip":"01119","StreetName":"Bissell St","Address":null,"StateName":null,"Zip4":null,"MAK":null,"AddressType":null,"RBDI":null,"Results":null,"NoSuffix":""},{"Number":"","Street":"blanche","Suffix":"st","City":"","State":"","Zip":"01119","StreetName":"Blanche St","Address":null,"StateName":null,"Zip4":null,"MAK":null,"AddressType":null,"RBDI":null,"Results":null,"NoSuffix":""},{"Number":"","Street":"bolton","Suffix":"st","City":"","State":"","Zip":"01119","StreetName":"Bolton St","Address":null,"StateName":null,"Zip4":null,"MAK":null,"AddressType":null,"RBDI":null,"Results":null,"NoSuffix":""},{"Number":"","Street":"boston","Suffix":"rd","City":"","State":"","Zip":"01119","StreetName":"Boston Rd","Address":null,"StateName":null,"Zip4":null,"MAK":null,"AddressType":null,"RBDI":null,"Results":null,"NoSuffix":""},{"Number":"","Street":"branch","Suffix":"pkwy","City":"","State":"","Zip":"01119","StreetName":"Branch Pkwy","Address":null,"StateName":null,"Zip4":null,"MAK":null,"AddressType":null,"RBDI":null,"Results":null,"NoSuffix":""},{"Number":"","Street":"brandon","Suffix":"ave","City":"","State":"","Zip":"01119","StreetName":"Brandon Ave","Address":null,"StateName":null,"Zip4":null,"MAK":null,"AddressType":null,"RBDI":null,"Results":null,"NoSuffix":""},{"Number":"","Street":"breckwood","Suffix":"cir","City":"","State":"","Zip":"01119","StreetName":"Breckwood Cir","Address":null,"StateName":null,"Zip4":null,"MAK":null,"AddressType":null,"RBDI":null,"Results":null,"NoSuffix":""},{"Number":"","Street":"bretton","Suffix":"rd","City":"","State":"","Zip":"01119","StreetName":"Bretton Rd","Address":null,"StateName":null,"Zip4":null,"MAK":null,"AddressType":null,"RBDI":null,"Results":null,"NoSuffix":""},{"Number":"","Street":"brewster","Suffix":"st","City":"","State":"","Zip":"01119","StreetName":"Brewster St","Address":null,"StateName":null,"Zip4":null,"MAK":null,"AddressType":null,"RBDI":null,"Results":null,"NoSuffix":""},{"Number":"","Street":"brickett","Suffix":"st","City":"","State":"","Zip":"01119","StreetName":"Brickett St","Address":null,"StateName":null,"Zip4":null,"MAK":null,"AddressType":null,"RBDI":null,"Results":null,"NoSuffix":""},{"Number":"","Street":"brook","Suffix":"rd","City":"","State":"","Zip":"01119","StreetName":"Brook Rd","Address":null,"StateName":null,"Zip4":null,"MAK":null,"AddressType":null,"RBDI":null,"Results":null,"NoSuffix":""},{"Number":"","Street":"brookburn","Suffix":"st","City":"","State":"","Zip":"01119","StreetName":"Brookburn St","Address":null,"StateName":null,"Zip4":null,"MAK":null,"AddressType":null,"RBDI":null,"Results":null,"NoSuffix":""},{"Number":"","Street":"bruce","Suffix":"st","City":"","State":"","Zip":"01119","StreetName":"Bruce St","Address":null,"StateName":null,"Zip4":null,"MAK":null,"AddressType":null,"RBDI":null,"Results":null,"NoSuffix":""},{"Number":"","Street":"burns","Suffix":"ave","City":"","State":"","Zip":"01119","StreetName":"Burns Ave","Address":null,"StateName":null,"Zip4":null,"MAK":null,"AddressType":null,"RBDI":null,"Results":null,"NoSuffix":""},{"Number":"","Street":"capitol","Suffix":"rd","City":"","State":"","Zip":"01119","StreetName":"Capitol Rd","Address":null,"StateName":null,"Zip4":null,"MAK":null,"AddressType":null,"RBDI":null,"Results":null,"NoSuffix":""},{"Number":"","Street":"catalpa","Suffix":"ter","City":"","State":"","Zip":"01119","StreetName":"Catalpa Ter","Address":null,"StateName":null,"Zip4":null,"MAK":null,"AddressType":null,"RBDI":null,"Results":null,"NoSuffix":""},{"Number":"","Street":"charlton","Suffix":"st","City":"","State":"","Zip":"01119","StreetName":"Charlton St","Address":null,"StateName":null,"Zip4":null,"MAK":null,"AddressType":null,"RBDI":null,"Results":null,"NoSuffix":""},{"Number":"","Street":"christopher","Suffix":"dr","City":"","State":"","Zip":"01119","StreetName":"Christopher Dr","Address":null,"StateName":null,"Zip4":null,"MAK":null,"AddressType":null,"RBDI":null,"Results":null,"NoSuffix":""},{"Number":"","Street":"cobb","Suffix":"st","City":"","State":"","Zip":"01119","StreetName":"Cobb St","Address":null,"StateName":null,"Zip4":null,"MAK":null,"AddressType":null,"RBDI":null,"Results":null,"NoSuffix":""},{"Number":"","Street":"cole","Suffix":"st","City":"","State":"","Zip":"01119","StreetName":"Cole St","Address":null,"StateName":null,"Zip4":null,"MAK":null,"AddressType":null,"RBDI":null,"Results":null,"NoSuffix":""},{"Number":"","Street":"collingwood","Suffix":"rd","City":"","State":"","Zip":"01119","StreetName":"Collingwood Rd","Address":null,"StateName":null,"Zip4":null,"MAK":null,"AddressType":null,"RBDI":null,"Results":null,"NoSuffix":""},{"Number":"","Street":"contessa","Suffix":"st","City":"","State":"","Zip":"01119","StreetName":"Contessa St","Address":null,"StateName":null,"Zip4":null,"MAK":null,"AddressType":null,"RBDI":null,"Results":null,"NoSuffix":""},{"Number":"","Street":"covington","Suffix":"st","City":"","State":"","Zip":"01119","StreetName":"Covington St","Address":null,"StateName":null,"Zip4":null,"MAK":null,"AddressType":null,"RBDI":null,"Results":null,"NoSuffix":""},{"Number":"","Street":"crabtree","Suffix":"st","City":"","State":"","Zip":"01119","StreetName":"Crabtree St","Address":null,"StateName":null,"Zip4":null,"MAK":null,"AddressType":null,"RBDI":null,"Results":null,"NoSuffix":""},{"Number":"","Street":"creswell","Suffix":"dr","City":"","State":"","Zip":"01119","StreetName":"Creswell Dr","Address":null,"StateName":null,"Zip4":null,"MAK":null,"AddressType":null,"RBDI":null,"Results":null,"NoSuffix":""},{"Number":"","Street":"curtis","Suffix":"st","City":"","State":"","Zip":"01119","StreetName":"Curtis St","Address":null,"StateName":null,"Zip4":null,"MAK":null,"AddressType":null,"RBDI":null,"Results":null,"NoSuffix":""},{"Number":"","Street":"davenport","Suffix":"st","City":"","State":"","Zip":"01119","StreetName":"Davenport St","Address":null,"StateName":null,"Zip4":null,"MAK":null,"AddressType":null,"RBDI":null,"Results":null,"NoSuffix":""},{"Number":"","Street":"delaware","Suffix":"ave","City":"","State":"","Zip":"01119","StreetName":"Delaware Ave","Address":null,"StateName":null,"Zip4":null,"MAK":null,"AddressType":null,"RBDI":null,"Results":null,"NoSuffix":""},{"Number":"","Street":"denwall","Suffix":"dr","City":"","State":"","Zip":"01119","StreetName":"Denwall Dr","Address":null,"StateName":null,"Zip4":null,"MAK":null,"AddressType":null,"RBDI":null,"Results":null,"NoSuffix":""},{"Number":"","Street":"donbray","Suffix":"rd","City":"","State":"","Zip":"01119","StreetName":"Donbray Rd","Address":null,"StateName":null,"Zip4":null,"MAK":null,"AddressType":null,"RBDI":null,"Results":null,"NoSuffix":""},{"Number":"","Street":"drake","Suffix":"st","City":"","State":"","Zip":"01119","StreetName":"Drake St","Address":null,"StateName":null,"Zip4":null,"MAK":null,"AddressType":null,"RBDI":null,"Results":null,"NoSuffix":""},{"Number":"","Street":"duffy","Suffix":"ln","City":"","State":"","Zip":"01119","StreetName":"Duffy Ln","Address":null,"StateName":null,"Zip4":null,"MAK":null,"AddressType":null,"RBDI":null,"Results":null,"NoSuffix":""},{"Number":"","Street":"duggan","Suffix":"cir","City":"","State":"","Zip":"01119","StreetName":"Duggan Cir","Address":null,"StateName":null,"Zip4":null,"MAK":null,"AddressType":null,"RBDI":null,"Results":null,"NoSuffix":""},{"Number":"","Street":"easy","Suffix":"way","City":"","State":"","Zip":"01119","StreetName":"Easy Way","Address":null,"StateName":null,"Zip4":null,"MAK":null,"AddressType":null,"RBDI":null,"Results":null,"NoSuffix":""},{"Number":"","Street":"eaton","Suffix":"st","City":"","State":"","Zip":"01119","StreetName":"Eaton St","Address":null,"StateName":null,"Zip4":null,"MAK":null,"AddressType":null,"RBDI":null,"Results":null,"NoSuffix":""},{"Number":"","Street":"edgemere","Suffix":"rd","City":"","State":"","Zip":"01119","StreetName":"Edgemere Rd","Address":null,"StateName":null,"Zip4":null,"MAK":null,"AddressType":null,"RBDI":null,"Results":null,"NoSuffix":""},{"Number":"","Street":"elmore","Suffix":"ave","City":"","State":"","Zip":"01119","StreetName":"Elmore Ave","Address":null,"StateName":null,"Zip4":null,"MAK":null,"AddressType":null,"RBDI":null,"Results":null,"NoSuffix":""},{"Number":"","Street":"elmshade","Suffix":"way","City":"","State":"","Zip":"01119","StreetName":"Elmshade Way","Address":null,"StateName":null,"Zip4":null,"MAK":null,"AddressType":null,"RBDI":null,"Results":null,"NoSuffix":""},{"Number":"","Street":"embassy","Suffix":"rd","City":"","State":"","Zip":"01119","StreetName":"Embassy Rd","Address":null,"StateName":null,"Zip4":null,"MAK":null,"AddressType":null,"RBDI":null,"Results":null,"NoSuffix":""},{"Number":"","Street":"emerald","Suffix":"rd","City":"","State":"","Zip":"01119","StreetName":"Emerald Rd","Address":null,"StateName":null,"Zip4":null,"MAK":null,"AddressType":null,"RBDI":null,"Results":null,"NoSuffix":""},{"Number":"","Street":"emmet","Suffix":"st","City":"","State":"","Zip":"01119","StreetName":"Emmet St","Address":null,"StateName":null,"Zip4":null,"MAK":null,"AddressType":null,"RBDI":null,"Results":null,"NoSuffix":""},{"Number":"","Street":"etna","Suffix":"ct","City":"","State":"","Zip":"01119","StreetName":"Etna Ct","Address":null,"StateName":null,"Zip4":null,"MAK":null,"AddressType":null,"RBDI":null,"Results":null,"NoSuffix":""},{"Number":"","Street":"evergreen","Suffix":"rd","City":"","State":"","Zip":"01119","StreetName":"Evergreen Rd","Address":null,"StateName":null,"Zip4":null,"MAK":null,"AddressType":null,"RBDI":null,"Results":null,"NoSuffix":""},{"Number":"","Street":"fairlawn","Suffix":"st","City":"","State":"","Zip":"01119","StreetName":"Fairlawn St","Address":null,"StateName":null,"Zip4":null,"MAK":null,"AddressType":null,"RBDI":null,"Results":null,"NoSuffix":""},{"Number":"","Street":"fallston","Suffix":"st","City":"","State":"","Zip":"01119","StreetName":"Fallston St","Address":null,"StateName":null,"Zip4":null,"MAK":null,"AddressType":null,"RBDI":null,"Results":null,"NoSuffix":""},{"Number":"","Street":"fargo","Suffix":"st","City":"","State":"","Zip":"01119","StreetName":"Fargo St","Address":null,"StateName":null,"Zip4":null,"MAK":null,"AddressType":null,"RBDI":null,"Results":null,"NoSuffix":""},{"Number":"","Street":"fellsmere","Suffix":"st","City":"","State":"","Zip":"01119","StreetName":"Fellsmere St","Address":null,"StateName":null,"Zip4":null,"MAK":null,"AddressType":null,"RBDI":null,"Results":null,"NoSuffix":""},{"Number":"","Street":"fenway","Suffix":"dr","City":"","State":"","Zip":"01119","StreetName":"Fenway Dr","Address":null,"StateName":null,"Zip4":null,"MAK":null,"AddressType":null,"RBDI":null,"Results":null,"NoSuffix":""},{"Number":"","Street":"ferncliff","Suffix":"ave","City":"","State":"","Zip":"01119","StreetName":"Ferncliff Ave","Address":null,"StateName":null,"Zip4":null,"MAK":null,"AddressType":null,"RBDI":null,"Results":null,"NoSuffix":""},{"Number":"","Street":"fieldston","Suffix":"st","City":"","State":"","Zip":"01119","StreetName":"Fieldston St","Address":null,"StateName":null,"Zip4":null,"MAK":null,"AddressType":null,"RBDI":null,"Results":null,"NoSuffix":""},{"Number":"","Street":"filmer","Suffix":"st","City":"","State":"","Zip":"01119","StreetName":"Filmer St","Address":null,"StateName":null,"Zip4":null,"MAK":null,"AddressType":null,"RBDI":null,"Results":null,"NoSuffix":""},{"Number":"","Street":"finch","Suffix":"rd","City":"","State":"","Zip":"01119","StreetName":"Finch Rd","Address":null,"StateName":null,"Zip4":null,"MAK":null,"AddressType":null,"RBDI":null,"Results":null,"NoSuffix":""},{"Number":"","Street":"frank","Suffix":"st","City":"","State":"","Zip":"01119","StreetName":"Frank St","Address":null,"StateName":null,"Zip4":null,"MAK":null,"AddressType":null,"RBDI":null,"Results":null,"NoSuffix":""},{"Number":"","Street":"frederic","Suffix":"st","City":"","State":"","Zip":"01119","StreetName":"Frederic St","Address":null,"StateName":null,"Zip4":null,"MAK":null,"AddressType":null,"RBDI":null,"Results":null,"NoSuffix":""},{"Number":"","Street":"gardens","Suffix":"dr","City":"","State":"","Zip":"01119","StreetName":"Gardens Dr","Address":null,"StateName":null,"Zip4":null,"MAK":null,"AddressType":null,"RBDI":null,"Results":null,"NoSuffix":""},{"Number":"","Street":"garibaldi","Suffix":"st","City":"","State":"","Zip":"01119","StreetName":"Garibaldi St","Address":null,"StateName":null,"Zip4":null,"MAK":null,"AddressType":null,"RBDI":null,"Results":null,"NoSuffix":""},{"Number":"","Street":"gary","Suffix":"rd","City":"","State":"","Zip":"01119","StreetName":"Gary Rd","Address":null,"StateName":null,"Zip4":null,"MAK":null,"AddressType":null,"RBDI":null,"Results":null,"NoSuffix":""},{"Number":"","Street":"gateway","Suffix":"dr","City":"","State":"","Zip":"01119","StreetName":"Gateway Dr","Address":null,"StateName":null,"Zip4":null,"MAK":null,"AddressType":null,"RBDI":null,"Results":null,"NoSuffix":""},{"Number":"","Street":"gatewood","Suffix":"rd","City":"","State":"","Zip":"01119","StreetName":"Gatewood Rd","Address":null,"StateName":null,"Zip4":null,"MAK":null,"AddressType":null,"RBDI":null,"Results":null,"NoSuffix":""},{"Number":"","Street":"gilbert","Suffix":"ave","City":"","State":"","Zip":"01119","StreetName":"Gilbert Ave","Address":null,"StateName":null,"Zip4":null,"MAK":null,"AddressType":null,"RBDI":null,"Results":null,"NoSuffix":""},{"Number":"","Street":"glenvale","Suffix":"st","City":"","State":"","Zip":"01119","StreetName":"Glenvale St","Address":null,"StateName":null,"Zip4":null,"MAK":null,"AddressType":null,"RBDI":null,"Results":null,"NoSuffix":""},{"Number":"","Street":"glenwood","Suffix":"st","City":"","State":"","Zip":"01119","StreetName":"Glenwood St","Address":null,"StateName":null,"Zip4":null,"MAK":null,"AddressType":null,"RBDI":null,"Results":null,"NoSuffix":""},{"Number":"","Street":"goshen","Suffix":"rd","City":"","State":"","Zip":"01119","StreetName":"Goshen Rd","Address":null,"StateName":null,"Zip4":null,"MAK":null,"AddressType":null,"RBDI":null,"Results":null,"NoSuffix":""},{"Number":"","Street":"graham","Suffix":"st","City":"","State":"","Zip":"01119","StreetName":"Graham St","Address":null,"StateName":null,"Zip4":null,"MAK":null,"AddressType":null,"RBDI":null,"Results":null,"NoSuffix":""},{"Number":"","Street":"granger","Suffix":"st","City":"","State":"","Zip":"01119","StreetName":"Granger St","Address":null,"StateName":null,"Zip4":null,"MAK":null,"AddressType":null,"RBDI":null,"Results":null,"NoSuffix":""},{"Number":"","Street":"grattan","Suffix":"st","City":"","State":"","Zip":"01119","StreetName":"Grattan St","Address":null,"StateName":null,"Zip4":null,"MAK":null,"AddressType":null,"RBDI":null,"Results":null,"NoSuffix":""},{"Number":"","Street":"grayson","Suffix":"dr","City":"","State":"","Zip":"01119","StreetName":"Grayson Dr","Address":null,"StateName":null,"Zip4":null,"MAK":null,"AddressType":null,"RBDI":null,"Results":null,"NoSuffix":""},{"Number":"","Street":"greenlawn","Suffix":"st","City":"","State":"","Zip":"01119","StreetName":"Greenlawn St","Address":null,"StateName":null,"Zip4":null,"MAK":null,"AddressType":null,"RBDI":null,"Results":null,"NoSuffix":""},{"Number":"","Street":"gresham","Suffix":"st","City":"","State":"","Zip":"01119","StreetName":"Gresham St","Address":null,"StateName":null,"Zip4":null,"MAK":null,"AddressType":null,"RBDI":null,"Results":null,"NoSuffix":""},{"Number":"","Street":"hadley","Suffix":"ct","City":"","State":"","Zip":"01119","StreetName":"Hadley Ct","Address":null,"StateName":null,"Zip4":null,"MAK":null,"AddressType":null,"RBDI":null,"Results":null,"NoSuffix":""},{"Number":"","Street":"hamilton","Suffix":"st","City":"","State":"","Zip":"01119","StreetName":"Hamilton St","Address":null,"StateName":null,"Zip4":null,"MAK":null,"AddressType":null,"RBDI":null,"Results":null,"NoSuffix":""},{"Number":"","Street":"harvey","Suffix":"st","City":"","State":"","Zip":"01119","StreetName":"Harvey St","Address":null,"StateName":null,"Zip4":null,"MAK":null,"AddressType":null,"RBDI":null,"Results":null,"NoSuffix":""},{"Number":"","Street":"hazen","Suffix":"st","City":"","State":"","Zip":"01119","StreetName":"Hazen St","Address":null,"StateName":null,"Zip4":null,"MAK":null,"AddressType":null,"RBDI":null,"Results":null,"NoSuffix":""},{"Number":"","Street":"health","Suffix":"ave","City":"","State":"","Zip":"01119","StreetName":"Health Ave","Address":null,"StateName":null,"Zip4":null,"MAK":null,"AddressType":null,"RBDI":null,"Results":null,"NoSuffix":""},{"Number":"","Street":"herbert","Suffix":"ave","City":"","State":"","Zip":"01119","StreetName":"Herbert Ave","Address":null,"StateName":null,"Zip4":null,"MAK":null,"AddressType":null,"RBDI":null,"Results":null,"NoSuffix":""},{"Number":"","Street":"hide a","Suffix":"way","City":"","State":"","Zip":"01119","StreetName":"Hide A Way","Address":null,"StateName":null,"Zip4":null,"MAK":null,"AddressType":null,"RBDI":null,"Results":null,"NoSuffix":""},{"Number":"","Street":"hiram","Suffix":"ave","City":"","State":"","Zip":"01119","StreetName":"Hiram Ave","Address":null,"StateName":null,"Zip4":null,"MAK":null,"AddressType":null,"RBDI":null,"Results":null,"NoSuffix":""},{"Number":"","Street":"holden","Suffix":"st","City":"","State":"","Zip":"01119","StreetName":"Holden St","Address":null,"StateName":null,"Zip4":null,"MAK":null,"AddressType":null,"RBDI":null,"Results":null,"NoSuffix":""},{"Number":"","Street":"holly hill","Suffix":"rd","City":"","State":"","Zip":"01119","StreetName":"Holly Hill Rd","Address":null,"StateName":null,"Zip4":null,"MAK":null,"AddressType":null,"RBDI":null,"Results":null,"NoSuffix":""},{"Number":"","Street":"hope","Suffix":"st","City":"","State":"","Zip":"01119","StreetName":"Hope St","Address":null,"StateName":null,"Zip4":null,"MAK":null,"AddressType":null,"RBDI":null,"Results":null,"NoSuffix":""},{"Number":"","Street":"horne","Suffix":"st","City":"","State":"","Zip":"01119","StreetName":"Horne St","Address":null,"StateName":null,"Zip4":null,"MAK":null,"AddressType":null,"RBDI":null,"Results":null,"NoSuffix":""},{"Number":"","Street":"hutchinson","Suffix":"st","City":"","State":"","Zip":"01119","StreetName":"Hutchinson St","Address":null,"StateName":null,"Zip4":null,"MAK":null,"AddressType":null,"RBDI":null,"Results":null,"NoSuffix":""},{"Number":"","Street":"inglewood","Suffix":"ave","City":"","State":"","Zip":"01119","StreetName":"Inglewood Ave","Address":null,"StateName":null,"Zip4":null,"MAK":null,"AddressType":null,"RBDI":null,"Results":null,"NoSuffix":""},{"Number":"","Street":"inwood","Suffix":"pl","City":"","State":"","Zip":"01119","StreetName":"Inwood Pl","Address":null,"StateName":null,"Zip4":null,"MAK":null,"AddressType":null,"RBDI":null,"Results":null,"NoSuffix":""},{"Number":"","Street":"jamaica","Suffix":"st","City":"","State":"","Zip":"01119","StreetName":"Jamaica St","Address":null,"StateName":null,"Zip4":null,"MAK":null,"AddressType":null,"RBDI":null,"Results":null,"NoSuffix":""},{"Number":"","Street":"jeffrey","Suffix":"rd","City":"","State":"","Zip":"01119","StreetName":"Jeffrey Rd","Address":null,"StateName":null,"Zip4":null,"MAK":null,"AddressType":null,"RBDI":null,"Results":null,"NoSuffix":""},{"Number":"","Street":"jennings","Suffix":"st","City":"","State":"","Zip":"01119","StreetName":"Jennings St","Address":null,"StateName":null,"Zip4":null,"MAK":null,"AddressType":null,"RBDI":null,"Results":null,"NoSuffix":""},{"Number":"","Street":"jerilis","Suffix":"dr","City":"","State":"","Zip":"01119","StreetName":"Jerilis Dr","Address":null,"StateName":null,"Zip4":null,"MAK":null,"AddressType":null,"RBDI":null,"Results":null,"NoSuffix":""},{"Number":"","Street":"joanne","Suffix":"rd","City":"","State":"","Zip":"01119","StreetName":"Joanne Rd","Address":null,"StateName":null,"Zip4":null,"MAK":null,"AddressType":null,"RBDI":null,"Results":null,"NoSuffix":""},{"Number":"","Street":"jonquil","Suffix":"dr","City":"","State":"","Zip":"01119","StreetName":"Jonquil Dr","Address":null,"StateName":null,"Zip4":null,"MAK":null,"AddressType":null,"RBDI":null,"Results":null,"NoSuffix":""},{"Number":"","Street":"joseph","Suffix":"st","City":"","State":"","Zip":"01119","StreetName":"Joseph St","Address":null,"StateName":null,"Zip4":null,"MAK":null,"AddressType":null,"RBDI":null,"Results":null,"NoSuffix":""},{"Number":"","Street":"juniper","Suffix":"dr","City":"","State":"","Zip":"01119","StreetName":"Juniper Dr","Address":null,"StateName":null,"Zip4":null,"MAK":null,"AddressType":null,"RBDI":null,"Results":null,"NoSuffix":""},{"Number":"","Street":"kane","Suffix":"st","City":"","State":"","Zip":"01119","StreetName":"Kane St","Address":null,"StateName":null,"Zip4":null,"MAK":null,"AddressType":null,"RBDI":null,"Results":null,"NoSuffix":""},{"Number":"","Street":"kathleen","Suffix":"st","City":"","State":"","Zip":"01119","StreetName":"Kathleen St","Address":null,"StateName":null,"Zip4":null,"MAK":null,"AddressType":null,"RBDI":null,"Results":null,"NoSuffix":""},{"Number":"","Street":"kirtley","Suffix":"st","City":"","State":"","Zip":"01119","StreetName":"Kirtley St","Address":null,"StateName":null,"Zip4":null,"MAK":null,"AddressType":null,"RBDI":null,"Results":null,"NoSuffix":""},{"Number":"","Street":"kittrell","Suffix":"st","City":"","State":"","Zip":"01119","StreetName":"Kittrell St","Address":null,"StateName":null,"Zip4":null,"MAK":null,"AddressType":null,"RBDI":null,"Results":null,"NoSuffix":""},{"Number":"","Street":"lamont","Suffix":"st","City":"","State":"","Zip":"01119","StreetName":"Lamont St","Address":null,"StateName":null,"Zip4":null,"MAK":null,"AddressType":null,"RBDI":null,"Results":null,"NoSuffix":""},{"Number":"","Street":"lamplighter","Suffix":"ln","City":"","State":"","Zip":"01119","StreetName":"Lamplighter Ln","Address":null,"StateName":null,"Zip4":null,"MAK":null,"AddressType":null,"RBDI":null,"Results":null,"NoSuffix":""},{"Number":"","Street":"lawnwood","Suffix":"st","City":"","State":"","Zip":"01119","StreetName":"Lawnwood St","Address":null,"StateName":null,"Zip4":null,"MAK":null,"AddressType":null,"RBDI":null,"Results":null,"NoSuffix":""},{"Number":"","Street":"lemnos","Suffix":"ln","City":"","State":"","Zip":"01119","StreetName":"Lemnos Ln","Address":null,"StateName":null,"Zip4":null,"MAK":null,"AddressType":null,"RBDI":null,"Results":null,"NoSuffix":""},{"Number":"","Street":"leopold","Suffix":"st","City":"","State":"","Zip":"01119","StreetName":"Leopold St","Address":null,"StateName":null,"Zip4":null,"MAK":null,"AddressType":null,"RBDI":null,"Results":null,"NoSuffix":""},{"Number":"","Street":"lloyd","Suffix":"ave","City":"","State":"","Zip":"01119","StreetName":"Lloyd Ave","Address":null,"StateName":null,"Zip4":null,"MAK":null,"AddressType":null,"RBDI":null,"Results":null,"NoSuffix":""},{"Number":"","Street":"lucerne","Suffix":"rd","City":"","State":"","Zip":"01119","StreetName":"Lucerne Rd","Address":null,"StateName":null,"Zip4":null,"MAK":null,"AddressType":null,"RBDI":null,"Results":null,"NoSuffix":""},{"Number":"","Street":"lumae","Suffix":"st","City":"","State":"","Zip":"01119","StreetName":"Lumae St","Address":null,"StateName":null,"Zip4":null,"MAK":null,"AddressType":null,"RBDI":null,"Results":null,"NoSuffix":""},{"Number":"","Street":"macomber","Suffix":"ave","City":"","State":"","Zip":"01119","StreetName":"Macomber Ave","Address":null,"StateName":null,"Zip4":null,"MAK":null,"AddressType":null,"RBDI":null,"Results":null,"NoSuffix":""},{"Number":"","Street":"maebeth","Suffix":"st","City":"","State":"","Zip":"01119","StreetName":"Maebeth St","Address":null,"StateName":null,"Zip4":null,"MAK":null,"AddressType":null,"RBDI":null,"Results":null,"NoSuffix":""},{"Number":"","Street":"martel","Suffix":"rd","City":"","State":"","Zip":"01119","StreetName":"Martel Rd","Address":null,"StateName":null,"Zip4":null,"MAK":null,"AddressType":null,"RBDI":null,"Results":null,"NoSuffix":""},{"Number":"","Street":"mary louise","Suffix":"st","City":"","State":"","Zip":"01119","StreetName":"Mary Louise St","Address":null,"StateName":null,"Zip4":null,"MAK":null,"AddressType":null,"RBDI":null,"Results":null,"NoSuffix":""},{"Number":"","Street":"meadowlark","Suffix":"ln","City":"","State":"","Zip":"01119","StreetName":"Meadowlark Ln","Address":null,"StateName":null,"Zip4":null,"MAK":null,"AddressType":null,"RBDI":null,"Results":null,"NoSuffix":""},{"Number":"","Street":"melba","Suffix":"st","City":"","State":"","Zip":"01119","StreetName":"Melba St","Address":null,"StateName":null,"Zip4":null,"MAK":null,"AddressType":null,"RBDI":null,"Results":null,"NoSuffix":""},{"Number":"","Street":"mercury","Suffix":"way","City":"","State":"","Zip":"01119","StreetName":"Mercury Way","Address":null,"StateName":null,"Zip4":null,"MAK":null,"AddressType":null,"RBDI":null,"Results":null,"NoSuffix":""},{"Number":"","Street":"merrill","Suffix":"rd","City":"","State":"","Zip":"01119","StreetName":"Merrill Rd","Address":null,"StateName":null,"Zip4":null,"MAK":null,"AddressType":null,"RBDI":null,"Results":null,"NoSuffix":""},{"Number":"","Street":"methuen","Suffix":"st","City":"","State":"","Zip":"01119","StreetName":"Methuen St","Address":null,"StateName":null,"Zip4":null,"MAK":null,"AddressType":null,"RBDI":null,"Results":null,"NoSuffix":""},{"Number":"","Street":"mobile home","Suffix":"way","City":"","State":"","Zip":"01119","StreetName":"Mobile Home Way","Address":null,"StateName":null,"Zip4":null,"MAK":null,"AddressType":null,"RBDI":null,"Results":null,"NoSuffix":""},{"Number":"","Street":"morton","Suffix":"st","City":"","State":"","Zip":"01119","StreetName":"Morton St","Address":null,"StateName":null,"Zip4":null,"MAK":null,"AddressType":null,"RBDI":null,"Results":null,"NoSuffix":""},{"Number":"","Street":"moss","Suffix":"rd","City":"","State":"","Zip":"01119","StreetName":"Moss Rd","Address":null,"StateName":null,"Zip4":null,"MAK":null,"AddressType":null,"RBDI":null,"Results":null,"NoSuffix":""},{"Number":"","Street":"newfield","Suffix":"rd","City":"","State":"","Zip":"01119","StreetName":"Newfield Rd","Address":null,"StateName":null,"Zip4":null,"MAK":null,"AddressType":null,"RBDI":null,"Results":null,"NoSuffix":""},{"Number":"","Street":"newport","Suffix":"st","City":"","State":"","Zip":"01119","StreetName":"Newport St","Address":null,"StateName":null,"Zip4":null,"MAK":null,"AddressType":null,"RBDI":null,"Results":null,"NoSuffix":""},{"Number":"","Street":"northway","Suffix":"dr","City":"","State":"","Zip":"01119","StreetName":"Northway Dr","Address":null,"StateName":null,"Zip4":null,"MAK":null,"AddressType":null,"RBDI":null,"Results":null,"NoSuffix":""},{"Number":"","Street":"old farm","Suffix":"rd","City":"","State":"","Zip":"01119","StreetName":"Old Farm Rd","Address":null,"StateName":null,"Zip4":null,"MAK":null,"AddressType":null,"RBDI":null,"Results":null,"NoSuffix":""},{"Number":"","Street":"olney","Suffix":"ave","City":"","State":"","Zip":"01119","StreetName":"Olney Ave","Address":null,"StateName":null,"Zip4":null,"MAK":null,"AddressType":null,"RBDI":null,"Results":null,"NoSuffix":""},{"Number":"","Street":"otis","Suffix":"ct","City":"","State":"","Zip":"01119","StreetName":"Otis Ct","Address":null,"StateName":null,"Zip4":null,"MAK":null,"AddressType":null,"RBDI":null,"Results":null,"NoSuffix":""},{"Number":"","Street":"overlea","Suffix":"dr","City":"","State":"","Zip":"01119","StreetName":"Overlea Dr","Address":null,"StateName":null,"Zip4":null,"MAK":null,"AddressType":null,"RBDI":null,"Results":null,"NoSuffix":""},{"Number":"","Street":"partridge","Suffix":"dr","City":"","State":"","Zip":"01119","StreetName":"Partridge Dr","Address":null,"StateName":null,"Zip4":null,"MAK":null,"AddressType":null,"RBDI":null,"Results":null,"NoSuffix":""},{"Number":"","Street":"pascal","Suffix":"dr","City":"","State":"","Zip":"01119","StreetName":"Pascal Dr","Address":null,"StateName":null,"Zip4":null,"MAK":null,"AddressType":null,"RBDI":null,"Results":null,"NoSuffix":""},{"Number":"","Street":"pasco","Suffix":"rd","City":"","State":"","Zip":"01119","StreetName":"Pasco Rd","Address":null,"StateName":null,"Zip4":null,"MAK":null,"AddressType":null,"RBDI":null,"Results":null,"NoSuffix":""},{"Number":"","Street":"patricia","Suffix":"cir","City":"","State":"","Zip":"01119","StreetName":"Patricia Cir","Address":null,"StateName":null,"Zip4":null,"MAK":null,"AddressType":null,"RBDI":null,"Results":null,"NoSuffix":""},{"Number":"","Street":"patterson","Suffix":"ave","City":"","State":"","Zip":"01119","StreetName":"Patterson Ave","Address":null,"StateName":null,"Zip4":null,"MAK":null,"AddressType":null,"RBDI":null,"Results":null,"NoSuffix":""},{"Number":"","Street":"pearson","Suffix":"dr","City":"","State":"","Zip":"01119","StreetName":"Pearson Dr","Address":null,"StateName":null,"Zip4":null,"MAK":null,"AddressType":null,"RBDI":null,"Results":null,"NoSuffix":""},{"Number":"","Street":"pheasant","Suffix":"dr","City":"","State":"","Zip":"01119","StreetName":"Pheasant Dr","Address":null,"StateName":null,"Zip4":null,"MAK":null,"AddressType":null,"RBDI":null,"Results":null,"NoSuffix":""},{"Number":"","Street":"phillips","Suffix":"ave","City":"","State":"","Zip":"01119","StreetName":"Phillips Ave","Address":null,"StateName":null,"Zip4":null,"MAK":null,"AddressType":null,"RBDI":null,"Results":null,"NoSuffix":""},{"Number":"","Street":"pidgeon","Suffix":"dr","City":"","State":"","Zip":"01119","StreetName":"Pidgeon Dr","Address":null,"StateName":null,"Zip4":null,"MAK":null,"AddressType":null,"RBDI":null,"Results":null,"NoSuffix":""},{"Number":"","Street":"pine grove","Suffix":"st","City":"","State":"","Zip":"01119","StreetName":"Pine Grove St","Address":null,"StateName":null,"Zip4":null,"MAK":null,"AddressType":null,"RBDI":null,"Results":null,"NoSuffix":""},{"Number":"","Street":"pineview","Suffix":"dr","City":"","State":"","Zip":"01119","StreetName":"Pineview Dr","Address":null,"StateName":null,"Zip4":null,"MAK":null,"AddressType":null,"RBDI":null,"Results":null,"NoSuffix":""},{"Number":"","Street":"pioneer","Suffix":"way","City":"","State":"","Zip":"01119","StreetName":"Pioneer Way","Address":null,"StateName":null,"Zip4":null,"MAK":null,"AddressType":null,"RBDI":null,"Results":null,"NoSuffix":""},{"Number":"","Street":"plumtree","Suffix":"rd","City":"","State":"","Zip":"01119","StreetName":"Plumtree Rd","Address":null,"StateName":null,"Zip4":null,"MAK":null,"AddressType":null,"RBDI":null,"Results":null,"NoSuffix":""},{"Number":"","Street":"prouty","Suffix":"st","City":"","State":"","Zip":"01119","StreetName":"Prouty St","Address":null,"StateName":null,"Zip4":null,"MAK":null,"AddressType":null,"RBDI":null,"Results":null,"NoSuffix":""},{"Number":"","Street":"puritan","Suffix":"cir","City":"","State":"","Zip":"01119","StreetName":"Puritan Cir","Address":null,"StateName":null,"Zip4":null,"MAK":null,"AddressType":null,"RBDI":null,"Results":null,"NoSuffix":""},{"Number":"","Street":"puritan","Suffix":"rd","City":"","State":"","Zip":"01119","StreetName":"Puritan Rd","Address":null,"StateName":null,"Zip4":null,"MAK":null,"AddressType":null,"RBDI":null,"Results":null,"NoSuffix":""},{"Number":"","Street":"ravenwood","Suffix":"st","City":"","State":"","Zip":"01119","StreetName":"Ravenwood St","Address":null,"StateName":null,"Zip4":null,"MAK":null,"AddressType":null,"RBDI":null,"Results":null,"NoSuffix":""},{"Number":"","Street":"redden","Suffix":"st","City":"","State":"","Zip":"01119","StreetName":"Redden St","Address":null,"StateName":null,"Zip4":null,"MAK":null,"AddressType":null,"RBDI":null,"Results":null,"NoSuffix":""},{"Number":"","Street":"rest","Suffix":"way","City":"","State":"","Zip":"01119","StreetName":"Rest Way","Address":null,"StateName":null,"Zip4":null,"MAK":null,"AddressType":null,"RBDI":null,"Results":null,"NoSuffix":""},{"Number":"","Street":"rome","Suffix":"way","City":"","State":"","Zip":"01119","StreetName":"Rome Way","Address":null,"StateName":null,"Zip4":null,"MAK":null,"AddressType":null,"RBDI":null,"Results":null,"NoSuffix":""},{"Number":"","Street":"rosemary","Suffix":"dr","City":"","State":"","Zip":"01119","StreetName":"Rosemary Dr","Address":null,"StateName":null,"Zip4":null,"MAK":null,"AddressType":null,"RBDI":null,"Results":null,"NoSuffix":""},{"Number":"","Street":"sewell","Suffix":"st","City":"","State":"","Zip":"01119","StreetName":"Sewell St","Address":null,"StateName":null,"Zip4":null,"MAK":null,"AddressType":null,"RBDI":null,"Results":null,"NoSuffix":""},{"Number":"","Street":"sherwood","Suffix":"rd","City":"","State":"","Zip":"01119","StreetName":"Sherwood Rd","Address":null,"StateName":null,"Zip4":null,"MAK":null,"AddressType":null,"RBDI":null,"Results":null,"NoSuffix":""},{"Number":"","Street":"shumway","Suffix":"st","City":"","State":"","Zip":"01119","StreetName":"Shumway St","Address":null,"StateName":null,"Zip4":null,"MAK":null,"AddressType":null,"RBDI":null,"Results":null,"NoSuffix":""},{"Number":"","Street":"slater","Suffix":"ave","City":"","State":"","Zip":"01119","StreetName":"Slater Ave","Address":null,"StateName":null,"Zip4":null,"MAK":null,"AddressType":null,"RBDI":null,"Results":null,"NoSuffix":""},{"Number":"","Street":"snowden","Suffix":"st","City":"","State":"","Zip":"01119","StreetName":"Snowden St","Address":null,"StateName":null,"Zip4":null,"MAK":null,"AddressType":null,"RBDI":null,"Results":null,"NoSuffix":""},{"Number":"","Street":"sonia","Suffix":"st","City":"","State":"","Zip":"01119","StreetName":"Sonia St","Address":null,"StateName":null,"Zip4":null,"MAK":null,"AddressType":null,"RBDI":null,"Results":null,"NoSuffix":""},{"Number":"","Street":"sparrow","Suffix":"dr","City":"","State":"","Zip":"01119","StreetName":"Sparrow Dr","Address":null,"StateName":null,"Zip4":null,"MAK":null,"AddressType":null,"RBDI":null,"Results":null,"NoSuffix":""},{"Number":"","Street":"spear","Suffix":"rd","City":"","State":"","Zip":"01119","StreetName":"Spear Rd","Address":null,"StateName":null,"Zip4":null,"MAK":null,"AddressType":null,"RBDI":null,"Results":null,"NoSuffix":""},{"Number":"","Street":"starling","Suffix":"rd","City":"","State":"","Zip":"01119","StreetName":"Starling Rd","Address":null,"StateName":null,"Zip4":null,"MAK":null,"AddressType":null,"RBDI":null,"Results":null,"NoSuffix":""},{"Number":"","Street":"stevenson","Suffix":"st","City":"","State":"","Zip":"01119","StreetName":"Stevenson St","Address":null,"StateName":null,"Zip4":null,"MAK":null,"AddressType":null,"RBDI":null,"Results":null,"NoSuffix":""},{"Number":"","Street":"stuart","Suffix":"st","City":"","State":"","Zip":"01119","StreetName":"Stuart St","Address":null,"StateName":null,"Zip4":null,"MAK":null,"AddressType":null,"RBDI":null,"Results":null,"NoSuffix":""},{"Number":"","Street":"sunnybrook","Suffix":"rd","City":"","State":"","Zip":"01119","StreetName":"Sunnybrook Rd","Address":null,"StateName":null,"Zip4":null,"MAK":null,"AddressType":null,"RBDI":null,"Results":null,"NoSuffix":""},{"Number":"","Street":"sunrise","Suffix":"ter","City":"","State":"","Zip":"01119","StreetName":"Sunrise Ter","Address":null,"StateName":null,"Zip4":null,"MAK":null,"AddressType":null,"RBDI":null,"Results":null,"NoSuffix":""},{"Number":"","Street":"swift","Suffix":"ct","City":"","State":"","Zip":"01119","StreetName":"Swift Ct","Address":null,"StateName":null,"Zip4":null,"MAK":null,"AddressType":null,"RBDI":null,"Results":null,"NoSuffix":""},{"Number":"","Street":"talbot","Suffix":"rd","City":"","State":"","Zip":"01119","StreetName":"Talbot Rd","Address":null,"StateName":null,"Zip4":null,"MAK":null,"AddressType":null,"RBDI":null,"Results":null,"NoSuffix":""},{"Number":"","Street":"tavistock","Suffix":"st","City":"","State":"","Zip":"01119","StreetName":"Tavistock St","Address":null,"StateName":null,"Zip4":null,"MAK":null,"AddressType":null,"RBDI":null,"Results":null,"NoSuffix":""},{"Number":"","Street":"temby","Suffix":"st","City":"","State":"","Zip":"01119","StreetName":"Temby St","Address":null,"StateName":null,"Zip4":null,"MAK":null,"AddressType":null,"RBDI":null,"Results":null,"NoSuffix":""},{"Number":"","Street":"thetford","Suffix":"st","City":"","State":"","Zip":"01119","StreetName":"Thetford St","Address":null,"StateName":null,"Zip4":null,"MAK":null,"AddressType":null,"RBDI":null,"Results":null,"NoSuffix":""},{"Number":"","Street":"timber","Suffix":"ln","City":"","State":"","Zip":"01119","StreetName":"Timber Ln","Address":null,"StateName":null,"Zip4":null,"MAK":null,"AddressType":null,"RBDI":null,"Results":null,"NoSuffix":""},{"Number":"","Street":"timothy","Suffix":"cir","City":"","State":"","Zip":"01119","StreetName":"Timothy Cir","Address":null,"StateName":null,"Zip4":null,"MAK":null,"AddressType":null,"RBDI":null,"Results":null,"NoSuffix":""},{"Number":"","Street":"turin","Suffix":"way","City":"","State":"","Zip":"01119","StreetName":"Turin Way","Address":null,"StateName":null,"Zip4":null,"MAK":null,"AddressType":null,"RBDI":null,"Results":null,"NoSuffix":""},{"Number":"","Street":"valley","Suffix":"rd","City":"","State":"","Zip":"01119","StreetName":"Valley Rd","Address":null,"StateName":null,"Zip4":null,"MAK":null,"AddressType":null,"RBDI":null,"Results":null,"NoSuffix":""},{"Number":"","Street":"vann","Suffix":"st","City":"","State":"","Zip":"01119","StreetName":"Vann St","Address":null,"StateName":null,"Zip4":null,"MAK":null,"AddressType":null,"RBDI":null,"Results":null,"NoSuffix":""},{"Number":"","Street":"venture","Suffix":"dr","City":"","State":"","Zip":"01119","StreetName":"Venture Dr","Address":null,"StateName":null,"Zip4":null,"MAK":null,"AddressType":null,"RBDI":null,"Results":null,"NoSuffix":""},{"Number":"","Street":"vought","Suffix":"way","City":"","State":"","Zip":"01119","StreetName":"Vought Way","Address":null,"StateName":null,"Zip4":null,"MAK":null,"AddressType":null,"RBDI":null,"Results":null,"NoSuffix":""},{"Number":"","Street":"wallace","Suffix":"st","City":"","State":"","Zip":"01119","StreetName":"Wallace St","Address":null,"StateName":null,"Zip4":null,"MAK":null,"AddressType":null,"RBDI":null,"Results":null,"NoSuffix":""},{"Number":"","Street":"wellfleet","Suffix":"dr","City":"","State":"","Zip":"01119","StreetName":"Wellfleet Dr","Address":null,"StateName":null,"Zip4":null,"MAK":null,"AddressType":null,"RBDI":null,"Results":null,"NoSuffix":""},{"Number":"","Street":"wells","Suffix":"ave","City":"","State":"","Zip":"01119","StreetName":"Wells Ave","Address":null,"StateName":null,"Zip4":null,"MAK":null,"AddressType":null,"RBDI":null,"Results":null,"NoSuffix":""},{"Number":"","Street":"white birch","Suffix":"dr","City":"","State":"","Zip":"01119","StreetName":"White Birch Dr","Address":null,"StateName":null,"Zip4":null,"MAK":null,"AddressType":null,"RBDI":null,"Results":null,"NoSuffix":""},{"Number":"","Street":"wilbraham","Suffix":"rd","City":"","State":"","Zip":"01119","StreetName":"Wilbraham Rd","Address":null,"StateName":null,"Zip4":null,"MAK":null,"AddressType":null,"RBDI":null,"Results":null,"NoSuffix":""},{"Number":"","Street":"wilkes","Suffix":"st","City":"","State":"","Zip":"01119","StreetName":"Wilkes St","Address":null,"StateName":null,"Zip4":null,"MAK":null,"AddressType":null,"RBDI":null,"Results":null,"NoSuffix":""},{"Number":"","Street":"wilmington","Suffix":"st","City":"","State":"","Zip":"01119","StreetName":"Wilmington St","Address":null,"StateName":null,"Zip4":null,"MAK":null,"AddressType":null,"RBDI":null,"Results":null,"NoSuffix":""},{"Number":"","Street":"wisteria","Suffix":"st","City":"","State":"","Zip":"01119","StreetName":"Wisteria St","Address":null,"StateName":null,"Zip4":null,"MAK":null,"AddressType":null,"RBDI":null,"Results":null,"NoSuffix":""},{"Number":"","Street":"wollaston","Suffix":"st","City":"","State":"","Zip":"01119","StreetName":"Wollaston St","Address":null,"StateName":null,"Zip4":null,"MAK":null,"AddressType":null,"RBDI":null,"Results":null,"NoSuffix":""},{"Number":"","Street":"woodrow","Suffix":"st","City":"","State":"","Zip":"01119","StreetName":"Woodrow St","Address":null,"StateName":null,"Zip4":null,"MAK":null,"AddressType":null,"RBDI":null,"Results":null,"NoSuffix":""},{"Number":"","Street":"wrentham","Suffix":"rd","City":"","State":"","Zip":"01119","StreetName":"Wrentham Rd","Address":null,"StateName":null,"Zip4":null,"MAK":null,"AddressType":null,"RBDI":null,"Results":null,"NoSuffix":""},{"Number":"","Street":"wrenwood","Suffix":"st","City":"","State":"","Zip":"01119","StreetName":"Wrenwood St","Address":null,"StateName":null,"Zip4":null,"MAK":null,"AddressType":null,"RBDI":null,"Results":null,"NoSuffix":""},{"Number":"","Street":"zinnia","Suffix":"way","City":"","State":"","Zip":"01119","StreetName":"Zinnia Way","Address":null,"StateName":null,"Zip4":null,"MAK":null,"AddressType":null,"RBDI":null,"Results":null,"NoSuffix":""}]