[{"Number":"","Street":"academy hill","Suffix":"rd","City":"","State":"","Zip":"01341","StreetName":"Academy Hill Rd","Address":null,"StateName":null,"Zip4":null,"MAK":null,"AddressType":null,"RBDI":null,"Results":null,"NoSuffix":""},{"Number":"","Street":"adams","Suffix":"rd","City":"","State":"","Zip":"01341","StreetName":"Adams Rd","Address":null,"StateName":null,"Zip4":null,"MAK":null,"AddressType":null,"RBDI":null,"Results":null,"NoSuffix":""},{"Number":"","Street":"ashfield","Suffix":"rd","City":"","State":"","Zip":"01341","StreetName":"Ashfield Rd","Address":null,"StateName":null,"Zip4":null,"MAK":null,"AddressType":null,"RBDI":null,"Results":null,"NoSuffix":""},{"Number":"","Street":"baptist hill","Suffix":"rd","City":"","State":"","Zip":"01341","StreetName":"Baptist Hill Rd","Address":null,"StateName":null,"Zip4":null,"MAK":null,"AddressType":null,"RBDI":null,"Results":null,"NoSuffix":""},{"Number":"","Street":"bardwells ferry","Suffix":"rd","City":"","State":"","Zip":"01341","StreetName":"Bardwells Ferry Rd","Address":null,"StateName":null,"Zip4":null,"MAK":null,"AddressType":null,"RBDI":null,"Results":null,"NoSuffix":""},{"Number":"","Street":"bent nail","Suffix":"dr","City":"","State":"","Zip":"01341","StreetName":"Bent Nail Dr","Address":null,"StateName":null,"Zip4":null,"MAK":null,"AddressType":null,"RBDI":null,"Results":null,"NoSuffix":""},{"Number":"","Street":"bond","Suffix":"st","City":"","State":"","Zip":"01341","StreetName":"Bond St","Address":null,"StateName":null,"Zip4":null,"MAK":null,"AddressType":null,"RBDI":null,"Results":null,"NoSuffix":""},{"Number":"","Street":"boyden","Suffix":"rd","City":"","State":"","Zip":"01341","StreetName":"Boyden Rd","Address":null,"StateName":null,"Zip4":null,"MAK":null,"AddressType":null,"RBDI":null,"Results":null,"NoSuffix":""},{"Number":"","Street":"brester","Suffix":"rd","City":"","State":"","Zip":"01341","StreetName":"Brester Rd","Address":null,"StateName":null,"Zip4":null,"MAK":null,"AddressType":null,"RBDI":null,"Results":null,"NoSuffix":""},{"Number":"","Street":"cemetary hill","Suffix":"rd","City":"","State":"","Zip":"01341","StreetName":"Cemetary Hill Rd","Address":null,"StateName":null,"Zip4":null,"MAK":null,"AddressType":null,"RBDI":null,"Results":null,"NoSuffix":""},{"Number":"","Street":"cricket hill","Suffix":"rd","City":"","State":"","Zip":"01341","StreetName":"Cricket Hill Rd","Address":null,"StateName":null,"Zip4":null,"MAK":null,"AddressType":null,"RBDI":null,"Results":null,"NoSuffix":""},{"Number":"","Street":"dacey","Suffix":"rd","City":"","State":"","Zip":"01341","StreetName":"Dacey Rd","Address":null,"StateName":null,"Zip4":null,"MAK":null,"AddressType":null,"RBDI":null,"Results":null,"NoSuffix":""},{"Number":"","Street":"deerfield","Suffix":"rd","City":"","State":"","Zip":"01341","StreetName":"Deerfield Rd","Address":null,"StateName":null,"Zip4":null,"MAK":null,"AddressType":null,"RBDI":null,"Results":null,"NoSuffix":""},{"Number":"","Street":"delabarre","Suffix":"ave","City":"","State":"","Zip":"01341","StreetName":"Delabarre Ave","Address":null,"StateName":null,"Zip4":null,"MAK":null,"AddressType":null,"RBDI":null,"Results":null,"NoSuffix":""},{"Number":"","Street":"eldridge","Suffix":"rd","City":"","State":"","Zip":"01341","StreetName":"Eldridge Rd","Address":null,"StateName":null,"Zip4":null,"MAK":null,"AddressType":null,"RBDI":null,"Results":null,"NoSuffix":""},{"Number":"","Street":"elijahs ride","Suffix":"dr","City":"","State":"","Zip":"01341","StreetName":"Elijahs Ride Dr","Address":null,"StateName":null,"Zip4":null,"MAK":null,"AddressType":null,"RBDI":null,"Results":null,"NoSuffix":""},{"Number":"","Street":"elm","Suffix":"st","City":"","State":"","Zip":"01341","StreetName":"Elm St","Address":null,"StateName":null,"Zip4":null,"MAK":null,"AddressType":null,"RBDI":null,"Results":null,"NoSuffix":""},{"Number":"","Street":"elmer","Suffix":"rd","City":"","State":"","Zip":"01341","StreetName":"Elmer Rd","Address":null,"StateName":null,"Zip4":null,"MAK":null,"AddressType":null,"RBDI":null,"Results":null,"NoSuffix":""},{"Number":"","Street":"emerson hollow","Suffix":"rd","City":"","State":"","Zip":"01341","StreetName":"Emerson Hollow Rd","Address":null,"StateName":null,"Zip4":null,"MAK":null,"AddressType":null,"RBDI":null,"Results":null,"NoSuffix":""},{"Number":"","Street":"fields hill","Suffix":"rd","City":"","State":"","Zip":"01341","StreetName":"Fields Hill Rd","Address":null,"StateName":null,"Zip4":null,"MAK":null,"AddressType":null,"RBDI":null,"Results":null,"NoSuffix":""},{"Number":"","Street":"fisher place","Suffix":"rd","City":"","State":"","Zip":"01341","StreetName":"Fisher Place Rd","Address":null,"StateName":null,"Zip4":null,"MAK":null,"AddressType":null,"RBDI":null,"Results":null,"NoSuffix":""},{"Number":"","Street":"flagg mountain","Suffix":"dr","City":"","State":"","Zip":"01341","StreetName":"Flagg Mountain Dr","Address":null,"StateName":null,"Zip4":null,"MAK":null,"AddressType":null,"RBDI":null,"Results":null,"NoSuffix":""},{"Number":"","Street":"fournier","Suffix":"rd","City":"","State":"","Zip":"01341","StreetName":"Fournier Rd","Address":null,"StateName":null,"Zip4":null,"MAK":null,"AddressType":null,"RBDI":null,"Results":null,"NoSuffix":""},{"Number":"","Street":"graves","Suffix":"rd","City":"","State":"","Zip":"01341","StreetName":"Graves Rd","Address":null,"StateName":null,"Zip4":null,"MAK":null,"AddressType":null,"RBDI":null,"Results":null,"NoSuffix":""},{"Number":"","Street":"guinea","Suffix":"rd","City":"","State":"","Zip":"01341","StreetName":"Guinea Rd","Address":null,"StateName":null,"Zip4":null,"MAK":null,"AddressType":null,"RBDI":null,"Results":null,"NoSuffix":""},{"Number":"","Street":"hamilton","Suffix":"dr","City":"","State":"","Zip":"01341","StreetName":"Hamilton Dr","Address":null,"StateName":null,"Zip4":null,"MAK":null,"AddressType":null,"RBDI":null,"Results":null,"NoSuffix":""},{"Number":"","Street":"harrison","Suffix":"rd","City":"","State":"","Zip":"01341","StreetName":"Harrison Rd","Address":null,"StateName":null,"Zip4":null,"MAK":null,"AddressType":null,"RBDI":null,"Results":null,"NoSuffix":""},{"Number":"","Street":"hart","Suffix":"rd","City":"","State":"","Zip":"01341","StreetName":"Hart Rd","Address":null,"StateName":null,"Zip4":null,"MAK":null,"AddressType":null,"RBDI":null,"Results":null,"NoSuffix":""},{"Number":"","Street":"hickory ridge","Suffix":"rd","City":"","State":"","Zip":"01341","StreetName":"Hickory Ridge Rd","Address":null,"StateName":null,"Zip4":null,"MAK":null,"AddressType":null,"RBDI":null,"Results":null,"NoSuffix":""},{"Number":"","Street":"hidden ledge","Suffix":"dr","City":"","State":"","Zip":"01341","StreetName":"Hidden Ledge Dr","Address":null,"StateName":null,"Zip4":null,"MAK":null,"AddressType":null,"RBDI":null,"Results":null,"NoSuffix":""},{"Number":"","Street":"high meadow","Suffix":"dr","City":"","State":"","Zip":"01341","StreetName":"High Meadow Dr","Address":null,"StateName":null,"Zip4":null,"MAK":null,"AddressType":null,"RBDI":null,"Results":null,"NoSuffix":""},{"Number":"","Street":"hill","Suffix":"dr","City":"","State":"","Zip":"01341","StreetName":"Hill Dr","Address":null,"StateName":null,"Zip4":null,"MAK":null,"AddressType":null,"RBDI":null,"Results":null,"NoSuffix":""},{"Number":"","Street":"hill","Suffix":"rd","City":"","State":"","Zip":"01341","StreetName":"Hill Rd","Address":null,"StateName":null,"Zip4":null,"MAK":null,"AddressType":null,"RBDI":null,"Results":null,"NoSuffix":""},{"Number":"","Street":"hoosac","Suffix":"rd","City":"","State":"","Zip":"01341","StreetName":"Hoosac Rd","Address":null,"StateName":null,"Zip4":null,"MAK":null,"AddressType":null,"RBDI":null,"Results":null,"NoSuffix":""},{"Number":"","Street":"ives","Suffix":"rd","City":"","State":"","Zip":"01341","StreetName":"Ives Rd","Address":null,"StateName":null,"Zip4":null,"MAK":null,"AddressType":null,"RBDI":null,"Results":null,"NoSuffix":""},{"Number":"","Street":"jones corner","Suffix":"rd","City":"","State":"","Zip":"01341","StreetName":"Jones Corner Rd","Address":null,"StateName":null,"Zip4":null,"MAK":null,"AddressType":null,"RBDI":null,"Results":null,"NoSuffix":""},{"Number":"","Street":"larch meadow","Suffix":"dr","City":"","State":"","Zip":"01341","StreetName":"Larch Meadow Dr","Address":null,"StateName":null,"Zip4":null,"MAK":null,"AddressType":null,"RBDI":null,"Results":null,"NoSuffix":""},{"Number":"","Street":"leukhardt","Suffix":"rd","City":"","State":"","Zip":"01341","StreetName":"Leukhardt Rd","Address":null,"StateName":null,"Zip4":null,"MAK":null,"AddressType":null,"RBDI":null,"Results":null,"NoSuffix":""},{"Number":"","Street":"maggie bean","Suffix":"dr","City":"","State":"","Zip":"01341","StreetName":"Maggie Bean Dr","Address":null,"StateName":null,"Zip4":null,"MAK":null,"AddressType":null,"RBDI":null,"Results":null,"NoSuffix":""},{"Number":"","Street":"main","Suffix":"st","City":"","State":"","Zip":"01341","StreetName":"Main St","Address":null,"StateName":null,"Zip4":null,"MAK":null,"AddressType":null,"RBDI":null,"Results":null,"NoSuffix":""},{"Number":"","Street":"main poland","Suffix":"rd","City":"","State":"","Zip":"01341","StreetName":"Main Poland Rd","Address":null,"StateName":null,"Zip4":null,"MAK":null,"AddressType":null,"RBDI":null,"Results":null,"NoSuffix":""},{"Number":"","Street":"manning","Suffix":"rd","City":"","State":"","Zip":"01341","StreetName":"Manning Rd","Address":null,"StateName":null,"Zip4":null,"MAK":null,"AddressType":null,"RBDI":null,"Results":null,"NoSuffix":""},{"Number":"","Street":"maple","Suffix":"st","City":"","State":"","Zip":"01341","StreetName":"Maple St","Address":null,"StateName":null,"Zip4":null,"MAK":null,"AddressType":null,"RBDI":null,"Results":null,"NoSuffix":""},{"Number":"","Street":"mathews","Suffix":"rd","City":"","State":"","Zip":"01341","StreetName":"Mathews Rd","Address":null,"StateName":null,"Zip4":null,"MAK":null,"AddressType":null,"RBDI":null,"Results":null,"NoSuffix":""},{"Number":"","Street":"newhall","Suffix":"rd","City":"","State":"","Zip":"01341","StreetName":"Newhall Rd","Address":null,"StateName":null,"Zip4":null,"MAK":null,"AddressType":null,"RBDI":null,"Results":null,"NoSuffix":""},{"Number":"","Street":"old cricket hill","Suffix":"rd","City":"","State":"","Zip":"01341","StreetName":"Old Cricket Hill Rd","Address":null,"StateName":null,"Zip4":null,"MAK":null,"AddressType":null,"RBDI":null,"Results":null,"NoSuffix":""},{"Number":"","Street":"orchard","Suffix":"st","City":"","State":"","Zip":"01341","StreetName":"Orchard St","Address":null,"StateName":null,"Zip4":null,"MAK":null,"AddressType":null,"RBDI":null,"Results":null,"NoSuffix":""},{"Number":"","Street":"parsons","Suffix":"dr","City":"","State":"","Zip":"01341","StreetName":"Parsons Dr","Address":null,"StateName":null,"Zip4":null,"MAK":null,"AddressType":null,"RBDI":null,"Results":null,"NoSuffix":""},{"Number":"","Street":"parsons","Suffix":"rd","City":"","State":"","Zip":"01341","StreetName":"Parsons Rd","Address":null,"StateName":null,"Zip4":null,"MAK":null,"AddressType":null,"RBDI":null,"Results":null,"NoSuffix":""},{"Number":"","Street":"parsons hill","Suffix":"dr","City":"","State":"","Zip":"01341","StreetName":"Parsons Hill Dr","Address":null,"StateName":null,"Zip4":null,"MAK":null,"AddressType":null,"RBDI":null,"Results":null,"NoSuffix":""},{"Number":"","Street":"part","Suffix":"rd","City":"","State":"","Zip":"01341","StreetName":"Part Rd","Address":null,"StateName":null,"Zip4":null,"MAK":null,"AddressType":null,"RBDI":null,"Results":null,"NoSuffix":""},{"Number":"","Street":"pine hill","Suffix":"rd","City":"","State":"","Zip":"01341","StreetName":"Pine Hill Rd","Address":null,"StateName":null,"Zip4":null,"MAK":null,"AddressType":null,"RBDI":null,"Results":null,"NoSuffix":""},{"Number":"","Street":"pleasant","Suffix":"st","City":"","State":"","Zip":"01341","StreetName":"Pleasant St","Address":null,"StateName":null,"Zip4":null,"MAK":null,"AddressType":null,"RBDI":null,"Results":null,"NoSuffix":""},{"Number":"","Street":"po box","Suffix":"","City":"","State":"","Zip":"01341","StreetName":"Po Box","Address":null,"StateName":null,"Zip4":null,"MAK":null,"AddressType":null,"RBDI":null,"Results":null,"NoSuffix":"t"},{"Number":"","Street":"poland","Suffix":"rd","City":"","State":"","Zip":"01341","StreetName":"Poland Rd","Address":null,"StateName":null,"Zip4":null,"MAK":null,"AddressType":null,"RBDI":null,"Results":null,"NoSuffix":""},{"Number":"","Street":"reeds bridge","Suffix":"rd","City":"","State":"","Zip":"01341","StreetName":"Reeds Bridge Rd","Address":null,"StateName":null,"Zip4":null,"MAK":null,"AddressType":null,"RBDI":null,"Results":null,"NoSuffix":""},{"Number":"","Street":"riley","Suffix":"rd","City":"","State":"","Zip":"01341","StreetName":"Riley Rd","Address":null,"StateName":null,"Zip4":null,"MAK":null,"AddressType":null,"RBDI":null,"Results":null,"NoSuffix":""},{"Number":"","Street":"river","Suffix":"st","City":"","State":"","Zip":"01341","StreetName":"River St","Address":null,"StateName":null,"Zip4":null,"MAK":null,"AddressType":null,"RBDI":null,"Results":null,"NoSuffix":""},{"Number":"","Street":"rivers edge","Suffix":"dr","City":"","State":"","Zip":"01341","StreetName":"Rivers Edge Dr","Address":null,"StateName":null,"Zip4":null,"MAK":null,"AddressType":null,"RBDI":null,"Results":null,"NoSuffix":""},{"Number":"","Street":"roaring brook","Suffix":"rd","City":"","State":"","Zip":"01341","StreetName":"Roaring Brook Rd","Address":null,"StateName":null,"Zip4":null,"MAK":null,"AddressType":null,"RBDI":null,"Results":null,"NoSuffix":""},{"Number":"","Street":"sabans","Suffix":"rd","City":"","State":"","Zip":"01341","StreetName":"Sabans Rd","Address":null,"StateName":null,"Zip4":null,"MAK":null,"AddressType":null,"RBDI":null,"Results":null,"NoSuffix":""},{"Number":"","Street":"schoolhouse","Suffix":"rd","City":"","State":"","Zip":"01341","StreetName":"Schoolhouse Rd","Address":null,"StateName":null,"Zip4":null,"MAK":null,"AddressType":null,"RBDI":null,"Results":null,"NoSuffix":""},{"Number":"","Street":"shelburne falls","Suffix":"rd","City":"","State":"","Zip":"01341","StreetName":"Shelburne Falls Rd","Address":null,"StateName":null,"Zip4":null,"MAK":null,"AddressType":null,"RBDI":null,"Results":null,"NoSuffix":""},{"Number":"","Street":"shirkshire","Suffix":"rd","City":"","State":"","Zip":"01341","StreetName":"Shirkshire Rd","Address":null,"StateName":null,"Zip4":null,"MAK":null,"AddressType":null,"RBDI":null,"Results":null,"NoSuffix":""},{"Number":"","Street":"thompson","Suffix":"rd","City":"","State":"","Zip":"01341","StreetName":"Thompson Rd","Address":null,"StateName":null,"Zip4":null,"MAK":null,"AddressType":null,"RBDI":null,"Results":null,"NoSuffix":""},{"Number":"","Street":"truce","Suffix":"rd","City":"","State":"","Zip":"01341","StreetName":"Truce Rd","Address":null,"StateName":null,"Zip4":null,"MAK":null,"AddressType":null,"RBDI":null,"Results":null,"NoSuffix":""},{"Number":"","Street":"upper baptist hill","Suffix":"rd","City":"","State":"","Zip":"01341","StreetName":"Upper Baptist Hill Rd","Address":null,"StateName":null,"Zip4":null,"MAK":null,"AddressType":null,"RBDI":null,"Results":null,"NoSuffix":""},{"Number":"","Street":"warger","Suffix":"rd","City":"","State":"","Zip":"01341","StreetName":"Warger Rd","Address":null,"StateName":null,"Zip4":null,"MAK":null,"AddressType":null,"RBDI":null,"Results":null,"NoSuffix":""},{"Number":"","Street":"whately","Suffix":"rd","City":"","State":"","Zip":"01341","StreetName":"Whately Rd","Address":null,"StateName":null,"Zip4":null,"MAK":null,"AddressType":null,"RBDI":null,"Results":null,"NoSuffix":""},{"Number":"","Street":"whately glen","Suffix":"rd","City":"","State":"","Zip":"01341","StreetName":"Whately Glen Rd","Address":null,"StateName":null,"Zip4":null,"MAK":null,"AddressType":null,"RBDI":null,"Results":null,"NoSuffix":""},{"Number":"","Street":"wholey","Suffix":"rd","City":"","State":"","Zip":"01341","StreetName":"Wholey Rd","Address":null,"StateName":null,"Zip4":null,"MAK":null,"AddressType":null,"RBDI":null,"Results":null,"NoSuffix":""},{"Number":"","Street":"wilder hill","Suffix":"rd","City":"","State":"","Zip":"01341","StreetName":"Wilder Hill Rd","Address":null,"StateName":null,"Zip4":null,"MAK":null,"AddressType":null,"RBDI":null,"Results":null,"NoSuffix":""},{"Number":"","Street":"williamsburg","Suffix":"rd","City":"","State":"","Zip":"01341","StreetName":"Williamsburg Rd","Address":null,"StateName":null,"Zip4":null,"MAK":null,"AddressType":null,"RBDI":null,"Results":null,"NoSuffix":""}]