[{"Number":"","Street":"arnold","Suffix":"dr","City":"","State":"","Zip":"01518","StreetName":"Arnold Dr","Address":null,"StateName":null,"Zip4":null,"MAK":null,"AddressType":null,"RBDI":null,"Results":null,"NoSuffix":""},{"Number":"","Street":"arnold","Suffix":"rd","City":"","State":"","Zip":"01518","StreetName":"Arnold Rd","Address":null,"StateName":null,"Zip4":null,"MAK":null,"AddressType":null,"RBDI":null,"Results":null,"NoSuffix":""},{"Number":"","Street":"auger","Suffix":"st","City":"","State":"","Zip":"01518","StreetName":"Auger St","Address":null,"StateName":null,"Zip4":null,"MAK":null,"AddressType":null,"RBDI":null,"Results":null,"NoSuffix":""},{"Number":"","Street":"bates","Suffix":"ct","City":"","State":"","Zip":"01518","StreetName":"Bates Ct","Address":null,"StateName":null,"Zip4":null,"MAK":null,"AddressType":null,"RBDI":null,"Results":null,"NoSuffix":""},{"Number":"","Street":"bates","Suffix":"hl","City":"","State":"","Zip":"01518","StreetName":"Bates Hl","Address":null,"StateName":null,"Zip4":null,"MAK":null,"AddressType":null,"RBDI":null,"Results":null,"NoSuffix":""},{"Number":"","Street":"big alum","Suffix":"","City":"","State":"","Zip":"01518","StreetName":"Big Alum","Address":null,"StateName":null,"Zip4":null,"MAK":null,"AddressType":null,"RBDI":null,"Results":null,"NoSuffix":"t"},{"Number":"","Street":"brook hill","Suffix":"rd","City":"","State":"","Zip":"01518","StreetName":"Brook Hill Rd","Address":null,"StateName":null,"Zip4":null,"MAK":null,"AddressType":null,"RBDI":null,"Results":null,"NoSuffix":""},{"Number":"","Street":"brookfield","Suffix":"rd","City":"","State":"","Zip":"01518","StreetName":"Brookfield Rd","Address":null,"StateName":null,"Zip4":null,"MAK":null,"AddressType":null,"RBDI":null,"Results":null,"NoSuffix":""},{"Number":"","Street":"camp","Suffix":"rd","City":"","State":"","Zip":"01518","StreetName":"Camp Rd","Address":null,"StateName":null,"Zip4":null,"MAK":null,"AddressType":null,"RBDI":null,"Results":null,"NoSuffix":""},{"Number":"","Street":"cedar","Suffix":"st","City":"","State":"","Zip":"01518","StreetName":"Cedar St","Address":null,"StateName":null,"Zip4":null,"MAK":null,"AddressType":null,"RBDI":null,"Results":null,"NoSuffix":""},{"Number":"","Street":"champeaux","Suffix":"rd","City":"","State":"","Zip":"01518","StreetName":"Champeaux Rd","Address":null,"StateName":null,"Zip4":null,"MAK":null,"AddressType":null,"RBDI":null,"Results":null,"NoSuffix":""},{"Number":"","Street":"church","Suffix":"st","City":"","State":"","Zip":"01518","StreetName":"Church St","Address":null,"StateName":null,"Zip4":null,"MAK":null,"AddressType":null,"RBDI":null,"Results":null,"NoSuffix":""},{"Number":"","Street":"clark","Suffix":"rd","City":"","State":"","Zip":"01518","StreetName":"Clark Rd","Address":null,"StateName":null,"Zip4":null,"MAK":null,"AddressType":null,"RBDI":null,"Results":null,"NoSuffix":""},{"Number":"","Street":"clark road","Suffix":"ext","City":"","State":"","Zip":"01518","StreetName":"Clark Road Ext","Address":null,"StateName":null,"Zip4":null,"MAK":null,"AddressType":null,"RBDI":null,"Results":null,"NoSuffix":""},{"Number":"","Street":"collette","Suffix":"rd","City":"","State":"","Zip":"01518","StreetName":"Collette Rd","Address":null,"StateName":null,"Zip4":null,"MAK":null,"AddressType":null,"RBDI":null,"Results":null,"NoSuffix":""},{"Number":"","Street":"commonwealth","Suffix":"ave","City":"","State":"","Zip":"01518","StreetName":"Commonwealth Ave","Address":null,"StateName":null,"Zip4":null,"MAK":null,"AddressType":null,"RBDI":null,"Results":null,"NoSuffix":""},{"Number":"","Street":"cooper","Suffix":"rd","City":"","State":"","Zip":"01518","StreetName":"Cooper Rd","Address":null,"StateName":null,"Zip4":null,"MAK":null,"AddressType":null,"RBDI":null,"Results":null,"NoSuffix":""},{"Number":"","Street":"crescent","Suffix":"way","City":"","State":"","Zip":"01518","StreetName":"Crescent Way","Address":null,"StateName":null,"Zip4":null,"MAK":null,"AddressType":null,"RBDI":null,"Results":null,"NoSuffix":""},{"Number":"","Street":"douty","Suffix":"rd","City":"","State":"","Zip":"01518","StreetName":"Douty Rd","Address":null,"StateName":null,"Zip4":null,"MAK":null,"AddressType":null,"RBDI":null,"Results":null,"NoSuffix":""},{"Number":"","Street":"draper woods","Suffix":"rd","City":"","State":"","Zip":"01518","StreetName":"Draper Woods Rd","Address":null,"StateName":null,"Zip4":null,"MAK":null,"AddressType":null,"RBDI":null,"Results":null,"NoSuffix":""},{"Number":"","Street":"evergreen","Suffix":"ln","City":"","State":"","Zip":"01518","StreetName":"Evergreen Ln","Address":null,"StateName":null,"Zip4":null,"MAK":null,"AddressType":null,"RBDI":null,"Results":null,"NoSuffix":""},{"Number":"","Street":"finlay","Suffix":"rd","City":"","State":"","Zip":"01518","StreetName":"Finlay Rd","Address":null,"StateName":null,"Zip4":null,"MAK":null,"AddressType":null,"RBDI":null,"Results":null,"NoSuffix":""},{"Number":"","Street":"gladding","Suffix":"ln","City":"","State":"","Zip":"01518","StreetName":"Gladding Ln","Address":null,"StateName":null,"Zip4":null,"MAK":null,"AddressType":null,"RBDI":null,"Results":null,"NoSuffix":""},{"Number":"","Street":"glendale","Suffix":"rd","City":"","State":"","Zip":"01518","StreetName":"Glendale Rd","Address":null,"StateName":null,"Zip4":null,"MAK":null,"AddressType":null,"RBDI":null,"Results":null,"NoSuffix":""},{"Number":"","Street":"harding","Suffix":"ln","City":"","State":"","Zip":"01518","StreetName":"Harding Ln","Address":null,"StateName":null,"Zip4":null,"MAK":null,"AddressType":null,"RBDI":null,"Results":null,"NoSuffix":""},{"Number":"","Street":"harrington","Suffix":"ct","City":"","State":"","Zip":"01518","StreetName":"Harrington Ct","Address":null,"StateName":null,"Zip4":null,"MAK":null,"AddressType":null,"RBDI":null,"Results":null,"NoSuffix":""},{"Number":"","Street":"hemlock","Suffix":"path","City":"","State":"","Zip":"01518","StreetName":"Hemlock Path","Address":null,"StateName":null,"Zip4":null,"MAK":null,"AddressType":null,"RBDI":null,"Results":null,"NoSuffix":""},{"Number":"","Street":"heritage green","Suffix":"dr","City":"","State":"","Zip":"01518","StreetName":"Heritage Green Dr","Address":null,"StateName":null,"Zip4":null,"MAK":null,"AddressType":null,"RBDI":null,"Results":null,"NoSuffix":""},{"Number":"","Street":"high","Suffix":"st","City":"","State":"","Zip":"01518","StreetName":"High St","Address":null,"StateName":null,"Zip4":null,"MAK":null,"AddressType":null,"RBDI":null,"Results":null,"NoSuffix":""},{"Number":"","Street":"highland","Suffix":"ln","City":"","State":"","Zip":"01518","StreetName":"Highland Ln","Address":null,"StateName":null,"Zip4":null,"MAK":null,"AddressType":null,"RBDI":null,"Results":null,"NoSuffix":""},{"Number":"","Street":"hinman","Suffix":"st","City":"","State":"","Zip":"01518","StreetName":"Hinman St","Address":null,"StateName":null,"Zip4":null,"MAK":null,"AddressType":null,"RBDI":null,"Results":null,"NoSuffix":""},{"Number":"","Street":"holland","Suffix":"rd","City":"","State":"","Zip":"01518","StreetName":"Holland Rd","Address":null,"StateName":null,"Zip4":null,"MAK":null,"AddressType":null,"RBDI":null,"Results":null,"NoSuffix":""},{"Number":"","Street":"hunter","Suffix":"ln","City":"","State":"","Zip":"01518","StreetName":"Hunter Ln","Address":null,"StateName":null,"Zip4":null,"MAK":null,"AddressType":null,"RBDI":null,"Results":null,"NoSuffix":""},{"Number":"","Street":"laflamme","Suffix":"ln","City":"","State":"","Zip":"01518","StreetName":"Laflamme Ln","Address":null,"StateName":null,"Zip4":null,"MAK":null,"AddressType":null,"RBDI":null,"Results":null,"NoSuffix":""},{"Number":"","Street":"lake","Suffix":"rd","City":"","State":"","Zip":"01518","StreetName":"Lake Rd","Address":null,"StateName":null,"Zip4":null,"MAK":null,"AddressType":null,"RBDI":null,"Results":null,"NoSuffix":""},{"Number":"","Street":"lakeshore","Suffix":"dr","City":"","State":"","Zip":"01518","StreetName":"Lakeshore Dr","Address":null,"StateName":null,"Zip4":null,"MAK":null,"AddressType":null,"RBDI":null,"Results":null,"NoSuffix":""},{"Number":"","Street":"lakewood","Suffix":"trl","City":"","State":"","Zip":"01518","StreetName":"Lakewood Trl","Address":null,"StateName":null,"Zip4":null,"MAK":null,"AddressType":null,"RBDI":null,"Results":null,"NoSuffix":""},{"Number":"","Street":"lauren","Suffix":"ln","City":"","State":"","Zip":"01518","StreetName":"Lauren Ln","Address":null,"StateName":null,"Zip4":null,"MAK":null,"AddressType":null,"RBDI":null,"Results":null,"NoSuffix":""},{"Number":"","Street":"leadmine","Suffix":"ln","City":"","State":"","Zip":"01518","StreetName":"Leadmine Ln","Address":null,"StateName":null,"Zip4":null,"MAK":null,"AddressType":null,"RBDI":null,"Results":null,"NoSuffix":""},{"Number":"","Street":"leadmine","Suffix":"rd","City":"","State":"","Zip":"01518","StreetName":"Leadmine Rd","Address":null,"StateName":null,"Zip4":null,"MAK":null,"AddressType":null,"RBDI":null,"Results":null,"NoSuffix":""},{"Number":"","Street":"main","Suffix":"st","City":"","State":"","Zip":"01518","StreetName":"Main St","Address":null,"StateName":null,"Zip4":null,"MAK":null,"AddressType":null,"RBDI":null,"Results":null,"NoSuffix":""},{"Number":"","Street":"meadow view","Suffix":"ln","City":"","State":"","Zip":"01518","StreetName":"Meadow View Ln","Address":null,"StateName":null,"Zip4":null,"MAK":null,"AddressType":null,"RBDI":null,"Results":null,"NoSuffix":""},{"Number":"","Street":"meredith","Suffix":"way","City":"","State":"","Zip":"01518","StreetName":"Meredith Way","Address":null,"StateName":null,"Zip4":null,"MAK":null,"AddressType":null,"RBDI":null,"Results":null,"NoSuffix":""},{"Number":"","Street":"mt dan","Suffix":"rd","City":"","State":"","Zip":"01518","StreetName":"Mt Dan Rd","Address":null,"StateName":null,"Zip4":null,"MAK":null,"AddressType":null,"RBDI":null,"Results":null,"NoSuffix":""},{"Number":"","Street":"north","Suffix":"dr","City":"","State":"","Zip":"01518","StreetName":"North Dr","Address":null,"StateName":null,"Zip4":null,"MAK":null,"AddressType":null,"RBDI":null,"Results":null,"NoSuffix":""},{"Number":"","Street":"old stagecoach","Suffix":"rd","City":"","State":"","Zip":"01518","StreetName":"Old Stagecoach Rd","Address":null,"StateName":null,"Zip4":null,"MAK":null,"AddressType":null,"RBDI":null,"Results":null,"NoSuffix":""},{"Number":"","Street":"old towne","Suffix":"way","City":"","State":"","Zip":"01518","StreetName":"Old Towne Way","Address":null,"StateName":null,"Zip4":null,"MAK":null,"AddressType":null,"RBDI":null,"Results":null,"NoSuffix":""},{"Number":"","Street":"paradise","Suffix":"ln","City":"","State":"","Zip":"01518","StreetName":"Paradise Ln","Address":null,"StateName":null,"Zip4":null,"MAK":null,"AddressType":null,"RBDI":null,"Results":null,"NoSuffix":""},{"Number":"","Street":"po box","Suffix":"","City":"","State":"","Zip":"01518","StreetName":"Po Box","Address":null,"StateName":null,"Zip4":null,"MAK":null,"AddressType":null,"RBDI":null,"Results":null,"NoSuffix":"t"},{"Number":"","Street":"racicot","Suffix":"ln","City":"","State":"","Zip":"01518","StreetName":"Racicot Ln","Address":null,"StateName":null,"Zip4":null,"MAK":null,"AddressType":null,"RBDI":null,"Results":null,"NoSuffix":""},{"Number":"","Street":"riverview","Suffix":"ave","City":"","State":"","Zip":"01518","StreetName":"Riverview Ave","Address":null,"StateName":null,"Zip4":null,"MAK":null,"AddressType":null,"RBDI":null,"Results":null,"NoSuffix":""},{"Number":"","Street":"roy","Suffix":"rd","City":"","State":"","Zip":"01518","StreetName":"Roy Rd","Address":null,"StateName":null,"Zip4":null,"MAK":null,"AddressType":null,"RBDI":null,"Results":null,"NoSuffix":""},{"Number":"","Street":"school","Suffix":"st","City":"","State":"","Zip":"01518","StreetName":"School St","Address":null,"StateName":null,"Zip4":null,"MAK":null,"AddressType":null,"RBDI":null,"Results":null,"NoSuffix":""},{"Number":"","Street":"shumway hill","Suffix":"rd","City":"","State":"","Zip":"01518","StreetName":"Shumway Hill Rd","Address":null,"StateName":null,"Zip4":null,"MAK":null,"AddressType":null,"RBDI":null,"Results":null,"NoSuffix":""},{"Number":"","Street":"snell","Suffix":"st","City":"","State":"","Zip":"01518","StreetName":"Snell St","Address":null,"StateName":null,"Zip4":null,"MAK":null,"AddressType":null,"RBDI":null,"Results":null,"NoSuffix":""},{"Number":"","Street":"stallion hill","Suffix":"rd","City":"","State":"","Zip":"01518","StreetName":"Stallion Hill Rd","Address":null,"StateName":null,"Zip4":null,"MAK":null,"AddressType":null,"RBDI":null,"Results":null,"NoSuffix":""},{"Number":"","Street":"stearns","Suffix":"dr","City":"","State":"","Zip":"01518","StreetName":"Stearns Dr","Address":null,"StateName":null,"Zip4":null,"MAK":null,"AddressType":null,"RBDI":null,"Results":null,"NoSuffix":""},{"Number":"","Street":"streeter","Suffix":"rd","City":"","State":"","Zip":"01518","StreetName":"Streeter Rd","Address":null,"StateName":null,"Zip4":null,"MAK":null,"AddressType":null,"RBDI":null,"Results":null,"NoSuffix":""},{"Number":"","Street":"summit","Suffix":"ave","City":"","State":"","Zip":"01518","StreetName":"Summit Ave","Address":null,"StateName":null,"Zip4":null,"MAK":null,"AddressType":null,"RBDI":null,"Results":null,"NoSuffix":""},{"Number":"","Street":"tannery","Suffix":"rd","City":"","State":"","Zip":"01518","StreetName":"Tannery Rd","Address":null,"StateName":null,"Zip4":null,"MAK":null,"AddressType":null,"RBDI":null,"Results":null,"NoSuffix":""},{"Number":"","Street":"the","Suffix":"trl","City":"","State":"","Zip":"01518","StreetName":"The Trl","Address":null,"StateName":null,"Zip4":null,"MAK":null,"AddressType":null,"RBDI":null,"Results":null,"NoSuffix":""},{"Number":"","Street":"warren","Suffix":"rd","City":"","State":"","Zip":"01518","StreetName":"Warren Rd","Address":null,"StateName":null,"Zip4":null,"MAK":null,"AddressType":null,"RBDI":null,"Results":null,"NoSuffix":""},{"Number":"","Street":"wildwood","Suffix":"ln","City":"","State":"","Zip":"01518","StreetName":"Wildwood Ln","Address":null,"StateName":null,"Zip4":null,"MAK":null,"AddressType":null,"RBDI":null,"Results":null,"NoSuffix":""}]