[{"Number":"","Street":"abbott","Suffix":"pl","City":"","State":"","Zip":"02724","StreetName":"Abbott Pl","Address":null,"StateName":null,"Zip4":null,"MAK":null,"AddressType":null,"RBDI":null,"Results":null,"NoSuffix":""},{"Number":"","Street":"aetna","Suffix":"st","City":"","State":"","Zip":"02724","StreetName":"Aetna St","Address":null,"StateName":null,"Zip4":null,"MAK":null,"AddressType":null,"RBDI":null,"Results":null,"NoSuffix":""},{"Number":"","Street":"allen","Suffix":"st","City":"","State":"","Zip":"02724","StreetName":"Allen St","Address":null,"StateName":null,"Zip4":null,"MAK":null,"AddressType":null,"RBDI":null,"Results":null,"NoSuffix":""},{"Number":"","Street":"almond","Suffix":"st","City":"","State":"","Zip":"02724","StreetName":"Almond St","Address":null,"StateName":null,"Zip4":null,"MAK":null,"AddressType":null,"RBDI":null,"Results":null,"NoSuffix":""},{"Number":"","Street":"america","Suffix":"st","City":"","State":"","Zip":"02724","StreetName":"America St","Address":null,"StateName":null,"Zip4":null,"MAK":null,"AddressType":null,"RBDI":null,"Results":null,"NoSuffix":""},{"Number":"","Street":"andrews","Suffix":"st","City":"","State":"","Zip":"02724","StreetName":"Andrews St","Address":null,"StateName":null,"Zip4":null,"MAK":null,"AddressType":null,"RBDI":null,"Results":null,"NoSuffix":""},{"Number":"","Street":"appleton","Suffix":"st","City":"","State":"","Zip":"02724","StreetName":"Appleton St","Address":null,"StateName":null,"Zip4":null,"MAK":null,"AddressType":null,"RBDI":null,"Results":null,"NoSuffix":""},{"Number":"","Street":"arch","Suffix":"st","City":"","State":"","Zip":"02724","StreetName":"Arch St","Address":null,"StateName":null,"Zip4":null,"MAK":null,"AddressType":null,"RBDI":null,"Results":null,"NoSuffix":""},{"Number":"","Street":"arnold","Suffix":"st","City":"","State":"","Zip":"02724","StreetName":"Arnold St","Address":null,"StateName":null,"Zip4":null,"MAK":null,"AddressType":null,"RBDI":null,"Results":null,"NoSuffix":""},{"Number":"","Street":"arpin","Suffix":"st","City":"","State":"","Zip":"02724","StreetName":"Arpin St","Address":null,"StateName":null,"Zip4":null,"MAK":null,"AddressType":null,"RBDI":null,"Results":null,"NoSuffix":""},{"Number":"","Street":"ash","Suffix":"st","City":"","State":"","Zip":"02724","StreetName":"Ash St","Address":null,"StateName":null,"Zip4":null,"MAK":null,"AddressType":null,"RBDI":null,"Results":null,"NoSuffix":""},{"Number":"","Street":"assonet","Suffix":"st","City":"","State":"","Zip":"02724","StreetName":"Assonet St","Address":null,"StateName":null,"Zip4":null,"MAK":null,"AddressType":null,"RBDI":null,"Results":null,"NoSuffix":""},{"Number":"","Street":"atlantic","Suffix":"blvd","City":"","State":"","Zip":"02724","StreetName":"Atlantic Blvd","Address":null,"StateName":null,"Zip4":null,"MAK":null,"AddressType":null,"RBDI":null,"Results":null,"NoSuffix":""},{"Number":"","Street":"bailey","Suffix":"st","City":"","State":"","Zip":"02724","StreetName":"Bailey St","Address":null,"StateName":null,"Zip4":null,"MAK":null,"AddressType":null,"RBDI":null,"Results":null,"NoSuffix":""},{"Number":"","Street":"barclay","Suffix":"st","City":"","State":"","Zip":"02724","StreetName":"Barclay St","Address":null,"StateName":null,"Zip4":null,"MAK":null,"AddressType":null,"RBDI":null,"Results":null,"NoSuffix":""},{"Number":"","Street":"barker","Suffix":"st","City":"","State":"","Zip":"02724","StreetName":"Barker St","Address":null,"StateName":null,"Zip4":null,"MAK":null,"AddressType":null,"RBDI":null,"Results":null,"NoSuffix":""},{"Number":"","Street":"barrett","Suffix":"st","City":"","State":"","Zip":"02724","StreetName":"Barrett St","Address":null,"StateName":null,"Zip4":null,"MAK":null,"AddressType":null,"RBDI":null,"Results":null,"NoSuffix":""},{"Number":"","Street":"barrows","Suffix":"st","City":"","State":"","Zip":"02724","StreetName":"Barrows St","Address":null,"StateName":null,"Zip4":null,"MAK":null,"AddressType":null,"RBDI":null,"Results":null,"NoSuffix":""},{"Number":"","Street":"bates","Suffix":"st","City":"","State":"","Zip":"02724","StreetName":"Bates St","Address":null,"StateName":null,"Zip4":null,"MAK":null,"AddressType":null,"RBDI":null,"Results":null,"NoSuffix":""},{"Number":"","Street":"bay","Suffix":"st","City":"","State":"","Zip":"02724","StreetName":"Bay St","Address":null,"StateName":null,"Zip4":null,"MAK":null,"AddressType":null,"RBDI":null,"Results":null,"NoSuffix":""},{"Number":"","Street":"bayview","Suffix":"st","City":"","State":"","Zip":"02724","StreetName":"Bayview St","Address":null,"StateName":null,"Zip4":null,"MAK":null,"AddressType":null,"RBDI":null,"Results":null,"NoSuffix":""},{"Number":"","Street":"beach","Suffix":"st","City":"","State":"","Zip":"02724","StreetName":"Beach St","Address":null,"StateName":null,"Zip4":null,"MAK":null,"AddressType":null,"RBDI":null,"Results":null,"NoSuffix":""},{"Number":"","Street":"beacon","Suffix":"st","City":"","State":"","Zip":"02724","StreetName":"Beacon St","Address":null,"StateName":null,"Zip4":null,"MAK":null,"AddressType":null,"RBDI":null,"Results":null,"NoSuffix":""},{"Number":"","Street":"benjamin","Suffix":"st","City":"","State":"","Zip":"02724","StreetName":"Benjamin St","Address":null,"StateName":null,"Zip4":null,"MAK":null,"AddressType":null,"RBDI":null,"Results":null,"NoSuffix":""},{"Number":"","Street":"berkley","Suffix":"st","City":"","State":"","Zip":"02724","StreetName":"Berkley St","Address":null,"StateName":null,"Zip4":null,"MAK":null,"AddressType":null,"RBDI":null,"Results":null,"NoSuffix":""},{"Number":"","Street":"birch","Suffix":"st","City":"","State":"","Zip":"02724","StreetName":"Birch St","Address":null,"StateName":null,"Zip4":null,"MAK":null,"AddressType":null,"RBDI":null,"Results":null,"NoSuffix":""},{"Number":"","Street":"bowen","Suffix":"st","City":"","State":"","Zip":"02724","StreetName":"Bowen St","Address":null,"StateName":null,"Zip4":null,"MAK":null,"AddressType":null,"RBDI":null,"Results":null,"NoSuffix":""},{"Number":"","Street":"bowers","Suffix":"st","City":"","State":"","Zip":"02724","StreetName":"Bowers St","Address":null,"StateName":null,"Zip4":null,"MAK":null,"AddressType":null,"RBDI":null,"Results":null,"NoSuffix":""},{"Number":"","Street":"broad","Suffix":"st","City":"","State":"","Zip":"02724","StreetName":"Broad St","Address":null,"StateName":null,"Zip4":null,"MAK":null,"AddressType":null,"RBDI":null,"Results":null,"NoSuffix":""},{"Number":"","Street":"broadway","Suffix":"","City":"","State":"","Zip":"02724","StreetName":"Broadway","Address":null,"StateName":null,"Zip4":null,"MAK":null,"AddressType":null,"RBDI":null,"Results":null,"NoSuffix":"t"},{"Number":"","Street":"brook","Suffix":"st","City":"","State":"","Zip":"02724","StreetName":"Brook St","Address":null,"StateName":null,"Zip4":null,"MAK":null,"AddressType":null,"RBDI":null,"Results":null,"NoSuffix":""},{"Number":"","Street":"brown","Suffix":"st","City":"","State":"","Zip":"02724","StreetName":"Brown St","Address":null,"StateName":null,"Zip4":null,"MAK":null,"AddressType":null,"RBDI":null,"Results":null,"NoSuffix":""},{"Number":"","Street":"bryan","Suffix":"st","City":"","State":"","Zip":"02724","StreetName":"Bryan St","Address":null,"StateName":null,"Zip4":null,"MAK":null,"AddressType":null,"RBDI":null,"Results":null,"NoSuffix":""},{"Number":"","Street":"bush","Suffix":"st","City":"","State":"","Zip":"02724","StreetName":"Bush St","Address":null,"StateName":null,"Zip4":null,"MAK":null,"AddressType":null,"RBDI":null,"Results":null,"NoSuffix":""},{"Number":"","Street":"butler","Suffix":"st","City":"","State":"","Zip":"02724","StreetName":"Butler St","Address":null,"StateName":null,"Zip4":null,"MAK":null,"AddressType":null,"RBDI":null,"Results":null,"NoSuffix":""},{"Number":"","Street":"byron","Suffix":"st","City":"","State":"","Zip":"02724","StreetName":"Byron St","Address":null,"StateName":null,"Zip4":null,"MAK":null,"AddressType":null,"RBDI":null,"Results":null,"NoSuffix":""},{"Number":"","Street":"center","Suffix":"st","City":"","State":"","Zip":"02724","StreetName":"Center St","Address":null,"StateName":null,"Zip4":null,"MAK":null,"AddressType":null,"RBDI":null,"Results":null,"NoSuffix":""},{"Number":"","Street":"chace","Suffix":"st","City":"","State":"","Zip":"02724","StreetName":"Chace St","Address":null,"StateName":null,"Zip4":null,"MAK":null,"AddressType":null,"RBDI":null,"Results":null,"NoSuffix":""},{"Number":"","Street":"chapin","Suffix":"st","City":"","State":"","Zip":"02724","StreetName":"Chapin St","Address":null,"StateName":null,"Zip4":null,"MAK":null,"AddressType":null,"RBDI":null,"Results":null,"NoSuffix":""},{"Number":"","Street":"charles","Suffix":"st","City":"","State":"","Zip":"02724","StreetName":"Charles St","Address":null,"StateName":null,"Zip4":null,"MAK":null,"AddressType":null,"RBDI":null,"Results":null,"NoSuffix":""},{"Number":"","Street":"church","Suffix":"st","City":"","State":"","Zip":"02724","StreetName":"Church St","Address":null,"StateName":null,"Zip4":null,"MAK":null,"AddressType":null,"RBDI":null,"Results":null,"NoSuffix":""},{"Number":"","Street":"clarkson","Suffix":"st","City":"","State":"","Zip":"02724","StreetName":"Clarkson St","Address":null,"StateName":null,"Zip4":null,"MAK":null,"AddressType":null,"RBDI":null,"Results":null,"NoSuffix":""},{"Number":"","Street":"clay","Suffix":"st","City":"","State":"","Zip":"02724","StreetName":"Clay St","Address":null,"StateName":null,"Zip4":null,"MAK":null,"AddressType":null,"RBDI":null,"Results":null,"NoSuffix":""},{"Number":"","Street":"clement","Suffix":"st","City":"","State":"","Zip":"02724","StreetName":"Clement St","Address":null,"StateName":null,"Zip4":null,"MAK":null,"AddressType":null,"RBDI":null,"Results":null,"NoSuffix":""},{"Number":"","Street":"cleveland","Suffix":"st","City":"","State":"","Zip":"02724","StreetName":"Cleveland St","Address":null,"StateName":null,"Zip4":null,"MAK":null,"AddressType":null,"RBDI":null,"Results":null,"NoSuffix":""},{"Number":"","Street":"cliff","Suffix":"pl","City":"","State":"","Zip":"02724","StreetName":"Cliff Pl","Address":null,"StateName":null,"Zip4":null,"MAK":null,"AddressType":null,"RBDI":null,"Results":null,"NoSuffix":""},{"Number":"","Street":"conant","Suffix":"st","City":"","State":"","Zip":"02724","StreetName":"Conant St","Address":null,"StateName":null,"Zip4":null,"MAK":null,"AddressType":null,"RBDI":null,"Results":null,"NoSuffix":""},{"Number":"","Street":"cook","Suffix":"st","City":"","State":"","Zip":"02724","StreetName":"Cook St","Address":null,"StateName":null,"Zip4":null,"MAK":null,"AddressType":null,"RBDI":null,"Results":null,"NoSuffix":""},{"Number":"","Street":"crawford","Suffix":"st","City":"","State":"","Zip":"02724","StreetName":"Crawford St","Address":null,"StateName":null,"Zip4":null,"MAK":null,"AddressType":null,"RBDI":null,"Results":null,"NoSuffix":""},{"Number":"","Street":"day","Suffix":"st","City":"","State":"","Zip":"02724","StreetName":"Day St","Address":null,"StateName":null,"Zip4":null,"MAK":null,"AddressType":null,"RBDI":null,"Results":null,"NoSuffix":""},{"Number":"","Street":"douglas","Suffix":"st","City":"","State":"","Zip":"02724","StreetName":"Douglas St","Address":null,"StateName":null,"Zip4":null,"MAK":null,"AddressType":null,"RBDI":null,"Results":null,"NoSuffix":""},{"Number":"","Street":"draper","Suffix":"st","City":"","State":"","Zip":"02724","StreetName":"Draper St","Address":null,"StateName":null,"Zip4":null,"MAK":null,"AddressType":null,"RBDI":null,"Results":null,"NoSuffix":""},{"Number":"","Street":"duke","Suffix":"st","City":"","State":"","Zip":"02724","StreetName":"Duke St","Address":null,"StateName":null,"Zip4":null,"MAK":null,"AddressType":null,"RBDI":null,"Results":null,"NoSuffix":""},{"Number":"","Street":"dussault","Suffix":"st","City":"","State":"","Zip":"02724","StreetName":"Dussault St","Address":null,"StateName":null,"Zip4":null,"MAK":null,"AddressType":null,"RBDI":null,"Results":null,"NoSuffix":""},{"Number":"","Street":"dwelly","Suffix":"st","City":"","State":"","Zip":"02724","StreetName":"Dwelly St","Address":null,"StateName":null,"Zip4":null,"MAK":null,"AddressType":null,"RBDI":null,"Results":null,"NoSuffix":""},{"Number":"","Street":"eclipse","Suffix":"st","City":"","State":"","Zip":"02724","StreetName":"Eclipse St","Address":null,"StateName":null,"Zip4":null,"MAK":null,"AddressType":null,"RBDI":null,"Results":null,"NoSuffix":""},{"Number":"","Street":"emery","Suffix":"st","City":"","State":"","Zip":"02724","StreetName":"Emery St","Address":null,"StateName":null,"Zip4":null,"MAK":null,"AddressType":null,"RBDI":null,"Results":null,"NoSuffix":""},{"Number":"","Street":"evelyns","Suffix":"way","City":"","State":"","Zip":"02724","StreetName":"Evelyns Way","Address":null,"StateName":null,"Zip4":null,"MAK":null,"AddressType":null,"RBDI":null,"Results":null,"NoSuffix":""},{"Number":"","Street":"fenner","Suffix":"st","City":"","State":"","Zip":"02724","StreetName":"Fenner St","Address":null,"StateName":null,"Zip4":null,"MAK":null,"AddressType":null,"RBDI":null,"Results":null,"NoSuffix":""},{"Number":"","Street":"fern","Suffix":"st","City":"","State":"","Zip":"02724","StreetName":"Fern St","Address":null,"StateName":null,"Zip4":null,"MAK":null,"AddressType":null,"RBDI":null,"Results":null,"NoSuffix":""},{"Number":"","Street":"florida","Suffix":"st","City":"","State":"","Zip":"02724","StreetName":"Florida St","Address":null,"StateName":null,"Zip4":null,"MAK":null,"AddressType":null,"RBDI":null,"Results":null,"NoSuffix":""},{"Number":"","Street":"flynn","Suffix":"st","City":"","State":"","Zip":"02724","StreetName":"Flynn St","Address":null,"StateName":null,"Zip4":null,"MAK":null,"AddressType":null,"RBDI":null,"Results":null,"NoSuffix":""},{"Number":"","Street":"foote","Suffix":"st","City":"","State":"","Zip":"02724","StreetName":"Foote St","Address":null,"StateName":null,"Zip4":null,"MAK":null,"AddressType":null,"RBDI":null,"Results":null,"NoSuffix":""},{"Number":"","Street":"francis","Suffix":"st","City":"","State":"","Zip":"02724","StreetName":"Francis St","Address":null,"StateName":null,"Zip4":null,"MAK":null,"AddressType":null,"RBDI":null,"Results":null,"NoSuffix":""},{"Number":"","Street":"freedom","Suffix":"st","City":"","State":"","Zip":"02724","StreetName":"Freedom St","Address":null,"StateName":null,"Zip4":null,"MAK":null,"AddressType":null,"RBDI":null,"Results":null,"NoSuffix":""},{"Number":"","Street":"friendship","Suffix":"st","City":"","State":"","Zip":"02724","StreetName":"Friendship St","Address":null,"StateName":null,"Zip4":null,"MAK":null,"AddressType":null,"RBDI":null,"Results":null,"NoSuffix":""},{"Number":"","Street":"glen","Suffix":"st","City":"","State":"","Zip":"02724","StreetName":"Glen St","Address":null,"StateName":null,"Zip4":null,"MAK":null,"AddressType":null,"RBDI":null,"Results":null,"NoSuffix":""},{"Number":"","Street":"globe","Suffix":"st","City":"","State":"","Zip":"02724","StreetName":"Globe St","Address":null,"StateName":null,"Zip4":null,"MAK":null,"AddressType":null,"RBDI":null,"Results":null,"NoSuffix":""},{"Number":"","Street":"globe mills","Suffix":"ave","City":"","State":"","Zip":"02724","StreetName":"Globe Mills Ave","Address":null,"StateName":null,"Zip4":null,"MAK":null,"AddressType":null,"RBDI":null,"Results":null,"NoSuffix":""},{"Number":"","Street":"goodwin","Suffix":"st","City":"","State":"","Zip":"02724","StreetName":"Goodwin St","Address":null,"StateName":null,"Zip4":null,"MAK":null,"AddressType":null,"RBDI":null,"Results":null,"NoSuffix":""},{"Number":"","Street":"griffin","Suffix":"st","City":"","State":"","Zip":"02724","StreetName":"Griffin St","Address":null,"StateName":null,"Zip4":null,"MAK":null,"AddressType":null,"RBDI":null,"Results":null,"NoSuffix":""},{"Number":"","Street":"guild","Suffix":"st","City":"","State":"","Zip":"02724","StreetName":"Guild St","Address":null,"StateName":null,"Zip4":null,"MAK":null,"AddressType":null,"RBDI":null,"Results":null,"NoSuffix":""},{"Number":"","Street":"hall","Suffix":"st","City":"","State":"","Zip":"02724","StreetName":"Hall St","Address":null,"StateName":null,"Zip4":null,"MAK":null,"AddressType":null,"RBDI":null,"Results":null,"NoSuffix":""},{"Number":"","Street":"hamlet","Suffix":"st","City":"","State":"","Zip":"02724","StreetName":"Hamlet St","Address":null,"StateName":null,"Zip4":null,"MAK":null,"AddressType":null,"RBDI":null,"Results":null,"NoSuffix":""},{"Number":"","Street":"hart","Suffix":"st","City":"","State":"","Zip":"02724","StreetName":"Hart St","Address":null,"StateName":null,"Zip4":null,"MAK":null,"AddressType":null,"RBDI":null,"Results":null,"NoSuffix":""},{"Number":"","Street":"heatley","Suffix":"pl","City":"","State":"","Zip":"02724","StreetName":"Heatley Pl","Address":null,"StateName":null,"Zip4":null,"MAK":null,"AddressType":null,"RBDI":null,"Results":null,"NoSuffix":""},{"Number":"","Street":"hicks","Suffix":"st","City":"","State":"","Zip":"02724","StreetName":"Hicks St","Address":null,"StateName":null,"Zip4":null,"MAK":null,"AddressType":null,"RBDI":null,"Results":null,"NoSuffix":""},{"Number":"","Street":"higgins","Suffix":"st","City":"","State":"","Zip":"02724","StreetName":"Higgins St","Address":null,"StateName":null,"Zip4":null,"MAK":null,"AddressType":null,"RBDI":null,"Results":null,"NoSuffix":""},{"Number":"","Street":"howe","Suffix":"st","City":"","State":"","Zip":"02724","StreetName":"Howe St","Address":null,"StateName":null,"Zip4":null,"MAK":null,"AddressType":null,"RBDI":null,"Results":null,"NoSuffix":""},{"Number":"","Street":"howland","Suffix":"st","City":"","State":"","Zip":"02724","StreetName":"Howland St","Address":null,"StateName":null,"Zip4":null,"MAK":null,"AddressType":null,"RBDI":null,"Results":null,"NoSuffix":""},{"Number":"","Street":"hughes","Suffix":"st","City":"","State":"","Zip":"02724","StreetName":"Hughes St","Address":null,"StateName":null,"Zip4":null,"MAK":null,"AddressType":null,"RBDI":null,"Results":null,"NoSuffix":""},{"Number":"","Street":"kay","Suffix":"st","City":"","State":"","Zip":"02724","StreetName":"Kay St","Address":null,"StateName":null,"Zip4":null,"MAK":null,"AddressType":null,"RBDI":null,"Results":null,"NoSuffix":""},{"Number":"","Street":"kellogg","Suffix":"st","City":"","State":"","Zip":"02724","StreetName":"Kellogg St","Address":null,"StateName":null,"Zip4":null,"MAK":null,"AddressType":null,"RBDI":null,"Results":null,"NoSuffix":""},{"Number":"","Street":"kempton","Suffix":"st","City":"","State":"","Zip":"02724","StreetName":"Kempton St","Address":null,"StateName":null,"Zip4":null,"MAK":null,"AddressType":null,"RBDI":null,"Results":null,"NoSuffix":""},{"Number":"","Street":"kent","Suffix":"st","City":"","State":"","Zip":"02724","StreetName":"Kent St","Address":null,"StateName":null,"Zip4":null,"MAK":null,"AddressType":null,"RBDI":null,"Results":null,"NoSuffix":""},{"Number":"","Street":"kilburn","Suffix":"st","City":"","State":"","Zip":"02724","StreetName":"Kilburn St","Address":null,"StateName":null,"Zip4":null,"MAK":null,"AddressType":null,"RBDI":null,"Results":null,"NoSuffix":""},{"Number":"","Street":"king","Suffix":"st","City":"","State":"","Zip":"02724","StreetName":"King St","Address":null,"StateName":null,"Zip4":null,"MAK":null,"AddressType":null,"RBDI":null,"Results":null,"NoSuffix":""},{"Number":"","Street":"king philip","Suffix":"st","City":"","State":"","Zip":"02724","StreetName":"King Philip St","Address":null,"StateName":null,"Zip4":null,"MAK":null,"AddressType":null,"RBDI":null,"Results":null,"NoSuffix":""},{"Number":"","Street":"laplante","Suffix":"st","City":"","State":"","Zip":"02724","StreetName":"Laplante St","Address":null,"StateName":null,"Zip4":null,"MAK":null,"AddressType":null,"RBDI":null,"Results":null,"NoSuffix":""},{"Number":"","Street":"larouche","Suffix":"st","City":"","State":"","Zip":"02724","StreetName":"Larouche St","Address":null,"StateName":null,"Zip4":null,"MAK":null,"AddressType":null,"RBDI":null,"Results":null,"NoSuffix":""},{"Number":"","Street":"larrivee","Suffix":"pl","City":"","State":"","Zip":"02724","StreetName":"Larrivee Pl","Address":null,"StateName":null,"Zip4":null,"MAK":null,"AddressType":null,"RBDI":null,"Results":null,"NoSuffix":""},{"Number":"","Street":"last","Suffix":"st","City":"","State":"","Zip":"02724","StreetName":"Last St","Address":null,"StateName":null,"Zip4":null,"MAK":null,"AddressType":null,"RBDI":null,"Results":null,"NoSuffix":""},{"Number":"","Street":"laurel","Suffix":"st","City":"","State":"","Zip":"02724","StreetName":"Laurel St","Address":null,"StateName":null,"Zip4":null,"MAK":null,"AddressType":null,"RBDI":null,"Results":null,"NoSuffix":""},{"Number":"","Street":"lee","Suffix":"st","City":"","State":"","Zip":"02724","StreetName":"Lee St","Address":null,"StateName":null,"Zip4":null,"MAK":null,"AddressType":null,"RBDI":null,"Results":null,"NoSuffix":""},{"Number":"","Street":"lester","Suffix":"st","City":"","State":"","Zip":"02724","StreetName":"Lester St","Address":null,"StateName":null,"Zip4":null,"MAK":null,"AddressType":null,"RBDI":null,"Results":null,"NoSuffix":""},{"Number":"","Street":"lewis","Suffix":"st","City":"","State":"","Zip":"02724","StreetName":"Lewis St","Address":null,"StateName":null,"Zip4":null,"MAK":null,"AddressType":null,"RBDI":null,"Results":null,"NoSuffix":""},{"Number":"","Street":"liberty","Suffix":"st","City":"","State":"","Zip":"02724","StreetName":"Liberty St","Address":null,"StateName":null,"Zip4":null,"MAK":null,"AddressType":null,"RBDI":null,"Results":null,"NoSuffix":""},{"Number":"","Street":"lisbon","Suffix":"st","City":"","State":"","Zip":"02724","StreetName":"Lisbon St","Address":null,"StateName":null,"Zip4":null,"MAK":null,"AddressType":null,"RBDI":null,"Results":null,"NoSuffix":""},{"Number":"","Street":"magellan","Suffix":"st","City":"","State":"","Zip":"02724","StreetName":"Magellan St","Address":null,"StateName":null,"Zip4":null,"MAK":null,"AddressType":null,"RBDI":null,"Results":null,"NoSuffix":""},{"Number":"","Street":"main","Suffix":"st","City":"","State":"","Zip":"02724","StreetName":"Main St","Address":null,"StateName":null,"Zip4":null,"MAK":null,"AddressType":null,"RBDI":null,"Results":null,"NoSuffix":""},{"Number":"","Street":"manton","Suffix":"st","City":"","State":"","Zip":"02724","StreetName":"Manton St","Address":null,"StateName":null,"Zip4":null,"MAK":null,"AddressType":null,"RBDI":null,"Results":null,"NoSuffix":""},{"Number":"","Street":"meeson","Suffix":"st","City":"","State":"","Zip":"02724","StreetName":"Meeson St","Address":null,"StateName":null,"Zip4":null,"MAK":null,"AddressType":null,"RBDI":null,"Results":null,"NoSuffix":""},{"Number":"","Street":"melville","Suffix":"st","City":"","State":"","Zip":"02724","StreetName":"Melville St","Address":null,"StateName":null,"Zip4":null,"MAK":null,"AddressType":null,"RBDI":null,"Results":null,"NoSuffix":""},{"Number":"","Street":"middle","Suffix":"st","City":"","State":"","Zip":"02724","StreetName":"Middle St","Address":null,"StateName":null,"Zip4":null,"MAK":null,"AddressType":null,"RBDI":null,"Results":null,"NoSuffix":""},{"Number":"","Street":"milk","Suffix":"st","City":"","State":"","Zip":"02724","StreetName":"Milk St","Address":null,"StateName":null,"Zip4":null,"MAK":null,"AddressType":null,"RBDI":null,"Results":null,"NoSuffix":""},{"Number":"","Street":"mitchell","Suffix":"dr","City":"","State":"","Zip":"02724","StreetName":"Mitchell Dr","Address":null,"StateName":null,"Zip4":null,"MAK":null,"AddressType":null,"RBDI":null,"Results":null,"NoSuffix":""},{"Number":"","Street":"montaup","Suffix":"st","City":"","State":"","Zip":"02724","StreetName":"Montaup St","Address":null,"StateName":null,"Zip4":null,"MAK":null,"AddressType":null,"RBDI":null,"Results":null,"NoSuffix":""},{"Number":"","Street":"moody","Suffix":"st","City":"","State":"","Zip":"02724","StreetName":"Moody St","Address":null,"StateName":null,"Zip4":null,"MAK":null,"AddressType":null,"RBDI":null,"Results":null,"NoSuffix":""},{"Number":"","Street":"moorland","Suffix":"st","City":"","State":"","Zip":"02724","StreetName":"Moorland St","Address":null,"StateName":null,"Zip4":null,"MAK":null,"AddressType":null,"RBDI":null,"Results":null,"NoSuffix":""},{"Number":"","Street":"morse","Suffix":"pl","City":"","State":"","Zip":"02724","StreetName":"Morse Pl","Address":null,"StateName":null,"Zip4":null,"MAK":null,"AddressType":null,"RBDI":null,"Results":null,"NoSuffix":""},{"Number":"","Street":"mount hope","Suffix":"ave","City":"","State":"","Zip":"02724","StreetName":"Mount Hope Ave","Address":null,"StateName":null,"Zip4":null,"MAK":null,"AddressType":null,"RBDI":null,"Results":null,"NoSuffix":""},{"Number":"","Street":"myrtle","Suffix":"st","City":"","State":"","Zip":"02724","StreetName":"Myrtle St","Address":null,"StateName":null,"Zip4":null,"MAK":null,"AddressType":null,"RBDI":null,"Results":null,"NoSuffix":""},{"Number":"","Street":"mystic","Suffix":"st","City":"","State":"","Zip":"02724","StreetName":"Mystic St","Address":null,"StateName":null,"Zip4":null,"MAK":null,"AddressType":null,"RBDI":null,"Results":null,"NoSuffix":""},{"Number":"","Street":"oliver","Suffix":"st","City":"","State":"","Zip":"02724","StreetName":"Oliver St","Address":null,"StateName":null,"Zip4":null,"MAK":null,"AddressType":null,"RBDI":null,"Results":null,"NoSuffix":""},{"Number":"","Street":"orswell","Suffix":"st","City":"","State":"","Zip":"02724","StreetName":"Orswell St","Address":null,"StateName":null,"Zip4":null,"MAK":null,"AddressType":null,"RBDI":null,"Results":null,"NoSuffix":""},{"Number":"","Street":"osborn","Suffix":"st","City":"","State":"","Zip":"02724","StreetName":"Osborn St","Address":null,"StateName":null,"Zip4":null,"MAK":null,"AddressType":null,"RBDI":null,"Results":null,"NoSuffix":""},{"Number":"","Street":"otis","Suffix":"st","City":"","State":"","Zip":"02724","StreetName":"Otis St","Address":null,"StateName":null,"Zip4":null,"MAK":null,"AddressType":null,"RBDI":null,"Results":null,"NoSuffix":""},{"Number":"","Street":"palm","Suffix":"st","City":"","State":"","Zip":"02724","StreetName":"Palm St","Address":null,"StateName":null,"Zip4":null,"MAK":null,"AddressType":null,"RBDI":null,"Results":null,"NoSuffix":""},{"Number":"","Street":"palmer","Suffix":"st","City":"","State":"","Zip":"02724","StreetName":"Palmer St","Address":null,"StateName":null,"Zip4":null,"MAK":null,"AddressType":null,"RBDI":null,"Results":null,"NoSuffix":""},{"Number":"","Street":"peck","Suffix":"st","City":"","State":"","Zip":"02724","StreetName":"Peck St","Address":null,"StateName":null,"Zip4":null,"MAK":null,"AddressType":null,"RBDI":null,"Results":null,"NoSuffix":""},{"Number":"","Street":"peckham","Suffix":"st","City":"","State":"","Zip":"02724","StreetName":"Peckham St","Address":null,"StateName":null,"Zip4":null,"MAK":null,"AddressType":null,"RBDI":null,"Results":null,"NoSuffix":""},{"Number":"","Street":"pembroke","Suffix":"st","City":"","State":"","Zip":"02724","StreetName":"Pembroke St","Address":null,"StateName":null,"Zip4":null,"MAK":null,"AddressType":null,"RBDI":null,"Results":null,"NoSuffix":""},{"Number":"","Street":"penn","Suffix":"st","City":"","State":"","Zip":"02724","StreetName":"Penn St","Address":null,"StateName":null,"Zip4":null,"MAK":null,"AddressType":null,"RBDI":null,"Results":null,"NoSuffix":""},{"Number":"","Street":"plymouth","Suffix":"ave","City":"","State":"","Zip":"02724","StreetName":"Plymouth Ave","Address":null,"StateName":null,"Zip4":null,"MAK":null,"AddressType":null,"RBDI":null,"Results":null,"NoSuffix":""},{"Number":"","Street":"po box","Suffix":"","City":"","State":"","Zip":"02724","StreetName":"Po Box","Address":null,"StateName":null,"Zip4":null,"MAK":null,"AddressType":null,"RBDI":null,"Results":null,"NoSuffix":"t"},{"Number":"","Street":"pokross","Suffix":"st","City":"","State":"","Zip":"02724","StreetName":"Pokross St","Address":null,"StateName":null,"Zip4":null,"MAK":null,"AddressType":null,"RBDI":null,"Results":null,"NoSuffix":""},{"Number":"","Street":"poplar","Suffix":"st","City":"","State":"","Zip":"02724","StreetName":"Poplar St","Address":null,"StateName":null,"Zip4":null,"MAK":null,"AddressType":null,"RBDI":null,"Results":null,"NoSuffix":""},{"Number":"","Street":"potter","Suffix":"st","City":"","State":"","Zip":"02724","StreetName":"Potter St","Address":null,"StateName":null,"Zip4":null,"MAK":null,"AddressType":null,"RBDI":null,"Results":null,"NoSuffix":""},{"Number":"","Street":"price","Suffix":"pl","City":"","State":"","Zip":"02724","StreetName":"Price Pl","Address":null,"StateName":null,"Zip4":null,"MAK":null,"AddressType":null,"RBDI":null,"Results":null,"NoSuffix":""},{"Number":"","Street":"prince","Suffix":"st","City":"","State":"","Zip":"02724","StreetName":"Prince St","Address":null,"StateName":null,"Zip4":null,"MAK":null,"AddressType":null,"RBDI":null,"Results":null,"NoSuffix":""},{"Number":"","Street":"queen","Suffix":"st","City":"","State":"","Zip":"02724","StreetName":"Queen St","Address":null,"StateName":null,"Zip4":null,"MAK":null,"AddressType":null,"RBDI":null,"Results":null,"NoSuffix":""},{"Number":"","Street":"rhode island","Suffix":"ave","City":"","State":"","Zip":"02724","StreetName":"Rhode Island Ave","Address":null,"StateName":null,"Zip4":null,"MAK":null,"AddressType":null,"RBDI":null,"Results":null,"NoSuffix":""},{"Number":"","Street":"ridge","Suffix":"st","City":"","State":"","Zip":"02724","StreetName":"Ridge St","Address":null,"StateName":null,"Zip4":null,"MAK":null,"AddressType":null,"RBDI":null,"Results":null,"NoSuffix":""},{"Number":"","Street":"riverview","Suffix":"st","City":"","State":"","Zip":"02724","StreetName":"Riverview St","Address":null,"StateName":null,"Zip4":null,"MAK":null,"AddressType":null,"RBDI":null,"Results":null,"NoSuffix":""},{"Number":"","Street":"rockland","Suffix":"st","City":"","State":"","Zip":"02724","StreetName":"Rockland St","Address":null,"StateName":null,"Zip4":null,"MAK":null,"AddressType":null,"RBDI":null,"Results":null,"NoSuffix":""},{"Number":"","Street":"roosevelt","Suffix":"st","City":"","State":"","Zip":"02724","StreetName":"Roosevelt St","Address":null,"StateName":null,"Zip4":null,"MAK":null,"AddressType":null,"RBDI":null,"Results":null,"NoSuffix":""},{"Number":"","Street":"sachem","Suffix":"st","City":"","State":"","Zip":"02724","StreetName":"Sachem St","Address":null,"StateName":null,"Zip4":null,"MAK":null,"AddressType":null,"RBDI":null,"Results":null,"NoSuffix":""},{"Number":"","Street":"sales","Suffix":"st","City":"","State":"","Zip":"02724","StreetName":"Sales St","Address":null,"StateName":null,"Zip4":null,"MAK":null,"AddressType":null,"RBDI":null,"Results":null,"NoSuffix":""},{"Number":"","Street":"salisbury","Suffix":"st","City":"","State":"","Zip":"02724","StreetName":"Salisbury St","Address":null,"StateName":null,"Zip4":null,"MAK":null,"AddressType":null,"RBDI":null,"Results":null,"NoSuffix":""},{"Number":"","Street":"sampson","Suffix":"st","City":"","State":"","Zip":"02724","StreetName":"Sampson St","Address":null,"StateName":null,"Zip4":null,"MAK":null,"AddressType":null,"RBDI":null,"Results":null,"NoSuffix":""},{"Number":"","Street":"saucier","Suffix":"st","City":"","State":"","Zip":"02724","StreetName":"Saucier St","Address":null,"StateName":null,"Zip4":null,"MAK":null,"AddressType":null,"RBDI":null,"Results":null,"NoSuffix":""},{"Number":"","Street":"scott","Suffix":"st","City":"","State":"","Zip":"02724","StreetName":"Scott St","Address":null,"StateName":null,"Zip4":null,"MAK":null,"AddressType":null,"RBDI":null,"Results":null,"NoSuffix":""},{"Number":"","Street":"seaview","Suffix":"st","City":"","State":"","Zip":"02724","StreetName":"Seaview St","Address":null,"StateName":null,"Zip4":null,"MAK":null,"AddressType":null,"RBDI":null,"Results":null,"NoSuffix":""},{"Number":"","Street":"shaw","Suffix":"st","City":"","State":"","Zip":"02724","StreetName":"Shaw St","Address":null,"StateName":null,"Zip4":null,"MAK":null,"AddressType":null,"RBDI":null,"Results":null,"NoSuffix":""},{"Number":"","Street":"shepard","Suffix":"st","City":"","State":"","Zip":"02724","StreetName":"Shepard St","Address":null,"StateName":null,"Zip4":null,"MAK":null,"AddressType":null,"RBDI":null,"Results":null,"NoSuffix":""},{"Number":"","Street":"shove","Suffix":"st","City":"","State":"","Zip":"02724","StreetName":"Shove St","Address":null,"StateName":null,"Zip4":null,"MAK":null,"AddressType":null,"RBDI":null,"Results":null,"NoSuffix":""},{"Number":"","Street":"slade","Suffix":"st","City":"","State":"","Zip":"02724","StreetName":"Slade St","Address":null,"StateName":null,"Zip4":null,"MAK":null,"AddressType":null,"RBDI":null,"Results":null,"NoSuffix":""},{"Number":"","Street":"sprague","Suffix":"st","City":"","State":"","Zip":"02724","StreetName":"Sprague St","Address":null,"StateName":null,"Zip4":null,"MAK":null,"AddressType":null,"RBDI":null,"Results":null,"NoSuffix":""},{"Number":"","Street":"star","Suffix":"st","City":"","State":"","Zip":"02724","StreetName":"Star St","Address":null,"StateName":null,"Zip4":null,"MAK":null,"AddressType":null,"RBDI":null,"Results":null,"NoSuffix":""},{"Number":"","Street":"state","Suffix":"ave","City":"","State":"","Zip":"02724","StreetName":"State Ave","Address":null,"StateName":null,"Zip4":null,"MAK":null,"AddressType":null,"RBDI":null,"Results":null,"NoSuffix":""},{"Number":"","Street":"summit","Suffix":"st","City":"","State":"","Zip":"02724","StreetName":"Summit St","Address":null,"StateName":null,"Zip4":null,"MAK":null,"AddressType":null,"RBDI":null,"Results":null,"NoSuffix":""},{"Number":"","Street":"sunset","Suffix":"hl","City":"","State":"","Zip":"02724","StreetName":"Sunset Hl","Address":null,"StateName":null,"Zip4":null,"MAK":null,"AddressType":null,"RBDI":null,"Results":null,"NoSuffix":""},{"Number":"","Street":"taft","Suffix":"st","City":"","State":"","Zip":"02724","StreetName":"Taft St","Address":null,"StateName":null,"Zip4":null,"MAK":null,"AddressType":null,"RBDI":null,"Results":null,"NoSuffix":""},{"Number":"","Street":"tillson","Suffix":"st","City":"","State":"","Zip":"02724","StreetName":"Tillson St","Address":null,"StateName":null,"Zip4":null,"MAK":null,"AddressType":null,"RBDI":null,"Results":null,"NoSuffix":""},{"Number":"","Street":"tindal","Suffix":"st","City":"","State":"","Zip":"02724","StreetName":"Tindal St","Address":null,"StateName":null,"Zip4":null,"MAK":null,"AddressType":null,"RBDI":null,"Results":null,"NoSuffix":""},{"Number":"","Street":"tone","Suffix":"st","City":"","State":"","Zip":"02724","StreetName":"Tone St","Address":null,"StateName":null,"Zip4":null,"MAK":null,"AddressType":null,"RBDI":null,"Results":null,"NoSuffix":""},{"Number":"","Street":"touhey","Suffix":"st","City":"","State":"","Zip":"02724","StreetName":"Touhey St","Address":null,"StateName":null,"Zip4":null,"MAK":null,"AddressType":null,"RBDI":null,"Results":null,"NoSuffix":""},{"Number":"","Street":"tower","Suffix":"st","City":"","State":"","Zip":"02724","StreetName":"Tower St","Address":null,"StateName":null,"Zip4":null,"MAK":null,"AddressType":null,"RBDI":null,"Results":null,"NoSuffix":""},{"Number":"","Street":"townsend","Suffix":"st","City":"","State":"","Zip":"02724","StreetName":"Townsend St","Address":null,"StateName":null,"Zip4":null,"MAK":null,"AddressType":null,"RBDI":null,"Results":null,"NoSuffix":""},{"Number":"","Street":"tripp","Suffix":"st","City":"","State":"","Zip":"02724","StreetName":"Tripp St","Address":null,"StateName":null,"Zip4":null,"MAK":null,"AddressType":null,"RBDI":null,"Results":null,"NoSuffix":""},{"Number":"","Street":"tucker","Suffix":"st","City":"","State":"","Zip":"02724","StreetName":"Tucker St","Address":null,"StateName":null,"Zip4":null,"MAK":null,"AddressType":null,"RBDI":null,"Results":null,"NoSuffix":""},{"Number":"","Street":"tuttle","Suffix":"st","City":"","State":"","Zip":"02724","StreetName":"Tuttle St","Address":null,"StateName":null,"Zip4":null,"MAK":null,"AddressType":null,"RBDI":null,"Results":null,"NoSuffix":""},{"Number":"","Street":"vale","Suffix":"st","City":"","State":"","Zip":"02724","StreetName":"Vale St","Address":null,"StateName":null,"Zip4":null,"MAK":null,"AddressType":null,"RBDI":null,"Results":null,"NoSuffix":""},{"Number":"","Street":"valley","Suffix":"st","City":"","State":"","Zip":"02724","StreetName":"Valley St","Address":null,"StateName":null,"Zip4":null,"MAK":null,"AddressType":null,"RBDI":null,"Results":null,"NoSuffix":""},{"Number":"","Street":"vallonia","Suffix":"ter","City":"","State":"","Zip":"02724","StreetName":"Vallonia Ter","Address":null,"StateName":null,"Zip4":null,"MAK":null,"AddressType":null,"RBDI":null,"Results":null,"NoSuffix":""},{"Number":"","Street":"vernon","Suffix":"st","City":"","State":"","Zip":"02724","StreetName":"Vernon St","Address":null,"StateName":null,"Zip4":null,"MAK":null,"AddressType":null,"RBDI":null,"Results":null,"NoSuffix":""},{"Number":"","Street":"walter","Suffix":"st","City":"","State":"","Zip":"02724","StreetName":"Walter St","Address":null,"StateName":null,"Zip4":null,"MAK":null,"AddressType":null,"RBDI":null,"Results":null,"NoSuffix":""},{"Number":"","Street":"wheeler","Suffix":"st","City":"","State":"","Zip":"02724","StreetName":"Wheeler St","Address":null,"StateName":null,"Zip4":null,"MAK":null,"AddressType":null,"RBDI":null,"Results":null,"NoSuffix":""},{"Number":"","Street":"whipple","Suffix":"st","City":"","State":"","Zip":"02724","StreetName":"Whipple St","Address":null,"StateName":null,"Zip4":null,"MAK":null,"AddressType":null,"RBDI":null,"Results":null,"NoSuffix":""},{"Number":"","Street":"whittier","Suffix":"st","City":"","State":"","Zip":"02724","StreetName":"Whittier St","Address":null,"StateName":null,"Zip4":null,"MAK":null,"AddressType":null,"RBDI":null,"Results":null,"NoSuffix":""},{"Number":"","Street":"wilbur","Suffix":"st","City":"","State":"","Zip":"02724","StreetName":"Wilbur St","Address":null,"StateName":null,"Zip4":null,"MAK":null,"AddressType":null,"RBDI":null,"Results":null,"NoSuffix":""},{"Number":"","Street":"wilcox","Suffix":"st","City":"","State":"","Zip":"02724","StreetName":"Wilcox St","Address":null,"StateName":null,"Zip4":null,"MAK":null,"AddressType":null,"RBDI":null,"Results":null,"NoSuffix":""},{"Number":"","Street":"winward","Suffix":"st","City":"","State":"","Zip":"02724","StreetName":"Winward St","Address":null,"StateName":null,"Zip4":null,"MAK":null,"AddressType":null,"RBDI":null,"Results":null,"NoSuffix":""},{"Number":"","Street":"woodman","Suffix":"st","City":"","State":"","Zip":"02724","StreetName":"Woodman St","Address":null,"StateName":null,"Zip4":null,"MAK":null,"AddressType":null,"RBDI":null,"Results":null,"NoSuffix":""},{"Number":"","Street":"woodstock","Suffix":"st","City":"","State":"","Zip":"02724","StreetName":"Woodstock St","Address":null,"StateName":null,"Zip4":null,"MAK":null,"AddressType":null,"RBDI":null,"Results":null,"NoSuffix":""},{"Number":"","Street":"woodward","Suffix":"st","City":"","State":"","Zip":"02724","StreetName":"Woodward St","Address":null,"StateName":null,"Zip4":null,"MAK":null,"AddressType":null,"RBDI":null,"Results":null,"NoSuffix":""},{"Number":"","Street":"wooley","Suffix":"st","City":"","State":"","Zip":"02724","StreetName":"Wooley St","Address":null,"StateName":null,"Zip4":null,"MAK":null,"AddressType":null,"RBDI":null,"Results":null,"NoSuffix":""}]