[{"Number":"","Street":"15th","Suffix":"st","City":"","State":"","Zip":"02723","StreetName":"15Th St","Address":null,"StateName":null,"Zip4":null,"MAK":null,"AddressType":null,"RBDI":null,"Results":null,"NoSuffix":""},{"Number":"","Street":"16th","Suffix":"st","City":"","State":"","Zip":"02723","StreetName":"16Th St","Address":null,"StateName":null,"Zip4":null,"MAK":null,"AddressType":null,"RBDI":null,"Results":null,"NoSuffix":""},{"Number":"","Street":"17th","Suffix":"st","City":"","State":"","Zip":"02723","StreetName":"17Th St","Address":null,"StateName":null,"Zip4":null,"MAK":null,"AddressType":null,"RBDI":null,"Results":null,"NoSuffix":""},{"Number":"","Street":"18th","Suffix":"st","City":"","State":"","Zip":"02723","StreetName":"18Th St","Address":null,"StateName":null,"Zip4":null,"MAK":null,"AddressType":null,"RBDI":null,"Results":null,"NoSuffix":""},{"Number":"","Street":"albion","Suffix":"st","City":"","State":"","Zip":"02723","StreetName":"Albion St","Address":null,"StateName":null,"Zip4":null,"MAK":null,"AddressType":null,"RBDI":null,"Results":null,"NoSuffix":""},{"Number":"","Street":"alden","Suffix":"st","City":"","State":"","Zip":"02723","StreetName":"Alden St","Address":null,"StateName":null,"Zip4":null,"MAK":null,"AddressType":null,"RBDI":null,"Results":null,"NoSuffix":""},{"Number":"","Street":"alsop","Suffix":"st","City":"","State":"","Zip":"02723","StreetName":"Alsop St","Address":null,"StateName":null,"Zip4":null,"MAK":null,"AddressType":null,"RBDI":null,"Results":null,"NoSuffix":""},{"Number":"","Street":"alty","Suffix":"st","City":"","State":"","Zip":"02723","StreetName":"Alty St","Address":null,"StateName":null,"Zip4":null,"MAK":null,"AddressType":null,"RBDI":null,"Results":null,"NoSuffix":""},{"Number":"","Street":"angell","Suffix":"st","City":"","State":"","Zip":"02723","StreetName":"Angell St","Address":null,"StateName":null,"Zip4":null,"MAK":null,"AddressType":null,"RBDI":null,"Results":null,"NoSuffix":""},{"Number":"","Street":"arizona","Suffix":"st","City":"","State":"","Zip":"02723","StreetName":"Arizona St","Address":null,"StateName":null,"Zip4":null,"MAK":null,"AddressType":null,"RBDI":null,"Results":null,"NoSuffix":""},{"Number":"","Street":"austin","Suffix":"st","City":"","State":"","Zip":"02723","StreetName":"Austin St","Address":null,"StateName":null,"Zip4":null,"MAK":null,"AddressType":null,"RBDI":null,"Results":null,"NoSuffix":""},{"Number":"","Street":"bardsley","Suffix":"st","City":"","State":"","Zip":"02723","StreetName":"Bardsley St","Address":null,"StateName":null,"Zip4":null,"MAK":null,"AddressType":null,"RBDI":null,"Results":null,"NoSuffix":""},{"Number":"","Street":"bark","Suffix":"st","City":"","State":"","Zip":"02723","StreetName":"Bark St","Address":null,"StateName":null,"Zip4":null,"MAK":null,"AddressType":null,"RBDI":null,"Results":null,"NoSuffix":""},{"Number":"","Street":"barlow","Suffix":"st","City":"","State":"","Zip":"02723","StreetName":"Barlow St","Address":null,"StateName":null,"Zip4":null,"MAK":null,"AddressType":null,"RBDI":null,"Results":null,"NoSuffix":""},{"Number":"","Street":"barnes","Suffix":"st","City":"","State":"","Zip":"02723","StreetName":"Barnes St","Address":null,"StateName":null,"Zip4":null,"MAK":null,"AddressType":null,"RBDI":null,"Results":null,"NoSuffix":""},{"Number":"","Street":"barre","Suffix":"st","City":"","State":"","Zip":"02723","StreetName":"Barre St","Address":null,"StateName":null,"Zip4":null,"MAK":null,"AddressType":null,"RBDI":null,"Results":null,"NoSuffix":""},{"Number":"","Street":"beattie","Suffix":"st","City":"","State":"","Zip":"02723","StreetName":"Beattie St","Address":null,"StateName":null,"Zip4":null,"MAK":null,"AddressType":null,"RBDI":null,"Results":null,"NoSuffix":""},{"Number":"","Street":"beauregard","Suffix":"st","City":"","State":"","Zip":"02723","StreetName":"Beauregard St","Address":null,"StateName":null,"Zip4":null,"MAK":null,"AddressType":null,"RBDI":null,"Results":null,"NoSuffix":""},{"Number":"","Street":"bedard","Suffix":"st","City":"","State":"","Zip":"02723","StreetName":"Bedard St","Address":null,"StateName":null,"Zip4":null,"MAK":null,"AddressType":null,"RBDI":null,"Results":null,"NoSuffix":""},{"Number":"","Street":"bedford","Suffix":"st","City":"","State":"","Zip":"02723","StreetName":"Bedford St","Address":null,"StateName":null,"Zip4":null,"MAK":null,"AddressType":null,"RBDI":null,"Results":null,"NoSuffix":""},{"Number":"","Street":"blaine","Suffix":"st","City":"","State":"","Zip":"02723","StreetName":"Blaine St","Address":null,"StateName":null,"Zip4":null,"MAK":null,"AddressType":null,"RBDI":null,"Results":null,"NoSuffix":""},{"Number":"","Street":"bodge","Suffix":"st","City":"","State":"","Zip":"02723","StreetName":"Bodge St","Address":null,"StateName":null,"Zip4":null,"MAK":null,"AddressType":null,"RBDI":null,"Results":null,"NoSuffix":""},{"Number":"","Street":"bogle","Suffix":"st","City":"","State":"","Zip":"02723","StreetName":"Bogle St","Address":null,"StateName":null,"Zip4":null,"MAK":null,"AddressType":null,"RBDI":null,"Results":null,"NoSuffix":""},{"Number":"","Street":"boutwell","Suffix":"st","City":"","State":"","Zip":"02723","StreetName":"Boutwell St","Address":null,"StateName":null,"Zip4":null,"MAK":null,"AddressType":null,"RBDI":null,"Results":null,"NoSuffix":""},{"Number":"","Street":"bowler","Suffix":"st","City":"","State":"","Zip":"02723","StreetName":"Bowler St","Address":null,"StateName":null,"Zip4":null,"MAK":null,"AddressType":null,"RBDI":null,"Results":null,"NoSuffix":""},{"Number":"","Street":"buckley","Suffix":"st","City":"","State":"","Zip":"02723","StreetName":"Buckley St","Address":null,"StateName":null,"Zip4":null,"MAK":null,"AddressType":null,"RBDI":null,"Results":null,"NoSuffix":""},{"Number":"","Street":"bullock","Suffix":"st","City":"","State":"","Zip":"02723","StreetName":"Bullock St","Address":null,"StateName":null,"Zip4":null,"MAK":null,"AddressType":null,"RBDI":null,"Results":null,"NoSuffix":""},{"Number":"","Street":"california","Suffix":"st","City":"","State":"","Zip":"02723","StreetName":"California St","Address":null,"StateName":null,"Zip4":null,"MAK":null,"AddressType":null,"RBDI":null,"Results":null,"NoSuffix":""},{"Number":"","Street":"campbell","Suffix":"st","City":"","State":"","Zip":"02723","StreetName":"Campbell St","Address":null,"StateName":null,"Zip4":null,"MAK":null,"AddressType":null,"RBDI":null,"Results":null,"NoSuffix":""},{"Number":"","Street":"canonicus","Suffix":"st","City":"","State":"","Zip":"02723","StreetName":"Canonicus St","Address":null,"StateName":null,"Zip4":null,"MAK":null,"AddressType":null,"RBDI":null,"Results":null,"NoSuffix":""},{"Number":"","Street":"carlisa","Suffix":"dr","City":"","State":"","Zip":"02723","StreetName":"Carlisa Dr","Address":null,"StateName":null,"Zip4":null,"MAK":null,"AddressType":null,"RBDI":null,"Results":null,"NoSuffix":""},{"Number":"","Street":"carr","Suffix":"st","City":"","State":"","Zip":"02723","StreetName":"Carr St","Address":null,"StateName":null,"Zip4":null,"MAK":null,"AddressType":null,"RBDI":null,"Results":null,"NoSuffix":""},{"Number":"","Street":"cash","Suffix":"st","City":"","State":"","Zip":"02723","StreetName":"Cash St","Address":null,"StateName":null,"Zip4":null,"MAK":null,"AddressType":null,"RBDI":null,"Results":null,"NoSuffix":""},{"Number":"","Street":"chavenson","Suffix":"st","City":"","State":"","Zip":"02723","StreetName":"Chavenson St","Address":null,"StateName":null,"Zip4":null,"MAK":null,"AddressType":null,"RBDI":null,"Results":null,"NoSuffix":""},{"Number":"","Street":"chester","Suffix":"st","City":"","State":"","Zip":"02723","StreetName":"Chester St","Address":null,"StateName":null,"Zip4":null,"MAK":null,"AddressType":null,"RBDI":null,"Results":null,"NoSuffix":""},{"Number":"","Street":"chesworth","Suffix":"st","City":"","State":"","Zip":"02723","StreetName":"Chesworth St","Address":null,"StateName":null,"Zip4":null,"MAK":null,"AddressType":null,"RBDI":null,"Results":null,"NoSuffix":""},{"Number":"","Street":"choate","Suffix":"st","City":"","State":"","Zip":"02723","StreetName":"Choate St","Address":null,"StateName":null,"Zip4":null,"MAK":null,"AddressType":null,"RBDI":null,"Results":null,"NoSuffix":""},{"Number":"","Street":"claflin","Suffix":"st","City":"","State":"","Zip":"02723","StreetName":"Claflin St","Address":null,"StateName":null,"Zip4":null,"MAK":null,"AddressType":null,"RBDI":null,"Results":null,"NoSuffix":""},{"Number":"","Street":"clayton","Suffix":"st","City":"","State":"","Zip":"02723","StreetName":"Clayton St","Address":null,"StateName":null,"Zip4":null,"MAK":null,"AddressType":null,"RBDI":null,"Results":null,"NoSuffix":""},{"Number":"","Street":"concord","Suffix":"st","City":"","State":"","Zip":"02723","StreetName":"Concord St","Address":null,"StateName":null,"Zip4":null,"MAK":null,"AddressType":null,"RBDI":null,"Results":null,"NoSuffix":""},{"Number":"","Street":"county","Suffix":"st","City":"","State":"","Zip":"02723","StreetName":"County St","Address":null,"StateName":null,"Zip4":null,"MAK":null,"AddressType":null,"RBDI":null,"Results":null,"NoSuffix":""},{"Number":"","Street":"covel","Suffix":"st","City":"","State":"","Zip":"02723","StreetName":"Covel St","Address":null,"StateName":null,"Zip4":null,"MAK":null,"AddressType":null,"RBDI":null,"Results":null,"NoSuffix":""},{"Number":"","Street":"crane","Suffix":"st","City":"","State":"","Zip":"02723","StreetName":"Crane St","Address":null,"StateName":null,"Zip4":null,"MAK":null,"AddressType":null,"RBDI":null,"Results":null,"NoSuffix":""},{"Number":"","Street":"cross","Suffix":"st","City":"","State":"","Zip":"02723","StreetName":"Cross St","Address":null,"StateName":null,"Zip4":null,"MAK":null,"AddressType":null,"RBDI":null,"Results":null,"NoSuffix":""},{"Number":"","Street":"donnelly","Suffix":"st","City":"","State":"","Zip":"02723","StreetName":"Donnelly St","Address":null,"StateName":null,"Zip4":null,"MAK":null,"AddressType":null,"RBDI":null,"Results":null,"NoSuffix":""},{"Number":"","Street":"downing","Suffix":"st","City":"","State":"","Zip":"02723","StreetName":"Downing St","Address":null,"StateName":null,"Zip4":null,"MAK":null,"AddressType":null,"RBDI":null,"Results":null,"NoSuffix":""},{"Number":"","Street":"doyle","Suffix":"st","City":"","State":"","Zip":"02723","StreetName":"Doyle St","Address":null,"StateName":null,"Zip4":null,"MAK":null,"AddressType":null,"RBDI":null,"Results":null,"NoSuffix":""},{"Number":"","Street":"dunbar","Suffix":"st","City":"","State":"","Zip":"02723","StreetName":"Dunbar St","Address":null,"StateName":null,"Zip4":null,"MAK":null,"AddressType":null,"RBDI":null,"Results":null,"NoSuffix":""},{"Number":"","Street":"earle","Suffix":"st","City":"","State":"","Zip":"02723","StreetName":"Earle St","Address":null,"StateName":null,"Zip4":null,"MAK":null,"AddressType":null,"RBDI":null,"Results":null,"NoSuffix":""},{"Number":"","Street":"eastern","Suffix":"ave","City":"","State":"","Zip":"02723","StreetName":"Eastern Ave","Address":null,"StateName":null,"Zip4":null,"MAK":null,"AddressType":null,"RBDI":null,"Results":null,"NoSuffix":""},{"Number":"","Street":"eaton","Suffix":"st","City":"","State":"","Zip":"02723","StreetName":"Eaton St","Address":null,"StateName":null,"Zip4":null,"MAK":null,"AddressType":null,"RBDI":null,"Results":null,"NoSuffix":""},{"Number":"","Street":"eddy","Suffix":"st","City":"","State":"","Zip":"02723","StreetName":"Eddy St","Address":null,"StateName":null,"Zip4":null,"MAK":null,"AddressType":null,"RBDI":null,"Results":null,"NoSuffix":""},{"Number":"","Street":"edgemond","Suffix":"st","City":"","State":"","Zip":"02723","StreetName":"Edgemond St","Address":null,"StateName":null,"Zip4":null,"MAK":null,"AddressType":null,"RBDI":null,"Results":null,"NoSuffix":""},{"Number":"","Street":"elizabeth","Suffix":"st","City":"","State":"","Zip":"02723","StreetName":"Elizabeth St","Address":null,"StateName":null,"Zip4":null,"MAK":null,"AddressType":null,"RBDI":null,"Results":null,"NoSuffix":""},{"Number":"","Street":"everett","Suffix":"st","City":"","State":"","Zip":"02723","StreetName":"Everett St","Address":null,"StateName":null,"Zip4":null,"MAK":null,"AddressType":null,"RBDI":null,"Results":null,"NoSuffix":""},{"Number":"","Street":"farragut","Suffix":"st","City":"","State":"","Zip":"02723","StreetName":"Farragut St","Address":null,"StateName":null,"Zip4":null,"MAK":null,"AddressType":null,"RBDI":null,"Results":null,"NoSuffix":""},{"Number":"","Street":"father devalles","Suffix":"blvd","City":"","State":"","Zip":"02723","StreetName":"Father Devalles Blvd","Address":null,"StateName":null,"Zip4":null,"MAK":null,"AddressType":null,"RBDI":null,"Results":null,"NoSuffix":""},{"Number":"","Street":"fenmore","Suffix":"st","City":"","State":"","Zip":"02723","StreetName":"Fenmore St","Address":null,"StateName":null,"Zip4":null,"MAK":null,"AddressType":null,"RBDI":null,"Results":null,"NoSuffix":""},{"Number":"","Street":"fielden","Suffix":"st","City":"","State":"","Zip":"02723","StreetName":"Fielden St","Address":null,"StateName":null,"Zip4":null,"MAK":null,"AddressType":null,"RBDI":null,"Results":null,"NoSuffix":""},{"Number":"","Street":"flint","Suffix":"st","City":"","State":"","Zip":"02723","StreetName":"Flint St","Address":null,"StateName":null,"Zip4":null,"MAK":null,"AddressType":null,"RBDI":null,"Results":null,"NoSuffix":""},{"Number":"","Street":"fruit","Suffix":"st","City":"","State":"","Zip":"02723","StreetName":"Fruit St","Address":null,"StateName":null,"Zip4":null,"MAK":null,"AddressType":null,"RBDI":null,"Results":null,"NoSuffix":""},{"Number":"","Street":"gagnon","Suffix":"st","City":"","State":"","Zip":"02723","StreetName":"Gagnon St","Address":null,"StateName":null,"Zip4":null,"MAK":null,"AddressType":null,"RBDI":null,"Results":null,"NoSuffix":""},{"Number":"","Street":"gleason","Suffix":"st","City":"","State":"","Zip":"02723","StreetName":"Gleason St","Address":null,"StateName":null,"Zip4":null,"MAK":null,"AddressType":null,"RBDI":null,"Results":null,"NoSuffix":""},{"Number":"","Street":"goss","Suffix":"st","City":"","State":"","Zip":"02723","StreetName":"Goss St","Address":null,"StateName":null,"Zip4":null,"MAK":null,"AddressType":null,"RBDI":null,"Results":null,"NoSuffix":""},{"Number":"","Street":"haffards","Suffix":"st","City":"","State":"","Zip":"02723","StreetName":"Haffards St","Address":null,"StateName":null,"Zip4":null,"MAK":null,"AddressType":null,"RBDI":null,"Results":null,"NoSuffix":""},{"Number":"","Street":"hargraves","Suffix":"st","City":"","State":"","Zip":"02723","StreetName":"Hargraves St","Address":null,"StateName":null,"Zip4":null,"MAK":null,"AddressType":null,"RBDI":null,"Results":null,"NoSuffix":""},{"Number":"","Street":"harriet","Suffix":"st","City":"","State":"","Zip":"02723","StreetName":"Harriet St","Address":null,"StateName":null,"Zip4":null,"MAK":null,"AddressType":null,"RBDI":null,"Results":null,"NoSuffix":""},{"Number":"","Street":"harriman","Suffix":"st","City":"","State":"","Zip":"02723","StreetName":"Harriman St","Address":null,"StateName":null,"Zip4":null,"MAK":null,"AddressType":null,"RBDI":null,"Results":null,"NoSuffix":""},{"Number":"","Street":"harrison","Suffix":"st","City":"","State":"","Zip":"02723","StreetName":"Harrison St","Address":null,"StateName":null,"Zip4":null,"MAK":null,"AddressType":null,"RBDI":null,"Results":null,"NoSuffix":""},{"Number":"","Street":"healy","Suffix":"st","City":"","State":"","Zip":"02723","StreetName":"Healy St","Address":null,"StateName":null,"Zip4":null,"MAK":null,"AddressType":null,"RBDI":null,"Results":null,"NoSuffix":""},{"Number":"","Street":"hill","Suffix":"st","City":"","State":"","Zip":"02723","StreetName":"Hill St","Address":null,"StateName":null,"Zip4":null,"MAK":null,"AddressType":null,"RBDI":null,"Results":null,"NoSuffix":""},{"Number":"","Street":"hirst","Suffix":"st","City":"","State":"","Zip":"02723","StreetName":"Hirst St","Address":null,"StateName":null,"Zip4":null,"MAK":null,"AddressType":null,"RBDI":null,"Results":null,"NoSuffix":""},{"Number":"","Street":"holden","Suffix":"st","City":"","State":"","Zip":"02723","StreetName":"Holden St","Address":null,"StateName":null,"Zip4":null,"MAK":null,"AddressType":null,"RBDI":null,"Results":null,"NoSuffix":""},{"Number":"","Street":"holly","Suffix":"st","City":"","State":"","Zip":"02723","StreetName":"Holly St","Address":null,"StateName":null,"Zip4":null,"MAK":null,"AddressType":null,"RBDI":null,"Results":null,"NoSuffix":""},{"Number":"","Street":"horton","Suffix":"st","City":"","State":"","Zip":"02723","StreetName":"Horton St","Address":null,"StateName":null,"Zip4":null,"MAK":null,"AddressType":null,"RBDI":null,"Results":null,"NoSuffix":""},{"Number":"","Street":"irving","Suffix":"st","City":"","State":"","Zip":"02723","StreetName":"Irving St","Address":null,"StateName":null,"Zip4":null,"MAK":null,"AddressType":null,"RBDI":null,"Results":null,"NoSuffix":""},{"Number":"","Street":"jencks","Suffix":"st","City":"","State":"","Zip":"02723","StreetName":"Jencks St","Address":null,"StateName":null,"Zip4":null,"MAK":null,"AddressType":null,"RBDI":null,"Results":null,"NoSuffix":""},{"Number":"","Street":"jepson","Suffix":"st","City":"","State":"","Zip":"02723","StreetName":"Jepson St","Address":null,"StateName":null,"Zip4":null,"MAK":null,"AddressType":null,"RBDI":null,"Results":null,"NoSuffix":""},{"Number":"","Street":"johnson","Suffix":"st","City":"","State":"","Zip":"02723","StreetName":"Johnson St","Address":null,"StateName":null,"Zip4":null,"MAK":null,"AddressType":null,"RBDI":null,"Results":null,"NoSuffix":""},{"Number":"","Street":"keeley","Suffix":"st","City":"","State":"","Zip":"02723","StreetName":"Keeley St","Address":null,"StateName":null,"Zip4":null,"MAK":null,"AddressType":null,"RBDI":null,"Results":null,"NoSuffix":""},{"Number":"","Street":"keene","Suffix":"st","City":"","State":"","Zip":"02723","StreetName":"Keene St","Address":null,"StateName":null,"Zip4":null,"MAK":null,"AddressType":null,"RBDI":null,"Results":null,"NoSuffix":""},{"Number":"","Street":"kerr","Suffix":"st","City":"","State":"","Zip":"02723","StreetName":"Kerr St","Address":null,"StateName":null,"Zip4":null,"MAK":null,"AddressType":null,"RBDI":null,"Results":null,"NoSuffix":""},{"Number":"","Street":"knight","Suffix":"st","City":"","State":"","Zip":"02723","StreetName":"Knight St","Address":null,"StateName":null,"Zip4":null,"MAK":null,"AddressType":null,"RBDI":null,"Results":null,"NoSuffix":""},{"Number":"","Street":"lafayette","Suffix":"dr","City":"","State":"","Zip":"02723","StreetName":"Lafayette Dr","Address":null,"StateName":null,"Zip4":null,"MAK":null,"AddressType":null,"RBDI":null,"Results":null,"NoSuffix":""},{"Number":"","Street":"lafayette","Suffix":"st","City":"","State":"","Zip":"02723","StreetName":"Lafayette St","Address":null,"StateName":null,"Zip4":null,"MAK":null,"AddressType":null,"RBDI":null,"Results":null,"NoSuffix":""},{"Number":"","Street":"lebanon","Suffix":"st","City":"","State":"","Zip":"02723","StreetName":"Lebanon St","Address":null,"StateName":null,"Zip4":null,"MAK":null,"AddressType":null,"RBDI":null,"Results":null,"NoSuffix":""},{"Number":"","Street":"lemuel","Suffix":"st","City":"","State":"","Zip":"02723","StreetName":"Lemuel St","Address":null,"StateName":null,"Zip4":null,"MAK":null,"AddressType":null,"RBDI":null,"Results":null,"NoSuffix":""},{"Number":"","Street":"leo","Suffix":"st","City":"","State":"","Zip":"02723","StreetName":"Leo St","Address":null,"StateName":null,"Zip4":null,"MAK":null,"AddressType":null,"RBDI":null,"Results":null,"NoSuffix":""},{"Number":"","Street":"lexington","Suffix":"st","City":"","State":"","Zip":"02723","StreetName":"Lexington St","Address":null,"StateName":null,"Zip4":null,"MAK":null,"AddressType":null,"RBDI":null,"Results":null,"NoSuffix":""},{"Number":"","Street":"locust","Suffix":"st","City":"","State":"","Zip":"02723","StreetName":"Locust St","Address":null,"StateName":null,"Zip4":null,"MAK":null,"AddressType":null,"RBDI":null,"Results":null,"NoSuffix":""},{"Number":"","Street":"london","Suffix":"st","City":"","State":"","Zip":"02723","StreetName":"London St","Address":null,"StateName":null,"Zip4":null,"MAK":null,"AddressType":null,"RBDI":null,"Results":null,"NoSuffix":""},{"Number":"","Street":"manning","Suffix":"st","City":"","State":"","Zip":"02723","StreetName":"Manning St","Address":null,"StateName":null,"Zip4":null,"MAK":null,"AddressType":null,"RBDI":null,"Results":null,"NoSuffix":""},{"Number":"","Street":"marchand","Suffix":"st","City":"","State":"","Zip":"02723","StreetName":"Marchand St","Address":null,"StateName":null,"Zip4":null,"MAK":null,"AddressType":null,"RBDI":null,"Results":null,"NoSuffix":""},{"Number":"","Street":"marion","Suffix":"st","City":"","State":"","Zip":"02723","StreetName":"Marion St","Address":null,"StateName":null,"Zip4":null,"MAK":null,"AddressType":null,"RBDI":null,"Results":null,"NoSuffix":""},{"Number":"","Street":"marsh","Suffix":"st","City":"","State":"","Zip":"02723","StreetName":"Marsh St","Address":null,"StateName":null,"Zip4":null,"MAK":null,"AddressType":null,"RBDI":null,"Results":null,"NoSuffix":""},{"Number":"","Street":"martine","Suffix":"st","City":"","State":"","Zip":"02723","StreetName":"Martine St","Address":null,"StateName":null,"Zip4":null,"MAK":null,"AddressType":null,"RBDI":null,"Results":null,"NoSuffix":""},{"Number":"","Street":"mason","Suffix":"st","City":"","State":"","Zip":"02723","StreetName":"Mason St","Address":null,"StateName":null,"Zip4":null,"MAK":null,"AddressType":null,"RBDI":null,"Results":null,"NoSuffix":""},{"Number":"","Street":"massasoit","Suffix":"st","City":"","State":"","Zip":"02723","StreetName":"Massasoit St","Address":null,"StateName":null,"Zip4":null,"MAK":null,"AddressType":null,"RBDI":null,"Results":null,"NoSuffix":""},{"Number":"","Street":"maynard","Suffix":"st","City":"","State":"","Zip":"02723","StreetName":"Maynard St","Address":null,"StateName":null,"Zip4":null,"MAK":null,"AddressType":null,"RBDI":null,"Results":null,"NoSuffix":""},{"Number":"","Street":"mccloskey","Suffix":"st","City":"","State":"","Zip":"02723","StreetName":"Mccloskey St","Address":null,"StateName":null,"Zip4":null,"MAK":null,"AddressType":null,"RBDI":null,"Results":null,"NoSuffix":""},{"Number":"","Street":"mcgowan","Suffix":"st","City":"","State":"","Zip":"02723","StreetName":"Mcgowan St","Address":null,"StateName":null,"Zip4":null,"MAK":null,"AddressType":null,"RBDI":null,"Results":null,"NoSuffix":""},{"Number":"","Street":"melrose","Suffix":"st","City":"","State":"","Zip":"02723","StreetName":"Melrose St","Address":null,"StateName":null,"Zip4":null,"MAK":null,"AddressType":null,"RBDI":null,"Results":null,"NoSuffix":""},{"Number":"","Street":"merchant","Suffix":"st","City":"","State":"","Zip":"02723","StreetName":"Merchant St","Address":null,"StateName":null,"Zip4":null,"MAK":null,"AddressType":null,"RBDI":null,"Results":null,"NoSuffix":""},{"Number":"","Street":"merino","Suffix":"st","City":"","State":"","Zip":"02723","StreetName":"Merino St","Address":null,"StateName":null,"Zip4":null,"MAK":null,"AddressType":null,"RBDI":null,"Results":null,"NoSuffix":""},{"Number":"","Street":"middlesex","Suffix":"st","City":"","State":"","Zip":"02723","StreetName":"Middlesex St","Address":null,"StateName":null,"Zip4":null,"MAK":null,"AddressType":null,"RBDI":null,"Results":null,"NoSuffix":""},{"Number":"","Street":"monarch","Suffix":"st","City":"","State":"","Zip":"02723","StreetName":"Monarch St","Address":null,"StateName":null,"Zip4":null,"MAK":null,"AddressType":null,"RBDI":null,"Results":null,"NoSuffix":""},{"Number":"","Street":"northmere","Suffix":"rd","City":"","State":"","Zip":"02723","StreetName":"Northmere Rd","Address":null,"StateName":null,"Zip4":null,"MAK":null,"AddressType":null,"RBDI":null,"Results":null,"NoSuffix":""},{"Number":"","Street":"norwood","Suffix":"st","City":"","State":"","Zip":"02723","StreetName":"Norwood St","Address":null,"StateName":null,"Zip4":null,"MAK":null,"AddressType":null,"RBDI":null,"Results":null,"NoSuffix":""},{"Number":"","Street":"notre dame","Suffix":"st","City":"","State":"","Zip":"02723","StreetName":"Notre Dame St","Address":null,"StateName":null,"Zip4":null,"MAK":null,"AddressType":null,"RBDI":null,"Results":null,"NoSuffix":""},{"Number":"","Street":"oak grove","Suffix":"ave","City":"","State":"","Zip":"02723","StreetName":"Oak Grove Ave","Address":null,"StateName":null,"Zip4":null,"MAK":null,"AddressType":null,"RBDI":null,"Results":null,"NoSuffix":""},{"Number":"","Street":"ogden","Suffix":"st","City":"","State":"","Zip":"02723","StreetName":"Ogden St","Address":null,"StateName":null,"Zip4":null,"MAK":null,"AddressType":null,"RBDI":null,"Results":null,"NoSuffix":""},{"Number":"","Street":"orchard","Suffix":"st","City":"","State":"","Zip":"02723","StreetName":"Orchard St","Address":null,"StateName":null,"Zip4":null,"MAK":null,"AddressType":null,"RBDI":null,"Results":null,"NoSuffix":""},{"Number":"","Street":"pine","Suffix":"st","City":"","State":"","Zip":"02723","StreetName":"Pine St","Address":null,"StateName":null,"Zip4":null,"MAK":null,"AddressType":null,"RBDI":null,"Results":null,"NoSuffix":""},{"Number":"","Street":"pitman","Suffix":"st","City":"","State":"","Zip":"02723","StreetName":"Pitman St","Address":null,"StateName":null,"Zip4":null,"MAK":null,"AddressType":null,"RBDI":null,"Results":null,"NoSuffix":""},{"Number":"","Street":"plain","Suffix":"st","City":"","State":"","Zip":"02723","StreetName":"Plain St","Address":null,"StateName":null,"Zip4":null,"MAK":null,"AddressType":null,"RBDI":null,"Results":null,"NoSuffix":""},{"Number":"","Street":"platt","Suffix":"st","City":"","State":"","Zip":"02723","StreetName":"Platt St","Address":null,"StateName":null,"Zip4":null,"MAK":null,"AddressType":null,"RBDI":null,"Results":null,"NoSuffix":""},{"Number":"","Street":"pleasant","Suffix":"st","City":"","State":"","Zip":"02723","StreetName":"Pleasant St","Address":null,"StateName":null,"Zip4":null,"MAK":null,"AddressType":null,"RBDI":null,"Results":null,"NoSuffix":""},{"Number":"","Street":"po box","Suffix":"","City":"","State":"","Zip":"02723","StreetName":"Po Box","Address":null,"StateName":null,"Zip4":null,"MAK":null,"AddressType":null,"RBDI":null,"Results":null,"NoSuffix":"t"},{"Number":"","Street":"porter","Suffix":"st","City":"","State":"","Zip":"02723","StreetName":"Porter St","Address":null,"StateName":null,"Zip4":null,"MAK":null,"AddressType":null,"RBDI":null,"Results":null,"NoSuffix":""},{"Number":"","Street":"prevost","Suffix":"st","City":"","State":"","Zip":"02723","StreetName":"Prevost St","Address":null,"StateName":null,"Zip4":null,"MAK":null,"AddressType":null,"RBDI":null,"Results":null,"NoSuffix":""},{"Number":"","Street":"quarry","Suffix":"st","City":"","State":"","Zip":"02723","StreetName":"Quarry St","Address":null,"StateName":null,"Zip4":null,"MAK":null,"AddressType":null,"RBDI":null,"Results":null,"NoSuffix":""},{"Number":"","Street":"quequechan","Suffix":"st","City":"","State":"","Zip":"02723","StreetName":"Quequechan St","Address":null,"StateName":null,"Zip4":null,"MAK":null,"AddressType":null,"RBDI":null,"Results":null,"NoSuffix":""},{"Number":"","Street":"ratcliffe","Suffix":"st","City":"","State":"","Zip":"02723","StreetName":"Ratcliffe St","Address":null,"StateName":null,"Zip4":null,"MAK":null,"AddressType":null,"RBDI":null,"Results":null,"NoSuffix":""},{"Number":"","Street":"raymond","Suffix":"st","City":"","State":"","Zip":"02723","StreetName":"Raymond St","Address":null,"StateName":null,"Zip4":null,"MAK":null,"AddressType":null,"RBDI":null,"Results":null,"NoSuffix":""},{"Number":"","Street":"reney","Suffix":"st","City":"","State":"","Zip":"02723","StreetName":"Reney St","Address":null,"StateName":null,"Zip4":null,"MAK":null,"AddressType":null,"RBDI":null,"Results":null,"NoSuffix":""},{"Number":"","Street":"reservoir","Suffix":"st","City":"","State":"","Zip":"02723","StreetName":"Reservoir St","Address":null,"StateName":null,"Zip4":null,"MAK":null,"AddressType":null,"RBDI":null,"Results":null,"NoSuffix":""},{"Number":"","Street":"reuben","Suffix":"st","City":"","State":"","Zip":"02723","StreetName":"Reuben St","Address":null,"StateName":null,"Zip4":null,"MAK":null,"AddressType":null,"RBDI":null,"Results":null,"NoSuffix":""},{"Number":"","Street":"rocliffe","Suffix":"st","City":"","State":"","Zip":"02723","StreetName":"Rocliffe St","Address":null,"StateName":null,"Zip4":null,"MAK":null,"AddressType":null,"RBDI":null,"Results":null,"NoSuffix":""},{"Number":"","Street":"roper","Suffix":"st","City":"","State":"","Zip":"02723","StreetName":"Roper St","Address":null,"StateName":null,"Zip4":null,"MAK":null,"AddressType":null,"RBDI":null,"Results":null,"NoSuffix":""},{"Number":"","Street":"ross","Suffix":"st","City":"","State":"","Zip":"02723","StreetName":"Ross St","Address":null,"StateName":null,"Zip4":null,"MAK":null,"AddressType":null,"RBDI":null,"Results":null,"NoSuffix":""},{"Number":"","Street":"russell brogan","Suffix":"blvd","City":"","State":"","Zip":"02723","StreetName":"Russell Brogan Blvd","Address":null,"StateName":null,"Zip4":null,"MAK":null,"AddressType":null,"RBDI":null,"Results":null,"NoSuffix":""},{"Number":"","Street":"saint germain","Suffix":"st","City":"","State":"","Zip":"02723","StreetName":"Saint Germain St","Address":null,"StateName":null,"Zip4":null,"MAK":null,"AddressType":null,"RBDI":null,"Results":null,"NoSuffix":""},{"Number":"","Street":"saint joseph","Suffix":"st","City":"","State":"","Zip":"02723","StreetName":"Saint Joseph St","Address":null,"StateName":null,"Zip4":null,"MAK":null,"AddressType":null,"RBDI":null,"Results":null,"NoSuffix":""},{"Number":"","Street":"savoie","Suffix":"st","City":"","State":"","Zip":"02723","StreetName":"Savoie St","Address":null,"StateName":null,"Zip4":null,"MAK":null,"AddressType":null,"RBDI":null,"Results":null,"NoSuffix":""},{"Number":"","Street":"sevigny","Suffix":"st","City":"","State":"","Zip":"02723","StreetName":"Sevigny St","Address":null,"StateName":null,"Zip4":null,"MAK":null,"AddressType":null,"RBDI":null,"Results":null,"NoSuffix":""},{"Number":"","Street":"sherman","Suffix":"st","City":"","State":"","Zip":"02723","StreetName":"Sherman St","Address":null,"StateName":null,"Zip4":null,"MAK":null,"AddressType":null,"RBDI":null,"Results":null,"NoSuffix":""},{"Number":"","Street":"smithies","Suffix":"st","City":"","State":"","Zip":"02723","StreetName":"Smithies St","Address":null,"StateName":null,"Zip4":null,"MAK":null,"AddressType":null,"RBDI":null,"Results":null,"NoSuffix":""},{"Number":"","Street":"stinziano","Suffix":"st","City":"","State":"","Zip":"02723","StreetName":"Stinziano St","Address":null,"StateName":null,"Zip4":null,"MAK":null,"AddressType":null,"RBDI":null,"Results":null,"NoSuffix":""},{"Number":"","Street":"stone","Suffix":"st","City":"","State":"","Zip":"02723","StreetName":"Stone St","Address":null,"StateName":null,"Zip4":null,"MAK":null,"AddressType":null,"RBDI":null,"Results":null,"NoSuffix":""},{"Number":"","Street":"stonehaven","Suffix":"rd","City":"","State":"","Zip":"02723","StreetName":"Stonehaven Rd","Address":null,"StateName":null,"Zip4":null,"MAK":null,"AddressType":null,"RBDI":null,"Results":null,"NoSuffix":""},{"Number":"","Street":"swindells","Suffix":"st","City":"","State":"","Zip":"02723","StreetName":"Swindells St","Address":null,"StateName":null,"Zip4":null,"MAK":null,"AddressType":null,"RBDI":null,"Results":null,"NoSuffix":""},{"Number":"","Street":"talbot","Suffix":"st","City":"","State":"","Zip":"02723","StreetName":"Talbot St","Address":null,"StateName":null,"Zip4":null,"MAK":null,"AddressType":null,"RBDI":null,"Results":null,"NoSuffix":""},{"Number":"","Street":"thomas","Suffix":"st","City":"","State":"","Zip":"02723","StreetName":"Thomas St","Address":null,"StateName":null,"Zip4":null,"MAK":null,"AddressType":null,"RBDI":null,"Results":null,"NoSuffix":""},{"Number":"","Street":"thornhill","Suffix":"rd","City":"","State":"","Zip":"02723","StreetName":"Thornhill Rd","Address":null,"StateName":null,"Zip4":null,"MAK":null,"AddressType":null,"RBDI":null,"Results":null,"NoSuffix":""},{"Number":"","Street":"tiffany","Suffix":"dr","City":"","State":"","Zip":"02723","StreetName":"Tiffany Dr","Address":null,"StateName":null,"Zip4":null,"MAK":null,"AddressType":null,"RBDI":null,"Results":null,"NoSuffix":""},{"Number":"","Street":"tobin","Suffix":"st","City":"","State":"","Zip":"02723","StreetName":"Tobin St","Address":null,"StateName":null,"Zip4":null,"MAK":null,"AddressType":null,"RBDI":null,"Results":null,"NoSuffix":""},{"Number":"","Street":"varley","Suffix":"st","City":"","State":"","Zip":"02723","StreetName":"Varley St","Address":null,"StateName":null,"Zip4":null,"MAK":null,"AddressType":null,"RBDI":null,"Results":null,"NoSuffix":""},{"Number":"","Street":"walker","Suffix":"st","City":"","State":"","Zip":"02723","StreetName":"Walker St","Address":null,"StateName":null,"Zip4":null,"MAK":null,"AddressType":null,"RBDI":null,"Results":null,"NoSuffix":""},{"Number":"","Street":"wall","Suffix":"st","City":"","State":"","Zip":"02723","StreetName":"Wall St","Address":null,"StateName":null,"Zip4":null,"MAK":null,"AddressType":null,"RBDI":null,"Results":null,"NoSuffix":""},{"Number":"","Street":"wamsutta","Suffix":"st","City":"","State":"","Zip":"02723","StreetName":"Wamsutta St","Address":null,"StateName":null,"Zip4":null,"MAK":null,"AddressType":null,"RBDI":null,"Results":null,"NoSuffix":""},{"Number":"","Street":"warren","Suffix":"st","City":"","State":"","Zip":"02723","StreetName":"Warren St","Address":null,"StateName":null,"Zip4":null,"MAK":null,"AddressType":null,"RBDI":null,"Results":null,"NoSuffix":""},{"Number":"","Street":"webster","Suffix":"st","City":"","State":"","Zip":"02723","StreetName":"Webster St","Address":null,"StateName":null,"Zip4":null,"MAK":null,"AddressType":null,"RBDI":null,"Results":null,"NoSuffix":""},{"Number":"","Street":"weybosset","Suffix":"st","City":"","State":"","Zip":"02723","StreetName":"Weybosset St","Address":null,"StateName":null,"Zip4":null,"MAK":null,"AddressType":null,"RBDI":null,"Results":null,"NoSuffix":""},{"Number":"","Street":"windsor","Suffix":"st","City":"","State":"","Zip":"02723","StreetName":"Windsor St","Address":null,"StateName":null,"Zip4":null,"MAK":null,"AddressType":null,"RBDI":null,"Results":null,"NoSuffix":""}]