[{"Number":"","Street":"acorn","Suffix":"path","City":"","State":"","Zip":"01450","StreetName":"Acorn Path","Address":null,"StateName":null,"Zip4":null,"MAK":null,"AddressType":null,"RBDI":null,"Results":null,"NoSuffix":""},{"Number":"","Street":"adams","Suffix":"ave","City":"","State":"","Zip":"01450","StreetName":"Adams Ave","Address":null,"StateName":null,"Zip4":null,"MAK":null,"AddressType":null,"RBDI":null,"Results":null,"NoSuffix":""},{"Number":"","Street":"alder","Suffix":"rd","City":"","State":"","Zip":"01450","StreetName":"Alder Rd","Address":null,"StateName":null,"Zip4":null,"MAK":null,"AddressType":null,"RBDI":null,"Results":null,"NoSuffix":""},{"Number":"","Street":"allens","Suffix":"trl","City":"","State":"","Zip":"01450","StreetName":"Allens Trl","Address":null,"StateName":null,"Zip4":null,"MAK":null,"AddressType":null,"RBDI":null,"Results":null,"NoSuffix":""},{"Number":"","Street":"allison","Suffix":"park","City":"","State":"","Zip":"01450","StreetName":"Allison Park","Address":null,"StateName":null,"Zip4":null,"MAK":null,"AddressType":null,"RBDI":null,"Results":null,"NoSuffix":""},{"Number":"","Street":"amanda","Suffix":"way","City":"","State":"","Zip":"01450","StreetName":"Amanda Way","Address":null,"StateName":null,"Zip4":null,"MAK":null,"AddressType":null,"RBDI":null,"Results":null,"NoSuffix":""},{"Number":"","Street":"amelia","Suffix":"way","City":"","State":"","Zip":"01450","StreetName":"Amelia Way","Address":null,"StateName":null,"Zip4":null,"MAK":null,"AddressType":null,"RBDI":null,"Results":null,"NoSuffix":""},{"Number":"","Street":"ames","Suffix":"rd","City":"","State":"","Zip":"01450","StreetName":"Ames Rd","Address":null,"StateName":null,"Zip4":null,"MAK":null,"AddressType":null,"RBDI":null,"Results":null,"NoSuffix":""},{"Number":"","Street":"anthony","Suffix":"dr","City":"","State":"","Zip":"01450","StreetName":"Anthony Dr","Address":null,"StateName":null,"Zip4":null,"MAK":null,"AddressType":null,"RBDI":null,"Results":null,"NoSuffix":""},{"Number":"","Street":"arbor","Suffix":"way","City":"","State":"","Zip":"01450","StreetName":"Arbor Way","Address":null,"StateName":null,"Zip4":null,"MAK":null,"AddressType":null,"RBDI":null,"Results":null,"NoSuffix":""},{"Number":"","Street":"arlington","Suffix":"st","City":"","State":"","Zip":"01450","StreetName":"Arlington St","Address":null,"StateName":null,"Zip4":null,"MAK":null,"AddressType":null,"RBDI":null,"Results":null,"NoSuffix":""},{"Number":"","Street":"arrow","Suffix":"trl","City":"","State":"","Zip":"01450","StreetName":"Arrow Trl","Address":null,"StateName":null,"Zip4":null,"MAK":null,"AddressType":null,"RBDI":null,"Results":null,"NoSuffix":""},{"Number":"","Street":"augustine","Suffix":"rd","City":"","State":"","Zip":"01450","StreetName":"Augustine Rd","Address":null,"StateName":null,"Zip4":null,"MAK":null,"AddressType":null,"RBDI":null,"Results":null,"NoSuffix":""},{"Number":"","Street":"autumn leaf","Suffix":"dr","City":"","State":"","Zip":"01450","StreetName":"Autumn Leaf Dr","Address":null,"StateName":null,"Zip4":null,"MAK":null,"AddressType":null,"RBDI":null,"Results":null,"NoSuffix":""},{"Number":"","Street":"baby beach","Suffix":"rd","City":"","State":"","Zip":"01450","StreetName":"Baby Beach Rd","Address":null,"StateName":null,"Zip4":null,"MAK":null,"AddressType":null,"RBDI":null,"Results":null,"NoSuffix":""},{"Number":"","Street":"baddacook pond","Suffix":"rd","City":"","State":"","Zip":"01450","StreetName":"Baddacook Pond Rd","Address":null,"StateName":null,"Zip4":null,"MAK":null,"AddressType":null,"RBDI":null,"Results":null,"NoSuffix":""},{"Number":"","Street":"balsam","Suffix":"walk","City":"","State":"","Zip":"01450","StreetName":"Balsam Walk","Address":null,"StateName":null,"Zip4":null,"MAK":null,"AddressType":null,"RBDI":null,"Results":null,"NoSuffix":""},{"Number":"","Street":"bayberry","Suffix":"rd","City":"","State":"","Zip":"01450","StreetName":"Bayberry Rd","Address":null,"StateName":null,"Zip4":null,"MAK":null,"AddressType":null,"RBDI":null,"Results":null,"NoSuffix":""},{"Number":"","Street":"beecher","Suffix":"rd","City":"","State":"","Zip":"01450","StreetName":"Beecher Rd","Address":null,"StateName":null,"Zip4":null,"MAK":null,"AddressType":null,"RBDI":null,"Results":null,"NoSuffix":""},{"Number":"","Street":"birchwood","Suffix":"ave","City":"","State":"","Zip":"01450","StreetName":"Birchwood Ave","Address":null,"StateName":null,"Zip4":null,"MAK":null,"AddressType":null,"RBDI":null,"Results":null,"NoSuffix":""},{"Number":"","Street":"bishop","Suffix":"way","City":"","State":"","Zip":"01450","StreetName":"Bishop Way","Address":null,"StateName":null,"Zip4":null,"MAK":null,"AddressType":null,"RBDI":null,"Results":null,"NoSuffix":""},{"Number":"","Street":"bixby hill","Suffix":"rd","City":"","State":"","Zip":"01450","StreetName":"Bixby Hill Rd","Address":null,"StateName":null,"Zip4":null,"MAK":null,"AddressType":null,"RBDI":null,"Results":null,"NoSuffix":""},{"Number":"","Street":"blacksmith","Suffix":"row","City":"","State":"","Zip":"01450","StreetName":"Blacksmith Row","Address":null,"StateName":null,"Zip4":null,"MAK":null,"AddressType":null,"RBDI":null,"Results":null,"NoSuffix":""},{"Number":"","Street":"blossom","Suffix":"ln","City":"","State":"","Zip":"01450","StreetName":"Blossom Ln","Address":null,"StateName":null,"Zip4":null,"MAK":null,"AddressType":null,"RBDI":null,"Results":null,"NoSuffix":""},{"Number":"","Street":"boat house","Suffix":"rd","City":"","State":"","Zip":"01450","StreetName":"Boat House Rd","Address":null,"StateName":null,"Zip4":null,"MAK":null,"AddressType":null,"RBDI":null,"Results":null,"NoSuffix":""},{"Number":"","Street":"boston","Suffix":"rd","City":"","State":"","Zip":"01450","StreetName":"Boston Rd","Address":null,"StateName":null,"Zip4":null,"MAK":null,"AddressType":null,"RBDI":null,"Results":null,"NoSuffix":""},{"Number":"","Street":"bradley","Suffix":"dr","City":"","State":"","Zip":"01450","StreetName":"Bradley Dr","Address":null,"StateName":null,"Zip4":null,"MAK":null,"AddressType":null,"RBDI":null,"Results":null,"NoSuffix":""},{"Number":"","Street":"branch","Suffix":"ln","City":"","State":"","Zip":"01450","StreetName":"Branch Ln","Address":null,"StateName":null,"Zip4":null,"MAK":null,"AddressType":null,"RBDI":null,"Results":null,"NoSuffix":""},{"Number":"","Street":"breakneck","Suffix":"rd","City":"","State":"","Zip":"01450","StreetName":"Breakneck Rd","Address":null,"StateName":null,"Zip4":null,"MAK":null,"AddressType":null,"RBDI":null,"Results":null,"NoSuffix":""},{"Number":"","Street":"bridge","Suffix":"st","City":"","State":"","Zip":"01450","StreetName":"Bridge St","Address":null,"StateName":null,"Zip4":null,"MAK":null,"AddressType":null,"RBDI":null,"Results":null,"NoSuffix":""},{"Number":"","Street":"britt","Suffix":"ln","City":"","State":"","Zip":"01450","StreetName":"Britt Ln","Address":null,"StateName":null,"Zip4":null,"MAK":null,"AddressType":null,"RBDI":null,"Results":null,"NoSuffix":""},{"Number":"","Street":"broad meadow","Suffix":"rd","City":"","State":"","Zip":"01450","StreetName":"Broad Meadow Rd","Address":null,"StateName":null,"Zip4":null,"MAK":null,"AddressType":null,"RBDI":null,"Results":null,"NoSuffix":""},{"Number":"","Street":"brookfield","Suffix":"dr","City":"","State":"","Zip":"01450","StreetName":"Brookfield Dr","Address":null,"StateName":null,"Zip4":null,"MAK":null,"AddressType":null,"RBDI":null,"Results":null,"NoSuffix":""},{"Number":"","Street":"brown","Suffix":"ln","City":"","State":"","Zip":"01450","StreetName":"Brown Ln","Address":null,"StateName":null,"Zip4":null,"MAK":null,"AddressType":null,"RBDI":null,"Results":null,"NoSuffix":""},{"Number":"","Street":"brownloaf","Suffix":"rd","City":"","State":"","Zip":"01450","StreetName":"Brownloaf Rd","Address":null,"StateName":null,"Zip4":null,"MAK":null,"AddressType":null,"RBDI":null,"Results":null,"NoSuffix":""},{"Number":"","Street":"bryanwood","Suffix":"ln","City":"","State":"","Zip":"01450","StreetName":"Bryanwood Ln","Address":null,"StateName":null,"Zip4":null,"MAK":null,"AddressType":null,"RBDI":null,"Results":null,"NoSuffix":""},{"Number":"","Street":"burntmeadow","Suffix":"rd","City":"","State":"","Zip":"01450","StreetName":"Burntmeadow Rd","Address":null,"StateName":null,"Zip4":null,"MAK":null,"AddressType":null,"RBDI":null,"Results":null,"NoSuffix":""},{"Number":"","Street":"campbell","Suffix":"dr","City":"","State":"","Zip":"01450","StreetName":"Campbell Dr","Address":null,"StateName":null,"Zip4":null,"MAK":null,"AddressType":null,"RBDI":null,"Results":null,"NoSuffix":""},{"Number":"","Street":"candice","Suffix":"ln","City":"","State":"","Zip":"01450","StreetName":"Candice Ln","Address":null,"StateName":null,"Zip4":null,"MAK":null,"AddressType":null,"RBDI":null,"Results":null,"NoSuffix":""},{"Number":"","Street":"cannery","Suffix":"row","City":"","State":"","Zip":"01450","StreetName":"Cannery Row","Address":null,"StateName":null,"Zip4":null,"MAK":null,"AddressType":null,"RBDI":null,"Results":null,"NoSuffix":""},{"Number":"","Street":"canterbury","Suffix":"ln","City":"","State":"","Zip":"01450","StreetName":"Canterbury Ln","Address":null,"StateName":null,"Zip4":null,"MAK":null,"AddressType":null,"RBDI":null,"Results":null,"NoSuffix":""},{"Number":"","Street":"cardinal","Suffix":"ln","City":"","State":"","Zip":"01450","StreetName":"Cardinal Ln","Address":null,"StateName":null,"Zip4":null,"MAK":null,"AddressType":null,"RBDI":null,"Results":null,"NoSuffix":""},{"Number":"","Street":"carmichael","Suffix":"way","City":"","State":"","Zip":"01450","StreetName":"Carmichael Way","Address":null,"StateName":null,"Zip4":null,"MAK":null,"AddressType":null,"RBDI":null,"Results":null,"NoSuffix":""},{"Number":"","Street":"castle","Suffix":"dr","City":"","State":"","Zip":"01450","StreetName":"Castle Dr","Address":null,"StateName":null,"Zip4":null,"MAK":null,"AddressType":null,"RBDI":null,"Results":null,"NoSuffix":""},{"Number":"","Street":"cedar","Suffix":"rd","City":"","State":"","Zip":"01450","StreetName":"Cedar Rd","Address":null,"StateName":null,"Zip4":null,"MAK":null,"AddressType":null,"RBDI":null,"Results":null,"NoSuffix":""},{"Number":"","Street":"chamberlains mill","Suffix":"ln","City":"","State":"","Zip":"01450","StreetName":"Chamberlains Mill Ln","Address":null,"StateName":null,"Zip4":null,"MAK":null,"AddressType":null,"RBDI":null,"Results":null,"NoSuffix":""},{"Number":"","Street":"champney","Suffix":"st","City":"","State":"","Zip":"01450","StreetName":"Champney St","Address":null,"StateName":null,"Zip4":null,"MAK":null,"AddressType":null,"RBDI":null,"Results":null,"NoSuffix":""},{"Number":"","Street":"charles","Suffix":"rd","City":"","State":"","Zip":"01450","StreetName":"Charles Rd","Address":null,"StateName":null,"Zip4":null,"MAK":null,"AddressType":null,"RBDI":null,"Results":null,"NoSuffix":""},{"Number":"","Street":"cherry tree","Suffix":"ln","City":"","State":"","Zip":"01450","StreetName":"Cherry Tree Ln","Address":null,"StateName":null,"Zip4":null,"MAK":null,"AddressType":null,"RBDI":null,"Results":null,"NoSuffix":""},{"Number":"","Street":"chestnut","Suffix":"rd","City":"","State":"","Zip":"01450","StreetName":"Chestnut Rd","Address":null,"StateName":null,"Zip4":null,"MAK":null,"AddressType":null,"RBDI":null,"Results":null,"NoSuffix":""},{"Number":"","Street":"chestnut hill","Suffix":"rd","City":"","State":"","Zip":"01450","StreetName":"Chestnut Hill Rd","Address":null,"StateName":null,"Zip4":null,"MAK":null,"AddressType":null,"RBDI":null,"Results":null,"NoSuffix":""},{"Number":"","Street":"chicopee","Suffix":"row","City":"","State":"","Zip":"01450","StreetName":"Chicopee Row","Address":null,"StateName":null,"Zip4":null,"MAK":null,"AddressType":null,"RBDI":null,"Results":null,"NoSuffix":""},{"Number":"","Street":"common","Suffix":"st","City":"","State":"","Zip":"01450","StreetName":"Common St","Address":null,"StateName":null,"Zip4":null,"MAK":null,"AddressType":null,"RBDI":null,"Results":null,"NoSuffix":""},{"Number":"","Street":"connolly","Suffix":"dr","City":"","State":"","Zip":"01450","StreetName":"Connolly Dr","Address":null,"StateName":null,"Zip4":null,"MAK":null,"AddressType":null,"RBDI":null,"Results":null,"NoSuffix":""},{"Number":"","Street":"court","Suffix":"st","City":"","State":"","Zip":"01450","StreetName":"Court St","Address":null,"StateName":null,"Zip4":null,"MAK":null,"AddressType":null,"RBDI":null,"Results":null,"NoSuffix":""},{"Number":"","Street":"cow pond brook","Suffix":"rd","City":"","State":"","Zip":"01450","StreetName":"Cow Pond Brook Rd","Address":null,"StateName":null,"Zip4":null,"MAK":null,"AddressType":null,"RBDI":null,"Results":null,"NoSuffix":""},{"Number":"","Street":"crosswinds","Suffix":"dr","City":"","State":"","Zip":"01450","StreetName":"Crosswinds Dr","Address":null,"StateName":null,"Zip4":null,"MAK":null,"AddressType":null,"RBDI":null,"Results":null,"NoSuffix":""},{"Number":"","Street":"crystal springs","Suffix":"ln","City":"","State":"","Zip":"01450","StreetName":"Crystal Springs Ln","Address":null,"StateName":null,"Zip4":null,"MAK":null,"AddressType":null,"RBDI":null,"Results":null,"NoSuffix":""},{"Number":"","Street":"culver","Suffix":"rd","City":"","State":"","Zip":"01450","StreetName":"Culver Rd","Address":null,"StateName":null,"Zip4":null,"MAK":null,"AddressType":null,"RBDI":null,"Results":null,"NoSuffix":""},{"Number":"","Street":"cypress","Suffix":"rd","City":"","State":"","Zip":"01450","StreetName":"Cypress Rd","Address":null,"StateName":null,"Zip4":null,"MAK":null,"AddressType":null,"RBDI":null,"Results":null,"NoSuffix":""},{"Number":"","Street":"dale","Suffix":"ln","City":"","State":"","Zip":"01450","StreetName":"Dale Ln","Address":null,"StateName":null,"Zip4":null,"MAK":null,"AddressType":null,"RBDI":null,"Results":null,"NoSuffix":""},{"Number":"","Street":"dan parker","Suffix":"rd","City":"","State":"","Zip":"01450","StreetName":"Dan Parker Rd","Address":null,"StateName":null,"Zip4":null,"MAK":null,"AddressType":null,"RBDI":null,"Results":null,"NoSuffix":""},{"Number":"","Street":"deerfield","Suffix":"dr","City":"","State":"","Zip":"01450","StreetName":"Deerfield Dr","Address":null,"StateName":null,"Zip4":null,"MAK":null,"AddressType":null,"RBDI":null,"Results":null,"NoSuffix":""},{"Number":"","Street":"dolan","Suffix":"dr","City":"","State":"","Zip":"01450","StreetName":"Dolan Dr","Address":null,"StateName":null,"Zip4":null,"MAK":null,"AddressType":null,"RBDI":null,"Results":null,"NoSuffix":""},{"Number":"","Street":"dorothy","Suffix":"pl","City":"","State":"","Zip":"01450","StreetName":"Dorothy Pl","Address":null,"StateName":null,"Zip4":null,"MAK":null,"AddressType":null,"RBDI":null,"Results":null,"NoSuffix":""},{"Number":"","Street":"drumlin hill","Suffix":"rd","City":"","State":"","Zip":"01450","StreetName":"Drumlin Hill Rd","Address":null,"StateName":null,"Zip4":null,"MAK":null,"AddressType":null,"RBDI":null,"Results":null,"NoSuffix":""},{"Number":"","Street":"duck pond","Suffix":"dr","City":"","State":"","Zip":"01450","StreetName":"Duck Pond Dr","Address":null,"StateName":null,"Zip4":null,"MAK":null,"AddressType":null,"RBDI":null,"Results":null,"NoSuffix":""},{"Number":"","Street":"elm","Suffix":"st","City":"","State":"","Zip":"01450","StreetName":"Elm St","Address":null,"StateName":null,"Zip4":null,"MAK":null,"AddressType":null,"RBDI":null,"Results":null,"NoSuffix":""},{"Number":"","Street":"englewood","Suffix":"ave","City":"","State":"","Zip":"01450","StreetName":"Englewood Ave","Address":null,"StateName":null,"Zip4":null,"MAK":null,"AddressType":null,"RBDI":null,"Results":null,"NoSuffix":""},{"Number":"","Street":"fairview","Suffix":"ave","City":"","State":"","Zip":"01450","StreetName":"Fairview Ave","Address":null,"StateName":null,"Zip4":null,"MAK":null,"AddressType":null,"RBDI":null,"Results":null,"NoSuffix":""},{"Number":"","Street":"fairway","Suffix":"dr","City":"","State":"","Zip":"01450","StreetName":"Fairway Dr","Address":null,"StateName":null,"Zip4":null,"MAK":null,"AddressType":null,"RBDI":null,"Results":null,"NoSuffix":""},{"Number":"","Street":"farmers","Suffix":"row","City":"","State":"","Zip":"01450","StreetName":"Farmers Row","Address":null,"StateName":null,"Zip4":null,"MAK":null,"AddressType":null,"RBDI":null,"Results":null,"NoSuffix":""},{"Number":"","Street":"fawn","Suffix":"ter","City":"","State":"","Zip":"01450","StreetName":"Fawn Ter","Address":null,"StateName":null,"Zip4":null,"MAK":null,"AddressType":null,"RBDI":null,"Results":null,"NoSuffix":""},{"Number":"","Street":"fertiledale","Suffix":"dr","City":"","State":"","Zip":"01450","StreetName":"Fertiledale Dr","Address":null,"StateName":null,"Zip4":null,"MAK":null,"AddressType":null,"RBDI":null,"Results":null,"NoSuffix":""},{"Number":"","Street":"fieldstone","Suffix":"dr","City":"","State":"","Zip":"01450","StreetName":"Fieldstone Dr","Address":null,"StateName":null,"Zip4":null,"MAK":null,"AddressType":null,"RBDI":null,"Results":null,"NoSuffix":""},{"Number":"","Street":"fir","Suffix":"rd","City":"","State":"","Zip":"01450","StreetName":"Fir Rd","Address":null,"StateName":null,"Zip4":null,"MAK":null,"AddressType":null,"RBDI":null,"Results":null,"NoSuffix":""},{"Number":"","Street":"fitch bridge","Suffix":"rd","City":"","State":"","Zip":"01450","StreetName":"Fitch Bridge Rd","Address":null,"StateName":null,"Zip4":null,"MAK":null,"AddressType":null,"RBDI":null,"Results":null,"NoSuffix":""},{"Number":"","Street":"flavell","Suffix":"rd","City":"","State":"","Zip":"01450","StreetName":"Flavell Rd","Address":null,"StateName":null,"Zip4":null,"MAK":null,"AddressType":null,"RBDI":null,"Results":null,"NoSuffix":""},{"Number":"","Street":"fletcher hill","Suffix":"ln","City":"","State":"","Zip":"01450","StreetName":"Fletcher Hill Ln","Address":null,"StateName":null,"Zip4":null,"MAK":null,"AddressType":null,"RBDI":null,"Results":null,"NoSuffix":""},{"Number":"","Street":"floyd hill","Suffix":"rd","City":"","State":"","Zip":"01450","StreetName":"Floyd Hill Rd","Address":null,"StateName":null,"Zip4":null,"MAK":null,"AddressType":null,"RBDI":null,"Results":null,"NoSuffix":""},{"Number":"","Street":"forest","Suffix":"dr","City":"","State":"","Zip":"01450","StreetName":"Forest Dr","Address":null,"StateName":null,"Zip4":null,"MAK":null,"AddressType":null,"RBDI":null,"Results":null,"NoSuffix":""},{"Number":"","Street":"forge village","Suffix":"rd","City":"","State":"","Zip":"01450","StreetName":"Forge Village Rd","Address":null,"StateName":null,"Zip4":null,"MAK":null,"AddressType":null,"RBDI":null,"Results":null,"NoSuffix":""},{"Number":"","Street":"fox","Suffix":"run","City":"","State":"","Zip":"01450","StreetName":"Fox Run","Address":null,"StateName":null,"Zip4":null,"MAK":null,"AddressType":null,"RBDI":null,"Results":null,"NoSuffix":""},{"Number":"","Street":"gay","Suffix":"rd","City":"","State":"","Zip":"01450","StreetName":"Gay Rd","Address":null,"StateName":null,"Zip4":null,"MAK":null,"AddressType":null,"RBDI":null,"Results":null,"NoSuffix":""},{"Number":"","Street":"georgia","Suffix":"rd","City":"","State":"","Zip":"01450","StreetName":"Georgia Rd","Address":null,"StateName":null,"Zip4":null,"MAK":null,"AddressType":null,"RBDI":null,"Results":null,"NoSuffix":""},{"Number":"","Street":"gilson","Suffix":"rd","City":"","State":"","Zip":"01450","StreetName":"Gilson Rd","Address":null,"StateName":null,"Zip4":null,"MAK":null,"AddressType":null,"RBDI":null,"Results":null,"NoSuffix":""},{"Number":"","Street":"graniteville","Suffix":"rd","City":"","State":"","Zip":"01450","StreetName":"Graniteville Rd","Address":null,"StateName":null,"Zip4":null,"MAK":null,"AddressType":null,"RBDI":null,"Results":null,"NoSuffix":""},{"Number":"","Street":"gratuity","Suffix":"rd","City":"","State":"","Zip":"01450","StreetName":"Gratuity Rd","Address":null,"StateName":null,"Zip4":null,"MAK":null,"AddressType":null,"RBDI":null,"Results":null,"NoSuffix":""},{"Number":"","Street":"hawtree","Suffix":"way","City":"","State":"","Zip":"01450","StreetName":"Hawtree Way","Address":null,"StateName":null,"Zip4":null,"MAK":null,"AddressType":null,"RBDI":null,"Results":null,"NoSuffix":""},{"Number":"","Street":"hayden","Suffix":"rd","City":"","State":"","Zip":"01450","StreetName":"Hayden Rd","Address":null,"StateName":null,"Zip4":null,"MAK":null,"AddressType":null,"RBDI":null,"Results":null,"NoSuffix":""},{"Number":"","Street":"hazel","Suffix":"rd","City":"","State":"","Zip":"01450","StreetName":"Hazel Rd","Address":null,"StateName":null,"Zip4":null,"MAK":null,"AddressType":null,"RBDI":null,"Results":null,"NoSuffix":""},{"Number":"","Street":"hazelwood","Suffix":"","City":"","State":"","Zip":"01450","StreetName":"Hazelwood","Address":null,"StateName":null,"Zip4":null,"MAK":null,"AddressType":null,"RBDI":null,"Results":null,"NoSuffix":"t"},{"Number":"","Street":"hemlock","Suffix":"rd","City":"","State":"","Zip":"01450","StreetName":"Hemlock Rd","Address":null,"StateName":null,"Zip4":null,"MAK":null,"AddressType":null,"RBDI":null,"Results":null,"NoSuffix":""},{"Number":"","Street":"hemlock park","Suffix":"dr","City":"","State":"","Zip":"01450","StreetName":"Hemlock Park Dr","Address":null,"StateName":null,"Zip4":null,"MAK":null,"AddressType":null,"RBDI":null,"Results":null,"NoSuffix":""},{"Number":"","Street":"heritage","Suffix":"ln","City":"","State":"","Zip":"01450","StreetName":"Heritage Ln","Address":null,"StateName":null,"Zip4":null,"MAK":null,"AddressType":null,"RBDI":null,"Results":null,"NoSuffix":""},{"Number":"","Street":"hickory","Suffix":"ln","City":"","State":"","Zip":"01450","StreetName":"Hickory Ln","Address":null,"StateName":null,"Zip4":null,"MAK":null,"AddressType":null,"RBDI":null,"Results":null,"NoSuffix":""},{"Number":"","Street":"hidden valley","Suffix":"rd","City":"","State":"","Zip":"01450","StreetName":"Hidden Valley Rd","Address":null,"StateName":null,"Zip4":null,"MAK":null,"AddressType":null,"RBDI":null,"Results":null,"NoSuffix":""},{"Number":"","Street":"high oaks","Suffix":"path","City":"","State":"","Zip":"01450","StreetName":"High Oaks Path","Address":null,"StateName":null,"Zip4":null,"MAK":null,"AddressType":null,"RBDI":null,"Results":null,"NoSuffix":""},{"Number":"","Street":"highland","Suffix":"rd","City":"","State":"","Zip":"01450","StreetName":"Highland Rd","Address":null,"StateName":null,"Zip4":null,"MAK":null,"AddressType":null,"RBDI":null,"Results":null,"NoSuffix":""},{"Number":"","Street":"higley","Suffix":"st","City":"","State":"","Zip":"01450","StreetName":"Higley St","Address":null,"StateName":null,"Zip4":null,"MAK":null,"AddressType":null,"RBDI":null,"Results":null,"NoSuffix":""},{"Number":"","Street":"hill","Suffix":"rd","City":"","State":"","Zip":"01450","StreetName":"Hill Rd","Address":null,"StateName":null,"Zip4":null,"MAK":null,"AddressType":null,"RBDI":null,"Results":null,"NoSuffix":""},{"Number":"","Street":"hillside","Suffix":"ave","City":"","State":"","Zip":"01450","StreetName":"Hillside Ave","Address":null,"StateName":null,"Zip4":null,"MAK":null,"AddressType":null,"RBDI":null,"Results":null,"NoSuffix":""},{"Number":"","Street":"hollis","Suffix":"st","City":"","State":"","Zip":"01450","StreetName":"Hollis St","Address":null,"StateName":null,"Zip4":null,"MAK":null,"AddressType":null,"RBDI":null,"Results":null,"NoSuffix":""},{"Number":"","Street":"hoyts wharf","Suffix":"rd","City":"","State":"","Zip":"01450","StreetName":"Hoyts Wharf Rd","Address":null,"StateName":null,"Zip4":null,"MAK":null,"AddressType":null,"RBDI":null,"Results":null,"NoSuffix":""},{"Number":"","Street":"hubbard","Suffix":"ln","City":"","State":"","Zip":"01450","StreetName":"Hubbard Ln","Address":null,"StateName":null,"Zip4":null,"MAK":null,"AddressType":null,"RBDI":null,"Results":null,"NoSuffix":""},{"Number":"","Street":"indian","Suffix":"rd","City":"","State":"","Zip":"01450","StreetName":"Indian Rd","Address":null,"StateName":null,"Zip4":null,"MAK":null,"AddressType":null,"RBDI":null,"Results":null,"NoSuffix":""},{"Number":"","Street":"indian hill","Suffix":"rd","City":"","State":"","Zip":"01450","StreetName":"Indian Hill Rd","Address":null,"StateName":null,"Zip4":null,"MAK":null,"AddressType":null,"RBDI":null,"Results":null,"NoSuffix":""},{"Number":"","Street":"integrity","Suffix":"way","City":"","State":"","Zip":"01450","StreetName":"Integrity Way","Address":null,"StateName":null,"Zip4":null,"MAK":null,"AddressType":null,"RBDI":null,"Results":null,"NoSuffix":""},{"Number":"","Street":"island","Suffix":"rd","City":"","State":"","Zip":"01450","StreetName":"Island Rd","Address":null,"StateName":null,"Zip4":null,"MAK":null,"AddressType":null,"RBDI":null,"Results":null,"NoSuffix":""},{"Number":"","Street":"island pond","Suffix":"rd","City":"","State":"","Zip":"01450","StreetName":"Island Pond Rd","Address":null,"StateName":null,"Zip4":null,"MAK":null,"AddressType":null,"RBDI":null,"Results":null,"NoSuffix":""},{"Number":"","Street":"jenkins","Suffix":"rd","City":"","State":"","Zip":"01450","StreetName":"Jenkins Rd","Address":null,"StateName":null,"Zip4":null,"MAK":null,"AddressType":null,"RBDI":null,"Results":null,"NoSuffix":""},{"Number":"","Street":"joy","Suffix":"ln","City":"","State":"","Zip":"01450","StreetName":"Joy Ln","Address":null,"StateName":null,"Zip4":null,"MAK":null,"AddressType":null,"RBDI":null,"Results":null,"NoSuffix":""},{"Number":"","Street":"juniper","Suffix":"pt","City":"","State":"","Zip":"01450","StreetName":"Juniper Pt","Address":null,"StateName":null,"Zip4":null,"MAK":null,"AddressType":null,"RBDI":null,"Results":null,"NoSuffix":""},{"Number":"","Street":"kaileys","Suffix":"way","City":"","State":"","Zip":"01450","StreetName":"Kaileys Way","Address":null,"StateName":null,"Zip4":null,"MAK":null,"AddressType":null,"RBDI":null,"Results":null,"NoSuffix":""},{"Number":"","Street":"kemp","Suffix":"st","City":"","State":"","Zip":"01450","StreetName":"Kemp St","Address":null,"StateName":null,"Zip4":null,"MAK":null,"AddressType":null,"RBDI":null,"Results":null,"NoSuffix":""},{"Number":"","Street":"kirk farm","Suffix":"rd","City":"","State":"","Zip":"01450","StreetName":"Kirk Farm Rd","Address":null,"StateName":null,"Zip4":null,"MAK":null,"AddressType":null,"RBDI":null,"Results":null,"NoSuffix":""},{"Number":"","Street":"labbe","Suffix":"rd","City":"","State":"","Zip":"01450","StreetName":"Labbe Rd","Address":null,"StateName":null,"Zip4":null,"MAK":null,"AddressType":null,"RBDI":null,"Results":null,"NoSuffix":""},{"Number":"","Street":"lakeside","Suffix":"dr","City":"","State":"","Zip":"01450","StreetName":"Lakeside Dr","Address":null,"StateName":null,"Zip4":null,"MAK":null,"AddressType":null,"RBDI":null,"Results":null,"NoSuffix":""},{"Number":"","Street":"laurel","Suffix":"ln","City":"","State":"","Zip":"01450","StreetName":"Laurel Ln","Address":null,"StateName":null,"Zip4":null,"MAK":null,"AddressType":null,"RBDI":null,"Results":null,"NoSuffix":""},{"Number":"","Street":"lawrence","Suffix":"dr","City":"","State":"","Zip":"01450","StreetName":"Lawrence Dr","Address":null,"StateName":null,"Zip4":null,"MAK":null,"AddressType":null,"RBDI":null,"Results":null,"NoSuffix":""},{"Number":"","Street":"legion","Suffix":"rd","City":"","State":"","Zip":"01450","StreetName":"Legion Rd","Address":null,"StateName":null,"Zip4":null,"MAK":null,"AddressType":null,"RBDI":null,"Results":null,"NoSuffix":""},{"Number":"","Street":"lilac","Suffix":"cir","City":"","State":"","Zip":"01450","StreetName":"Lilac Cir","Address":null,"StateName":null,"Zip4":null,"MAK":null,"AddressType":null,"RBDI":null,"Results":null,"NoSuffix":""},{"Number":"","Street":"lindsey","Suffix":"dr","City":"","State":"","Zip":"01450","StreetName":"Lindsey Dr","Address":null,"StateName":null,"Zip4":null,"MAK":null,"AddressType":null,"RBDI":null,"Results":null,"NoSuffix":""},{"Number":"","Street":"little hollow","Suffix":"ln","City":"","State":"","Zip":"01450","StreetName":"Little Hollow Ln","Address":null,"StateName":null,"Zip4":null,"MAK":null,"AddressType":null,"RBDI":null,"Results":null,"NoSuffix":""},{"Number":"","Street":"lone","Suffix":"ln","City":"","State":"","Zip":"01450","StreetName":"Lone Ln","Address":null,"StateName":null,"Zip4":null,"MAK":null,"AddressType":null,"RBDI":null,"Results":null,"NoSuffix":""},{"Number":"","Street":"long cope","Suffix":"rd","City":"","State":"","Zip":"01450","StreetName":"Long Cope Rd","Address":null,"StateName":null,"Zip4":null,"MAK":null,"AddressType":null,"RBDI":null,"Results":null,"NoSuffix":""},{"Number":"","Street":"long hill","Suffix":"rd","City":"","State":"","Zip":"01450","StreetName":"Long Hill Rd","Address":null,"StateName":null,"Zip4":null,"MAK":null,"AddressType":null,"RBDI":null,"Results":null,"NoSuffix":""},{"Number":"","Street":"longfellow","Suffix":"rd","City":"","State":"","Zip":"01450","StreetName":"Longfellow Rd","Address":null,"StateName":null,"Zip4":null,"MAK":null,"AddressType":null,"RBDI":null,"Results":null,"NoSuffix":""},{"Number":"","Street":"longley","Suffix":"rd","City":"","State":"","Zip":"01450","StreetName":"Longley Rd","Address":null,"StateName":null,"Zip4":null,"MAK":null,"AddressType":null,"RBDI":null,"Results":null,"NoSuffix":""},{"Number":"","Street":"loomis","Suffix":"ln","City":"","State":"","Zip":"01450","StreetName":"Loomis Ln","Address":null,"StateName":null,"Zip4":null,"MAK":null,"AddressType":null,"RBDI":null,"Results":null,"NoSuffix":""},{"Number":"","Street":"lost lake","Suffix":"dr","City":"","State":"","Zip":"01450","StreetName":"Lost Lake Dr","Address":null,"StateName":null,"Zip4":null,"MAK":null,"AddressType":null,"RBDI":null,"Results":null,"NoSuffix":""},{"Number":"","Street":"lovers","Suffix":"ln","City":"","State":"","Zip":"01450","StreetName":"Lovers Ln","Address":null,"StateName":null,"Zip4":null,"MAK":null,"AddressType":null,"RBDI":null,"Results":null,"NoSuffix":""},{"Number":"","Street":"lowell","Suffix":"rd","City":"","State":"","Zip":"01450","StreetName":"Lowell Rd","Address":null,"StateName":null,"Zip4":null,"MAK":null,"AddressType":null,"RBDI":null,"Results":null,"NoSuffix":""},{"Number":"","Street":"madeline","Suffix":"dr","City":"","State":"","Zip":"01450","StreetName":"Madeline Dr","Address":null,"StateName":null,"Zip4":null,"MAK":null,"AddressType":null,"RBDI":null,"Results":null,"NoSuffix":""},{"Number":"","Street":"magnolia","Suffix":"ln","City":"","State":"","Zip":"01450","StreetName":"Magnolia Ln","Address":null,"StateName":null,"Zip4":null,"MAK":null,"AddressType":null,"RBDI":null,"Results":null,"NoSuffix":""},{"Number":"","Street":"main","Suffix":"st","City":"","State":"","Zip":"01450","StreetName":"Main St","Address":null,"StateName":null,"Zip4":null,"MAK":null,"AddressType":null,"RBDI":null,"Results":null,"NoSuffix":""},{"Number":"","Street":"maple","Suffix":"ave","City":"","State":"","Zip":"01450","StreetName":"Maple Ave","Address":null,"StateName":null,"Zip4":null,"MAK":null,"AddressType":null,"RBDI":null,"Results":null,"NoSuffix":""},{"Number":"","Street":"maplewood","Suffix":"ave","City":"","State":"","Zip":"01450","StreetName":"Maplewood Ave","Address":null,"StateName":null,"Zip4":null,"MAK":null,"AddressType":null,"RBDI":null,"Results":null,"NoSuffix":""},{"Number":"","Street":"mara","Suffix":"ln","City":"","State":"","Zip":"01450","StreetName":"Mara Ln","Address":null,"StateName":null,"Zip4":null,"MAK":null,"AddressType":null,"RBDI":null,"Results":null,"NoSuffix":""},{"Number":"","Street":"martins pond","Suffix":"rd","City":"","State":"","Zip":"01450","StreetName":"Martins Pond Rd","Address":null,"StateName":null,"Zip4":null,"MAK":null,"AddressType":null,"RBDI":null,"Results":null,"NoSuffix":""},{"Number":"","Street":"mayfield","Suffix":"dr","City":"","State":"","Zip":"01450","StreetName":"Mayfield Dr","Address":null,"StateName":null,"Zip4":null,"MAK":null,"AddressType":null,"RBDI":null,"Results":null,"NoSuffix":""},{"Number":"","Street":"mccarthy","Suffix":"dr","City":"","State":"","Zip":"01450","StreetName":"Mccarthy Dr","Address":null,"StateName":null,"Zip4":null,"MAK":null,"AddressType":null,"RBDI":null,"Results":null,"NoSuffix":""},{"Number":"","Street":"mclains woods","Suffix":"rd","City":"","State":"","Zip":"01450","StreetName":"Mclains Woods Rd","Address":null,"StateName":null,"Zip4":null,"MAK":null,"AddressType":null,"RBDI":null,"Results":null,"NoSuffix":""},{"Number":"","Street":"meadowview","Suffix":"rd","City":"","State":"","Zip":"01450","StreetName":"Meadowview Rd","Address":null,"StateName":null,"Zip4":null,"MAK":null,"AddressType":null,"RBDI":null,"Results":null,"NoSuffix":""},{"Number":"","Street":"mill","Suffix":"st","City":"","State":"","Zip":"01450","StreetName":"Mill St","Address":null,"StateName":null,"Zip4":null,"MAK":null,"AddressType":null,"RBDI":null,"Results":null,"NoSuffix":""},{"Number":"","Street":"mockingbird hill","Suffix":"rd","City":"","State":"","Zip":"01450","StreetName":"Mockingbird Hill Rd","Address":null,"StateName":null,"Zip4":null,"MAK":null,"AddressType":null,"RBDI":null,"Results":null,"NoSuffix":""},{"Number":"","Street":"monarch","Suffix":"path","City":"","State":"","Zip":"01450","StreetName":"Monarch Path","Address":null,"StateName":null,"Zip4":null,"MAK":null,"AddressType":null,"RBDI":null,"Results":null,"NoSuffix":""},{"Number":"","Street":"moors","Suffix":"rd","City":"","State":"","Zip":"01450","StreetName":"Moors Rd","Address":null,"StateName":null,"Zip4":null,"MAK":null,"AddressType":null,"RBDI":null,"Results":null,"NoSuffix":""},{"Number":"","Street":"moose","Suffix":"trl","City":"","State":"","Zip":"01450","StreetName":"Moose Trl","Address":null,"StateName":null,"Zip4":null,"MAK":null,"AddressType":null,"RBDI":null,"Results":null,"NoSuffix":""},{"Number":"","Street":"nashua","Suffix":"rd","City":"","State":"","Zip":"01450","StreetName":"Nashua Rd","Address":null,"StateName":null,"Zip4":null,"MAK":null,"AddressType":null,"RBDI":null,"Results":null,"NoSuffix":""},{"Number":"","Street":"nate nutting","Suffix":"rd","City":"","State":"","Zip":"01450","StreetName":"Nate Nutting Rd","Address":null,"StateName":null,"Zip4":null,"MAK":null,"AddressType":null,"RBDI":null,"Results":null,"NoSuffix":""},{"Number":"","Street":"new pond","Suffix":"rd","City":"","State":"","Zip":"01450","StreetName":"New Pond Rd","Address":null,"StateName":null,"Zip4":null,"MAK":null,"AddressType":null,"RBDI":null,"Results":null,"NoSuffix":""},{"Number":"","Street":"nicole","Suffix":"ln","City":"","State":"","Zip":"01450","StreetName":"Nicole Ln","Address":null,"StateName":null,"Zip4":null,"MAK":null,"AddressType":null,"RBDI":null,"Results":null,"NoSuffix":""},{"Number":"","Street":"noble","Suffix":"path","City":"","State":"","Zip":"01450","StreetName":"Noble Path","Address":null,"StateName":null,"Zip4":null,"MAK":null,"AddressType":null,"RBDI":null,"Results":null,"NoSuffix":""},{"Number":"","Street":"nod","Suffix":"rd","City":"","State":"","Zip":"01450","StreetName":"Nod Rd","Address":null,"StateName":null,"Zip4":null,"MAK":null,"AddressType":null,"RBDI":null,"Results":null,"NoSuffix":""},{"Number":"","Street":"north","Suffix":"st","City":"","State":"","Zip":"01450","StreetName":"North St","Address":null,"StateName":null,"Zip4":null,"MAK":null,"AddressType":null,"RBDI":null,"Results":null,"NoSuffix":""},{"Number":"","Street":"northwoods","Suffix":"rd","City":"","State":"","Zip":"01450","StreetName":"Northwoods Rd","Address":null,"StateName":null,"Zip4":null,"MAK":null,"AddressType":null,"RBDI":null,"Results":null,"NoSuffix":""},{"Number":"","Street":"off prescott","Suffix":"st","City":"","State":"","Zip":"01450","StreetName":"Off Prescott St","Address":null,"StateName":null,"Zip4":null,"MAK":null,"AddressType":null,"RBDI":null,"Results":null,"NoSuffix":""},{"Number":"","Street":"old ayer","Suffix":"rd","City":"","State":"","Zip":"01450","StreetName":"Old Ayer Rd","Address":null,"StateName":null,"Zip4":null,"MAK":null,"AddressType":null,"RBDI":null,"Results":null,"NoSuffix":""},{"Number":"","Street":"old boston","Suffix":"rd","City":"","State":"","Zip":"01450","StreetName":"Old Boston Rd","Address":null,"StateName":null,"Zip4":null,"MAK":null,"AddressType":null,"RBDI":null,"Results":null,"NoSuffix":""},{"Number":"","Street":"old carriage","Suffix":"path","City":"","State":"","Zip":"01450","StreetName":"Old Carriage Path","Address":null,"StateName":null,"Zip4":null,"MAK":null,"AddressType":null,"RBDI":null,"Results":null,"NoSuffix":""},{"Number":"","Street":"old dunstable","Suffix":"rd","City":"","State":"","Zip":"01450","StreetName":"Old Dunstable Rd","Address":null,"StateName":null,"Zip4":null,"MAK":null,"AddressType":null,"RBDI":null,"Results":null,"NoSuffix":""},{"Number":"","Street":"old homestead","Suffix":"rd","City":"","State":"","Zip":"01450","StreetName":"Old Homestead Rd","Address":null,"StateName":null,"Zip4":null,"MAK":null,"AddressType":null,"RBDI":null,"Results":null,"NoSuffix":""},{"Number":"","Street":"old lantern","Suffix":"ln","City":"","State":"","Zip":"01450","StreetName":"Old Lantern Ln","Address":null,"StateName":null,"Zip4":null,"MAK":null,"AddressType":null,"RBDI":null,"Results":null,"NoSuffix":""},{"Number":"","Street":"old orchard","Suffix":"st","City":"","State":"","Zip":"01450","StreetName":"Old Orchard St","Address":null,"StateName":null,"Zip4":null,"MAK":null,"AddressType":null,"RBDI":null,"Results":null,"NoSuffix":""},{"Number":"","Street":"olivia","Suffix":"way","City":"","State":"","Zip":"01450","StreetName":"Olivia Way","Address":null,"StateName":null,"Zip4":null,"MAK":null,"AddressType":null,"RBDI":null,"Results":null,"NoSuffix":""},{"Number":"","Street":"oneill","Suffix":"way","City":"","State":"","Zip":"01450","StreetName":"Oneill Way","Address":null,"StateName":null,"Zip4":null,"MAK":null,"AddressType":null,"RBDI":null,"Results":null,"NoSuffix":""},{"Number":"","Street":"orchard","Suffix":"ln","City":"","State":"","Zip":"01450","StreetName":"Orchard Ln","Address":null,"StateName":null,"Zip4":null,"MAK":null,"AddressType":null,"RBDI":null,"Results":null,"NoSuffix":""},{"Number":"","Street":"orion","Suffix":"way","City":"","State":"","Zip":"01450","StreetName":"Orion Way","Address":null,"StateName":null,"Zip4":null,"MAK":null,"AddressType":null,"RBDI":null,"Results":null,"NoSuffix":""},{"Number":"","Street":"orr","Suffix":"rd","City":"","State":"","Zip":"01450","StreetName":"Orr Rd","Address":null,"StateName":null,"Zip4":null,"MAK":null,"AddressType":null,"RBDI":null,"Results":null,"NoSuffix":""},{"Number":"","Street":"otter","Suffix":"ln","City":"","State":"","Zip":"01450","StreetName":"Otter Ln","Address":null,"StateName":null,"Zip4":null,"MAK":null,"AddressType":null,"RBDI":null,"Results":null,"NoSuffix":""},{"Number":"","Street":"overlook","Suffix":"dr","City":"","State":"","Zip":"01450","StreetName":"Overlook Dr","Address":null,"StateName":null,"Zip4":null,"MAK":null,"AddressType":null,"RBDI":null,"Results":null,"NoSuffix":""},{"Number":"","Street":"oxbow","Suffix":"ln","City":"","State":"","Zip":"01450","StreetName":"Oxbow Ln","Address":null,"StateName":null,"Zip4":null,"MAK":null,"AddressType":null,"RBDI":null,"Results":null,"NoSuffix":""},{"Number":"","Street":"pacer","Suffix":"way","City":"","State":"","Zip":"01450","StreetName":"Pacer Way","Address":null,"StateName":null,"Zip4":null,"MAK":null,"AddressType":null,"RBDI":null,"Results":null,"NoSuffix":""},{"Number":"","Street":"painted post","Suffix":"rd","City":"","State":"","Zip":"01450","StreetName":"Painted Post Rd","Address":null,"StateName":null,"Zip4":null,"MAK":null,"AddressType":null,"RBDI":null,"Results":null,"NoSuffix":""},{"Number":"","Street":"paquawket","Suffix":"path","City":"","State":"","Zip":"01450","StreetName":"Paquawket Path","Address":null,"StateName":null,"Zip4":null,"MAK":null,"AddressType":null,"RBDI":null,"Results":null,"NoSuffix":""},{"Number":"","Street":"park","Suffix":"dr","City":"","State":"","Zip":"01450","StreetName":"Park Dr","Address":null,"StateName":null,"Zip4":null,"MAK":null,"AddressType":null,"RBDI":null,"Results":null,"NoSuffix":""},{"Number":"","Street":"paugus","Suffix":"trl","City":"","State":"","Zip":"01450","StreetName":"Paugus Trl","Address":null,"StateName":null,"Zip4":null,"MAK":null,"AddressType":null,"RBDI":null,"Results":null,"NoSuffix":""},{"Number":"","Street":"paul revere","Suffix":"trl","City":"","State":"","Zip":"01450","StreetName":"Paul Revere Trl","Address":null,"StateName":null,"Zip4":null,"MAK":null,"AddressType":null,"RBDI":null,"Results":null,"NoSuffix":""},{"Number":"","Street":"peabody","Suffix":"st","City":"","State":"","Zip":"01450","StreetName":"Peabody St","Address":null,"StateName":null,"Zip4":null,"MAK":null,"AddressType":null,"RBDI":null,"Results":null,"NoSuffix":""},{"Number":"","Street":"pepperell","Suffix":"rd","City":"","State":"","Zip":"01450","StreetName":"Pepperell Rd","Address":null,"StateName":null,"Zip4":null,"MAK":null,"AddressType":null,"RBDI":null,"Results":null,"NoSuffix":""},{"Number":"","Street":"pine","Suffix":"trl","City":"","State":"","Zip":"01450","StreetName":"Pine Trl","Address":null,"StateName":null,"Zip4":null,"MAK":null,"AddressType":null,"RBDI":null,"Results":null,"NoSuffix":""},{"Number":"","Street":"playground","Suffix":"rd","City":"","State":"","Zip":"01450","StreetName":"Playground Rd","Address":null,"StateName":null,"Zip4":null,"MAK":null,"AddressType":null,"RBDI":null,"Results":null,"NoSuffix":""},{"Number":"","Street":"pleasant","Suffix":"st","City":"","State":"","Zip":"01450","StreetName":"Pleasant St","Address":null,"StateName":null,"Zip4":null,"MAK":null,"AddressType":null,"RBDI":null,"Results":null,"NoSuffix":""},{"Number":"","Street":"po box","Suffix":"","City":"","State":"","Zip":"01450","StreetName":"Po Box","Address":null,"StateName":null,"Zip4":null,"MAK":null,"AddressType":null,"RBDI":null,"Results":null,"NoSuffix":"t"},{"Number":"","Street":"pond hill","Suffix":"rd","City":"","State":"","Zip":"01450","StreetName":"Pond Hill Rd","Address":null,"StateName":null,"Zip4":null,"MAK":null,"AddressType":null,"RBDI":null,"Results":null,"NoSuffix":""},{"Number":"","Street":"powderhouse","Suffix":"rd","City":"","State":"","Zip":"01450","StreetName":"Powderhouse Rd","Address":null,"StateName":null,"Zip4":null,"MAK":null,"AddressType":null,"RBDI":null,"Results":null,"NoSuffix":""},{"Number":"","Street":"prescott","Suffix":"st","City":"","State":"","Zip":"01450","StreetName":"Prescott St","Address":null,"StateName":null,"Zip4":null,"MAK":null,"AddressType":null,"RBDI":null,"Results":null,"NoSuffix":""},{"Number":"","Street":"quail ridge","Suffix":"rd","City":"","State":"","Zip":"01450","StreetName":"Quail Ridge Rd","Address":null,"StateName":null,"Zip4":null,"MAK":null,"AddressType":null,"RBDI":null,"Results":null,"NoSuffix":""},{"Number":"","Street":"raddin","Suffix":"rd","City":"","State":"","Zip":"01450","StreetName":"Raddin Rd","Address":null,"StateName":null,"Zip4":null,"MAK":null,"AddressType":null,"RBDI":null,"Results":null,"NoSuffix":""},{"Number":"","Street":"radio","Suffix":"rd","City":"","State":"","Zip":"01450","StreetName":"Radio Rd","Address":null,"StateName":null,"Zip4":null,"MAK":null,"AddressType":null,"RBDI":null,"Results":null,"NoSuffix":""},{"Number":"","Street":"rawding","Suffix":"rd","City":"","State":"","Zip":"01450","StreetName":"Rawding Rd","Address":null,"StateName":null,"Zip4":null,"MAK":null,"AddressType":null,"RBDI":null,"Results":null,"NoSuffix":""},{"Number":"","Street":"redskin","Suffix":"trl","City":"","State":"","Zip":"01450","StreetName":"Redskin Trl","Address":null,"StateName":null,"Zip4":null,"MAK":null,"AddressType":null,"RBDI":null,"Results":null,"NoSuffix":""},{"Number":"","Street":"reedy meadow","Suffix":"rd","City":"","State":"","Zip":"01450","StreetName":"Reedy Meadow Rd","Address":null,"StateName":null,"Zip4":null,"MAK":null,"AddressType":null,"RBDI":null,"Results":null,"NoSuffix":""},{"Number":"","Street":"rhodenda","Suffix":"rd","City":"","State":"","Zip":"01450","StreetName":"Rhodenda Rd","Address":null,"StateName":null,"Zip4":null,"MAK":null,"AddressType":null,"RBDI":null,"Results":null,"NoSuffix":""},{"Number":"","Street":"ridge","Suffix":"rd","City":"","State":"","Zip":"01450","StreetName":"Ridge Rd","Address":null,"StateName":null,"Zip4":null,"MAK":null,"AddressType":null,"RBDI":null,"Results":null,"NoSuffix":""},{"Number":"","Street":"ridgewood","Suffix":"rd","City":"","State":"","Zip":"01450","StreetName":"Ridgewood Rd","Address":null,"StateName":null,"Zip4":null,"MAK":null,"AddressType":null,"RBDI":null,"Results":null,"NoSuffix":""},{"Number":"","Street":"riverbend","Suffix":"dr","City":"","State":"","Zip":"01450","StreetName":"Riverbend Dr","Address":null,"StateName":null,"Zip4":null,"MAK":null,"AddressType":null,"RBDI":null,"Results":null,"NoSuffix":""},{"Number":"","Street":"robin hill","Suffix":"rd","City":"","State":"","Zip":"01450","StreetName":"Robin Hill Rd","Address":null,"StateName":null,"Zip4":null,"MAK":null,"AddressType":null,"RBDI":null,"Results":null,"NoSuffix":""},{"Number":"","Street":"rockwood","Suffix":"ln","City":"","State":"","Zip":"01450","StreetName":"Rockwood Ln","Address":null,"StateName":null,"Zip4":null,"MAK":null,"AddressType":null,"RBDI":null,"Results":null,"NoSuffix":""},{"Number":"","Street":"rooks","Suffix":"run","City":"","State":"","Zip":"01450","StreetName":"Rooks Run","Address":null,"StateName":null,"Zip4":null,"MAK":null,"AddressType":null,"RBDI":null,"Results":null,"NoSuffix":""},{"Number":"","Street":"rosecrest","Suffix":"way","City":"","State":"","Zip":"01450","StreetName":"Rosecrest Way","Address":null,"StateName":null,"Zip4":null,"MAK":null,"AddressType":null,"RBDI":null,"Results":null,"NoSuffix":""},{"Number":"","Street":"ross","Suffix":"rd","City":"","State":"","Zip":"01450","StreetName":"Ross Rd","Address":null,"StateName":null,"Zip4":null,"MAK":null,"AddressType":null,"RBDI":null,"Results":null,"NoSuffix":""},{"Number":"","Street":"roxanne","Suffix":"rd","City":"","State":"","Zip":"01450","StreetName":"Roxanne Rd","Address":null,"StateName":null,"Zip4":null,"MAK":null,"AddressType":null,"RBDI":null,"Results":null,"NoSuffix":""},{"Number":"","Street":"rustic","Suffix":"trl","City":"","State":"","Zip":"01450","StreetName":"Rustic Trl","Address":null,"StateName":null,"Zip4":null,"MAK":null,"AddressType":null,"RBDI":null,"Results":null,"NoSuffix":""},{"Number":"","Street":"saddle","Suffix":"ln","City":"","State":"","Zip":"01450","StreetName":"Saddle Ln","Address":null,"StateName":null,"Zip4":null,"MAK":null,"AddressType":null,"RBDI":null,"Results":null,"NoSuffix":""},{"Number":"","Street":"sand hill","Suffix":"rd","City":"","State":"","Zip":"01450","StreetName":"Sand Hill Rd","Address":null,"StateName":null,"Zip4":null,"MAK":null,"AddressType":null,"RBDI":null,"Results":null,"NoSuffix":""},{"Number":"","Street":"sandy pond","Suffix":"rd","City":"","State":"","Zip":"01450","StreetName":"Sandy Pond Rd","Address":null,"StateName":null,"Zip4":null,"MAK":null,"AddressType":null,"RBDI":null,"Results":null,"NoSuffix":""},{"Number":"","Street":"sawtell","Suffix":"dr","City":"","State":"","Zip":"01450","StreetName":"Sawtell Dr","Address":null,"StateName":null,"Zip4":null,"MAK":null,"AddressType":null,"RBDI":null,"Results":null,"NoSuffix":""},{"Number":"","Street":"school","Suffix":"st","City":"","State":"","Zip":"01450","StreetName":"School St","Address":null,"StateName":null,"Zip4":null,"MAK":null,"AddressType":null,"RBDI":null,"Results":null,"NoSuffix":""},{"Number":"","Street":"school house","Suffix":"rd","City":"","State":"","Zip":"01450","StreetName":"School House Rd","Address":null,"StateName":null,"Zip4":null,"MAK":null,"AddressType":null,"RBDI":null,"Results":null,"NoSuffix":""},{"Number":"","Street":"shattuck","Suffix":"st","City":"","State":"","Zip":"01450","StreetName":"Shattuck St","Address":null,"StateName":null,"Zip4":null,"MAK":null,"AddressType":null,"RBDI":null,"Results":null,"NoSuffix":""},{"Number":"","Street":"shelters","Suffix":"rd","City":"","State":"","Zip":"01450","StreetName":"Shelters Rd","Address":null,"StateName":null,"Zip4":null,"MAK":null,"AddressType":null,"RBDI":null,"Results":null,"NoSuffix":""},{"Number":"","Street":"shenandoah","Suffix":"rd","City":"","State":"","Zip":"01450","StreetName":"Shenandoah Rd","Address":null,"StateName":null,"Zip4":null,"MAK":null,"AddressType":null,"RBDI":null,"Results":null,"NoSuffix":""},{"Number":"","Street":"sheple","Suffix":"ln","City":"","State":"","Zip":"01450","StreetName":"Sheple Ln","Address":null,"StateName":null,"Zip4":null,"MAK":null,"AddressType":null,"RBDI":null,"Results":null,"NoSuffix":""},{"Number":"","Street":"shepley","Suffix":"st","City":"","State":"","Zip":"01450","StreetName":"Shepley St","Address":null,"StateName":null,"Zip4":null,"MAK":null,"AddressType":null,"RBDI":null,"Results":null,"NoSuffix":""},{"Number":"","Street":"shirdi","Suffix":"","City":"","State":"","Zip":"01450","StreetName":"Shirdi","Address":null,"StateName":null,"Zip4":null,"MAK":null,"AddressType":null,"RBDI":null,"Results":null,"NoSuffix":"t"},{"Number":"","Street":"shirley","Suffix":"rd","City":"","State":"","Zip":"01450","StreetName":"Shirley Rd","Address":null,"StateName":null,"Zip4":null,"MAK":null,"AddressType":null,"RBDI":null,"Results":null,"NoSuffix":""},{"Number":"","Street":"skinners","Suffix":"rd","City":"","State":"","Zip":"01450","StreetName":"Skinners Rd","Address":null,"StateName":null,"Zip4":null,"MAK":null,"AddressType":null,"RBDI":null,"Results":null,"NoSuffix":""},{"Number":"","Street":"skyfields","Suffix":"dr","City":"","State":"","Zip":"01450","StreetName":"Skyfields Dr","Address":null,"StateName":null,"Zip4":null,"MAK":null,"AddressType":null,"RBDI":null,"Results":null,"NoSuffix":""},{"Number":"","Street":"smith","Suffix":"st","City":"","State":"","Zip":"01450","StreetName":"Smith St","Address":null,"StateName":null,"Zip4":null,"MAK":null,"AddressType":null,"RBDI":null,"Results":null,"NoSuffix":""},{"Number":"","Street":"spaulding","Suffix":"ln","City":"","State":"","Zip":"01450","StreetName":"Spaulding Ln","Address":null,"StateName":null,"Zip4":null,"MAK":null,"AddressType":null,"RBDI":null,"Results":null,"NoSuffix":""},{"Number":"","Street":"spencer","Suffix":"cir","City":"","State":"","Zip":"01450","StreetName":"Spencer Cir","Address":null,"StateName":null,"Zip4":null,"MAK":null,"AddressType":null,"RBDI":null,"Results":null,"NoSuffix":""},{"Number":"","Street":"spruce","Suffix":"rd","City":"","State":"","Zip":"01450","StreetName":"Spruce Rd","Address":null,"StateName":null,"Zip4":null,"MAK":null,"AddressType":null,"RBDI":null,"Results":null,"NoSuffix":""},{"Number":"","Street":"squannacook","Suffix":"dr","City":"","State":"","Zip":"01450","StreetName":"Squannacook Dr","Address":null,"StateName":null,"Zip4":null,"MAK":null,"AddressType":null,"RBDI":null,"Results":null,"NoSuffix":""},{"Number":"","Street":"st james","Suffix":"ave","City":"","State":"","Zip":"01450","StreetName":"St James Ave","Address":null,"StateName":null,"Zip4":null,"MAK":null,"AddressType":null,"RBDI":null,"Results":null,"NoSuffix":""},{"Number":"","Street":"star house","Suffix":"ln","City":"","State":"","Zip":"01450","StreetName":"Star House Ln","Address":null,"StateName":null,"Zip4":null,"MAK":null,"AddressType":null,"RBDI":null,"Results":null,"NoSuffix":""},{"Number":"","Street":"station","Suffix":"ave","City":"","State":"","Zip":"01450","StreetName":"Station Ave","Address":null,"StateName":null,"Zip4":null,"MAK":null,"AddressType":null,"RBDI":null,"Results":null,"NoSuffix":""},{"Number":"","Street":"stonebridge","Suffix":"way","City":"","State":"","Zip":"01450","StreetName":"Stonebridge Way","Address":null,"StateName":null,"Zip4":null,"MAK":null,"AddressType":null,"RBDI":null,"Results":null,"NoSuffix":""},{"Number":"","Street":"stonecleave","Suffix":"ln","City":"","State":"","Zip":"01450","StreetName":"Stonecleave Ln","Address":null,"StateName":null,"Zip4":null,"MAK":null,"AddressType":null,"RBDI":null,"Results":null,"NoSuffix":""},{"Number":"","Street":"summit","Suffix":"","City":"","State":"","Zip":"01450","StreetName":"Summit","Address":null,"StateName":null,"Zip4":null,"MAK":null,"AddressType":null,"RBDI":null,"Results":null,"NoSuffix":"t"},{"Number":"","Street":"sunset","Suffix":"rd","City":"","State":"","Zip":"01450","StreetName":"Sunset Rd","Address":null,"StateName":null,"Zip4":null,"MAK":null,"AddressType":null,"RBDI":null,"Results":null,"NoSuffix":""},{"Number":"","Street":"sylvan","Suffix":"ln","City":"","State":"","Zip":"01450","StreetName":"Sylvan Ln","Address":null,"StateName":null,"Zip4":null,"MAK":null,"AddressType":null,"RBDI":null,"Results":null,"NoSuffix":""},{"Number":"","Street":"tavern","Suffix":"rd","City":"","State":"","Zip":"01450","StreetName":"Tavern Rd","Address":null,"StateName":null,"Zip4":null,"MAK":null,"AddressType":null,"RBDI":null,"Results":null,"NoSuffix":""},{"Number":"","Street":"taylor","Suffix":"st","City":"","State":"","Zip":"01450","StreetName":"Taylor St","Address":null,"StateName":null,"Zip4":null,"MAK":null,"AddressType":null,"RBDI":null,"Results":null,"NoSuffix":""},{"Number":"","Street":"temple","Suffix":"dr","City":"","State":"","Zip":"01450","StreetName":"Temple Dr","Address":null,"StateName":null,"Zip4":null,"MAK":null,"AddressType":null,"RBDI":null,"Results":null,"NoSuffix":""},{"Number":"","Street":"throne hill","Suffix":"rd","City":"","State":"","Zip":"01450","StreetName":"Throne Hill Rd","Address":null,"StateName":null,"Zip4":null,"MAK":null,"AddressType":null,"RBDI":null,"Results":null,"NoSuffix":""},{"Number":"","Street":"town forest","Suffix":"rd","City":"","State":"","Zip":"01450","StreetName":"Town Forest Rd","Address":null,"StateName":null,"Zip4":null,"MAK":null,"AddressType":null,"RBDI":null,"Results":null,"NoSuffix":""},{"Number":"","Street":"townline","Suffix":"rd","City":"","State":"","Zip":"01450","StreetName":"Townline Rd","Address":null,"StateName":null,"Zip4":null,"MAK":null,"AddressType":null,"RBDI":null,"Results":null,"NoSuffix":""},{"Number":"","Street":"townsend","Suffix":"rd","City":"","State":"","Zip":"01450","StreetName":"Townsend Rd","Address":null,"StateName":null,"Zip4":null,"MAK":null,"AddressType":null,"RBDI":null,"Results":null,"NoSuffix":""},{"Number":"","Street":"valley","Suffix":"rd","City":"","State":"","Zip":"01450","StreetName":"Valley Rd","Address":null,"StateName":null,"Zip4":null,"MAK":null,"AddressType":null,"RBDI":null,"Results":null,"NoSuffix":""},{"Number":"","Street":"valliria","Suffix":"dr","City":"","State":"","Zip":"01450","StreetName":"Valliria Dr","Address":null,"StateName":null,"Zip4":null,"MAK":null,"AddressType":null,"RBDI":null,"Results":null,"NoSuffix":""},{"Number":"","Street":"vose","Suffix":"ave","City":"","State":"","Zip":"01450","StreetName":"Vose Ave","Address":null,"StateName":null,"Zip4":null,"MAK":null,"AddressType":null,"RBDI":null,"Results":null,"NoSuffix":""},{"Number":"","Street":"wallace","Suffix":"rd","City":"","State":"","Zip":"01450","StreetName":"Wallace Rd","Address":null,"StateName":null,"Zip4":null,"MAK":null,"AddressType":null,"RBDI":null,"Results":null,"NoSuffix":""},{"Number":"","Street":"watson","Suffix":"way","City":"","State":"","Zip":"01450","StreetName":"Watson Way","Address":null,"StateName":null,"Zip4":null,"MAK":null,"AddressType":null,"RBDI":null,"Results":null,"NoSuffix":""},{"Number":"","Street":"wenuchas","Suffix":"trl","City":"","State":"","Zip":"01450","StreetName":"Wenuchas Trl","Address":null,"StateName":null,"Zip4":null,"MAK":null,"AddressType":null,"RBDI":null,"Results":null,"NoSuffix":""},{"Number":"","Street":"west","Suffix":"st","City":"","State":"","Zip":"01450","StreetName":"West St","Address":null,"StateName":null,"Zip4":null,"MAK":null,"AddressType":null,"RBDI":null,"Results":null,"NoSuffix":""},{"Number":"","Street":"westbrook","Suffix":"ln","City":"","State":"","Zip":"01450","StreetName":"Westbrook Ln","Address":null,"StateName":null,"Zip4":null,"MAK":null,"AddressType":null,"RBDI":null,"Results":null,"NoSuffix":""},{"Number":"","Street":"westview","Suffix":"st","City":"","State":"","Zip":"01450","StreetName":"Westview St","Address":null,"StateName":null,"Zip4":null,"MAK":null,"AddressType":null,"RBDI":null,"Results":null,"NoSuffix":""},{"Number":"","Street":"weymisset","Suffix":"rd","City":"","State":"","Zip":"01450","StreetName":"Weymisset Rd","Address":null,"StateName":null,"Zip4":null,"MAK":null,"AddressType":null,"RBDI":null,"Results":null,"NoSuffix":""},{"Number":"","Street":"wharton","Suffix":"row","City":"","State":"","Zip":"01450","StreetName":"Wharton Row","Address":null,"StateName":null,"Zip4":null,"MAK":null,"AddressType":null,"RBDI":null,"Results":null,"NoSuffix":""},{"Number":"","Street":"whiley","Suffix":"rd","City":"","State":"","Zip":"01450","StreetName":"Whiley Rd","Address":null,"StateName":null,"Zip4":null,"MAK":null,"AddressType":null,"RBDI":null,"Results":null,"NoSuffix":""},{"Number":"","Street":"whispering brook","Suffix":"rd","City":"","State":"","Zip":"01450","StreetName":"Whispering Brook Rd","Address":null,"StateName":null,"Zip4":null,"MAK":null,"AddressType":null,"RBDI":null,"Results":null,"NoSuffix":""},{"Number":"","Street":"whistle post","Suffix":"ln","City":"","State":"","Zip":"01450","StreetName":"Whistle Post Ln","Address":null,"StateName":null,"Zip4":null,"MAK":null,"AddressType":null,"RBDI":null,"Results":null,"NoSuffix":""},{"Number":"","Street":"whitaker","Suffix":"ln","City":"","State":"","Zip":"01450","StreetName":"Whitaker Ln","Address":null,"StateName":null,"Zip4":null,"MAK":null,"AddressType":null,"RBDI":null,"Results":null,"NoSuffix":""},{"Number":"","Street":"whitewood","Suffix":"rd","City":"","State":"","Zip":"01450","StreetName":"Whitewood Rd","Address":null,"StateName":null,"Zip4":null,"MAK":null,"AddressType":null,"RBDI":null,"Results":null,"NoSuffix":""},{"Number":"","Street":"whiting","Suffix":"ave","City":"","State":"","Zip":"01450","StreetName":"Whiting Ave","Address":null,"StateName":null,"Zip4":null,"MAK":null,"AddressType":null,"RBDI":null,"Results":null,"NoSuffix":""},{"Number":"","Street":"whitman","Suffix":"rd","City":"","State":"","Zip":"01450","StreetName":"Whitman Rd","Address":null,"StateName":null,"Zip4":null,"MAK":null,"AddressType":null,"RBDI":null,"Results":null,"NoSuffix":""},{"Number":"","Street":"whitney pond","Suffix":"rd","City":"","State":"","Zip":"01450","StreetName":"Whitney Pond Rd","Address":null,"StateName":null,"Zip4":null,"MAK":null,"AddressType":null,"RBDI":null,"Results":null,"NoSuffix":""},{"Number":"","Street":"wildflower","Suffix":"ln","City":"","State":"","Zip":"01450","StreetName":"Wildflower Ln","Address":null,"StateName":null,"Zip4":null,"MAK":null,"AddressType":null,"RBDI":null,"Results":null,"NoSuffix":""},{"Number":"","Street":"willowdale","Suffix":"rd","City":"","State":"","Zip":"01450","StreetName":"Willowdale Rd","Address":null,"StateName":null,"Zip4":null,"MAK":null,"AddressType":null,"RBDI":null,"Results":null,"NoSuffix":""},{"Number":"","Street":"winding","Suffix":"way","City":"","State":"","Zip":"01450","StreetName":"Winding Way","Address":null,"StateName":null,"Zip4":null,"MAK":null,"AddressType":null,"RBDI":null,"Results":null,"NoSuffix":""},{"Number":"","Street":"windmill hill","Suffix":"rd","City":"","State":"","Zip":"01450","StreetName":"Windmill Hill Rd","Address":null,"StateName":null,"Zip4":null,"MAK":null,"AddressType":null,"RBDI":null,"Results":null,"NoSuffix":""},{"Number":"","Street":"wintergreen","Suffix":"ln","City":"","State":"","Zip":"01450","StreetName":"Wintergreen Ln","Address":null,"StateName":null,"Zip4":null,"MAK":null,"AddressType":null,"RBDI":null,"Results":null,"NoSuffix":""},{"Number":"","Street":"wood","Suffix":"ln","City":"","State":"","Zip":"01450","StreetName":"Wood Ln","Address":null,"StateName":null,"Zip4":null,"MAK":null,"AddressType":null,"RBDI":null,"Results":null,"NoSuffix":""},{"Number":"","Street":"worthen","Suffix":"dr","City":"","State":"","Zip":"01450","StreetName":"Worthen Dr","Address":null,"StateName":null,"Zip4":null,"MAK":null,"AddressType":null,"RBDI":null,"Results":null,"NoSuffix":""},{"Number":"","Street":"wyman","Suffix":"rd","City":"","State":"","Zip":"01450","StreetName":"Wyman Rd","Address":null,"StateName":null,"Zip4":null,"MAK":null,"AddressType":null,"RBDI":null,"Results":null,"NoSuffix":""},{"Number":"","Street":"yvonne","Suffix":"dr","City":"","State":"","Zip":"01450","StreetName":"Yvonne Dr","Address":null,"StateName":null,"Zip4":null,"MAK":null,"AddressType":null,"RBDI":null,"Results":null,"NoSuffix":""}]