[{"Number":"","Street":"7 pines","Suffix":"ave","City":"","State":"","Zip":"02144","StreetName":"7 Pines Ave","Address":null,"StateName":null,"Zip4":null,"MAK":null,"AddressType":null,"RBDI":null,"Results":null,"NoSuffix":""},{"Number":"","Street":"aberdeen","Suffix":"rd","City":"","State":"","Zip":"02144","StreetName":"Aberdeen Rd","Address":null,"StateName":null,"Zip4":null,"MAK":null,"AddressType":null,"RBDI":null,"Results":null,"NoSuffix":""},{"Number":"","Street":"adams","Suffix":"st","City":"","State":"","Zip":"02144","StreetName":"Adams St","Address":null,"StateName":null,"Zip4":null,"MAK":null,"AddressType":null,"RBDI":null,"Results":null,"NoSuffix":""},{"Number":"","Street":"albion","Suffix":"ct","City":"","State":"","Zip":"02144","StreetName":"Albion Ct","Address":null,"StateName":null,"Zip4":null,"MAK":null,"AddressType":null,"RBDI":null,"Results":null,"NoSuffix":""},{"Number":"","Street":"albion","Suffix":"pl","City":"","State":"","Zip":"02144","StreetName":"Albion Pl","Address":null,"StateName":null,"Zip4":null,"MAK":null,"AddressType":null,"RBDI":null,"Results":null,"NoSuffix":""},{"Number":"","Street":"albion","Suffix":"st","City":"","State":"","Zip":"02144","StreetName":"Albion St","Address":null,"StateName":null,"Zip4":null,"MAK":null,"AddressType":null,"RBDI":null,"Results":null,"NoSuffix":""},{"Number":"","Street":"albion","Suffix":"ter","City":"","State":"","Zip":"02144","StreetName":"Albion Ter","Address":null,"StateName":null,"Zip4":null,"MAK":null,"AddressType":null,"RBDI":null,"Results":null,"NoSuffix":""},{"Number":"","Street":"alewife brook","Suffix":"pkwy","City":"","State":"","Zip":"02144","StreetName":"Alewife Brook Pkwy","Address":null,"StateName":null,"Zip4":null,"MAK":null,"AddressType":null,"RBDI":null,"Results":null,"NoSuffix":""},{"Number":"","Street":"alpine","Suffix":"st","City":"","State":"","Zip":"02144","StreetName":"Alpine St","Address":null,"StateName":null,"Zip4":null,"MAK":null,"AddressType":null,"RBDI":null,"Results":null,"NoSuffix":""},{"Number":"","Street":"appleton","Suffix":"st","City":"","State":"","Zip":"02144","StreetName":"Appleton St","Address":null,"StateName":null,"Zip4":null,"MAK":null,"AddressType":null,"RBDI":null,"Results":null,"NoSuffix":""},{"Number":"","Street":"ashland","Suffix":"st","City":"","State":"","Zip":"02144","StreetName":"Ashland St","Address":null,"StateName":null,"Zip4":null,"MAK":null,"AddressType":null,"RBDI":null,"Results":null,"NoSuffix":""},{"Number":"","Street":"bailey","Suffix":"st","City":"","State":"","Zip":"02144","StreetName":"Bailey St","Address":null,"StateName":null,"Zip4":null,"MAK":null,"AddressType":null,"RBDI":null,"Results":null,"NoSuffix":""},{"Number":"","Street":"ball","Suffix":"sq","City":"","State":"","Zip":"02144","StreetName":"Ball Sq","Address":null,"StateName":null,"Zip4":null,"MAK":null,"AddressType":null,"RBDI":null,"Results":null,"NoSuffix":""},{"Number":"","Street":"banks","Suffix":"st","City":"","State":"","Zip":"02144","StreetName":"Banks St","Address":null,"StateName":null,"Zip4":null,"MAK":null,"AddressType":null,"RBDI":null,"Results":null,"NoSuffix":""},{"Number":"","Street":"barton","Suffix":"st","City":"","State":"","Zip":"02144","StreetName":"Barton St","Address":null,"StateName":null,"Zip4":null,"MAK":null,"AddressType":null,"RBDI":null,"Results":null,"NoSuffix":""},{"Number":"","Street":"bay state","Suffix":"ave","City":"","State":"","Zip":"02144","StreetName":"Bay State Ave","Address":null,"StateName":null,"Zip4":null,"MAK":null,"AddressType":null,"RBDI":null,"Results":null,"NoSuffix":""},{"Number":"","Street":"belknap","Suffix":"st","City":"","State":"","Zip":"02144","StreetName":"Belknap St","Address":null,"StateName":null,"Zip4":null,"MAK":null,"AddressType":null,"RBDI":null,"Results":null,"NoSuffix":""},{"Number":"","Street":"bellevue","Suffix":"ter","City":"","State":"","Zip":"02144","StreetName":"Bellevue Ter","Address":null,"StateName":null,"Zip4":null,"MAK":null,"AddressType":null,"RBDI":null,"Results":null,"NoSuffix":""},{"Number":"","Street":"billingham","Suffix":"st","City":"","State":"","Zip":"02144","StreetName":"Billingham St","Address":null,"StateName":null,"Zip4":null,"MAK":null,"AddressType":null,"RBDI":null,"Results":null,"NoSuffix":""},{"Number":"","Street":"boston","Suffix":"ave","City":"","State":"","Zip":"02144","StreetName":"Boston Ave","Address":null,"StateName":null,"Zip4":null,"MAK":null,"AddressType":null,"RBDI":null,"Results":null,"NoSuffix":""},{"Number":"","Street":"bowers","Suffix":"ave","City":"","State":"","Zip":"02144","StreetName":"Bowers Ave","Address":null,"StateName":null,"Zip4":null,"MAK":null,"AddressType":null,"RBDI":null,"Results":null,"NoSuffix":""},{"Number":"","Street":"bristol","Suffix":"rd","City":"","State":"","Zip":"02144","StreetName":"Bristol Rd","Address":null,"StateName":null,"Zip4":null,"MAK":null,"AddressType":null,"RBDI":null,"Results":null,"NoSuffix":""},{"Number":"","Street":"broadway","Suffix":"","City":"","State":"","Zip":"02144","StreetName":"Broadway","Address":null,"StateName":null,"Zip4":null,"MAK":null,"AddressType":null,"RBDI":null,"Results":null,"NoSuffix":"t"},{"Number":"","Street":"bromfield","Suffix":"rd","City":"","State":"","Zip":"02144","StreetName":"Bromfield Rd","Address":null,"StateName":null,"Zip4":null,"MAK":null,"AddressType":null,"RBDI":null,"Results":null,"NoSuffix":""},{"Number":"","Street":"burnham","Suffix":"st","City":"","State":"","Zip":"02144","StreetName":"Burnham St","Address":null,"StateName":null,"Zip4":null,"MAK":null,"AddressType":null,"RBDI":null,"Results":null,"NoSuffix":""},{"Number":"","Street":"burnside","Suffix":"ave","City":"","State":"","Zip":"02144","StreetName":"Burnside Ave","Address":null,"StateName":null,"Zip4":null,"MAK":null,"AddressType":null,"RBDI":null,"Results":null,"NoSuffix":""},{"Number":"","Street":"cady","Suffix":"ave","City":"","State":"","Zip":"02144","StreetName":"Cady Ave","Address":null,"StateName":null,"Zip4":null,"MAK":null,"AddressType":null,"RBDI":null,"Results":null,"NoSuffix":""},{"Number":"","Street":"cameron","Suffix":"ave","City":"","State":"","Zip":"02144","StreetName":"Cameron Ave","Address":null,"StateName":null,"Zip4":null,"MAK":null,"AddressType":null,"RBDI":null,"Results":null,"NoSuffix":""},{"Number":"","Street":"campbell","Suffix":"park","City":"","State":"","Zip":"02144","StreetName":"Campbell Park","Address":null,"StateName":null,"Zip4":null,"MAK":null,"AddressType":null,"RBDI":null,"Results":null,"NoSuffix":""},{"Number":"","Street":"campbell park","Suffix":"pl","City":"","State":"","Zip":"02144","StreetName":"Campbell Park Pl","Address":null,"StateName":null,"Zip4":null,"MAK":null,"AddressType":null,"RBDI":null,"Results":null,"NoSuffix":""},{"Number":"","Street":"capen","Suffix":"ct","City":"","State":"","Zip":"02144","StreetName":"Capen Ct","Address":null,"StateName":null,"Zip4":null,"MAK":null,"AddressType":null,"RBDI":null,"Results":null,"NoSuffix":""},{"Number":"","Street":"capen","Suffix":"st","City":"","State":"","Zip":"02144","StreetName":"Capen St","Address":null,"StateName":null,"Zip4":null,"MAK":null,"AddressType":null,"RBDI":null,"Results":null,"NoSuffix":""},{"Number":"","Street":"cedar","Suffix":"st","City":"","State":"","Zip":"02144","StreetName":"Cedar St","Address":null,"StateName":null,"Zip4":null,"MAK":null,"AddressType":null,"RBDI":null,"Results":null,"NoSuffix":""},{"Number":"","Street":"chandler","Suffix":"st","City":"","State":"","Zip":"02144","StreetName":"Chandler St","Address":null,"StateName":null,"Zip4":null,"MAK":null,"AddressType":null,"RBDI":null,"Results":null,"NoSuffix":""},{"Number":"","Street":"chapel","Suffix":"st","City":"","State":"","Zip":"02144","StreetName":"Chapel St","Address":null,"StateName":null,"Zip4":null,"MAK":null,"AddressType":null,"RBDI":null,"Results":null,"NoSuffix":""},{"Number":"","Street":"charnwood","Suffix":"rd","City":"","State":"","Zip":"02144","StreetName":"Charnwood Rd","Address":null,"StateName":null,"Zip4":null,"MAK":null,"AddressType":null,"RBDI":null,"Results":null,"NoSuffix":""},{"Number":"","Street":"cherry","Suffix":"st","City":"","State":"","Zip":"02144","StreetName":"Cherry St","Address":null,"StateName":null,"Zip4":null,"MAK":null,"AddressType":null,"RBDI":null,"Results":null,"NoSuffix":""},{"Number":"","Street":"chester","Suffix":"pl","City":"","State":"","Zip":"02144","StreetName":"Chester Pl","Address":null,"StateName":null,"Zip4":null,"MAK":null,"AddressType":null,"RBDI":null,"Results":null,"NoSuffix":""},{"Number":"","Street":"chester","Suffix":"st","City":"","State":"","Zip":"02144","StreetName":"Chester St","Address":null,"StateName":null,"Zip4":null,"MAK":null,"AddressType":null,"RBDI":null,"Results":null,"NoSuffix":""},{"Number":"","Street":"chetwynd","Suffix":"rd","City":"","State":"","Zip":"02144","StreetName":"Chetwynd Rd","Address":null,"StateName":null,"Zip4":null,"MAK":null,"AddressType":null,"RBDI":null,"Results":null,"NoSuffix":""},{"Number":"","Street":"claremon","Suffix":"st","City":"","State":"","Zip":"02144","StreetName":"Claremon St","Address":null,"StateName":null,"Zip4":null,"MAK":null,"AddressType":null,"RBDI":null,"Results":null,"NoSuffix":""},{"Number":"","Street":"clarendon","Suffix":"ave","City":"","State":"","Zip":"02144","StreetName":"Clarendon Ave","Address":null,"StateName":null,"Zip4":null,"MAK":null,"AddressType":null,"RBDI":null,"Results":null,"NoSuffix":""},{"Number":"","Street":"clifton","Suffix":"st","City":"","State":"","Zip":"02144","StreetName":"Clifton St","Address":null,"StateName":null,"Zip4":null,"MAK":null,"AddressType":null,"RBDI":null,"Results":null,"NoSuffix":""},{"Number":"","Street":"college","Suffix":"ave","City":"","State":"","Zip":"02144","StreetName":"College Ave","Address":null,"StateName":null,"Zip4":null,"MAK":null,"AddressType":null,"RBDI":null,"Results":null,"NoSuffix":""},{"Number":"","Street":"college hill","Suffix":"rd","City":"","State":"","Zip":"02144","StreetName":"College Hill Rd","Address":null,"StateName":null,"Zip4":null,"MAK":null,"AddressType":null,"RBDI":null,"Results":null,"NoSuffix":""},{"Number":"","Street":"conlon","Suffix":"ct","City":"","State":"","Zip":"02144","StreetName":"Conlon Ct","Address":null,"StateName":null,"Zip4":null,"MAK":null,"AddressType":null,"RBDI":null,"Results":null,"NoSuffix":""},{"Number":"","Street":"conwell","Suffix":"ave","City":"","State":"","Zip":"02144","StreetName":"Conwell Ave","Address":null,"StateName":null,"Zip4":null,"MAK":null,"AddressType":null,"RBDI":null,"Results":null,"NoSuffix":""},{"Number":"","Street":"corinthian","Suffix":"rd","City":"","State":"","Zip":"02144","StreetName":"Corinthian Rd","Address":null,"StateName":null,"Zip4":null,"MAK":null,"AddressType":null,"RBDI":null,"Results":null,"NoSuffix":""},{"Number":"","Street":"cottage","Suffix":"ave","City":"","State":"","Zip":"02144","StreetName":"Cottage Ave","Address":null,"StateName":null,"Zip4":null,"MAK":null,"AddressType":null,"RBDI":null,"Results":null,"NoSuffix":""},{"Number":"","Street":"cottage","Suffix":"cir","City":"","State":"","Zip":"02144","StreetName":"Cottage Cir","Address":null,"StateName":null,"Zip4":null,"MAK":null,"AddressType":null,"RBDI":null,"Results":null,"NoSuffix":""},{"Number":"","Street":"curtis","Suffix":"ave","City":"","State":"","Zip":"02144","StreetName":"Curtis Ave","Address":null,"StateName":null,"Zip4":null,"MAK":null,"AddressType":null,"RBDI":null,"Results":null,"NoSuffix":""},{"Number":"","Street":"curtis","Suffix":"st","City":"","State":"","Zip":"02144","StreetName":"Curtis St","Address":null,"StateName":null,"Zip4":null,"MAK":null,"AddressType":null,"RBDI":null,"Results":null,"NoSuffix":""},{"Number":"","Street":"cutter","Suffix":"ave","City":"","State":"","Zip":"02144","StreetName":"Cutter Ave","Address":null,"StateName":null,"Zip4":null,"MAK":null,"AddressType":null,"RBDI":null,"Results":null,"NoSuffix":""},{"Number":"","Street":"cutter","Suffix":"park","City":"","State":"","Zip":"02144","StreetName":"Cutter Park","Address":null,"StateName":null,"Zip4":null,"MAK":null,"AddressType":null,"RBDI":null,"Results":null,"NoSuffix":""},{"Number":"","Street":"davis","Suffix":"sq","City":"","State":"","Zip":"02144","StreetName":"Davis Sq","Address":null,"StateName":null,"Zip4":null,"MAK":null,"AddressType":null,"RBDI":null,"Results":null,"NoSuffix":""},{"Number":"","Street":"dawes","Suffix":"st","City":"","State":"","Zip":"02144","StreetName":"Dawes St","Address":null,"StateName":null,"Zip4":null,"MAK":null,"AddressType":null,"RBDI":null,"Results":null,"NoSuffix":""},{"Number":"","Street":"day","Suffix":"st","City":"","State":"","Zip":"02144","StreetName":"Day St","Address":null,"StateName":null,"Zip4":null,"MAK":null,"AddressType":null,"RBDI":null,"Results":null,"NoSuffix":""},{"Number":"","Street":"dearborn","Suffix":"rd","City":"","State":"","Zip":"02144","StreetName":"Dearborn Rd","Address":null,"StateName":null,"Zip4":null,"MAK":null,"AddressType":null,"RBDI":null,"Results":null,"NoSuffix":""},{"Number":"","Street":"dickson","Suffix":"st","City":"","State":"","Zip":"02144","StreetName":"Dickson St","Address":null,"StateName":null,"Zip4":null,"MAK":null,"AddressType":null,"RBDI":null,"Results":null,"NoSuffix":""},{"Number":"","Street":"dover","Suffix":"st","City":"","State":"","Zip":"02144","StreetName":"Dover St","Address":null,"StateName":null,"Zip4":null,"MAK":null,"AddressType":null,"RBDI":null,"Results":null,"NoSuffix":""},{"Number":"","Street":"dow","Suffix":"st","City":"","State":"","Zip":"02144","StreetName":"Dow St","Address":null,"StateName":null,"Zip4":null,"MAK":null,"AddressType":null,"RBDI":null,"Results":null,"NoSuffix":""},{"Number":"","Street":"dresden","Suffix":"cir","City":"","State":"","Zip":"02144","StreetName":"Dresden Cir","Address":null,"StateName":null,"Zip4":null,"MAK":null,"AddressType":null,"RBDI":null,"Results":null,"NoSuffix":""},{"Number":"","Street":"electric","Suffix":"ave","City":"","State":"","Zip":"02144","StreetName":"Electric Ave","Address":null,"StateName":null,"Zip4":null,"MAK":null,"AddressType":null,"RBDI":null,"Results":null,"NoSuffix":""},{"Number":"","Street":"ellington","Suffix":"rd","City":"","State":"","Zip":"02144","StreetName":"Ellington Rd","Address":null,"StateName":null,"Zip4":null,"MAK":null,"AddressType":null,"RBDI":null,"Results":null,"NoSuffix":""},{"Number":"","Street":"elm","Suffix":"ct","City":"","State":"","Zip":"02144","StreetName":"Elm Ct","Address":null,"StateName":null,"Zip4":null,"MAK":null,"AddressType":null,"RBDI":null,"Results":null,"NoSuffix":""},{"Number":"","Street":"elm","Suffix":"st","City":"","State":"","Zip":"02144","StreetName":"Elm St","Address":null,"StateName":null,"Zip4":null,"MAK":null,"AddressType":null,"RBDI":null,"Results":null,"NoSuffix":""},{"Number":"","Street":"elmwood","Suffix":"st","City":"","State":"","Zip":"02144","StreetName":"Elmwood St","Address":null,"StateName":null,"Zip4":null,"MAK":null,"AddressType":null,"RBDI":null,"Results":null,"NoSuffix":""},{"Number":"","Street":"elmwood","Suffix":"ter","City":"","State":"","Zip":"02144","StreetName":"Elmwood Ter","Address":null,"StateName":null,"Zip4":null,"MAK":null,"AddressType":null,"RBDI":null,"Results":null,"NoSuffix":""},{"Number":"","Street":"elston","Suffix":"st","City":"","State":"","Zip":"02144","StreetName":"Elston St","Address":null,"StateName":null,"Zip4":null,"MAK":null,"AddressType":null,"RBDI":null,"Results":null,"NoSuffix":""},{"Number":"","Street":"endicott","Suffix":"ave","City":"","State":"","Zip":"02144","StreetName":"Endicott Ave","Address":null,"StateName":null,"Zip4":null,"MAK":null,"AddressType":null,"RBDI":null,"Results":null,"NoSuffix":""},{"Number":"","Street":"fairfax","Suffix":"st","City":"","State":"","Zip":"02144","StreetName":"Fairfax St","Address":null,"StateName":null,"Zip4":null,"MAK":null,"AddressType":null,"RBDI":null,"Results":null,"NoSuffix":""},{"Number":"","Street":"fairlee","Suffix":"st","City":"","State":"","Zip":"02144","StreetName":"Fairlee St","Address":null,"StateName":null,"Zip4":null,"MAK":null,"AddressType":null,"RBDI":null,"Results":null,"NoSuffix":""},{"Number":"","Street":"fairmount","Suffix":"ave","City":"","State":"","Zip":"02144","StreetName":"Fairmount Ave","Address":null,"StateName":null,"Zip4":null,"MAK":null,"AddressType":null,"RBDI":null,"Results":null,"NoSuffix":""},{"Number":"","Street":"farragut","Suffix":"ave","City":"","State":"","Zip":"02144","StreetName":"Farragut Ave","Address":null,"StateName":null,"Zip4":null,"MAK":null,"AddressType":null,"RBDI":null,"Results":null,"NoSuffix":""},{"Number":"","Street":"foskett","Suffix":"st","City":"","State":"","Zip":"02144","StreetName":"Foskett St","Address":null,"StateName":null,"Zip4":null,"MAK":null,"AddressType":null,"RBDI":null,"Results":null,"NoSuffix":""},{"Number":"","Street":"francesca","Suffix":"ave","City":"","State":"","Zip":"02144","StreetName":"Francesca Ave","Address":null,"StateName":null,"Zip4":null,"MAK":null,"AddressType":null,"RBDI":null,"Results":null,"NoSuffix":""},{"Number":"","Street":"garrison","Suffix":"ave","City":"","State":"","Zip":"02144","StreetName":"Garrison Ave","Address":null,"StateName":null,"Zip4":null,"MAK":null,"AddressType":null,"RBDI":null,"Results":null,"NoSuffix":""},{"Number":"","Street":"glendale","Suffix":"ave","City":"","State":"","Zip":"02144","StreetName":"Glendale Ave","Address":null,"StateName":null,"Zip4":null,"MAK":null,"AddressType":null,"RBDI":null,"Results":null,"NoSuffix":""},{"Number":"","Street":"glover","Suffix":"cir","City":"","State":"","Zip":"02144","StreetName":"Glover Cir","Address":null,"StateName":null,"Zip4":null,"MAK":null,"AddressType":null,"RBDI":null,"Results":null,"NoSuffix":""},{"Number":"","Street":"gold star","Suffix":"rd","City":"","State":"","Zip":"02144","StreetName":"Gold Star Rd","Address":null,"StateName":null,"Zip4":null,"MAK":null,"AddressType":null,"RBDI":null,"Results":null,"NoSuffix":""},{"Number":"","Street":"gordon","Suffix":"st","City":"","State":"","Zip":"02144","StreetName":"Gordon St","Address":null,"StateName":null,"Zip4":null,"MAK":null,"AddressType":null,"RBDI":null,"Results":null,"NoSuffix":""},{"Number":"","Street":"gorham","Suffix":"st","City":"","State":"","Zip":"02144","StreetName":"Gorham St","Address":null,"StateName":null,"Zip4":null,"MAK":null,"AddressType":null,"RBDI":null,"Results":null,"NoSuffix":""},{"Number":"","Street":"grand union","Suffix":"blvd","City":"","State":"","Zip":"02144","StreetName":"Grand Union Blvd","Address":null,"StateName":null,"Zip4":null,"MAK":null,"AddressType":null,"RBDI":null,"Results":null,"NoSuffix":""},{"Number":"","Street":"grove","Suffix":"st","City":"","State":"","Zip":"02144","StreetName":"Grove St","Address":null,"StateName":null,"Zip4":null,"MAK":null,"AddressType":null,"RBDI":null,"Results":null,"NoSuffix":""},{"Number":"","Street":"hall","Suffix":"ave","City":"","State":"","Zip":"02144","StreetName":"Hall Ave","Address":null,"StateName":null,"Zip4":null,"MAK":null,"AddressType":null,"RBDI":null,"Results":null,"NoSuffix":""},{"Number":"","Street":"hall","Suffix":"st","City":"","State":"","Zip":"02144","StreetName":"Hall St","Address":null,"StateName":null,"Zip4":null,"MAK":null,"AddressType":null,"RBDI":null,"Results":null,"NoSuffix":""},{"Number":"","Street":"hamilton","Suffix":"rd","City":"","State":"","Zip":"02144","StreetName":"Hamilton Rd","Address":null,"StateName":null,"Zip4":null,"MAK":null,"AddressType":null,"RBDI":null,"Results":null,"NoSuffix":""},{"Number":"","Street":"hampshire","Suffix":"st","City":"","State":"","Zip":"02144","StreetName":"Hampshire St","Address":null,"StateName":null,"Zip4":null,"MAK":null,"AddressType":null,"RBDI":null,"Results":null,"NoSuffix":""},{"Number":"","Street":"hancock","Suffix":"st","City":"","State":"","Zip":"02144","StreetName":"Hancock St","Address":null,"StateName":null,"Zip4":null,"MAK":null,"AddressType":null,"RBDI":null,"Results":null,"NoSuffix":""},{"Number":"","Street":"hardan","Suffix":"rd","City":"","State":"","Zip":"02144","StreetName":"Hardan Rd","Address":null,"StateName":null,"Zip4":null,"MAK":null,"AddressType":null,"RBDI":null,"Results":null,"NoSuffix":""},{"Number":"","Street":"harrison","Suffix":"rd","City":"","State":"","Zip":"02144","StreetName":"Harrison Rd","Address":null,"StateName":null,"Zip4":null,"MAK":null,"AddressType":null,"RBDI":null,"Results":null,"NoSuffix":""},{"Number":"","Street":"hawthorne","Suffix":"st","City":"","State":"","Zip":"02144","StreetName":"Hawthorne St","Address":null,"StateName":null,"Zip4":null,"MAK":null,"AddressType":null,"RBDI":null,"Results":null,"NoSuffix":""},{"Number":"","Street":"henry","Suffix":"ave","City":"","State":"","Zip":"02144","StreetName":"Henry Ave","Address":null,"StateName":null,"Zip4":null,"MAK":null,"AddressType":null,"RBDI":null,"Results":null,"NoSuffix":""},{"Number":"","Street":"herbert","Suffix":"st","City":"","State":"","Zip":"02144","StreetName":"Herbert St","Address":null,"StateName":null,"Zip4":null,"MAK":null,"AddressType":null,"RBDI":null,"Results":null,"NoSuffix":""},{"Number":"","Street":"high","Suffix":"st","City":"","State":"","Zip":"02144","StreetName":"High St","Address":null,"StateName":null,"Zip4":null,"MAK":null,"AddressType":null,"RBDI":null,"Results":null,"NoSuffix":""},{"Number":"","Street":"highland","Suffix":"ave","City":"","State":"","Zip":"02144","StreetName":"Highland Ave","Address":null,"StateName":null,"Zip4":null,"MAK":null,"AddressType":null,"RBDI":null,"Results":null,"NoSuffix":""},{"Number":"","Street":"highland","Suffix":"rd","City":"","State":"","Zip":"02144","StreetName":"Highland Rd","Address":null,"StateName":null,"Zip4":null,"MAK":null,"AddressType":null,"RBDI":null,"Results":null,"NoSuffix":""},{"Number":"","Street":"hill","Suffix":"st","City":"","State":"","Zip":"02144","StreetName":"Hill St","Address":null,"StateName":null,"Zip4":null,"MAK":null,"AddressType":null,"RBDI":null,"Results":null,"NoSuffix":""},{"Number":"","Street":"hillsdale","Suffix":"rd","City":"","State":"","Zip":"02144","StreetName":"Hillsdale Rd","Address":null,"StateName":null,"Zip4":null,"MAK":null,"AddressType":null,"RBDI":null,"Results":null,"NoSuffix":""},{"Number":"","Street":"holden","Suffix":"grn","City":"","State":"","Zip":"02144","StreetName":"Holden Grn","Address":null,"StateName":null,"Zip4":null,"MAK":null,"AddressType":null,"RBDI":null,"Results":null,"NoSuffix":""},{"Number":"","Street":"holland","Suffix":"st","City":"","State":"","Zip":"02144","StreetName":"Holland St","Address":null,"StateName":null,"Zip4":null,"MAK":null,"AddressType":null,"RBDI":null,"Results":null,"NoSuffix":""},{"Number":"","Street":"holyoke","Suffix":"rd","City":"","State":"","Zip":"02144","StreetName":"Holyoke Rd","Address":null,"StateName":null,"Zip4":null,"MAK":null,"AddressType":null,"RBDI":null,"Results":null,"NoSuffix":""},{"Number":"","Street":"hooker","Suffix":"ave","City":"","State":"","Zip":"02144","StreetName":"Hooker Ave","Address":null,"StateName":null,"Zip4":null,"MAK":null,"AddressType":null,"RBDI":null,"Results":null,"NoSuffix":""},{"Number":"","Street":"horace","Suffix":"st","City":"","State":"","Zip":"02144","StreetName":"Horace St","Address":null,"StateName":null,"Zip4":null,"MAK":null,"AddressType":null,"RBDI":null,"Results":null,"NoSuffix":""},{"Number":"","Street":"houghton","Suffix":"st","City":"","State":"","Zip":"02144","StreetName":"Houghton St","Address":null,"StateName":null,"Zip4":null,"MAK":null,"AddressType":null,"RBDI":null,"Results":null,"NoSuffix":""},{"Number":"","Street":"howard","Suffix":"st","City":"","State":"","Zip":"02144","StreetName":"Howard St","Address":null,"StateName":null,"Zip4":null,"MAK":null,"AddressType":null,"RBDI":null,"Results":null,"NoSuffix":""},{"Number":"","Street":"hudson","Suffix":"st","City":"","State":"","Zip":"02144","StreetName":"Hudson St","Address":null,"StateName":null,"Zip4":null,"MAK":null,"AddressType":null,"RBDI":null,"Results":null,"NoSuffix":""},{"Number":"","Street":"hunting","Suffix":"st","City":"","State":"","Zip":"02144","StreetName":"Hunting St","Address":null,"StateName":null,"Zip4":null,"MAK":null,"AddressType":null,"RBDI":null,"Results":null,"NoSuffix":""},{"Number":"","Street":"irving","Suffix":"st","City":"","State":"","Zip":"02144","StreetName":"Irving St","Address":null,"StateName":null,"Zip4":null,"MAK":null,"AddressType":null,"RBDI":null,"Results":null,"NoSuffix":""},{"Number":"","Street":"irvington","Suffix":"rd","City":"","State":"","Zip":"02144","StreetName":"Irvington Rd","Address":null,"StateName":null,"Zip4":null,"MAK":null,"AddressType":null,"RBDI":null,"Results":null,"NoSuffix":""},{"Number":"","Street":"jay","Suffix":"st","City":"","State":"","Zip":"02144","StreetName":"Jay St","Address":null,"StateName":null,"Zip4":null,"MAK":null,"AddressType":null,"RBDI":null,"Results":null,"NoSuffix":""},{"Number":"","Street":"josephine","Suffix":"ave","City":"","State":"","Zip":"02144","StreetName":"Josephine Ave","Address":null,"StateName":null,"Zip4":null,"MAK":null,"AddressType":null,"RBDI":null,"Results":null,"NoSuffix":""},{"Number":"","Street":"kenwood","Suffix":"st","City":"","State":"","Zip":"02144","StreetName":"Kenwood St","Address":null,"StateName":null,"Zip4":null,"MAK":null,"AddressType":null,"RBDI":null,"Results":null,"NoSuffix":""},{"Number":"","Street":"kidder","Suffix":"ave","City":"","State":"","Zip":"02144","StreetName":"Kidder Ave","Address":null,"StateName":null,"Zip4":null,"MAK":null,"AddressType":null,"RBDI":null,"Results":null,"NoSuffix":""},{"Number":"","Street":"kingston","Suffix":"st","City":"","State":"","Zip":"02144","StreetName":"Kingston St","Address":null,"StateName":null,"Zip4":null,"MAK":null,"AddressType":null,"RBDI":null,"Results":null,"NoSuffix":""},{"Number":"","Street":"latin","Suffix":"way","City":"","State":"","Zip":"02144","StreetName":"Latin Way","Address":null,"StateName":null,"Zip4":null,"MAK":null,"AddressType":null,"RBDI":null,"Results":null,"NoSuffix":""},{"Number":"","Street":"leonard","Suffix":"st","City":"","State":"","Zip":"02144","StreetName":"Leonard St","Address":null,"StateName":null,"Zip4":null,"MAK":null,"AddressType":null,"RBDI":null,"Results":null,"NoSuffix":""},{"Number":"","Street":"lesley","Suffix":"ave","City":"","State":"","Zip":"02144","StreetName":"Lesley Ave","Address":null,"StateName":null,"Zip4":null,"MAK":null,"AddressType":null,"RBDI":null,"Results":null,"NoSuffix":""},{"Number":"","Street":"lester","Suffix":"ter","City":"","State":"","Zip":"02144","StreetName":"Lester Ter","Address":null,"StateName":null,"Zip4":null,"MAK":null,"AddressType":null,"RBDI":null,"Results":null,"NoSuffix":""},{"Number":"","Street":"lexington","Suffix":"ave","City":"","State":"","Zip":"02144","StreetName":"Lexington Ave","Address":null,"StateName":null,"Zip4":null,"MAK":null,"AddressType":null,"RBDI":null,"Results":null,"NoSuffix":""},{"Number":"","Street":"liberty","Suffix":"ave","City":"","State":"","Zip":"02144","StreetName":"Liberty Ave","Address":null,"StateName":null,"Zip4":null,"MAK":null,"AddressType":null,"RBDI":null,"Results":null,"NoSuffix":""},{"Number":"","Street":"liberty","Suffix":"rd","City":"","State":"","Zip":"02144","StreetName":"Liberty Rd","Address":null,"StateName":null,"Zip4":null,"MAK":null,"AddressType":null,"RBDI":null,"Results":null,"NoSuffix":""},{"Number":"","Street":"line","Suffix":"st","City":"","State":"","Zip":"02144","StreetName":"Line St","Address":null,"StateName":null,"Zip4":null,"MAK":null,"AddressType":null,"RBDI":null,"Results":null,"NoSuffix":""},{"Number":"","Street":"locke","Suffix":"st","City":"","State":"","Zip":"02144","StreetName":"Locke St","Address":null,"StateName":null,"Zip4":null,"MAK":null,"AddressType":null,"RBDI":null,"Results":null,"NoSuffix":""},{"Number":"","Street":"lovell","Suffix":"st","City":"","State":"","Zip":"02144","StreetName":"Lovell St","Address":null,"StateName":null,"Zip4":null,"MAK":null,"AddressType":null,"RBDI":null,"Results":null,"NoSuffix":""},{"Number":"","Street":"lowden","Suffix":"ave","City":"","State":"","Zip":"02144","StreetName":"Lowden Ave","Address":null,"StateName":null,"Zip4":null,"MAK":null,"AddressType":null,"RBDI":null,"Results":null,"NoSuffix":""},{"Number":"","Street":"lowell","Suffix":"st","City":"","State":"","Zip":"02144","StreetName":"Lowell St","Address":null,"StateName":null,"Zip4":null,"MAK":null,"AddressType":null,"RBDI":null,"Results":null,"NoSuffix":""},{"Number":"","Street":"lower campus","Suffix":"rd","City":"","State":"","Zip":"02144","StreetName":"Lower Campus Rd","Address":null,"StateName":null,"Zip4":null,"MAK":null,"AddressType":null,"RBDI":null,"Results":null,"NoSuffix":""},{"Number":"","Street":"mallet","Suffix":"st","City":"","State":"","Zip":"02144","StreetName":"Mallet St","Address":null,"StateName":null,"Zip4":null,"MAK":null,"AddressType":null,"RBDI":null,"Results":null,"NoSuffix":""},{"Number":"","Street":"malvern","Suffix":"ave","City":"","State":"","Zip":"02144","StreetName":"Malvern Ave","Address":null,"StateName":null,"Zip4":null,"MAK":null,"AddressType":null,"RBDI":null,"Results":null,"NoSuffix":""},{"Number":"","Street":"mason","Suffix":"st","City":"","State":"","Zip":"02144","StreetName":"Mason St","Address":null,"StateName":null,"Zip4":null,"MAK":null,"AddressType":null,"RBDI":null,"Results":null,"NoSuffix":""},{"Number":"","Street":"maxwells","Suffix":"grn","City":"","State":"","Zip":"02144","StreetName":"Maxwells Grn","Address":null,"StateName":null,"Zip4":null,"MAK":null,"AddressType":null,"RBDI":null,"Results":null,"NoSuffix":""},{"Number":"","Street":"meacham","Suffix":"rd","City":"","State":"","Zip":"02144","StreetName":"Meacham Rd","Address":null,"StateName":null,"Zip4":null,"MAK":null,"AddressType":null,"RBDI":null,"Results":null,"NoSuffix":""},{"Number":"","Street":"mead","Suffix":"st","City":"","State":"","Zip":"02144","StreetName":"Mead St","Address":null,"StateName":null,"Zip4":null,"MAK":null,"AddressType":null,"RBDI":null,"Results":null,"NoSuffix":""},{"Number":"","Street":"milton","Suffix":"st","City":"","State":"","Zip":"02144","StreetName":"Milton St","Address":null,"StateName":null,"Zip4":null,"MAK":null,"AddressType":null,"RBDI":null,"Results":null,"NoSuffix":""},{"Number":"","Street":"moore","Suffix":"st","City":"","State":"","Zip":"02144","StreetName":"Moore St","Address":null,"StateName":null,"Zip4":null,"MAK":null,"AddressType":null,"RBDI":null,"Results":null,"NoSuffix":""},{"Number":"","Street":"morrison","Suffix":"ave","City":"","State":"","Zip":"02144","StreetName":"Morrison Ave","Address":null,"StateName":null,"Zip4":null,"MAK":null,"AddressType":null,"RBDI":null,"Results":null,"NoSuffix":""},{"Number":"","Street":"morrison","Suffix":"pl","City":"","State":"","Zip":"02144","StreetName":"Morrison Pl","Address":null,"StateName":null,"Zip4":null,"MAK":null,"AddressType":null,"RBDI":null,"Results":null,"NoSuffix":""},{"Number":"","Street":"mossland","Suffix":"st","City":"","State":"","Zip":"02144","StreetName":"Mossland St","Address":null,"StateName":null,"Zip4":null,"MAK":null,"AddressType":null,"RBDI":null,"Results":null,"NoSuffix":""},{"Number":"","Street":"mystic valley","Suffix":"pkwy","City":"","State":"","Zip":"02144","StreetName":"Mystic Valley Pkwy","Address":null,"StateName":null,"Zip4":null,"MAK":null,"AddressType":null,"RBDI":null,"Results":null,"NoSuffix":""},{"Number":"","Street":"newberne","Suffix":"st","City":"","State":"","Zip":"02144","StreetName":"Newberne St","Address":null,"StateName":null,"Zip4":null,"MAK":null,"AddressType":null,"RBDI":null,"Results":null,"NoSuffix":""},{"Number":"","Street":"newbury","Suffix":"st","City":"","State":"","Zip":"02144","StreetName":"Newbury St","Address":null,"StateName":null,"Zip4":null,"MAK":null,"AddressType":null,"RBDI":null,"Results":null,"NoSuffix":""},{"Number":"","Street":"north","Suffix":"st","City":"","State":"","Zip":"02144","StreetName":"North St","Address":null,"StateName":null,"Zip4":null,"MAK":null,"AddressType":null,"RBDI":null,"Results":null,"NoSuffix":""},{"Number":"","Street":"orchard","Suffix":"st","City":"","State":"","Zip":"02144","StreetName":"Orchard St","Address":null,"StateName":null,"Zip4":null,"MAK":null,"AddressType":null,"RBDI":null,"Results":null,"NoSuffix":""},{"Number":"","Street":"ossipee","Suffix":"rd","City":"","State":"","Zip":"02144","StreetName":"Ossipee Rd","Address":null,"StateName":null,"Zip4":null,"MAK":null,"AddressType":null,"RBDI":null,"Results":null,"NoSuffix":""},{"Number":"","Street":"oxford","Suffix":"st","City":"","State":"","Zip":"02144","StreetName":"Oxford St","Address":null,"StateName":null,"Zip4":null,"MAK":null,"AddressType":null,"RBDI":null,"Results":null,"NoSuffix":""},{"Number":"","Street":"packard","Suffix":"ave","City":"","State":"","Zip":"02144","StreetName":"Packard Ave","Address":null,"StateName":null,"Zip4":null,"MAK":null,"AddressType":null,"RBDI":null,"Results":null,"NoSuffix":""},{"Number":"","Street":"park","Suffix":"ave","City":"","State":"","Zip":"02144","StreetName":"Park Ave","Address":null,"StateName":null,"Zip4":null,"MAK":null,"AddressType":null,"RBDI":null,"Results":null,"NoSuffix":""},{"Number":"","Street":"paulina","Suffix":"st","City":"","State":"","Zip":"02144","StreetName":"Paulina St","Address":null,"StateName":null,"Zip4":null,"MAK":null,"AddressType":null,"RBDI":null,"Results":null,"NoSuffix":""},{"Number":"","Street":"pearson","Suffix":"ave","City":"","State":"","Zip":"02144","StreetName":"Pearson Ave","Address":null,"StateName":null,"Zip4":null,"MAK":null,"AddressType":null,"RBDI":null,"Results":null,"NoSuffix":""},{"Number":"","Street":"pearson","Suffix":"rd","City":"","State":"","Zip":"02144","StreetName":"Pearson Rd","Address":null,"StateName":null,"Zip4":null,"MAK":null,"AddressType":null,"RBDI":null,"Results":null,"NoSuffix":""},{"Number":"","Street":"po box","Suffix":"","City":"","State":"","Zip":"02144","StreetName":"Po Box","Address":null,"StateName":null,"Zip4":null,"MAK":null,"AddressType":null,"RBDI":null,"Results":null,"NoSuffix":"t"},{"Number":"","Street":"powder house","Suffix":"blvd","City":"","State":"","Zip":"02144","StreetName":"Powder House Blvd","Address":null,"StateName":null,"Zip4":null,"MAK":null,"AddressType":null,"RBDI":null,"Results":null,"NoSuffix":""},{"Number":"","Street":"powder house","Suffix":"sq","City":"","State":"","Zip":"02144","StreetName":"Powder House Sq","Address":null,"StateName":null,"Zip4":null,"MAK":null,"AddressType":null,"RBDI":null,"Results":null,"NoSuffix":""},{"Number":"","Street":"powder house","Suffix":"ter","City":"","State":"","Zip":"02144","StreetName":"Powder House Ter","Address":null,"StateName":null,"Zip4":null,"MAK":null,"AddressType":null,"RBDI":null,"Results":null,"NoSuffix":""},{"Number":"","Street":"prichard","Suffix":"ave","City":"","State":"","Zip":"02144","StreetName":"Prichard Ave","Address":null,"StateName":null,"Zip4":null,"MAK":null,"AddressType":null,"RBDI":null,"Results":null,"NoSuffix":""},{"Number":"","Street":"princeton","Suffix":"st","City":"","State":"","Zip":"02144","StreetName":"Princeton St","Address":null,"StateName":null,"Zip4":null,"MAK":null,"AddressType":null,"RBDI":null,"Results":null,"NoSuffix":""},{"Number":"","Street":"professors","Suffix":"row","City":"","State":"","Zip":"02144","StreetName":"Professors Row","Address":null,"StateName":null,"Zip4":null,"MAK":null,"AddressType":null,"RBDI":null,"Results":null,"NoSuffix":""},{"Number":"","Street":"quincy","Suffix":"st","City":"","State":"","Zip":"02144","StreetName":"Quincy St","Address":null,"StateName":null,"Zip4":null,"MAK":null,"AddressType":null,"RBDI":null,"Results":null,"NoSuffix":""},{"Number":"","Street":"r boston","Suffix":"ave","City":"","State":"","Zip":"02144","StreetName":"R Boston Ave","Address":null,"StateName":null,"Zip4":null,"MAK":null,"AddressType":null,"RBDI":null,"Results":null,"NoSuffix":""},{"Number":"","Street":"raymond","Suffix":"ave","City":"","State":"","Zip":"02144","StreetName":"Raymond Ave","Address":null,"StateName":null,"Zip4":null,"MAK":null,"AddressType":null,"RBDI":null,"Results":null,"NoSuffix":""},{"Number":"","Street":"rogers","Suffix":"ave","City":"","State":"","Zip":"02144","StreetName":"Rogers Ave","Address":null,"StateName":null,"Zip4":null,"MAK":null,"AddressType":null,"RBDI":null,"Results":null,"NoSuffix":""},{"Number":"","Street":"roland","Suffix":"st","City":"","State":"","Zip":"02144","StreetName":"Roland St","Address":null,"StateName":null,"Zip4":null,"MAK":null,"AddressType":null,"RBDI":null,"Results":null,"NoSuffix":""},{"Number":"","Street":"roseland","Suffix":"st","City":"","State":"","Zip":"02144","StreetName":"Roseland St","Address":null,"StateName":null,"Zip4":null,"MAK":null,"AddressType":null,"RBDI":null,"Results":null,"NoSuffix":""},{"Number":"","Street":"russell","Suffix":"rd","City":"","State":"","Zip":"02144","StreetName":"Russell Rd","Address":null,"StateName":null,"Zip4":null,"MAK":null,"AddressType":null,"RBDI":null,"Results":null,"NoSuffix":""},{"Number":"","Street":"russell","Suffix":"st","City":"","State":"","Zip":"02144","StreetName":"Russell St","Address":null,"StateName":null,"Zip4":null,"MAK":null,"AddressType":null,"RBDI":null,"Results":null,"NoSuffix":""},{"Number":"","Street":"rutherford","Suffix":"ave","City":"","State":"","Zip":"02144","StreetName":"Rutherford Ave","Address":null,"StateName":null,"Zip4":null,"MAK":null,"AddressType":null,"RBDI":null,"Results":null,"NoSuffix":""},{"Number":"","Street":"sacramento","Suffix":"st","City":"","State":"","Zip":"02144","StreetName":"Sacramento St","Address":null,"StateName":null,"Zip4":null,"MAK":null,"AddressType":null,"RBDI":null,"Results":null,"NoSuffix":""},{"Number":"","Street":"saint james","Suffix":"ave","City":"","State":"","Zip":"02144","StreetName":"Saint James Ave","Address":null,"StateName":null,"Zip4":null,"MAK":null,"AddressType":null,"RBDI":null,"Results":null,"NoSuffix":""},{"Number":"","Street":"sartwell","Suffix":"ave","City":"","State":"","Zip":"02144","StreetName":"Sartwell Ave","Address":null,"StateName":null,"Zip4":null,"MAK":null,"AddressType":null,"RBDI":null,"Results":null,"NoSuffix":""},{"Number":"","Street":"sawyer","Suffix":"ave","City":"","State":"","Zip":"02144","StreetName":"Sawyer Ave","Address":null,"StateName":null,"Zip4":null,"MAK":null,"AddressType":null,"RBDI":null,"Results":null,"NoSuffix":""},{"Number":"","Street":"seven pines","Suffix":"ave","City":"","State":"","Zip":"02144","StreetName":"Seven Pines Ave","Address":null,"StateName":null,"Zip4":null,"MAK":null,"AddressType":null,"RBDI":null,"Results":null,"NoSuffix":""},{"Number":"","Street":"simpson","Suffix":"ave","City":"","State":"","Zip":"02144","StreetName":"Simpson Ave","Address":null,"StateName":null,"Zip4":null,"MAK":null,"AddressType":null,"RBDI":null,"Results":null,"NoSuffix":""},{"Number":"","Street":"somerville","Suffix":"ave","City":"","State":"","Zip":"02144","StreetName":"Somerville Ave","Address":null,"StateName":null,"Zip4":null,"MAK":null,"AddressType":null,"RBDI":null,"Results":null,"NoSuffix":""},{"Number":"","Street":"south","Suffix":"st","City":"","State":"","Zip":"02144","StreetName":"South St","Address":null,"StateName":null,"Zip4":null,"MAK":null,"AddressType":null,"RBDI":null,"Results":null,"NoSuffix":""},{"Number":"","Street":"spencer","Suffix":"ave","City":"","State":"","Zip":"02144","StreetName":"Spencer Ave","Address":null,"StateName":null,"Zip4":null,"MAK":null,"AddressType":null,"RBDI":null,"Results":null,"NoSuffix":""},{"Number":"","Street":"steeves","Suffix":"cir","City":"","State":"","Zip":"02144","StreetName":"Steeves Cir","Address":null,"StateName":null,"Zip4":null,"MAK":null,"AddressType":null,"RBDI":null,"Results":null,"NoSuffix":""},{"Number":"","Street":"sterling","Suffix":"st","City":"","State":"","Zip":"02144","StreetName":"Sterling St","Address":null,"StateName":null,"Zip4":null,"MAK":null,"AddressType":null,"RBDI":null,"Results":null,"NoSuffix":""},{"Number":"","Street":"stoughton","Suffix":"st","City":"","State":"","Zip":"02144","StreetName":"Stoughton St","Address":null,"StateName":null,"Zip4":null,"MAK":null,"AddressType":null,"RBDI":null,"Results":null,"NoSuffix":""},{"Number":"","Street":"summer","Suffix":"st","City":"","State":"","Zip":"02144","StreetName":"Summer St","Address":null,"StateName":null,"Zip4":null,"MAK":null,"AddressType":null,"RBDI":null,"Results":null,"NoSuffix":""},{"Number":"","Street":"summit","Suffix":"st","City":"","State":"","Zip":"02144","StreetName":"Summit St","Address":null,"StateName":null,"Zip4":null,"MAK":null,"AddressType":null,"RBDI":null,"Results":null,"NoSuffix":""},{"Number":"","Street":"sunset","Suffix":"rd","City":"","State":"","Zip":"02144","StreetName":"Sunset Rd","Address":null,"StateName":null,"Zip4":null,"MAK":null,"AddressType":null,"RBDI":null,"Results":null,"NoSuffix":""},{"Number":"","Street":"talbot","Suffix":"ave","City":"","State":"","Zip":"02144","StreetName":"Talbot Ave","Address":null,"StateName":null,"Zip4":null,"MAK":null,"AddressType":null,"RBDI":null,"Results":null,"NoSuffix":""},{"Number":"","Street":"tannery brook","Suffix":"row","City":"","State":"","Zip":"02144","StreetName":"Tannery Brook Row","Address":null,"StateName":null,"Zip4":null,"MAK":null,"AddressType":null,"RBDI":null,"Results":null,"NoSuffix":""},{"Number":"","Street":"teele","Suffix":"ave","City":"","State":"","Zip":"02144","StreetName":"Teele Ave","Address":null,"StateName":null,"Zip4":null,"MAK":null,"AddressType":null,"RBDI":null,"Results":null,"NoSuffix":""},{"Number":"","Street":"thorndike","Suffix":"st","City":"","State":"","Zip":"02144","StreetName":"Thorndike St","Address":null,"StateName":null,"Zip4":null,"MAK":null,"AddressType":null,"RBDI":null,"Results":null,"NoSuffix":""},{"Number":"","Street":"upland","Suffix":"rd","City":"","State":"","Zip":"02144","StreetName":"Upland Rd","Address":null,"StateName":null,"Zip4":null,"MAK":null,"AddressType":null,"RBDI":null,"Results":null,"NoSuffix":""},{"Number":"","Street":"victoria","Suffix":"st","City":"","State":"","Zip":"02144","StreetName":"Victoria St","Address":null,"StateName":null,"Zip4":null,"MAK":null,"AddressType":null,"RBDI":null,"Results":null,"NoSuffix":""},{"Number":"","Street":"walker","Suffix":"st","City":"","State":"","Zip":"02144","StreetName":"Walker St","Address":null,"StateName":null,"Zip4":null,"MAK":null,"AddressType":null,"RBDI":null,"Results":null,"NoSuffix":""},{"Number":"","Street":"wallace","Suffix":"st","City":"","State":"","Zip":"02144","StreetName":"Wallace St","Address":null,"StateName":null,"Zip4":null,"MAK":null,"AddressType":null,"RBDI":null,"Results":null,"NoSuffix":""},{"Number":"","Street":"ware","Suffix":"st","City":"","State":"","Zip":"02144","StreetName":"Ware St","Address":null,"StateName":null,"Zip4":null,"MAK":null,"AddressType":null,"RBDI":null,"Results":null,"NoSuffix":""},{"Number":"","Street":"warner","Suffix":"st","City":"","State":"","Zip":"02144","StreetName":"Warner St","Address":null,"StateName":null,"Zip4":null,"MAK":null,"AddressType":null,"RBDI":null,"Results":null,"NoSuffix":""},{"Number":"","Street":"waterhouse","Suffix":"st","City":"","State":"","Zip":"02144","StreetName":"Waterhouse St","Address":null,"StateName":null,"Zip4":null,"MAK":null,"AddressType":null,"RBDI":null,"Results":null,"NoSuffix":""},{"Number":"","Street":"watson","Suffix":"st","City":"","State":"","Zip":"02144","StreetName":"Watson St","Address":null,"StateName":null,"Zip4":null,"MAK":null,"AddressType":null,"RBDI":null,"Results":null,"NoSuffix":""},{"Number":"","Street":"west","Suffix":"st","City":"","State":"","Zip":"02144","StreetName":"West St","Address":null,"StateName":null,"Zip4":null,"MAK":null,"AddressType":null,"RBDI":null,"Results":null,"NoSuffix":""},{"Number":"","Street":"westminster","Suffix":"st","City":"","State":"","Zip":"02144","StreetName":"Westminster St","Address":null,"StateName":null,"Zip4":null,"MAK":null,"AddressType":null,"RBDI":null,"Results":null,"NoSuffix":""},{"Number":"","Street":"weston","Suffix":"ave","City":"","State":"","Zip":"02144","StreetName":"Weston Ave","Address":null,"StateName":null,"Zip4":null,"MAK":null,"AddressType":null,"RBDI":null,"Results":null,"NoSuffix":""},{"Number":"","Street":"whipple","Suffix":"st","City":"","State":"","Zip":"02144","StreetName":"Whipple St","Address":null,"StateName":null,"Zip4":null,"MAK":null,"AddressType":null,"RBDI":null,"Results":null,"NoSuffix":""},{"Number":"","Street":"white","Suffix":"st","City":"","State":"","Zip":"02144","StreetName":"White St","Address":null,"StateName":null,"Zip4":null,"MAK":null,"AddressType":null,"RBDI":null,"Results":null,"NoSuffix":""},{"Number":"","Street":"white street","Suffix":"pl","City":"","State":"","Zip":"02144","StreetName":"White Street Pl","Address":null,"StateName":null,"Zip4":null,"MAK":null,"AddressType":null,"RBDI":null,"Results":null,"NoSuffix":""},{"Number":"","Street":"whitfield","Suffix":"rd","City":"","State":"","Zip":"02144","StreetName":"Whitfield Rd","Address":null,"StateName":null,"Zip4":null,"MAK":null,"AddressType":null,"RBDI":null,"Results":null,"NoSuffix":""},{"Number":"","Street":"whitman","Suffix":"st","City":"","State":"","Zip":"02144","StreetName":"Whitman St","Address":null,"StateName":null,"Zip4":null,"MAK":null,"AddressType":null,"RBDI":null,"Results":null,"NoSuffix":""},{"Number":"","Street":"william","Suffix":"st","City":"","State":"","Zip":"02144","StreetName":"William St","Address":null,"StateName":null,"Zip4":null,"MAK":null,"AddressType":null,"RBDI":null,"Results":null,"NoSuffix":""},{"Number":"","Street":"willow","Suffix":"ave","City":"","State":"","Zip":"02144","StreetName":"Willow Ave","Address":null,"StateName":null,"Zip4":null,"MAK":null,"AddressType":null,"RBDI":null,"Results":null,"NoSuffix":""},{"Number":"","Street":"windom","Suffix":"st","City":"","State":"","Zip":"02144","StreetName":"Windom St","Address":null,"StateName":null,"Zip4":null,"MAK":null,"AddressType":null,"RBDI":null,"Results":null,"NoSuffix":""},{"Number":"","Street":"windsor","Suffix":"rd","City":"","State":"","Zip":"02144","StreetName":"Windsor Rd","Address":null,"StateName":null,"Zip4":null,"MAK":null,"AddressType":null,"RBDI":null,"Results":null,"NoSuffix":""},{"Number":"","Street":"windsor","Suffix":"st","City":"","State":"","Zip":"02144","StreetName":"Windsor St","Address":null,"StateName":null,"Zip4":null,"MAK":null,"AddressType":null,"RBDI":null,"Results":null,"NoSuffix":""},{"Number":"","Street":"winslow","Suffix":"ave","City":"","State":"","Zip":"02144","StreetName":"Winslow Ave","Address":null,"StateName":null,"Zip4":null,"MAK":null,"AddressType":null,"RBDI":null,"Results":null,"NoSuffix":""},{"Number":"","Street":"winter","Suffix":"st","City":"","State":"","Zip":"02144","StreetName":"Winter St","Address":null,"StateName":null,"Zip4":null,"MAK":null,"AddressType":null,"RBDI":null,"Results":null,"NoSuffix":""},{"Number":"","Street":"woods","Suffix":"ave","City":"","State":"","Zip":"02144","StreetName":"Woods Ave","Address":null,"StateName":null,"Zip4":null,"MAK":null,"AddressType":null,"RBDI":null,"Results":null,"NoSuffix":""},{"Number":"","Street":"woodstock","Suffix":"st","City":"","State":"","Zip":"02144","StreetName":"Woodstock St","Address":null,"StateName":null,"Zip4":null,"MAK":null,"AddressType":null,"RBDI":null,"Results":null,"NoSuffix":""},{"Number":"","Street":"yorktown","Suffix":"st","City":"","State":"","Zip":"02144","StreetName":"Yorktown St","Address":null,"StateName":null,"Zip4":null,"MAK":null,"AddressType":null,"RBDI":null,"Results":null,"NoSuffix":""}]