[{"Number":"","Street":"3 ponds","Suffix":"rd","City":"","State":"","Zip":"01778","StreetName":"3 Ponds Rd","Address":null,"StateName":null,"Zip4":null,"MAK":null,"AddressType":null,"RBDI":null,"Results":null,"NoSuffix":""},{"Number":"","Street":"acorn","Suffix":"ln","City":"","State":"","Zip":"01778","StreetName":"Acorn Ln","Address":null,"StateName":null,"Zip4":null,"MAK":null,"AddressType":null,"RBDI":null,"Results":null,"NoSuffix":""},{"Number":"","Street":"adams","Suffix":"ln","City":"","State":"","Zip":"01778","StreetName":"Adams Ln","Address":null,"StateName":null,"Zip4":null,"MAK":null,"AddressType":null,"RBDI":null,"Results":null,"NoSuffix":""},{"Number":"","Street":"adelaide","Suffix":"ave","City":"","State":"","Zip":"01778","StreetName":"Adelaide Ave","Address":null,"StateName":null,"Zip4":null,"MAK":null,"AddressType":null,"RBDI":null,"Results":null,"NoSuffix":""},{"Number":"","Street":"alden","Suffix":"rd","City":"","State":"","Zip":"01778","StreetName":"Alden Rd","Address":null,"StateName":null,"Zip4":null,"MAK":null,"AddressType":null,"RBDI":null,"Results":null,"NoSuffix":""},{"Number":"","Street":"algonquin","Suffix":"path","City":"","State":"","Zip":"01778","StreetName":"Algonquin Path","Address":null,"StateName":null,"Zip4":null,"MAK":null,"AddressType":null,"RBDI":null,"Results":null,"NoSuffix":""},{"Number":"","Street":"alice","Suffix":"rd","City":"","State":"","Zip":"01778","StreetName":"Alice Rd","Address":null,"StateName":null,"Zip4":null,"MAK":null,"AddressType":null,"RBDI":null,"Results":null,"NoSuffix":""},{"Number":"","Street":"alpine","Suffix":"rd","City":"","State":"","Zip":"01778","StreetName":"Alpine Rd","Address":null,"StateName":null,"Zip4":null,"MAK":null,"AddressType":null,"RBDI":null,"Results":null,"NoSuffix":""},{"Number":"","Street":"amey","Suffix":"rd","City":"","State":"","Zip":"01778","StreetName":"Amey Rd","Address":null,"StateName":null,"Zip4":null,"MAK":null,"AddressType":null,"RBDI":null,"Results":null,"NoSuffix":""},{"Number":"","Street":"andrew","Suffix":"ave","City":"","State":"","Zip":"01778","StreetName":"Andrew Ave","Address":null,"StateName":null,"Zip4":null,"MAK":null,"AddressType":null,"RBDI":null,"Results":null,"NoSuffix":""},{"Number":"","Street":"anthony","Suffix":"rd","City":"","State":"","Zip":"01778","StreetName":"Anthony Rd","Address":null,"StateName":null,"Zip4":null,"MAK":null,"AddressType":null,"RBDI":null,"Results":null,"NoSuffix":""},{"Number":"","Street":"apache","Suffix":"trl","City":"","State":"","Zip":"01778","StreetName":"Apache Trl","Address":null,"StateName":null,"Zip4":null,"MAK":null,"AddressType":null,"RBDI":null,"Results":null,"NoSuffix":""},{"Number":"","Street":"appletree","Suffix":"ln","City":"","State":"","Zip":"01778","StreetName":"Appletree Ln","Address":null,"StateName":null,"Zip4":null,"MAK":null,"AddressType":null,"RBDI":null,"Results":null,"NoSuffix":""},{"Number":"","Street":"aqueduct","Suffix":"rd","City":"","State":"","Zip":"01778","StreetName":"Aqueduct Rd","Address":null,"StateName":null,"Zip4":null,"MAK":null,"AddressType":null,"RBDI":null,"Results":null,"NoSuffix":""},{"Number":"","Street":"arpi","Suffix":"way","City":"","State":"","Zip":"01778","StreetName":"Arpi Way","Address":null,"StateName":null,"Zip4":null,"MAK":null,"AddressType":null,"RBDI":null,"Results":null,"NoSuffix":""},{"Number":"","Street":"astra","Suffix":"","City":"","State":"","Zip":"01778","StreetName":"Astra","Address":null,"StateName":null,"Zip4":null,"MAK":null,"AddressType":null,"RBDI":null,"Results":null,"NoSuffix":"t"},{"Number":"","Street":"audubon","Suffix":"rd","City":"","State":"","Zip":"01778","StreetName":"Audubon Rd","Address":null,"StateName":null,"Zip4":null,"MAK":null,"AddressType":null,"RBDI":null,"Results":null,"NoSuffix":""},{"Number":"","Street":"autumn","Suffix":"ln","City":"","State":"","Zip":"01778","StreetName":"Autumn Ln","Address":null,"StateName":null,"Zip4":null,"MAK":null,"AddressType":null,"RBDI":null,"Results":null,"NoSuffix":""},{"Number":"","Street":"bald rock","Suffix":"rd","City":"","State":"","Zip":"01778","StreetName":"Bald Rock Rd","Address":null,"StateName":null,"Zip4":null,"MAK":null,"AddressType":null,"RBDI":null,"Results":null,"NoSuffix":""},{"Number":"","Street":"barley","Suffix":"ln","City":"","State":"","Zip":"01778","StreetName":"Barley Ln","Address":null,"StateName":null,"Zip4":null,"MAK":null,"AddressType":null,"RBDI":null,"Results":null,"NoSuffix":""},{"Number":"","Street":"barney hill","Suffix":"rd","City":"","State":"","Zip":"01778","StreetName":"Barney Hill Rd","Address":null,"StateName":null,"Zip4":null,"MAK":null,"AddressType":null,"RBDI":null,"Results":null,"NoSuffix":""},{"Number":"","Street":"bayberry","Suffix":"ln","City":"","State":"","Zip":"01778","StreetName":"Bayberry Ln","Address":null,"StateName":null,"Zip4":null,"MAK":null,"AddressType":null,"RBDI":null,"Results":null,"NoSuffix":""},{"Number":"","Street":"bayfield","Suffix":"rd","City":"","State":"","Zip":"01778","StreetName":"Bayfield Rd","Address":null,"StateName":null,"Zip4":null,"MAK":null,"AddressType":null,"RBDI":null,"Results":null,"NoSuffix":""},{"Number":"","Street":"beech","Suffix":"rd","City":"","State":"","Zip":"01778","StreetName":"Beech Rd","Address":null,"StateName":null,"Zip4":null,"MAK":null,"AddressType":null,"RBDI":null,"Results":null,"NoSuffix":""},{"Number":"","Street":"bennett","Suffix":"rd","City":"","State":"","Zip":"01778","StreetName":"Bennett Rd","Address":null,"StateName":null,"Zip4":null,"MAK":null,"AddressType":null,"RBDI":null,"Results":null,"NoSuffix":""},{"Number":"","Street":"bent","Suffix":"ave","City":"","State":"","Zip":"01778","StreetName":"Bent Ave","Address":null,"StateName":null,"Zip4":null,"MAK":null,"AddressType":null,"RBDI":null,"Results":null,"NoSuffix":""},{"Number":"","Street":"bigelow","Suffix":"rd","City":"","State":"","Zip":"01778","StreetName":"Bigelow Rd","Address":null,"StateName":null,"Zip4":null,"MAK":null,"AddressType":null,"RBDI":null,"Results":null,"NoSuffix":""},{"Number":"","Street":"birch","Suffix":"rd","City":"","State":"","Zip":"01778","StreetName":"Birch Rd","Address":null,"StateName":null,"Zip4":null,"MAK":null,"AddressType":null,"RBDI":null,"Results":null,"NoSuffix":""},{"Number":"","Street":"black oak","Suffix":"rd","City":"","State":"","Zip":"01778","StreetName":"Black Oak Rd","Address":null,"StateName":null,"Zip4":null,"MAK":null,"AddressType":null,"RBDI":null,"Results":null,"NoSuffix":""},{"Number":"","Street":"blossom","Suffix":"ln","City":"","State":"","Zip":"01778","StreetName":"Blossom Ln","Address":null,"StateName":null,"Zip4":null,"MAK":null,"AddressType":null,"RBDI":null,"Results":null,"NoSuffix":""},{"Number":"","Street":"bogren","Suffix":"ln","City":"","State":"","Zip":"01778","StreetName":"Bogren Ln","Address":null,"StateName":null,"Zip4":null,"MAK":null,"AddressType":null,"RBDI":null,"Results":null,"NoSuffix":""},{"Number":"","Street":"boston post","Suffix":"rd","City":"","State":"","Zip":"01778","StreetName":"Boston Post Rd","Address":null,"StateName":null,"Zip4":null,"MAK":null,"AddressType":null,"RBDI":null,"Results":null,"NoSuffix":""},{"Number":"","Street":"bow","Suffix":"rd","City":"","State":"","Zip":"01778","StreetName":"Bow Rd","Address":null,"StateName":null,"Zip4":null,"MAK":null,"AddressType":null,"RBDI":null,"Results":null,"NoSuffix":""},{"Number":"","Street":"brackett","Suffix":"rd","City":"","State":"","Zip":"01778","StreetName":"Brackett Rd","Address":null,"StateName":null,"Zip4":null,"MAK":null,"AddressType":null,"RBDI":null,"Results":null,"NoSuffix":""},{"Number":"","Street":"bradford","Suffix":"st","City":"","State":"","Zip":"01778","StreetName":"Bradford St","Address":null,"StateName":null,"Zip4":null,"MAK":null,"AddressType":null,"RBDI":null,"Results":null,"NoSuffix":""},{"Number":"","Street":"brandywyne","Suffix":"","City":"","State":"","Zip":"01778","StreetName":"Brandywyne","Address":null,"StateName":null,"Zip4":null,"MAK":null,"AddressType":null,"RBDI":null,"Results":null,"NoSuffix":"t"},{"Number":"","Street":"brewster","Suffix":"rd","City":"","State":"","Zip":"01778","StreetName":"Brewster Rd","Address":null,"StateName":null,"Zip4":null,"MAK":null,"AddressType":null,"RBDI":null,"Results":null,"NoSuffix":""},{"Number":"","Street":"bridle","Suffix":"path","City":"","State":"","Zip":"01778","StreetName":"Bridle Path","Address":null,"StateName":null,"Zip4":null,"MAK":null,"AddressType":null,"RBDI":null,"Results":null,"NoSuffix":""},{"Number":"","Street":"brook trail","Suffix":"rd","City":"","State":"","Zip":"01778","StreetName":"Brook Trail Rd","Address":null,"StateName":null,"Zip4":null,"MAK":null,"AddressType":null,"RBDI":null,"Results":null,"NoSuffix":""},{"Number":"","Street":"brooks","Suffix":"rd","City":"","State":"","Zip":"01778","StreetName":"Brooks Rd","Address":null,"StateName":null,"Zip4":null,"MAK":null,"AddressType":null,"RBDI":null,"Results":null,"NoSuffix":""},{"Number":"","Street":"buckskin","Suffix":"dr","City":"","State":"","Zip":"01778","StreetName":"Buckskin Dr","Address":null,"StateName":null,"Zip4":null,"MAK":null,"AddressType":null,"RBDI":null,"Results":null,"NoSuffix":""},{"Number":"","Street":"cabot","Suffix":"rd","City":"","State":"","Zip":"01778","StreetName":"Cabot Rd","Address":null,"StateName":null,"Zip4":null,"MAK":null,"AddressType":null,"RBDI":null,"Results":null,"NoSuffix":""},{"Number":"","Street":"cameron","Suffix":"rd","City":"","State":"","Zip":"01778","StreetName":"Cameron Rd","Address":null,"StateName":null,"Zip4":null,"MAK":null,"AddressType":null,"RBDI":null,"Results":null,"NoSuffix":""},{"Number":"","Street":"campbell","Suffix":"rd","City":"","State":"","Zip":"01778","StreetName":"Campbell Rd","Address":null,"StateName":null,"Zip4":null,"MAK":null,"AddressType":null,"RBDI":null,"Results":null,"NoSuffix":""},{"Number":"","Street":"carpenter","Suffix":"rd","City":"","State":"","Zip":"01778","StreetName":"Carpenter Rd","Address":null,"StateName":null,"Zip4":null,"MAK":null,"AddressType":null,"RBDI":null,"Results":null,"NoSuffix":""},{"Number":"","Street":"carroll","Suffix":"ct","City":"","State":"","Zip":"01778","StreetName":"Carroll Ct","Address":null,"StateName":null,"Zip4":null,"MAK":null,"AddressType":null,"RBDI":null,"Results":null,"NoSuffix":""},{"Number":"","Street":"cart","Suffix":"path","City":"","State":"","Zip":"01778","StreetName":"Cart Path","Address":null,"StateName":null,"Zip4":null,"MAK":null,"AddressType":null,"RBDI":null,"Results":null,"NoSuffix":""},{"Number":"","Street":"castle","Suffix":"rd","City":"","State":"","Zip":"01778","StreetName":"Castle Rd","Address":null,"StateName":null,"Zip4":null,"MAK":null,"AddressType":null,"RBDI":null,"Results":null,"NoSuffix":""},{"Number":"","Street":"castle gate","Suffix":"rd","City":"","State":"","Zip":"01778","StreetName":"Castle Gate Rd","Address":null,"StateName":null,"Zip4":null,"MAK":null,"AddressType":null,"RBDI":null,"Results":null,"NoSuffix":""},{"Number":"","Street":"catherines farm","Suffix":"rd","City":"","State":"","Zip":"01778","StreetName":"Catherines Farm Rd","Address":null,"StateName":null,"Zip4":null,"MAK":null,"AddressType":null,"RBDI":null,"Results":null,"NoSuffix":""},{"Number":"","Street":"caulfield","Suffix":"rd","City":"","State":"","Zip":"01778","StreetName":"Caulfield Rd","Address":null,"StateName":null,"Zip4":null,"MAK":null,"AddressType":null,"RBDI":null,"Results":null,"NoSuffix":""},{"Number":"","Street":"cedar crest","Suffix":"rd","City":"","State":"","Zip":"01778","StreetName":"Cedar Crest Rd","Address":null,"StateName":null,"Zip4":null,"MAK":null,"AddressType":null,"RBDI":null,"Results":null,"NoSuffix":""},{"Number":"","Street":"center","Suffix":"st","City":"","State":"","Zip":"01778","StreetName":"Center St","Address":null,"StateName":null,"Zip4":null,"MAK":null,"AddressType":null,"RBDI":null,"Results":null,"NoSuffix":""},{"Number":"","Street":"charena","Suffix":"rd","City":"","State":"","Zip":"01778","StreetName":"Charena Rd","Address":null,"StateName":null,"Zip4":null,"MAK":null,"AddressType":null,"RBDI":null,"Results":null,"NoSuffix":""},{"Number":"","Street":"charles","Suffix":"st","City":"","State":"","Zip":"01778","StreetName":"Charles St","Address":null,"StateName":null,"Zip4":null,"MAK":null,"AddressType":null,"RBDI":null,"Results":null,"NoSuffix":""},{"Number":"","Street":"chestnut","Suffix":"rd","City":"","State":"","Zip":"01778","StreetName":"Chestnut Rd","Address":null,"StateName":null,"Zip4":null,"MAK":null,"AddressType":null,"RBDI":null,"Results":null,"NoSuffix":""},{"Number":"","Street":"christina","Suffix":"","City":"","State":"","Zip":"01778","StreetName":"Christina","Address":null,"StateName":null,"Zip4":null,"MAK":null,"AddressType":null,"RBDI":null,"Results":null,"NoSuffix":"t"},{"Number":"","Street":"clarence","Suffix":"rd","City":"","State":"","Zip":"01778","StreetName":"Clarence Rd","Address":null,"StateName":null,"Zip4":null,"MAK":null,"AddressType":null,"RBDI":null,"Results":null,"NoSuffix":""},{"Number":"","Street":"claypit hill","Suffix":"rd","City":"","State":"","Zip":"01778","StreetName":"Claypit Hill Rd","Address":null,"StateName":null,"Zip4":null,"MAK":null,"AddressType":null,"RBDI":null,"Results":null,"NoSuffix":""},{"Number":"","Street":"clubhouse","Suffix":"ln","City":"","State":"","Zip":"01778","StreetName":"Clubhouse Ln","Address":null,"StateName":null,"Zip4":null,"MAK":null,"AddressType":null,"RBDI":null,"Results":null,"NoSuffix":""},{"Number":"","Street":"cobblestone","Suffix":"cir","City":"","State":"","Zip":"01778","StreetName":"Cobblestone Cir","Address":null,"StateName":null,"Zip4":null,"MAK":null,"AddressType":null,"RBDI":null,"Results":null,"NoSuffix":""},{"Number":"","Street":"cochituate","Suffix":"rd","City":"","State":"","Zip":"01778","StreetName":"Cochituate Rd","Address":null,"StateName":null,"Zip4":null,"MAK":null,"AddressType":null,"RBDI":null,"Results":null,"NoSuffix":""},{"Number":"","Street":"cole","Suffix":"rd","City":"","State":"","Zip":"01778","StreetName":"Cole Rd","Address":null,"StateName":null,"Zip4":null,"MAK":null,"AddressType":null,"RBDI":null,"Results":null,"NoSuffix":""},{"Number":"","Street":"coltsway","Suffix":"","City":"","State":"","Zip":"01778","StreetName":"Coltsway","Address":null,"StateName":null,"Zip4":null,"MAK":null,"AddressType":null,"RBDI":null,"Results":null,"NoSuffix":"t"},{"Number":"","Street":"commonwealth","Suffix":"rd","City":"","State":"","Zip":"01778","StreetName":"Commonwealth Rd","Address":null,"StateName":null,"Zip4":null,"MAK":null,"AddressType":null,"RBDI":null,"Results":null,"NoSuffix":""},{"Number":"","Street":"concord","Suffix":"rd","City":"","State":"","Zip":"01778","StreetName":"Concord Rd","Address":null,"StateName":null,"Zip4":null,"MAK":null,"AddressType":null,"RBDI":null,"Results":null,"NoSuffix":""},{"Number":"","Street":"coolidge","Suffix":"rd","City":"","State":"","Zip":"01778","StreetName":"Coolidge Rd","Address":null,"StateName":null,"Zip4":null,"MAK":null,"AddressType":null,"RBDI":null,"Results":null,"NoSuffix":""},{"Number":"","Street":"cormans","Suffix":"ln","City":"","State":"","Zip":"01778","StreetName":"Cormans Ln","Address":null,"StateName":null,"Zip4":null,"MAK":null,"AddressType":null,"RBDI":null,"Results":null,"NoSuffix":""},{"Number":"","Street":"cottage","Suffix":"rd","City":"","State":"","Zip":"01778","StreetName":"Cottage Rd","Address":null,"StateName":null,"Zip4":null,"MAK":null,"AddressType":null,"RBDI":null,"Results":null,"NoSuffix":""},{"Number":"","Street":"country corners","Suffix":"rd","City":"","State":"","Zip":"01778","StreetName":"Country Corners Rd","Address":null,"StateName":null,"Zip4":null,"MAK":null,"AddressType":null,"RBDI":null,"Results":null,"NoSuffix":""},{"Number":"","Street":"covered bridge","Suffix":"ln","City":"","State":"","Zip":"01778","StreetName":"Covered Bridge Ln","Address":null,"StateName":null,"Zip4":null,"MAK":null,"AddressType":null,"RBDI":null,"Results":null,"NoSuffix":""},{"Number":"","Street":"crest","Suffix":"rd","City":"","State":"","Zip":"01778","StreetName":"Crest Rd","Address":null,"StateName":null,"Zip4":null,"MAK":null,"AddressType":null,"RBDI":null,"Results":null,"NoSuffix":""},{"Number":"","Street":"cross","Suffix":"st","City":"","State":"","Zip":"01778","StreetName":"Cross St","Address":null,"StateName":null,"Zip4":null,"MAK":null,"AddressType":null,"RBDI":null,"Results":null,"NoSuffix":""},{"Number":"","Street":"cutting cross","Suffix":"way","City":"","State":"","Zip":"01778","StreetName":"Cutting Cross Way","Address":null,"StateName":null,"Zip4":null,"MAK":null,"AddressType":null,"RBDI":null,"Results":null,"NoSuffix":""},{"Number":"","Street":"dahlia","Suffix":"dr","City":"","State":"","Zip":"01778","StreetName":"Dahlia Dr","Address":null,"StateName":null,"Zip4":null,"MAK":null,"AddressType":null,"RBDI":null,"Results":null,"NoSuffix":""},{"Number":"","Street":"dairy farm","Suffix":"ln","City":"","State":"","Zip":"01778","StreetName":"Dairy Farm Ln","Address":null,"StateName":null,"Zip4":null,"MAK":null,"AddressType":null,"RBDI":null,"Results":null,"NoSuffix":""},{"Number":"","Street":"damon","Suffix":"st","City":"","State":"","Zip":"01778","StreetName":"Damon St","Address":null,"StateName":null,"Zip4":null,"MAK":null,"AddressType":null,"RBDI":null,"Results":null,"NoSuffix":""},{"Number":"","Street":"dangelo","Suffix":"rd","City":"","State":"","Zip":"01778","StreetName":"Dangelo Rd","Address":null,"StateName":null,"Zip4":null,"MAK":null,"AddressType":null,"RBDI":null,"Results":null,"NoSuffix":""},{"Number":"","Street":"davelin","Suffix":"rd","City":"","State":"","Zip":"01778","StreetName":"Davelin Rd","Address":null,"StateName":null,"Zip4":null,"MAK":null,"AddressType":null,"RBDI":null,"Results":null,"NoSuffix":""},{"Number":"","Street":"daybreak","Suffix":"","City":"","State":"","Zip":"01778","StreetName":"Daybreak","Address":null,"StateName":null,"Zip4":null,"MAK":null,"AddressType":null,"RBDI":null,"Results":null,"NoSuffix":"t"},{"Number":"","Street":"dean","Suffix":"rd","City":"","State":"","Zip":"01778","StreetName":"Dean Rd","Address":null,"StateName":null,"Zip4":null,"MAK":null,"AddressType":null,"RBDI":null,"Results":null,"NoSuffix":""},{"Number":"","Street":"decatur","Suffix":"ln","City":"","State":"","Zip":"01778","StreetName":"Decatur Ln","Address":null,"StateName":null,"Zip4":null,"MAK":null,"AddressType":null,"RBDI":null,"Results":null,"NoSuffix":""},{"Number":"","Street":"decolores","Suffix":"dr","City":"","State":"","Zip":"01778","StreetName":"Decolores Dr","Address":null,"StateName":null,"Zip4":null,"MAK":null,"AddressType":null,"RBDI":null,"Results":null,"NoSuffix":""},{"Number":"","Street":"deer","Suffix":"run","City":"","State":"","Zip":"01778","StreetName":"Deer Run","Address":null,"StateName":null,"Zip4":null,"MAK":null,"AddressType":null,"RBDI":null,"Results":null,"NoSuffix":""},{"Number":"","Street":"doran","Suffix":"rd","City":"","State":"","Zip":"01778","StreetName":"Doran Rd","Address":null,"StateName":null,"Zip4":null,"MAK":null,"AddressType":null,"RBDI":null,"Results":null,"NoSuffix":""},{"Number":"","Street":"draper","Suffix":"rd","City":"","State":"","Zip":"01778","StreetName":"Draper Rd","Address":null,"StateName":null,"Zip4":null,"MAK":null,"AddressType":null,"RBDI":null,"Results":null,"NoSuffix":""},{"Number":"","Street":"dudley","Suffix":"rd","City":"","State":"","Zip":"01778","StreetName":"Dudley Rd","Address":null,"StateName":null,"Zip4":null,"MAK":null,"AddressType":null,"RBDI":null,"Results":null,"NoSuffix":""},{"Number":"","Street":"dunster","Suffix":"ave","City":"","State":"","Zip":"01778","StreetName":"Dunster Ave","Address":null,"StateName":null,"Zip4":null,"MAK":null,"AddressType":null,"RBDI":null,"Results":null,"NoSuffix":""},{"Number":"","Street":"dylans","Suffix":"cir","City":"","State":"","Zip":"01778","StreetName":"Dylans Cir","Address":null,"StateName":null,"Zip4":null,"MAK":null,"AddressType":null,"RBDI":null,"Results":null,"NoSuffix":""},{"Number":"","Street":"east","Suffix":"rd","City":"","State":"","Zip":"01778","StreetName":"East Rd","Address":null,"StateName":null,"Zip4":null,"MAK":null,"AddressType":null,"RBDI":null,"Results":null,"NoSuffix":""},{"Number":"","Street":"eden","Suffix":"rd","City":"","State":"","Zip":"01778","StreetName":"Eden Rd","Address":null,"StateName":null,"Zip4":null,"MAK":null,"AddressType":null,"RBDI":null,"Results":null,"NoSuffix":""},{"Number":"","Street":"edgewood","Suffix":"rd","City":"","State":"","Zip":"01778","StreetName":"Edgewood Rd","Address":null,"StateName":null,"Zip4":null,"MAK":null,"AddressType":null,"RBDI":null,"Results":null,"NoSuffix":""},{"Number":"","Street":"elissa","Suffix":"ave","City":"","State":"","Zip":"01778","StreetName":"Elissa Ave","Address":null,"StateName":null,"Zip4":null,"MAK":null,"AddressType":null,"RBDI":null,"Results":null,"NoSuffix":""},{"Number":"","Street":"elizabeth","Suffix":"rd","City":"","State":"","Zip":"01778","StreetName":"Elizabeth Rd","Address":null,"StateName":null,"Zip4":null,"MAK":null,"AddressType":null,"RBDI":null,"Results":null,"NoSuffix":""},{"Number":"","Street":"ellen mary","Suffix":"way","City":"","State":"","Zip":"01778","StreetName":"Ellen Mary Way","Address":null,"StateName":null,"Zip4":null,"MAK":null,"AddressType":null,"RBDI":null,"Results":null,"NoSuffix":""},{"Number":"","Street":"ellie","Suffix":"ln","City":"","State":"","Zip":"01778","StreetName":"Ellie Ln","Address":null,"StateName":null,"Zip4":null,"MAK":null,"AddressType":null,"RBDI":null,"Results":null,"NoSuffix":""},{"Number":"","Street":"emerson","Suffix":"rd","City":"","State":"","Zip":"01778","StreetName":"Emerson Rd","Address":null,"StateName":null,"Zip4":null,"MAK":null,"AddressType":null,"RBDI":null,"Results":null,"NoSuffix":""},{"Number":"","Street":"erwin","Suffix":"rd","City":"","State":"","Zip":"01778","StreetName":"Erwin Rd","Address":null,"StateName":null,"Zip4":null,"MAK":null,"AddressType":null,"RBDI":null,"Results":null,"NoSuffix":""},{"Number":"","Street":"essex","Suffix":"","City":"","State":"","Zip":"01778","StreetName":"Essex","Address":null,"StateName":null,"Zip4":null,"MAK":null,"AddressType":null,"RBDI":null,"Results":null,"NoSuffix":"t"},{"Number":"","Street":"fairfield","Suffix":"rd","City":"","State":"","Zip":"01778","StreetName":"Fairfield Rd","Address":null,"StateName":null,"Zip4":null,"MAK":null,"AddressType":null,"RBDI":null,"Results":null,"NoSuffix":""},{"Number":"","Street":"farmcrest","Suffix":"ln","City":"","State":"","Zip":"01778","StreetName":"Farmcrest Ln","Address":null,"StateName":null,"Zip4":null,"MAK":null,"AddressType":null,"RBDI":null,"Results":null,"NoSuffix":""},{"Number":"","Street":"fiddlehead","Suffix":"ln","City":"","State":"","Zip":"01778","StreetName":"Fiddlehead Ln","Address":null,"StateName":null,"Zip4":null,"MAK":null,"AddressType":null,"RBDI":null,"Results":null,"NoSuffix":""},{"Number":"","Street":"fields","Suffix":"ln","City":"","State":"","Zip":"01778","StreetName":"Fields Ln","Address":null,"StateName":null,"Zip4":null,"MAK":null,"AddressType":null,"RBDI":null,"Results":null,"NoSuffix":""},{"Number":"","Street":"folsom pond","Suffix":"rd","City":"","State":"","Zip":"01778","StreetName":"Folsom Pond Rd","Address":null,"StateName":null,"Zip4":null,"MAK":null,"AddressType":null,"RBDI":null,"Results":null,"NoSuffix":""},{"Number":"","Street":"forest hill","Suffix":"rd","City":"","State":"","Zip":"01778","StreetName":"Forest Hill Rd","Address":null,"StateName":null,"Zip4":null,"MAK":null,"AddressType":null,"RBDI":null,"Results":null,"NoSuffix":""},{"Number":"","Street":"forty acres","Suffix":"dr","City":"","State":"","Zip":"01778","StreetName":"Forty Acres Dr","Address":null,"StateName":null,"Zip4":null,"MAK":null,"AddressType":null,"RBDI":null,"Results":null,"NoSuffix":""},{"Number":"","Street":"fox","Suffix":"holw","City":"","State":"","Zip":"01778","StreetName":"Fox Holw","Address":null,"StateName":null,"Zip4":null,"MAK":null,"AddressType":null,"RBDI":null,"Results":null,"NoSuffix":""},{"Number":"","Street":"fox meadow","Suffix":"ln","City":"","State":"","Zip":"01778","StreetName":"Fox Meadow Ln","Address":null,"StateName":null,"Zip4":null,"MAK":null,"AddressType":null,"RBDI":null,"Results":null,"NoSuffix":""},{"Number":"","Street":"french","Suffix":"ave","City":"","State":"","Zip":"01778","StreetName":"French Ave","Address":null,"StateName":null,"Zip4":null,"MAK":null,"AddressType":null,"RBDI":null,"Results":null,"NoSuffix":""},{"Number":"","Street":"fuller","Suffix":"rd","City":"","State":"","Zip":"01778","StreetName":"Fuller Rd","Address":null,"StateName":null,"Zip4":null,"MAK":null,"AddressType":null,"RBDI":null,"Results":null,"NoSuffix":""},{"Number":"","Street":"gage","Suffix":"rd","City":"","State":"","Zip":"01778","StreetName":"Gage Rd","Address":null,"StateName":null,"Zip4":null,"MAK":null,"AddressType":null,"RBDI":null,"Results":null,"NoSuffix":""},{"Number":"","Street":"gammons","Suffix":"way","City":"","State":"","Zip":"01778","StreetName":"Gammons Way","Address":null,"StateName":null,"Zip4":null,"MAK":null,"AddressType":null,"RBDI":null,"Results":null,"NoSuffix":""},{"Number":"","Street":"garden","Suffix":"path","City":"","State":"","Zip":"01778","StreetName":"Garden Path","Address":null,"StateName":null,"Zip4":null,"MAK":null,"AddressType":null,"RBDI":null,"Results":null,"NoSuffix":""},{"Number":"","Street":"gennaro","Suffix":"cir","City":"","State":"","Zip":"01778","StreetName":"Gennaro Cir","Address":null,"StateName":null,"Zip4":null,"MAK":null,"AddressType":null,"RBDI":null,"Results":null,"NoSuffix":""},{"Number":"","Street":"george","Suffix":"st","City":"","State":"","Zip":"01778","StreetName":"George St","Address":null,"StateName":null,"Zip4":null,"MAK":null,"AddressType":null,"RBDI":null,"Results":null,"NoSuffix":""},{"Number":"","Street":"glen","Suffix":"rd","City":"","State":"","Zip":"01778","StreetName":"Glen Rd","Address":null,"StateName":null,"Zip4":null,"MAK":null,"AddressType":null,"RBDI":null,"Results":null,"NoSuffix":""},{"Number":"","Street":"glen oak","Suffix":"dr","City":"","State":"","Zip":"01778","StreetName":"Glen Oak Dr","Address":null,"StateName":null,"Zip4":null,"MAK":null,"AddressType":null,"RBDI":null,"Results":null,"NoSuffix":""},{"Number":"","Street":"glezen","Suffix":"ln","City":"","State":"","Zip":"01778","StreetName":"Glezen Ln","Address":null,"StateName":null,"Zip4":null,"MAK":null,"AddressType":null,"RBDI":null,"Results":null,"NoSuffix":""},{"Number":"","Street":"glover","Suffix":"rd","City":"","State":"","Zip":"01778","StreetName":"Glover Rd","Address":null,"StateName":null,"Zip4":null,"MAK":null,"AddressType":null,"RBDI":null,"Results":null,"NoSuffix":""},{"Number":"","Street":"goodman","Suffix":"ln","City":"","State":"","Zip":"01778","StreetName":"Goodman Ln","Address":null,"StateName":null,"Zip4":null,"MAK":null,"AddressType":null,"RBDI":null,"Results":null,"NoSuffix":""},{"Number":"","Street":"grace","Suffix":"rd","City":"","State":"","Zip":"01778","StreetName":"Grace Rd","Address":null,"StateName":null,"Zip4":null,"MAK":null,"AddressType":null,"RBDI":null,"Results":null,"NoSuffix":""},{"Number":"","Street":"gray birch","Suffix":"ln","City":"","State":"","Zip":"01778","StreetName":"Gray Birch Ln","Address":null,"StateName":null,"Zip4":null,"MAK":null,"AddressType":null,"RBDI":null,"Results":null,"NoSuffix":""},{"Number":"","Street":"green","Suffix":"way","City":"","State":"","Zip":"01778","StreetName":"Green Way","Address":null,"StateName":null,"Zip4":null,"MAK":null,"AddressType":null,"RBDI":null,"Results":null,"NoSuffix":""},{"Number":"","Street":"gregory","Suffix":"ln","City":"","State":"","Zip":"01778","StreetName":"Gregory Ln","Address":null,"StateName":null,"Zip4":null,"MAK":null,"AddressType":null,"RBDI":null,"Results":null,"NoSuffix":""},{"Number":"","Street":"griffin","Suffix":"cir","City":"","State":"","Zip":"01778","StreetName":"Griffin Cir","Address":null,"StateName":null,"Zip4":null,"MAK":null,"AddressType":null,"RBDI":null,"Results":null,"NoSuffix":""},{"Number":"","Street":"griscom","Suffix":"rd","City":"","State":"","Zip":"01778","StreetName":"Griscom Rd","Address":null,"StateName":null,"Zip4":null,"MAK":null,"AddressType":null,"RBDI":null,"Results":null,"NoSuffix":""},{"Number":"","Street":"grove","Suffix":"st","City":"","State":"","Zip":"01778","StreetName":"Grove St","Address":null,"StateName":null,"Zip4":null,"MAK":null,"AddressType":null,"RBDI":null,"Results":null,"NoSuffix":""},{"Number":"","Street":"hammond","Suffix":"rd","City":"","State":"","Zip":"01778","StreetName":"Hammond Rd","Address":null,"StateName":null,"Zip4":null,"MAK":null,"AddressType":null,"RBDI":null,"Results":null,"NoSuffix":""},{"Number":"","Street":"hampshire","Suffix":"ct","City":"","State":"","Zip":"01778","StreetName":"Hampshire Ct","Address":null,"StateName":null,"Zip4":null,"MAK":null,"AddressType":null,"RBDI":null,"Results":null,"NoSuffix":""},{"Number":"","Street":"hampshire","Suffix":"rd","City":"","State":"","Zip":"01778","StreetName":"Hampshire Rd","Address":null,"StateName":null,"Zip4":null,"MAK":null,"AddressType":null,"RBDI":null,"Results":null,"NoSuffix":""},{"Number":"","Street":"happy hollow","Suffix":"rd","City":"","State":"","Zip":"01778","StreetName":"Happy Hollow Rd","Address":null,"StateName":null,"Zip4":null,"MAK":null,"AddressType":null,"RBDI":null,"Results":null,"NoSuffix":""},{"Number":"","Street":"harrison","Suffix":"st","City":"","State":"","Zip":"01778","StreetName":"Harrison St","Address":null,"StateName":null,"Zip4":null,"MAK":null,"AddressType":null,"RBDI":null,"Results":null,"NoSuffix":""},{"Number":"","Street":"hastings","Suffix":"way","City":"","State":"","Zip":"01778","StreetName":"Hastings Way","Address":null,"StateName":null,"Zip4":null,"MAK":null,"AddressType":null,"RBDI":null,"Results":null,"NoSuffix":""},{"Number":"","Street":"haven","Suffix":"ln","City":"","State":"","Zip":"01778","StreetName":"Haven Ln","Address":null,"StateName":null,"Zip4":null,"MAK":null,"AddressType":null,"RBDI":null,"Results":null,"NoSuffix":""},{"Number":"","Street":"hawthorne","Suffix":"rd","City":"","State":"","Zip":"01778","StreetName":"Hawthorne Rd","Address":null,"StateName":null,"Zip4":null,"MAK":null,"AddressType":null,"RBDI":null,"Results":null,"NoSuffix":""},{"Number":"","Street":"hayfield","Suffix":"ln","City":"","State":"","Zip":"01778","StreetName":"Hayfield Ln","Address":null,"StateName":null,"Zip4":null,"MAK":null,"AddressType":null,"RBDI":null,"Results":null,"NoSuffix":""},{"Number":"","Street":"hayward","Suffix":"rd","City":"","State":"","Zip":"01778","StreetName":"Hayward Rd","Address":null,"StateName":null,"Zip4":null,"MAK":null,"AddressType":null,"RBDI":null,"Results":null,"NoSuffix":""},{"Number":"","Street":"hazelbrook","Suffix":"ln","City":"","State":"","Zip":"01778","StreetName":"Hazelbrook Ln","Address":null,"StateName":null,"Zip4":null,"MAK":null,"AddressType":null,"RBDI":null,"Results":null,"NoSuffix":""},{"Number":"","Street":"heard","Suffix":"rd","City":"","State":"","Zip":"01778","StreetName":"Heard Rd","Address":null,"StateName":null,"Zip4":null,"MAK":null,"AddressType":null,"RBDI":null,"Results":null,"NoSuffix":""},{"Number":"","Street":"hearthstone","Suffix":"cir","City":"","State":"","Zip":"01778","StreetName":"Hearthstone Cir","Address":null,"StateName":null,"Zip4":null,"MAK":null,"AddressType":null,"RBDI":null,"Results":null,"NoSuffix":""},{"Number":"","Street":"hemlock","Suffix":"rd","City":"","State":"","Zip":"01778","StreetName":"Hemlock Rd","Address":null,"StateName":null,"Zip4":null,"MAK":null,"AddressType":null,"RBDI":null,"Results":null,"NoSuffix":""},{"Number":"","Street":"hereford","Suffix":"rd","City":"","State":"","Zip":"01778","StreetName":"Hereford Rd","Address":null,"StateName":null,"Zip4":null,"MAK":null,"AddressType":null,"RBDI":null,"Results":null,"NoSuffix":""},{"Number":"","Street":"herland","Suffix":"way","City":"","State":"","Zip":"01778","StreetName":"Herland Way","Address":null,"StateName":null,"Zip4":null,"MAK":null,"AddressType":null,"RBDI":null,"Results":null,"NoSuffix":""},{"Number":"","Street":"hickory hill","Suffix":"rd","City":"","State":"","Zip":"01778","StreetName":"Hickory Hill Rd","Address":null,"StateName":null,"Zip4":null,"MAK":null,"AddressType":null,"RBDI":null,"Results":null,"NoSuffix":""},{"Number":"","Street":"hidden springs","Suffix":"ln","City":"","State":"","Zip":"01778","StreetName":"Hidden Springs Ln","Address":null,"StateName":null,"Zip4":null,"MAK":null,"AddressType":null,"RBDI":null,"Results":null,"NoSuffix":""},{"Number":"","Street":"high rock","Suffix":"rd","City":"","State":"","Zip":"01778","StreetName":"High Rock Rd","Address":null,"StateName":null,"Zip4":null,"MAK":null,"AddressType":null,"RBDI":null,"Results":null,"NoSuffix":""},{"Number":"","Street":"highfields","Suffix":"","City":"","State":"","Zip":"01778","StreetName":"Highfields","Address":null,"StateName":null,"Zip4":null,"MAK":null,"AddressType":null,"RBDI":null,"Results":null,"NoSuffix":"t"},{"Number":"","Street":"highgate","Suffix":"rd","City":"","State":"","Zip":"01778","StreetName":"Highgate Rd","Address":null,"StateName":null,"Zip4":null,"MAK":null,"AddressType":null,"RBDI":null,"Results":null,"NoSuffix":""},{"Number":"","Street":"highland","Suffix":"cir","City":"","State":"","Zip":"01778","StreetName":"Highland Cir","Address":null,"StateName":null,"Zip4":null,"MAK":null,"AddressType":null,"RBDI":null,"Results":null,"NoSuffix":""},{"Number":"","Street":"hill","Suffix":"st","City":"","State":"","Zip":"01778","StreetName":"Hill St","Address":null,"StateName":null,"Zip4":null,"MAK":null,"AddressType":null,"RBDI":null,"Results":null,"NoSuffix":""},{"Number":"","Street":"hillside","Suffix":"dr","City":"","State":"","Zip":"01778","StreetName":"Hillside Dr","Address":null,"StateName":null,"Zip4":null,"MAK":null,"AddressType":null,"RBDI":null,"Results":null,"NoSuffix":""},{"Number":"","Street":"hobbs","Suffix":"rd","City":"","State":"","Zip":"01778","StreetName":"Hobbs Rd","Address":null,"StateName":null,"Zip4":null,"MAK":null,"AddressType":null,"RBDI":null,"Results":null,"NoSuffix":""},{"Number":"","Street":"holbrook","Suffix":"rd","City":"","State":"","Zip":"01778","StreetName":"Holbrook Rd","Address":null,"StateName":null,"Zip4":null,"MAK":null,"AddressType":null,"RBDI":null,"Results":null,"NoSuffix":""},{"Number":"","Street":"holiday","Suffix":"rd","City":"","State":"","Zip":"01778","StreetName":"Holiday Rd","Address":null,"StateName":null,"Zip4":null,"MAK":null,"AddressType":null,"RBDI":null,"Results":null,"NoSuffix":""},{"Number":"","Street":"indian","Suffix":"rd","City":"","State":"","Zip":"01778","StreetName":"Indian Rd","Address":null,"StateName":null,"Zip4":null,"MAK":null,"AddressType":null,"RBDI":null,"Results":null,"NoSuffix":""},{"Number":"","Street":"indian dawn","Suffix":"","City":"","State":"","Zip":"01778","StreetName":"Indian Dawn","Address":null,"StateName":null,"Zip4":null,"MAK":null,"AddressType":null,"RBDI":null,"Results":null,"NoSuffix":"t"},{"Number":"","Street":"indian rock","Suffix":"rd","City":"","State":"","Zip":"01778","StreetName":"Indian Rock Rd","Address":null,"StateName":null,"Zip4":null,"MAK":null,"AddressType":null,"RBDI":null,"Results":null,"NoSuffix":""},{"Number":"","Street":"jeffrey","Suffix":"rd","City":"","State":"","Zip":"01778","StreetName":"Jeffrey Rd","Address":null,"StateName":null,"Zip4":null,"MAK":null,"AddressType":null,"RBDI":null,"Results":null,"NoSuffix":""},{"Number":"","Street":"jennison","Suffix":"rd","City":"","State":"","Zip":"01778","StreetName":"Jennison Rd","Address":null,"StateName":null,"Zip4":null,"MAK":null,"AddressType":null,"RBDI":null,"Results":null,"NoSuffix":""},{"Number":"","Street":"jericho","Suffix":"ln","City":"","State":"","Zip":"01778","StreetName":"Jericho Ln","Address":null,"StateName":null,"Zip4":null,"MAK":null,"AddressType":null,"RBDI":null,"Results":null,"NoSuffix":""},{"Number":"","Street":"joels","Suffix":"way","City":"","State":"","Zip":"01778","StreetName":"Joels Way","Address":null,"StateName":null,"Zip4":null,"MAK":null,"AddressType":null,"RBDI":null,"Results":null,"NoSuffix":""},{"Number":"","Street":"joyce","Suffix":"rd","City":"","State":"","Zip":"01778","StreetName":"Joyce Rd","Address":null,"StateName":null,"Zip4":null,"MAK":null,"AddressType":null,"RBDI":null,"Results":null,"NoSuffix":""},{"Number":"","Street":"juniper","Suffix":"ln","City":"","State":"","Zip":"01778","StreetName":"Juniper Ln","Address":null,"StateName":null,"Zip4":null,"MAK":null,"AddressType":null,"RBDI":null,"Results":null,"NoSuffix":""},{"Number":"","Street":"keith","Suffix":"rd","City":"","State":"","Zip":"01778","StreetName":"Keith Rd","Address":null,"StateName":null,"Zip4":null,"MAK":null,"AddressType":null,"RBDI":null,"Results":null,"NoSuffix":""},{"Number":"","Street":"kelley","Suffix":"ln","City":"","State":"","Zip":"01778","StreetName":"Kelley Ln","Address":null,"StateName":null,"Zip4":null,"MAK":null,"AddressType":null,"RBDI":null,"Results":null,"NoSuffix":""},{"Number":"","Street":"kelsey","Suffix":"rd","City":"","State":"","Zip":"01778","StreetName":"Kelsey Rd","Address":null,"StateName":null,"Zip4":null,"MAK":null,"AddressType":null,"RBDI":null,"Results":null,"NoSuffix":""},{"Number":"","Street":"king","Suffix":"st","City":"","State":"","Zip":"01778","StreetName":"King St","Address":null,"StateName":null,"Zip4":null,"MAK":null,"AddressType":null,"RBDI":null,"Results":null,"NoSuffix":""},{"Number":"","Street":"knollwood","Suffix":"ln","City":"","State":"","Zip":"01778","StreetName":"Knollwood Ln","Address":null,"StateName":null,"Zip4":null,"MAK":null,"AddressType":null,"RBDI":null,"Results":null,"NoSuffix":""},{"Number":"","Street":"lake","Suffix":"rd","City":"","State":"","Zip":"01778","StreetName":"Lake Rd","Address":null,"StateName":null,"Zip4":null,"MAK":null,"AddressType":null,"RBDI":null,"Results":null,"NoSuffix":""},{"Number":"","Street":"lake road","Suffix":"ter","City":"","State":"","Zip":"01778","StreetName":"Lake Road Ter","Address":null,"StateName":null,"Zip4":null,"MAK":null,"AddressType":null,"RBDI":null,"Results":null,"NoSuffix":""},{"Number":"","Street":"lake shore","Suffix":"dr","City":"","State":"","Zip":"01778","StreetName":"Lake Shore Dr","Address":null,"StateName":null,"Zip4":null,"MAK":null,"AddressType":null,"RBDI":null,"Results":null,"NoSuffix":""},{"Number":"","Street":"lakespur","Suffix":"","City":"","State":"","Zip":"01778","StreetName":"Lakespur","Address":null,"StateName":null,"Zip4":null,"MAK":null,"AddressType":null,"RBDI":null,"Results":null,"NoSuffix":"t"},{"Number":"","Street":"lakeview","Suffix":"rd","City":"","State":"","Zip":"01778","StreetName":"Lakeview Rd","Address":null,"StateName":null,"Zip4":null,"MAK":null,"AddressType":null,"RBDI":null,"Results":null,"NoSuffix":""},{"Number":"","Street":"langdon","Suffix":"rd","City":"","State":"","Zip":"01778","StreetName":"Langdon Rd","Address":null,"StateName":null,"Zip4":null,"MAK":null,"AddressType":null,"RBDI":null,"Results":null,"NoSuffix":""},{"Number":"","Street":"launcher","Suffix":"way","City":"","State":"","Zip":"01778","StreetName":"Launcher Way","Address":null,"StateName":null,"Zip4":null,"MAK":null,"AddressType":null,"RBDI":null,"Results":null,"NoSuffix":""},{"Number":"","Street":"lawrence","Suffix":"rd","City":"","State":"","Zip":"01778","StreetName":"Lawrence Rd","Address":null,"StateName":null,"Zip4":null,"MAK":null,"AddressType":null,"RBDI":null,"Results":null,"NoSuffix":""},{"Number":"","Street":"leary","Suffix":"st","City":"","State":"","Zip":"01778","StreetName":"Leary St","Address":null,"StateName":null,"Zip4":null,"MAK":null,"AddressType":null,"RBDI":null,"Results":null,"NoSuffix":""},{"Number":"","Street":"lee","Suffix":"rd","City":"","State":"","Zip":"01778","StreetName":"Lee Rd","Address":null,"StateName":null,"Zip4":null,"MAK":null,"AddressType":null,"RBDI":null,"Results":null,"NoSuffix":""},{"Number":"","Street":"lewis","Suffix":"path","City":"","State":"","Zip":"01778","StreetName":"Lewis Path","Address":null,"StateName":null,"Zip4":null,"MAK":null,"AddressType":null,"RBDI":null,"Results":null,"NoSuffix":""},{"Number":"","Street":"lillian","Suffix":"way","City":"","State":"","Zip":"01778","StreetName":"Lillian Way","Address":null,"StateName":null,"Zip4":null,"MAK":null,"AddressType":null,"RBDI":null,"Results":null,"NoSuffix":""},{"Number":"","Street":"lincoln","Suffix":"rd","City":"","State":"","Zip":"01778","StreetName":"Lincoln Rd","Address":null,"StateName":null,"Zip4":null,"MAK":null,"AddressType":null,"RBDI":null,"Results":null,"NoSuffix":""},{"Number":"","Street":"lingley","Suffix":"ln","City":"","State":"","Zip":"01778","StreetName":"Lingley Ln","Address":null,"StateName":null,"Zip4":null,"MAK":null,"AddressType":null,"RBDI":null,"Results":null,"NoSuffix":""},{"Number":"","Street":"linn","Suffix":"ln","City":"","State":"","Zip":"01778","StreetName":"Linn Ln","Address":null,"StateName":null,"Zip4":null,"MAK":null,"AddressType":null,"RBDI":null,"Results":null,"NoSuffix":""},{"Number":"","Street":"loblolly","Suffix":"ln","City":"","State":"","Zip":"01778","StreetName":"Loblolly Ln","Address":null,"StateName":null,"Zip4":null,"MAK":null,"AddressType":null,"RBDI":null,"Results":null,"NoSuffix":""},{"Number":"","Street":"lodge","Suffix":"rd","City":"","State":"","Zip":"01778","StreetName":"Lodge Rd","Address":null,"StateName":null,"Zip4":null,"MAK":null,"AddressType":null,"RBDI":null,"Results":null,"NoSuffix":""},{"Number":"","Street":"loker","Suffix":"st","City":"","State":"","Zip":"01778","StreetName":"Loker St","Address":null,"StateName":null,"Zip4":null,"MAK":null,"AddressType":null,"RBDI":null,"Results":null,"NoSuffix":""},{"Number":"","Street":"longfellow","Suffix":"rd","City":"","State":"","Zip":"01778","StreetName":"Longfellow Rd","Address":null,"StateName":null,"Zip4":null,"MAK":null,"AddressType":null,"RBDI":null,"Results":null,"NoSuffix":""},{"Number":"","Street":"loring","Suffix":"ln","City":"","State":"","Zip":"01778","StreetName":"Loring Ln","Address":null,"StateName":null,"Zip4":null,"MAK":null,"AddressType":null,"RBDI":null,"Results":null,"NoSuffix":""},{"Number":"","Street":"lundy","Suffix":"ln","City":"","State":"","Zip":"01778","StreetName":"Lundy Ln","Address":null,"StateName":null,"Zip4":null,"MAK":null,"AddressType":null,"RBDI":null,"Results":null,"NoSuffix":""},{"Number":"","Street":"magnolia","Suffix":"dr","City":"","State":"","Zip":"01778","StreetName":"Magnolia Dr","Address":null,"StateName":null,"Zip4":null,"MAK":null,"AddressType":null,"RBDI":null,"Results":null,"NoSuffix":""},{"Number":"","Street":"maguire","Suffix":"rd","City":"","State":"","Zip":"01778","StreetName":"Maguire Rd","Address":null,"StateName":null,"Zip4":null,"MAK":null,"AddressType":null,"RBDI":null,"Results":null,"NoSuffix":""},{"Number":"","Street":"maiden","Suffix":"ln","City":"","State":"","Zip":"01778","StreetName":"Maiden Ln","Address":null,"StateName":null,"Zip4":null,"MAK":null,"AddressType":null,"RBDI":null,"Results":null,"NoSuffix":""},{"Number":"","Street":"main","Suffix":"st","City":"","State":"","Zip":"01778","StreetName":"Main St","Address":null,"StateName":null,"Zip4":null,"MAK":null,"AddressType":null,"RBDI":null,"Results":null,"NoSuffix":""},{"Number":"","Street":"mainstone","Suffix":"rd","City":"","State":"","Zip":"01778","StreetName":"Mainstone Rd","Address":null,"StateName":null,"Zip4":null,"MAK":null,"AddressType":null,"RBDI":null,"Results":null,"NoSuffix":""},{"Number":"","Street":"mansion","Suffix":"rd","City":"","State":"","Zip":"01778","StreetName":"Mansion Rd","Address":null,"StateName":null,"Zip4":null,"MAK":null,"AddressType":null,"RBDI":null,"Results":null,"NoSuffix":""},{"Number":"","Street":"maple","Suffix":"st","City":"","State":"","Zip":"01778","StreetName":"Maple St","Address":null,"StateName":null,"Zip4":null,"MAK":null,"AddressType":null,"RBDI":null,"Results":null,"NoSuffix":""},{"Number":"","Street":"marshall","Suffix":"ter","City":"","State":"","Zip":"01778","StreetName":"Marshall Ter","Address":null,"StateName":null,"Zip4":null,"MAK":null,"AddressType":null,"RBDI":null,"Results":null,"NoSuffix":""},{"Number":"","Street":"massasoit","Suffix":"path","City":"","State":"","Zip":"01778","StreetName":"Massasoit Path","Address":null,"StateName":null,"Zip4":null,"MAK":null,"AddressType":null,"RBDI":null,"Results":null,"NoSuffix":""},{"Number":"","Street":"mathews","Suffix":"dr","City":"","State":"","Zip":"01778","StreetName":"Mathews Dr","Address":null,"StateName":null,"Zip4":null,"MAK":null,"AddressType":null,"RBDI":null,"Results":null,"NoSuffix":""},{"Number":"","Street":"mayflower","Suffix":"path","City":"","State":"","Zip":"01778","StreetName":"Mayflower Path","Address":null,"StateName":null,"Zip4":null,"MAK":null,"AddressType":null,"RBDI":null,"Results":null,"NoSuffix":""},{"Number":"","Street":"meadowview","Suffix":"rd","City":"","State":"","Zip":"01778","StreetName":"Meadowview Rd","Address":null,"StateName":null,"Zip4":null,"MAK":null,"AddressType":null,"RBDI":null,"Results":null,"NoSuffix":""},{"Number":"","Street":"mellen","Suffix":"ln","City":"","State":"","Zip":"01778","StreetName":"Mellen Ln","Address":null,"StateName":null,"Zip4":null,"MAK":null,"AddressType":null,"RBDI":null,"Results":null,"NoSuffix":""},{"Number":"","Street":"melody","Suffix":"ln","City":"","State":"","Zip":"01778","StreetName":"Melody Ln","Address":null,"StateName":null,"Zip4":null,"MAK":null,"AddressType":null,"RBDI":null,"Results":null,"NoSuffix":""},{"Number":"","Street":"melville","Suffix":"pl","City":"","State":"","Zip":"01778","StreetName":"Melville Pl","Address":null,"StateName":null,"Zip4":null,"MAK":null,"AddressType":null,"RBDI":null,"Results":null,"NoSuffix":""},{"Number":"","Street":"michael","Suffix":"rd","City":"","State":"","Zip":"01778","StreetName":"Michael Rd","Address":null,"StateName":null,"Zip4":null,"MAK":null,"AddressType":null,"RBDI":null,"Results":null,"NoSuffix":""},{"Number":"","Street":"millbrook","Suffix":"rd","City":"","State":"","Zip":"01778","StreetName":"Millbrook Rd","Address":null,"StateName":null,"Zip4":null,"MAK":null,"AddressType":null,"RBDI":null,"Results":null,"NoSuffix":""},{"Number":"","Street":"mitchell","Suffix":"st","City":"","State":"","Zip":"01778","StreetName":"Mitchell St","Address":null,"StateName":null,"Zip4":null,"MAK":null,"AddressType":null,"RBDI":null,"Results":null,"NoSuffix":""},{"Number":"","Street":"moore","Suffix":"rd","City":"","State":"","Zip":"01778","StreetName":"Moore Rd","Address":null,"StateName":null,"Zip4":null,"MAK":null,"AddressType":null,"RBDI":null,"Results":null,"NoSuffix":""},{"Number":"","Street":"morrill","Suffix":"dr","City":"","State":"","Zip":"01778","StreetName":"Morrill Dr","Address":null,"StateName":null,"Zip4":null,"MAK":null,"AddressType":null,"RBDI":null,"Results":null,"NoSuffix":""},{"Number":"","Street":"morse","Suffix":"rd","City":"","State":"","Zip":"01778","StreetName":"Morse Rd","Address":null,"StateName":null,"Zip4":null,"MAK":null,"AddressType":null,"RBDI":null,"Results":null,"NoSuffix":""},{"Number":"","Street":"nob hill","Suffix":"rd","City":"","State":"","Zip":"01778","StreetName":"Nob Hill Rd","Address":null,"StateName":null,"Zip4":null,"MAK":null,"AddressType":null,"RBDI":null,"Results":null,"NoSuffix":""},{"Number":"","Street":"nolan farm","Suffix":"rd","City":"","State":"","Zip":"01778","StreetName":"Nolan Farm Rd","Address":null,"StateName":null,"Zip4":null,"MAK":null,"AddressType":null,"RBDI":null,"Results":null,"NoSuffix":""},{"Number":"","Street":"northwoods","Suffix":"ln","City":"","State":"","Zip":"01778","StreetName":"Northwoods Ln","Address":null,"StateName":null,"Zip4":null,"MAK":null,"AddressType":null,"RBDI":null,"Results":null,"NoSuffix":""},{"Number":"","Street":"oak","Suffix":"st","City":"","State":"","Zip":"01778","StreetName":"Oak St","Address":null,"StateName":null,"Zip4":null,"MAK":null,"AddressType":null,"RBDI":null,"Results":null,"NoSuffix":""},{"Number":"","Street":"oak hill","Suffix":"rd","City":"","State":"","Zip":"01778","StreetName":"Oak Hill Rd","Address":null,"StateName":null,"Zip4":null,"MAK":null,"AddressType":null,"RBDI":null,"Results":null,"NoSuffix":""},{"Number":"","Street":"old connecticut","Suffix":"path","City":"","State":"","Zip":"01778","StreetName":"Old Connecticut Path","Address":null,"StateName":null,"Zip4":null,"MAK":null,"AddressType":null,"RBDI":null,"Results":null,"NoSuffix":""},{"Number":"","Street":"old farm","Suffix":"cir","City":"","State":"","Zip":"01778","StreetName":"Old Farm Cir","Address":null,"StateName":null,"Zip4":null,"MAK":null,"AddressType":null,"RBDI":null,"Results":null,"NoSuffix":""},{"Number":"","Street":"old farm","Suffix":"rd","City":"","State":"","Zip":"01778","StreetName":"Old Farm Rd","Address":null,"StateName":null,"Zip4":null,"MAK":null,"AddressType":null,"RBDI":null,"Results":null,"NoSuffix":""},{"Number":"","Street":"old sudbury","Suffix":"rd","City":"","State":"","Zip":"01778","StreetName":"Old Sudbury Rd","Address":null,"StateName":null,"Zip4":null,"MAK":null,"AddressType":null,"RBDI":null,"Results":null,"NoSuffix":""},{"Number":"","Street":"old tavern","Suffix":"rd","City":"","State":"","Zip":"01778","StreetName":"Old Tavern Rd","Address":null,"StateName":null,"Zip4":null,"MAK":null,"AddressType":null,"RBDI":null,"Results":null,"NoSuffix":""},{"Number":"","Street":"old vineyard","Suffix":"way","City":"","State":"","Zip":"01778","StreetName":"Old Vineyard Way","Address":null,"StateName":null,"Zip4":null,"MAK":null,"AddressType":null,"RBDI":null,"Results":null,"NoSuffix":""},{"Number":"","Street":"old weston","Suffix":"rd","City":"","State":"","Zip":"01778","StreetName":"Old Weston Rd","Address":null,"StateName":null,"Zip4":null,"MAK":null,"AddressType":null,"RBDI":null,"Results":null,"NoSuffix":""},{"Number":"","Street":"orchard","Suffix":"ln","City":"","State":"","Zip":"01778","StreetName":"Orchard Ln","Address":null,"StateName":null,"Zip4":null,"MAK":null,"AddressType":null,"RBDI":null,"Results":null,"NoSuffix":""},{"Number":"","Street":"overlook","Suffix":"rd","City":"","State":"","Zip":"01778","StreetName":"Overlook Rd","Address":null,"StateName":null,"Zip4":null,"MAK":null,"AddressType":null,"RBDI":null,"Results":null,"NoSuffix":""},{"Number":"","Street":"oxbow","Suffix":"rd","City":"","State":"","Zip":"01778","StreetName":"Oxbow Rd","Address":null,"StateName":null,"Zip4":null,"MAK":null,"AddressType":null,"RBDI":null,"Results":null,"NoSuffix":""},{"Number":"","Street":"park","Suffix":"ln","City":"","State":"","Zip":"01778","StreetName":"Park Ln","Address":null,"StateName":null,"Zip4":null,"MAK":null,"AddressType":null,"RBDI":null,"Results":null,"NoSuffix":""},{"Number":"","Street":"parkland","Suffix":"dr","City":"","State":"","Zip":"01778","StreetName":"Parkland Dr","Address":null,"StateName":null,"Zip4":null,"MAK":null,"AddressType":null,"RBDI":null,"Results":null,"NoSuffix":""},{"Number":"","Street":"parkridge","Suffix":"rd","City":"","State":"","Zip":"01778","StreetName":"Parkridge Rd","Address":null,"StateName":null,"Zip4":null,"MAK":null,"AddressType":null,"RBDI":null,"Results":null,"NoSuffix":""},{"Number":"","Street":"parmenter","Suffix":"rd","City":"","State":"","Zip":"01778","StreetName":"Parmenter Rd","Address":null,"StateName":null,"Zip4":null,"MAK":null,"AddressType":null,"RBDI":null,"Results":null,"NoSuffix":""},{"Number":"","Street":"peartree","Suffix":"ln","City":"","State":"","Zip":"01778","StreetName":"Peartree Ln","Address":null,"StateName":null,"Zip4":null,"MAK":null,"AddressType":null,"RBDI":null,"Results":null,"NoSuffix":""},{"Number":"","Street":"peck","Suffix":"ave","City":"","State":"","Zip":"01778","StreetName":"Peck Ave","Address":null,"StateName":null,"Zip4":null,"MAK":null,"AddressType":null,"RBDI":null,"Results":null,"NoSuffix":""},{"Number":"","Street":"pelham island","Suffix":"rd","City":"","State":"","Zip":"01778","StreetName":"Pelham Island Rd","Address":null,"StateName":null,"Zip4":null,"MAK":null,"AddressType":null,"RBDI":null,"Results":null,"NoSuffix":""},{"Number":"","Street":"pemberton","Suffix":"rd","City":"","State":"","Zip":"01778","StreetName":"Pemberton Rd","Address":null,"StateName":null,"Zip4":null,"MAK":null,"AddressType":null,"RBDI":null,"Results":null,"NoSuffix":""},{"Number":"","Street":"pequot","Suffix":"rd","City":"","State":"","Zip":"01778","StreetName":"Pequot Rd","Address":null,"StateName":null,"Zip4":null,"MAK":null,"AddressType":null,"RBDI":null,"Results":null,"NoSuffix":""},{"Number":"","Street":"pesce","Suffix":"dr","City":"","State":"","Zip":"01778","StreetName":"Pesce Dr","Address":null,"StateName":null,"Zip4":null,"MAK":null,"AddressType":null,"RBDI":null,"Results":null,"NoSuffix":""},{"Number":"","Street":"pheasant","Suffix":"run","City":"","State":"","Zip":"01778","StreetName":"Pheasant Run","Address":null,"StateName":null,"Zip4":null,"MAK":null,"AddressType":null,"RBDI":null,"Results":null,"NoSuffix":""},{"Number":"","Street":"pickwick","Suffix":"way","City":"","State":"","Zip":"01778","StreetName":"Pickwick Way","Address":null,"StateName":null,"Zip4":null,"MAK":null,"AddressType":null,"RBDI":null,"Results":null,"NoSuffix":""},{"Number":"","Street":"pilgrim","Suffix":"path","City":"","State":"","Zip":"01778","StreetName":"Pilgrim Path","Address":null,"StateName":null,"Zip4":null,"MAK":null,"AddressType":null,"RBDI":null,"Results":null,"NoSuffix":""},{"Number":"","Street":"pine","Suffix":"rd","City":"","State":"","Zip":"01778","StreetName":"Pine Rd","Address":null,"StateName":null,"Zip4":null,"MAK":null,"AddressType":null,"RBDI":null,"Results":null,"NoSuffix":""},{"Number":"","Street":"pine","Suffix":"st","City":"","State":"","Zip":"01778","StreetName":"Pine St","Address":null,"StateName":null,"Zip4":null,"MAK":null,"AddressType":null,"RBDI":null,"Results":null,"NoSuffix":""},{"Number":"","Street":"pine brook","Suffix":"rd","City":"","State":"","Zip":"01778","StreetName":"Pine Brook Rd","Address":null,"StateName":null,"Zip4":null,"MAK":null,"AddressType":null,"RBDI":null,"Results":null,"NoSuffix":""},{"Number":"","Street":"pine needle","Suffix":"rd","City":"","State":"","Zip":"01778","StreetName":"Pine Needle Rd","Address":null,"StateName":null,"Zip4":null,"MAK":null,"AddressType":null,"RBDI":null,"Results":null,"NoSuffix":""},{"Number":"","Street":"pine ridge","Suffix":"rd","City":"","State":"","Zip":"01778","StreetName":"Pine Ridge Rd","Address":null,"StateName":null,"Zip4":null,"MAK":null,"AddressType":null,"RBDI":null,"Results":null,"NoSuffix":""},{"Number":"","Street":"plain","Suffix":"rd","City":"","State":"","Zip":"01778","StreetName":"Plain Rd","Address":null,"StateName":null,"Zip4":null,"MAK":null,"AddressType":null,"RBDI":null,"Results":null,"NoSuffix":""},{"Number":"","Street":"plain","Suffix":"st","City":"","State":"","Zip":"01778","StreetName":"Plain St","Address":null,"StateName":null,"Zip4":null,"MAK":null,"AddressType":null,"RBDI":null,"Results":null,"NoSuffix":""},{"Number":"","Street":"plainview","Suffix":"rd","City":"","State":"","Zip":"01778","StreetName":"Plainview Rd","Address":null,"StateName":null,"Zip4":null,"MAK":null,"AddressType":null,"RBDI":null,"Results":null,"NoSuffix":""},{"Number":"","Street":"pleasant","Suffix":"st","City":"","State":"","Zip":"01778","StreetName":"Pleasant St","Address":null,"StateName":null,"Zip4":null,"MAK":null,"AddressType":null,"RBDI":null,"Results":null,"NoSuffix":""},{"Number":"","Street":"po box","Suffix":"","City":"","State":"","Zip":"01778","StreetName":"Po Box","Address":null,"StateName":null,"Zip4":null,"MAK":null,"AddressType":null,"RBDI":null,"Results":null,"NoSuffix":"t"},{"Number":"","Street":"poets","Suffix":"path","City":"","State":"","Zip":"01778","StreetName":"Poets Path","Address":null,"StateName":null,"Zip4":null,"MAK":null,"AddressType":null,"RBDI":null,"Results":null,"NoSuffix":""},{"Number":"","Street":"pollock","Suffix":"rd","City":"","State":"","Zip":"01778","StreetName":"Pollock Rd","Address":null,"StateName":null,"Zip4":null,"MAK":null,"AddressType":null,"RBDI":null,"Results":null,"NoSuffix":""},{"Number":"","Street":"pond","Suffix":"dr","City":"","State":"","Zip":"01778","StreetName":"Pond Dr","Address":null,"StateName":null,"Zip4":null,"MAK":null,"AddressType":null,"RBDI":null,"Results":null,"NoSuffix":""},{"Number":"","Street":"priscilla","Suffix":"path","City":"","State":"","Zip":"01778","StreetName":"Priscilla Path","Address":null,"StateName":null,"Zip4":null,"MAK":null,"AddressType":null,"RBDI":null,"Results":null,"NoSuffix":""},{"Number":"","Street":"quincy","Suffix":"rd","City":"","State":"","Zip":"01778","StreetName":"Quincy Rd","Address":null,"StateName":null,"Zip4":null,"MAK":null,"AddressType":null,"RBDI":null,"Results":null,"NoSuffix":""},{"Number":"","Street":"ravine","Suffix":"rd","City":"","State":"","Zip":"01778","StreetName":"Ravine Rd","Address":null,"StateName":null,"Zip4":null,"MAK":null,"AddressType":null,"RBDI":null,"Results":null,"NoSuffix":""},{"Number":"","Street":"red barn","Suffix":"rd","City":"","State":"","Zip":"01778","StreetName":"Red Barn Rd","Address":null,"StateName":null,"Zip4":null,"MAK":null,"AddressType":null,"RBDI":null,"Results":null,"NoSuffix":""},{"Number":"","Street":"reservoir","Suffix":"rd","City":"","State":"","Zip":"01778","StreetName":"Reservoir Rd","Address":null,"StateName":null,"Zip4":null,"MAK":null,"AddressType":null,"RBDI":null,"Results":null,"NoSuffix":""},{"Number":"","Street":"rice","Suffix":"rd","City":"","State":"","Zip":"01778","StreetName":"Rice Rd","Address":null,"StateName":null,"Zip4":null,"MAK":null,"AddressType":null,"RBDI":null,"Results":null,"NoSuffix":""},{"Number":"","Street":"rice spring","Suffix":"ln","City":"","State":"","Zip":"01778","StreetName":"Rice Spring Ln","Address":null,"StateName":null,"Zip4":null,"MAK":null,"AddressType":null,"RBDI":null,"Results":null,"NoSuffix":""},{"Number":"","Street":"rich valley","Suffix":"rd","City":"","State":"","Zip":"01778","StreetName":"Rich Valley Rd","Address":null,"StateName":null,"Zip4":null,"MAK":null,"AddressType":null,"RBDI":null,"Results":null,"NoSuffix":""},{"Number":"","Street":"richard","Suffix":"rd","City":"","State":"","Zip":"01778","StreetName":"Richard Rd","Address":null,"StateName":null,"Zip4":null,"MAK":null,"AddressType":null,"RBDI":null,"Results":null,"NoSuffix":""},{"Number":"","Street":"ridgefield","Suffix":"rd","City":"","State":"","Zip":"01778","StreetName":"Ridgefield Rd","Address":null,"StateName":null,"Zip4":null,"MAK":null,"AddressType":null,"RBDI":null,"Results":null,"NoSuffix":""},{"Number":"","Street":"ripley","Suffix":"ln","City":"","State":"","Zip":"01778","StreetName":"Ripley Ln","Address":null,"StateName":null,"Zip4":null,"MAK":null,"AddressType":null,"RBDI":null,"Results":null,"NoSuffix":""},{"Number":"","Street":"river","Suffix":"rd","City":"","State":"","Zip":"01778","StreetName":"River Rd","Address":null,"StateName":null,"Zip4":null,"MAK":null,"AddressType":null,"RBDI":null,"Results":null,"NoSuffix":""},{"Number":"","Street":"river rock","Suffix":"way","City":"","State":"","Zip":"01778","StreetName":"River Rock Way","Address":null,"StateName":null,"Zip4":null,"MAK":null,"AddressType":null,"RBDI":null,"Results":null,"NoSuffix":""},{"Number":"","Street":"riverview","Suffix":"ave","City":"","State":"","Zip":"01778","StreetName":"Riverview Ave","Address":null,"StateName":null,"Zip4":null,"MAK":null,"AddressType":null,"RBDI":null,"Results":null,"NoSuffix":""},{"Number":"","Street":"riverview","Suffix":"cir","City":"","State":"","Zip":"01778","StreetName":"Riverview Cir","Address":null,"StateName":null,"Zip4":null,"MAK":null,"AddressType":null,"RBDI":null,"Results":null,"NoSuffix":""},{"Number":"","Street":"rolling","Suffix":"ln","City":"","State":"","Zip":"01778","StreetName":"Rolling Ln","Address":null,"StateName":null,"Zip4":null,"MAK":null,"AddressType":null,"RBDI":null,"Results":null,"NoSuffix":""},{"Number":"","Street":"rose hill","Suffix":"ln","City":"","State":"","Zip":"01778","StreetName":"Rose Hill Ln","Address":null,"StateName":null,"Zip4":null,"MAK":null,"AddressType":null,"RBDI":null,"Results":null,"NoSuffix":""},{"Number":"","Street":"rowan field","Suffix":"rd","City":"","State":"","Zip":"01778","StreetName":"Rowan Field Rd","Address":null,"StateName":null,"Zip4":null,"MAK":null,"AddressType":null,"RBDI":null,"Results":null,"NoSuffix":""},{"Number":"","Street":"russell","Suffix":"rd","City":"","State":"","Zip":"01778","StreetName":"Russell Rd","Address":null,"StateName":null,"Zip4":null,"MAK":null,"AddressType":null,"RBDI":null,"Results":null,"NoSuffix":""},{"Number":"","Street":"saddle","Suffix":"ln","City":"","State":"","Zip":"01778","StreetName":"Saddle Ln","Address":null,"StateName":null,"Zip4":null,"MAK":null,"AddressType":null,"RBDI":null,"Results":null,"NoSuffix":""},{"Number":"","Street":"saddlebrook","Suffix":"rd","City":"","State":"","Zip":"01778","StreetName":"Saddlebrook Rd","Address":null,"StateName":null,"Zip4":null,"MAK":null,"AddressType":null,"RBDI":null,"Results":null,"NoSuffix":""},{"Number":"","Street":"sage hill","Suffix":"rd","City":"","State":"","Zip":"01778","StreetName":"Sage Hill Rd","Address":null,"StateName":null,"Zip4":null,"MAK":null,"AddressType":null,"RBDI":null,"Results":null,"NoSuffix":""},{"Number":"","Street":"sandy hill","Suffix":"rd","City":"","State":"","Zip":"01778","StreetName":"Sandy Hill Rd","Address":null,"StateName":null,"Zip4":null,"MAK":null,"AddressType":null,"RBDI":null,"Results":null,"NoSuffix":""},{"Number":"","Street":"school","Suffix":"st","City":"","State":"","Zip":"01778","StreetName":"School St","Address":null,"StateName":null,"Zip4":null,"MAK":null,"AddressType":null,"RBDI":null,"Results":null,"NoSuffix":""},{"Number":"","Street":"sears","Suffix":"rd","City":"","State":"","Zip":"01778","StreetName":"Sears Rd","Address":null,"StateName":null,"Zip4":null,"MAK":null,"AddressType":null,"RBDI":null,"Results":null,"NoSuffix":""},{"Number":"","Street":"sedgemeadow","Suffix":"rd","City":"","State":"","Zip":"01778","StreetName":"Sedgemeadow Rd","Address":null,"StateName":null,"Zip4":null,"MAK":null,"AddressType":null,"RBDI":null,"Results":null,"NoSuffix":""},{"Number":"","Street":"sequin","Suffix":"path","City":"","State":"","Zip":"01778","StreetName":"Sequin Path","Address":null,"StateName":null,"Zip4":null,"MAK":null,"AddressType":null,"RBDI":null,"Results":null,"NoSuffix":""},{"Number":"","Street":"shaw","Suffix":"dr","City":"","State":"","Zip":"01778","StreetName":"Shaw Dr","Address":null,"StateName":null,"Zip4":null,"MAK":null,"AddressType":null,"RBDI":null,"Results":null,"NoSuffix":""},{"Number":"","Street":"shawmut","Suffix":"ave","City":"","State":"","Zip":"01778","StreetName":"Shawmut Ave","Address":null,"StateName":null,"Zip4":null,"MAK":null,"AddressType":null,"RBDI":null,"Results":null,"NoSuffix":""},{"Number":"","Street":"shawmut avenue","Suffix":"ext","City":"","State":"","Zip":"01778","StreetName":"Shawmut Avenue Ext","Address":null,"StateName":null,"Zip4":null,"MAK":null,"AddressType":null,"RBDI":null,"Results":null,"NoSuffix":""},{"Number":"","Street":"sherman bridge","Suffix":"rd","City":"","State":"","Zip":"01778","StreetName":"Sherman Bridge Rd","Address":null,"StateName":null,"Zip4":null,"MAK":null,"AddressType":null,"RBDI":null,"Results":null,"NoSuffix":""},{"Number":"","Street":"shore","Suffix":"dr","City":"","State":"","Zip":"01778","StreetName":"Shore Dr","Address":null,"StateName":null,"Zip4":null,"MAK":null,"AddressType":null,"RBDI":null,"Results":null,"NoSuffix":""},{"Number":"","Street":"simpson","Suffix":"rd","City":"","State":"","Zip":"01778","StreetName":"Simpson Rd","Address":null,"StateName":null,"Zip4":null,"MAK":null,"AddressType":null,"RBDI":null,"Results":null,"NoSuffix":""},{"Number":"","Street":"smokey hill","Suffix":"rd","City":"","State":"","Zip":"01778","StreetName":"Smokey Hill Rd","Address":null,"StateName":null,"Zip4":null,"MAK":null,"AddressType":null,"RBDI":null,"Results":null,"NoSuffix":""},{"Number":"","Street":"snake brook","Suffix":"rd","City":"","State":"","Zip":"01778","StreetName":"Snake Brook Rd","Address":null,"StateName":null,"Zip4":null,"MAK":null,"AddressType":null,"RBDI":null,"Results":null,"NoSuffix":""},{"Number":"","Street":"south","Suffix":"st","City":"","State":"","Zip":"01778","StreetName":"South St","Address":null,"StateName":null,"Zip4":null,"MAK":null,"AddressType":null,"RBDI":null,"Results":null,"NoSuffix":""},{"Number":"","Street":"spencer","Suffix":"cir","City":"","State":"","Zip":"01778","StreetName":"Spencer Cir","Address":null,"StateName":null,"Zip4":null,"MAK":null,"AddressType":null,"RBDI":null,"Results":null,"NoSuffix":""},{"Number":"","Street":"springhill","Suffix":"rd","City":"","State":"","Zip":"01778","StreetName":"Springhill Rd","Address":null,"StateName":null,"Zip4":null,"MAK":null,"AddressType":null,"RBDI":null,"Results":null,"NoSuffix":""},{"Number":"","Street":"spruce tree","Suffix":"ln","City":"","State":"","Zip":"01778","StreetName":"Spruce Tree Ln","Address":null,"StateName":null,"Zip4":null,"MAK":null,"AddressType":null,"RBDI":null,"Results":null,"NoSuffix":""},{"Number":"","Street":"squirrel hill","Suffix":"rd","City":"","State":"","Zip":"01778","StreetName":"Squirrel Hill Rd","Address":null,"StateName":null,"Zip4":null,"MAK":null,"AddressType":null,"RBDI":null,"Results":null,"NoSuffix":""},{"Number":"","Street":"standish","Suffix":"rd","City":"","State":"","Zip":"01778","StreetName":"Standish Rd","Address":null,"StateName":null,"Zip4":null,"MAK":null,"AddressType":null,"RBDI":null,"Results":null,"NoSuffix":""},{"Number":"","Street":"stanton","Suffix":"st","City":"","State":"","Zip":"01778","StreetName":"Stanton St","Address":null,"StateName":null,"Zip4":null,"MAK":null,"AddressType":null,"RBDI":null,"Results":null,"NoSuffix":""},{"Number":"","Street":"steepletree","Suffix":"ln","City":"","State":"","Zip":"01778","StreetName":"Steepletree Ln","Address":null,"StateName":null,"Zip4":null,"MAK":null,"AddressType":null,"RBDI":null,"Results":null,"NoSuffix":""},{"Number":"","Street":"stonebridge","Suffix":"rd","City":"","State":"","Zip":"01778","StreetName":"Stonebridge Rd","Address":null,"StateName":null,"Zip4":null,"MAK":null,"AddressType":null,"RBDI":null,"Results":null,"NoSuffix":""},{"Number":"","Street":"summer","Suffix":"ln","City":"","State":"","Zip":"01778","StreetName":"Summer Ln","Address":null,"StateName":null,"Zip4":null,"MAK":null,"AddressType":null,"RBDI":null,"Results":null,"NoSuffix":""},{"Number":"","Street":"sunset","Suffix":"rd","City":"","State":"","Zip":"01778","StreetName":"Sunset Rd","Address":null,"StateName":null,"Zip4":null,"MAK":null,"AddressType":null,"RBDI":null,"Results":null,"NoSuffix":""},{"Number":"","Street":"sweet grass","Suffix":"ln","City":"","State":"","Zip":"01778","StreetName":"Sweet Grass Ln","Address":null,"StateName":null,"Zip4":null,"MAK":null,"AddressType":null,"RBDI":null,"Results":null,"NoSuffix":""},{"Number":"","Street":"sycamore","Suffix":"rd","City":"","State":"","Zip":"01778","StreetName":"Sycamore Rd","Address":null,"StateName":null,"Zip4":null,"MAK":null,"AddressType":null,"RBDI":null,"Results":null,"NoSuffix":""},{"Number":"","Street":"sylvan","Suffix":"way","City":"","State":"","Zip":"01778","StreetName":"Sylvan Way","Address":null,"StateName":null,"Zip4":null,"MAK":null,"AddressType":null,"RBDI":null,"Results":null,"NoSuffix":""},{"Number":"","Street":"tally ho","Suffix":"ln","City":"","State":"","Zip":"01778","StreetName":"Tally Ho Ln","Address":null,"StateName":null,"Zip4":null,"MAK":null,"AddressType":null,"RBDI":null,"Results":null,"NoSuffix":""},{"Number":"","Street":"thompson","Suffix":"st","City":"","State":"","Zip":"01778","StreetName":"Thompson St","Address":null,"StateName":null,"Zip4":null,"MAK":null,"AddressType":null,"RBDI":null,"Results":null,"NoSuffix":""},{"Number":"","Street":"timber","Suffix":"ln","City":"","State":"","Zip":"01778","StreetName":"Timber Ln","Address":null,"StateName":null,"Zip4":null,"MAK":null,"AddressType":null,"RBDI":null,"Results":null,"NoSuffix":""},{"Number":"","Street":"training field","Suffix":"rd","City":"","State":"","Zip":"01778","StreetName":"Training Field Rd","Address":null,"StateName":null,"Zip4":null,"MAK":null,"AddressType":null,"RBDI":null,"Results":null,"NoSuffix":""},{"Number":"","Street":"trinity","Suffix":"pl","City":"","State":"","Zip":"01778","StreetName":"Trinity Pl","Address":null,"StateName":null,"Zip4":null,"MAK":null,"AddressType":null,"RBDI":null,"Results":null,"NoSuffix":""},{"Number":"","Street":"trout brook","Suffix":"rd","City":"","State":"","Zip":"01778","StreetName":"Trout Brook Rd","Address":null,"StateName":null,"Zip4":null,"MAK":null,"AddressType":null,"RBDI":null,"Results":null,"NoSuffix":""},{"Number":"","Street":"trudeau","Suffix":"ter","City":"","State":"","Zip":"01778","StreetName":"Trudeau Ter","Address":null,"StateName":null,"Zip4":null,"MAK":null,"AddressType":null,"RBDI":null,"Results":null,"NoSuffix":""},{"Number":"","Street":"turkey","Suffix":"hl","City":"","State":"","Zip":"01778","StreetName":"Turkey Hl","Address":null,"StateName":null,"Zip4":null,"MAK":null,"AddressType":null,"RBDI":null,"Results":null,"NoSuffix":""},{"Number":"","Street":"valley view","Suffix":"rd","City":"","State":"","Zip":"01778","StreetName":"Valley View Rd","Address":null,"StateName":null,"Zip4":null,"MAK":null,"AddressType":null,"RBDI":null,"Results":null,"NoSuffix":""},{"Number":"","Street":"village","Suffix":"ln","City":"","State":"","Zip":"01778","StreetName":"Village Ln","Address":null,"StateName":null,"Zip4":null,"MAK":null,"AddressType":null,"RBDI":null,"Results":null,"NoSuffix":""},{"Number":"","Street":"wadsworth","Suffix":"ln","City":"","State":"","Zip":"01778","StreetName":"Wadsworth Ln","Address":null,"StateName":null,"Zip4":null,"MAK":null,"AddressType":null,"RBDI":null,"Results":null,"NoSuffix":""},{"Number":"","Street":"wallace","Suffix":"rd","City":"","State":"","Zip":"01778","StreetName":"Wallace Rd","Address":null,"StateName":null,"Zip4":null,"MAK":null,"AddressType":null,"RBDI":null,"Results":null,"NoSuffix":""},{"Number":"","Street":"waltham","Suffix":"rd","City":"","State":"","Zip":"01778","StreetName":"Waltham Rd","Address":null,"StateName":null,"Zip4":null,"MAK":null,"AddressType":null,"RBDI":null,"Results":null,"NoSuffix":""},{"Number":"","Street":"wampum","Suffix":"path","City":"","State":"","Zip":"01778","StreetName":"Wampum Path","Address":null,"StateName":null,"Zip4":null,"MAK":null,"AddressType":null,"RBDI":null,"Results":null,"NoSuffix":""},{"Number":"","Street":"water","Suffix":"row","City":"","State":"","Zip":"01778","StreetName":"Water Row","Address":null,"StateName":null,"Zip4":null,"MAK":null,"AddressType":null,"RBDI":null,"Results":null,"NoSuffix":""},{"Number":"","Street":"waybridge","Suffix":"ln","City":"","State":"","Zip":"01778","StreetName":"Waybridge Ln","Address":null,"StateName":null,"Zip4":null,"MAK":null,"AddressType":null,"RBDI":null,"Results":null,"NoSuffix":""},{"Number":"","Street":"wayland hills","Suffix":"rd","City":"","State":"","Zip":"01778","StreetName":"Wayland Hills Rd","Address":null,"StateName":null,"Zip4":null,"MAK":null,"AddressType":null,"RBDI":null,"Results":null,"NoSuffix":""},{"Number":"","Street":"wayside","Suffix":"rd","City":"","State":"","Zip":"01778","StreetName":"Wayside Rd","Address":null,"StateName":null,"Zip4":null,"MAK":null,"AddressType":null,"RBDI":null,"Results":null,"NoSuffix":""},{"Number":"","Street":"webster","Suffix":"ln","City":"","State":"","Zip":"01778","StreetName":"Webster Ln","Address":null,"StateName":null,"Zip4":null,"MAK":null,"AddressType":null,"RBDI":null,"Results":null,"NoSuffix":""},{"Number":"","Street":"weir meadow","Suffix":"path","City":"","State":"","Zip":"01778","StreetName":"Weir Meadow Path","Address":null,"StateName":null,"Zip4":null,"MAK":null,"AddressType":null,"RBDI":null,"Results":null,"NoSuffix":""},{"Number":"","Street":"westway","Suffix":"rd","City":"","State":"","Zip":"01778","StreetName":"Westway Rd","Address":null,"StateName":null,"Zip4":null,"MAK":null,"AddressType":null,"RBDI":null,"Results":null,"NoSuffix":""},{"Number":"","Street":"wheelock","Suffix":"rd","City":"","State":"","Zip":"01778","StreetName":"Wheelock Rd","Address":null,"StateName":null,"Zip4":null,"MAK":null,"AddressType":null,"RBDI":null,"Results":null,"NoSuffix":""},{"Number":"","Street":"whispering","Suffix":"ln","City":"","State":"","Zip":"01778","StreetName":"Whispering Ln","Address":null,"StateName":null,"Zip4":null,"MAK":null,"AddressType":null,"RBDI":null,"Results":null,"NoSuffix":""},{"Number":"","Street":"white","Suffix":"rd","City":"","State":"","Zip":"01778","StreetName":"White Rd","Address":null,"StateName":null,"Zip4":null,"MAK":null,"AddressType":null,"RBDI":null,"Results":null,"NoSuffix":""},{"Number":"","Street":"white pine knoll","Suffix":"rd","City":"","State":"","Zip":"01778","StreetName":"White Pine Knoll Rd","Address":null,"StateName":null,"Zip4":null,"MAK":null,"AddressType":null,"RBDI":null,"Results":null,"NoSuffix":""},{"Number":"","Street":"whittemore","Suffix":"ln","City":"","State":"","Zip":"01778","StreetName":"Whittemore Ln","Address":null,"StateName":null,"Zip4":null,"MAK":null,"AddressType":null,"RBDI":null,"Results":null,"NoSuffix":""},{"Number":"","Street":"wildflower","Suffix":"ln","City":"","State":"","Zip":"01778","StreetName":"Wildflower Ln","Address":null,"StateName":null,"Zip4":null,"MAK":null,"AddressType":null,"RBDI":null,"Results":null,"NoSuffix":""},{"Number":"","Street":"wildwood","Suffix":"rd","City":"","State":"","Zip":"01778","StreetName":"Wildwood Rd","Address":null,"StateName":null,"Zip4":null,"MAK":null,"AddressType":null,"RBDI":null,"Results":null,"NoSuffix":""},{"Number":"","Street":"willard","Suffix":"st","City":"","State":"","Zip":"01778","StreetName":"Willard St","Address":null,"StateName":null,"Zip4":null,"MAK":null,"AddressType":null,"RBDI":null,"Results":null,"NoSuffix":""},{"Number":"","Street":"williams","Suffix":"rd","City":"","State":"","Zip":"01778","StreetName":"Williams Rd","Address":null,"StateName":null,"Zip4":null,"MAK":null,"AddressType":null,"RBDI":null,"Results":null,"NoSuffix":""},{"Number":"","Street":"willow","Suffix":"ln","City":"","State":"","Zip":"01778","StreetName":"Willow Ln","Address":null,"StateName":null,"Zip4":null,"MAK":null,"AddressType":null,"RBDI":null,"Results":null,"NoSuffix":""},{"Number":"","Street":"willow brook","Suffix":"dr","City":"","State":"","Zip":"01778","StreetName":"Willow Brook Dr","Address":null,"StateName":null,"Zip4":null,"MAK":null,"AddressType":null,"RBDI":null,"Results":null,"NoSuffix":""},{"Number":"","Street":"windy hill","Suffix":"ln","City":"","State":"","Zip":"01778","StreetName":"Windy Hill Ln","Address":null,"StateName":null,"Zip4":null,"MAK":null,"AddressType":null,"RBDI":null,"Results":null,"NoSuffix":""},{"Number":"","Street":"winter","Suffix":"st","City":"","State":"","Zip":"01778","StreetName":"Winter St","Address":null,"StateName":null,"Zip4":null,"MAK":null,"AddressType":null,"RBDI":null,"Results":null,"NoSuffix":""},{"Number":"","Street":"winthrop","Suffix":"pl","City":"","State":"","Zip":"01778","StreetName":"Winthrop Pl","Address":null,"StateName":null,"Zip4":null,"MAK":null,"AddressType":null,"RBDI":null,"Results":null,"NoSuffix":""},{"Number":"","Street":"winthrop","Suffix":"rd","City":"","State":"","Zip":"01778","StreetName":"Winthrop Rd","Address":null,"StateName":null,"Zip4":null,"MAK":null,"AddressType":null,"RBDI":null,"Results":null,"NoSuffix":""},{"Number":"","Street":"winthrop","Suffix":"ter","City":"","State":"","Zip":"01778","StreetName":"Winthrop Ter","Address":null,"StateName":null,"Zip4":null,"MAK":null,"AddressType":null,"RBDI":null,"Results":null,"NoSuffix":""},{"Number":"","Street":"wisteria","Suffix":"way","City":"","State":"","Zip":"01778","StreetName":"Wisteria Way","Address":null,"StateName":null,"Zip4":null,"MAK":null,"AddressType":null,"RBDI":null,"Results":null,"NoSuffix":""},{"Number":"","Street":"woodland","Suffix":"rd","City":"","State":"","Zip":"01778","StreetName":"Woodland Rd","Address":null,"StateName":null,"Zip4":null,"MAK":null,"AddressType":null,"RBDI":null,"Results":null,"NoSuffix":""},{"Number":"","Street":"woodridge","Suffix":"rd","City":"","State":"","Zip":"01778","StreetName":"Woodridge Rd","Address":null,"StateName":null,"Zip4":null,"MAK":null,"AddressType":null,"RBDI":null,"Results":null,"NoSuffix":""},{"Number":"","Street":"yeager","Suffix":"way","City":"","State":"","Zip":"01778","StreetName":"Yeager Way","Address":null,"StateName":null,"Zip4":null,"MAK":null,"AddressType":null,"RBDI":null,"Results":null,"NoSuffix":""},{"Number":"","Street":"york","Suffix":"rd","City":"","State":"","Zip":"01778","StreetName":"York Rd","Address":null,"StateName":null,"Zip4":null,"MAK":null,"AddressType":null,"RBDI":null,"Results":null,"NoSuffix":""}]