[{"Number":"","Street":"acorn","Suffix":"rd","City":"","State":"","Zip":"01040","StreetName":"Acorn Rd","Address":null,"StateName":null,"Zip4":null,"MAK":null,"AddressType":null,"RBDI":null,"Results":null,"NoSuffix":""},{"Number":"","Street":"adams","Suffix":"st","City":"","State":"","Zip":"01040","StreetName":"Adams St","Address":null,"StateName":null,"Zip4":null,"MAK":null,"AddressType":null,"RBDI":null,"Results":null,"NoSuffix":""},{"Number":"","Street":"albion","Suffix":"st","City":"","State":"","Zip":"01040","StreetName":"Albion St","Address":null,"StateName":null,"Zip4":null,"MAK":null,"AddressType":null,"RBDI":null,"Results":null,"NoSuffix":""},{"Number":"","Street":"alderman","Suffix":"st","City":"","State":"","Zip":"01040","StreetName":"Alderman St","Address":null,"StateName":null,"Zip4":null,"MAK":null,"AddressType":null,"RBDI":null,"Results":null,"NoSuffix":""},{"Number":"","Street":"allyn","Suffix":"st","City":"","State":"","Zip":"01040","StreetName":"Allyn St","Address":null,"StateName":null,"Zip4":null,"MAK":null,"AddressType":null,"RBDI":null,"Results":null,"NoSuffix":""},{"Number":"","Street":"alma","Suffix":"rd","City":"","State":"","Zip":"01040","StreetName":"Alma Rd","Address":null,"StateName":null,"Zip4":null,"MAK":null,"AddressType":null,"RBDI":null,"Results":null,"NoSuffix":""},{"Number":"","Street":"alto","Suffix":"st","City":"","State":"","Zip":"01040","StreetName":"Alto St","Address":null,"StateName":null,"Zip4":null,"MAK":null,"AddressType":null,"RBDI":null,"Results":null,"NoSuffix":""},{"Number":"","Street":"amherst","Suffix":"st","City":"","State":"","Zip":"01040","StreetName":"Amherst St","Address":null,"StateName":null,"Zip4":null,"MAK":null,"AddressType":null,"RBDI":null,"Results":null,"NoSuffix":""},{"Number":"","Street":"anderson","Suffix":"ave","City":"","State":"","Zip":"01040","StreetName":"Anderson Ave","Address":null,"StateName":null,"Zip4":null,"MAK":null,"AddressType":null,"RBDI":null,"Results":null,"NoSuffix":""},{"Number":"","Street":"anderson","Suffix":"hl","City":"","State":"","Zip":"01040","StreetName":"Anderson Hl","Address":null,"StateName":null,"Zip4":null,"MAK":null,"AddressType":null,"RBDI":null,"Results":null,"NoSuffix":""},{"Number":"","Street":"anniversary","Suffix":"rd","City":"","State":"","Zip":"01040","StreetName":"Anniversary Rd","Address":null,"StateName":null,"Zip4":null,"MAK":null,"AddressType":null,"RBDI":null,"Results":null,"NoSuffix":""},{"Number":"","Street":"appleton","Suffix":"st","City":"","State":"","Zip":"01040","StreetName":"Appleton St","Address":null,"StateName":null,"Zip4":null,"MAK":null,"AddressType":null,"RBDI":null,"Results":null,"NoSuffix":""},{"Number":"","Street":"applewood","Suffix":"ln","City":"","State":"","Zip":"01040","StreetName":"Applewood Ln","Address":null,"StateName":null,"Zip4":null,"MAK":null,"AddressType":null,"RBDI":null,"Results":null,"NoSuffix":""},{"Number":"","Street":"apremont","Suffix":"hwy","City":"","State":"","Zip":"01040","StreetName":"Apremont Hwy","Address":null,"StateName":null,"Zip4":null,"MAK":null,"AddressType":null,"RBDI":null,"Results":null,"NoSuffix":""},{"Number":"","Street":"arbor","Suffix":"way","City":"","State":"","Zip":"01040","StreetName":"Arbor Way","Address":null,"StateName":null,"Zip4":null,"MAK":null,"AddressType":null,"RBDI":null,"Results":null,"NoSuffix":""},{"Number":"","Street":"arden","Suffix":"st","City":"","State":"","Zip":"01040","StreetName":"Arden St","Address":null,"StateName":null,"Zip4":null,"MAK":null,"AddressType":null,"RBDI":null,"Results":null,"NoSuffix":""},{"Number":"","Street":"argyle","Suffix":"ave","City":"","State":"","Zip":"01040","StreetName":"Argyle Ave","Address":null,"StateName":null,"Zip4":null,"MAK":null,"AddressType":null,"RBDI":null,"Results":null,"NoSuffix":""},{"Number":"","Street":"arlington","Suffix":"st","City":"","State":"","Zip":"01040","StreetName":"Arlington St","Address":null,"StateName":null,"Zip4":null,"MAK":null,"AddressType":null,"RBDI":null,"Results":null,"NoSuffix":""},{"Number":"","Street":"arnodale","Suffix":"ave","City":"","State":"","Zip":"01040","StreetName":"Arnodale Ave","Address":null,"StateName":null,"Zip4":null,"MAK":null,"AddressType":null,"RBDI":null,"Results":null,"NoSuffix":""},{"Number":"","Street":"arthur","Suffix":"st","City":"","State":"","Zip":"01040","StreetName":"Arthur St","Address":null,"StateName":null,"Zip4":null,"MAK":null,"AddressType":null,"RBDI":null,"Results":null,"NoSuffix":""},{"Number":"","Street":"ashley","Suffix":"rd","City":"","State":"","Zip":"01040","StreetName":"Ashley Rd","Address":null,"StateName":null,"Zip4":null,"MAK":null,"AddressType":null,"RBDI":null,"Results":null,"NoSuffix":""},{"Number":"","Street":"autumn","Suffix":"st","City":"","State":"","Zip":"01040","StreetName":"Autumn St","Address":null,"StateName":null,"Zip4":null,"MAK":null,"AddressType":null,"RBDI":null,"Results":null,"NoSuffix":""},{"Number":"","Street":"avon","Suffix":"pl","City":"","State":"","Zip":"01040","StreetName":"Avon Pl","Address":null,"StateName":null,"Zip4":null,"MAK":null,"AddressType":null,"RBDI":null,"Results":null,"NoSuffix":""},{"Number":"","Street":"barrett","Suffix":"ave","City":"","State":"","Zip":"01040","StreetName":"Barrett Ave","Address":null,"StateName":null,"Zip4":null,"MAK":null,"AddressType":null,"RBDI":null,"Results":null,"NoSuffix":""},{"Number":"","Street":"bassett","Suffix":"rd","City":"","State":"","Zip":"01040","StreetName":"Bassett Rd","Address":null,"StateName":null,"Zip4":null,"MAK":null,"AddressType":null,"RBDI":null,"Results":null,"NoSuffix":""},{"Number":"","Street":"bay state","Suffix":"rd","City":"","State":"","Zip":"01040","StreetName":"Bay State Rd","Address":null,"StateName":null,"Zip4":null,"MAK":null,"AddressType":null,"RBDI":null,"Results":null,"NoSuffix":""},{"Number":"","Street":"bayberry","Suffix":"dr","City":"","State":"","Zip":"01040","StreetName":"Bayberry Dr","Address":null,"StateName":null,"Zip4":null,"MAK":null,"AddressType":null,"RBDI":null,"Results":null,"NoSuffix":""},{"Number":"","Street":"beacon","Suffix":"ave","City":"","State":"","Zip":"01040","StreetName":"Beacon Ave","Address":null,"StateName":null,"Zip4":null,"MAK":null,"AddressType":null,"RBDI":null,"Results":null,"NoSuffix":""},{"Number":"","Street":"beaudoin","Suffix":"ter","City":"","State":"","Zip":"01040","StreetName":"Beaudoin Ter","Address":null,"StateName":null,"Zip4":null,"MAK":null,"AddressType":null,"RBDI":null,"Results":null,"NoSuffix":""},{"Number":"","Street":"beaulieu","Suffix":"st","City":"","State":"","Zip":"01040","StreetName":"Beaulieu St","Address":null,"StateName":null,"Zip4":null,"MAK":null,"AddressType":null,"RBDI":null,"Results":null,"NoSuffix":""},{"Number":"","Street":"beech","Suffix":"st","City":"","State":"","Zip":"01040","StreetName":"Beech St","Address":null,"StateName":null,"Zip4":null,"MAK":null,"AddressType":null,"RBDI":null,"Results":null,"NoSuffix":""},{"Number":"","Street":"belvidere","Suffix":"ave","City":"","State":"","Zip":"01040","StreetName":"Belvidere Ave","Address":null,"StateName":null,"Zip4":null,"MAK":null,"AddressType":null,"RBDI":null,"Results":null,"NoSuffix":""},{"Number":"","Street":"bemis","Suffix":"rd","City":"","State":"","Zip":"01040","StreetName":"Bemis Rd","Address":null,"StateName":null,"Zip4":null,"MAK":null,"AddressType":null,"RBDI":null,"Results":null,"NoSuffix":""},{"Number":"","Street":"berkshire","Suffix":"st","City":"","State":"","Zip":"01040","StreetName":"Berkshire St","Address":null,"StateName":null,"Zip4":null,"MAK":null,"AddressType":null,"RBDI":null,"Results":null,"NoSuffix":""},{"Number":"","Street":"bigelow","Suffix":"st","City":"","State":"","Zip":"01040","StreetName":"Bigelow St","Address":null,"StateName":null,"Zip4":null,"MAK":null,"AddressType":null,"RBDI":null,"Results":null,"NoSuffix":""},{"Number":"","Street":"blackberry","Suffix":"cir","City":"","State":"","Zip":"01040","StreetName":"Blackberry Cir","Address":null,"StateName":null,"Zip4":null,"MAK":null,"AddressType":null,"RBDI":null,"Results":null,"NoSuffix":""},{"Number":"","Street":"blaine","Suffix":"ave","City":"","State":"","Zip":"01040","StreetName":"Blaine Ave","Address":null,"StateName":null,"Zip4":null,"MAK":null,"AddressType":null,"RBDI":null,"Results":null,"NoSuffix":""},{"Number":"","Street":"blossom","Suffix":"ln","City":"","State":"","Zip":"01040","StreetName":"Blossom Ln","Address":null,"StateName":null,"Zip4":null,"MAK":null,"AddressType":null,"RBDI":null,"Results":null,"NoSuffix":""},{"Number":"","Street":"bobala","Suffix":"rd","City":"","State":"","Zip":"01040","StreetName":"Bobala Rd","Address":null,"StateName":null,"Zip4":null,"MAK":null,"AddressType":null,"RBDI":null,"Results":null,"NoSuffix":""},{"Number":"","Street":"bowers","Suffix":"st","City":"","State":"","Zip":"01040","StreetName":"Bowers St","Address":null,"StateName":null,"Zip4":null,"MAK":null,"AddressType":null,"RBDI":null,"Results":null,"NoSuffix":""},{"Number":"","Street":"bray park","Suffix":"dr","City":"","State":"","Zip":"01040","StreetName":"Bray Park Dr","Address":null,"StateName":null,"Zip4":null,"MAK":null,"AddressType":null,"RBDI":null,"Results":null,"NoSuffix":""},{"Number":"","Street":"brenan","Suffix":"st","City":"","State":"","Zip":"01040","StreetName":"Brenan St","Address":null,"StateName":null,"Zip4":null,"MAK":null,"AddressType":null,"RBDI":null,"Results":null,"NoSuffix":""},{"Number":"","Street":"breton","Suffix":"ln","City":"","State":"","Zip":"01040","StreetName":"Breton Ln","Address":null,"StateName":null,"Zip4":null,"MAK":null,"AddressType":null,"RBDI":null,"Results":null,"NoSuffix":""},{"Number":"","Street":"briarwood","Suffix":"dr","City":"","State":"","Zip":"01040","StreetName":"Briarwood Dr","Address":null,"StateName":null,"Zip4":null,"MAK":null,"AddressType":null,"RBDI":null,"Results":null,"NoSuffix":""},{"Number":"","Street":"bridge","Suffix":"st","City":"","State":"","Zip":"01040","StreetName":"Bridge St","Address":null,"StateName":null,"Zip4":null,"MAK":null,"AddressType":null,"RBDI":null,"Results":null,"NoSuffix":""},{"Number":"","Street":"brightside","Suffix":"dr","City":"","State":"","Zip":"01040","StreetName":"Brightside Dr","Address":null,"StateName":null,"Zip4":null,"MAK":null,"AddressType":null,"RBDI":null,"Results":null,"NoSuffix":""},{"Number":"","Street":"brightwood","Suffix":"ave","City":"","State":"","Zip":"01040","StreetName":"Brightwood Ave","Address":null,"StateName":null,"Zip4":null,"MAK":null,"AddressType":null,"RBDI":null,"Results":null,"NoSuffix":""},{"Number":"","Street":"bristol","Suffix":"pl","City":"","State":"","Zip":"01040","StreetName":"Bristol Pl","Address":null,"StateName":null,"Zip4":null,"MAK":null,"AddressType":null,"RBDI":null,"Results":null,"NoSuffix":""},{"Number":"","Street":"brook","Suffix":"st","City":"","State":"","Zip":"01040","StreetName":"Brook St","Address":null,"StateName":null,"Zip4":null,"MAK":null,"AddressType":null,"RBDI":null,"Results":null,"NoSuffix":""},{"Number":"","Street":"brookline","Suffix":"ave","City":"","State":"","Zip":"01040","StreetName":"Brookline Ave","Address":null,"StateName":null,"Zip4":null,"MAK":null,"AddressType":null,"RBDI":null,"Results":null,"NoSuffix":""},{"Number":"","Street":"brookwood","Suffix":"rd","City":"","State":"","Zip":"01040","StreetName":"Brookwood Rd","Address":null,"StateName":null,"Zip4":null,"MAK":null,"AddressType":null,"RBDI":null,"Results":null,"NoSuffix":""},{"Number":"","Street":"brown","Suffix":"ave","City":"","State":"","Zip":"01040","StreetName":"Brown Ave","Address":null,"StateName":null,"Zip4":null,"MAK":null,"AddressType":null,"RBDI":null,"Results":null,"NoSuffix":""},{"Number":"","Street":"bullard","Suffix":"ave","City":"","State":"","Zip":"01040","StreetName":"Bullard Ave","Address":null,"StateName":null,"Zip4":null,"MAK":null,"AddressType":null,"RBDI":null,"Results":null,"NoSuffix":""},{"Number":"","Street":"burns","Suffix":"way","City":"","State":"","Zip":"01040","StreetName":"Burns Way","Address":null,"StateName":null,"Zip4":null,"MAK":null,"AddressType":null,"RBDI":null,"Results":null,"NoSuffix":""},{"Number":"","Street":"cabot","Suffix":"st","City":"","State":"","Zip":"01040","StreetName":"Cabot St","Address":null,"StateName":null,"Zip4":null,"MAK":null,"AddressType":null,"RBDI":null,"Results":null,"NoSuffix":""},{"Number":"","Street":"calumet","Suffix":"rd","City":"","State":"","Zip":"01040","StreetName":"Calumet Rd","Address":null,"StateName":null,"Zip4":null,"MAK":null,"AddressType":null,"RBDI":null,"Results":null,"NoSuffix":""},{"Number":"","Street":"canal","Suffix":"st","City":"","State":"","Zip":"01040","StreetName":"Canal St","Address":null,"StateName":null,"Zip4":null,"MAK":null,"AddressType":null,"RBDI":null,"Results":null,"NoSuffix":""},{"Number":"","Street":"canby","Suffix":"st","City":"","State":"","Zip":"01040","StreetName":"Canby St","Address":null,"StateName":null,"Zip4":null,"MAK":null,"AddressType":null,"RBDI":null,"Results":null,"NoSuffix":""},{"Number":"","Street":"carlton","Suffix":"st","City":"","State":"","Zip":"01040","StreetName":"Carlton St","Address":null,"StateName":null,"Zip4":null,"MAK":null,"AddressType":null,"RBDI":null,"Results":null,"NoSuffix":""},{"Number":"","Street":"carol","Suffix":"ln","City":"","State":"","Zip":"01040","StreetName":"Carol Ln","Address":null,"StateName":null,"Zip4":null,"MAK":null,"AddressType":null,"RBDI":null,"Results":null,"NoSuffix":""},{"Number":"","Street":"carter","Suffix":"st","City":"","State":"","Zip":"01040","StreetName":"Carter St","Address":null,"StateName":null,"Zip4":null,"MAK":null,"AddressType":null,"RBDI":null,"Results":null,"NoSuffix":""},{"Number":"","Street":"cedar hill","Suffix":"rd","City":"","State":"","Zip":"01040","StreetName":"Cedar Hill Rd","Address":null,"StateName":null,"Zip4":null,"MAK":null,"AddressType":null,"RBDI":null,"Results":null,"NoSuffix":""},{"Number":"","Street":"center","Suffix":"st","City":"","State":"","Zip":"01040","StreetName":"Center St","Address":null,"StateName":null,"Zip4":null,"MAK":null,"AddressType":null,"RBDI":null,"Results":null,"NoSuffix":""},{"Number":"","Street":"central park","Suffix":"dr","City":"","State":"","Zip":"01040","StreetName":"Central Park Dr","Address":null,"StateName":null,"Zip4":null,"MAK":null,"AddressType":null,"RBDI":null,"Results":null,"NoSuffix":""},{"Number":"","Street":"chapin","Suffix":"st","City":"","State":"","Zip":"01040","StreetName":"Chapin St","Address":null,"StateName":null,"Zip4":null,"MAK":null,"AddressType":null,"RBDI":null,"Results":null,"NoSuffix":""},{"Number":"","Street":"chapman","Suffix":"ave","City":"","State":"","Zip":"01040","StreetName":"Chapman Ave","Address":null,"StateName":null,"Zip4":null,"MAK":null,"AddressType":null,"RBDI":null,"Results":null,"NoSuffix":""},{"Number":"","Street":"charles","Suffix":"st","City":"","State":"","Zip":"01040","StreetName":"Charles St","Address":null,"StateName":null,"Zip4":null,"MAK":null,"AddressType":null,"RBDI":null,"Results":null,"NoSuffix":""},{"Number":"","Street":"charles hill","Suffix":"rd","City":"","State":"","Zip":"01040","StreetName":"Charles Hill Rd","Address":null,"StateName":null,"Zip4":null,"MAK":null,"AddressType":null,"RBDI":null,"Results":null,"NoSuffix":""},{"Number":"","Street":"cherry","Suffix":"hl","City":"","State":"","Zip":"01040","StreetName":"Cherry Hl","Address":null,"StateName":null,"Zip4":null,"MAK":null,"AddressType":null,"RBDI":null,"Results":null,"NoSuffix":""},{"Number":"","Street":"cherry","Suffix":"st","City":"","State":"","Zip":"01040","StreetName":"Cherry St","Address":null,"StateName":null,"Zip4":null,"MAK":null,"AddressType":null,"RBDI":null,"Results":null,"NoSuffix":""},{"Number":"","Street":"chestnut","Suffix":"st","City":"","State":"","Zip":"01040","StreetName":"Chestnut St","Address":null,"StateName":null,"Zip4":null,"MAK":null,"AddressType":null,"RBDI":null,"Results":null,"NoSuffix":""},{"Number":"","Street":"claremont","Suffix":"ave","City":"","State":"","Zip":"01040","StreetName":"Claremont Ave","Address":null,"StateName":null,"Zip4":null,"MAK":null,"AddressType":null,"RBDI":null,"Results":null,"NoSuffix":""},{"Number":"","Street":"claren","Suffix":"dr","City":"","State":"","Zip":"01040","StreetName":"Claren Dr","Address":null,"StateName":null,"Zip4":null,"MAK":null,"AddressType":null,"RBDI":null,"Results":null,"NoSuffix":""},{"Number":"","Street":"clark","Suffix":"st","City":"","State":"","Zip":"01040","StreetName":"Clark St","Address":null,"StateName":null,"Zip4":null,"MAK":null,"AddressType":null,"RBDI":null,"Results":null,"NoSuffix":""},{"Number":"","Street":"clayton","Suffix":"rd","City":"","State":"","Zip":"01040","StreetName":"Clayton Rd","Address":null,"StateName":null,"Zip4":null,"MAK":null,"AddressType":null,"RBDI":null,"Results":null,"NoSuffix":""},{"Number":"","Street":"clemente","Suffix":"st","City":"","State":"","Zip":"01040","StreetName":"Clemente St","Address":null,"StateName":null,"Zip4":null,"MAK":null,"AddressType":null,"RBDI":null,"Results":null,"NoSuffix":""},{"Number":"","Street":"cleveland","Suffix":"st","City":"","State":"","Zip":"01040","StreetName":"Cleveland St","Address":null,"StateName":null,"Zip4":null,"MAK":null,"AddressType":null,"RBDI":null,"Results":null,"NoSuffix":""},{"Number":"","Street":"clinton","Suffix":"ave","City":"","State":"","Zip":"01040","StreetName":"Clinton Ave","Address":null,"StateName":null,"Zip4":null,"MAK":null,"AddressType":null,"RBDI":null,"Results":null,"NoSuffix":""},{"Number":"","Street":"coit","Suffix":"st","City":"","State":"","Zip":"01040","StreetName":"Coit St","Address":null,"StateName":null,"Zip4":null,"MAK":null,"AddressType":null,"RBDI":null,"Results":null,"NoSuffix":""},{"Number":"","Street":"columbia","Suffix":"st","City":"","State":"","Zip":"01040","StreetName":"Columbia St","Address":null,"StateName":null,"Zip4":null,"MAK":null,"AddressType":null,"RBDI":null,"Results":null,"NoSuffix":""},{"Number":"","Street":"columbus","Suffix":"ave","City":"","State":"","Zip":"01040","StreetName":"Columbus Ave","Address":null,"StateName":null,"Zip4":null,"MAK":null,"AddressType":null,"RBDI":null,"Results":null,"NoSuffix":""},{"Number":"","Street":"commercial","Suffix":"st","City":"","State":"","Zip":"01040","StreetName":"Commercial St","Address":null,"StateName":null,"Zip4":null,"MAK":null,"AddressType":null,"RBDI":null,"Results":null,"NoSuffix":""},{"Number":"","Street":"community field","Suffix":"rd","City":"","State":"","Zip":"01040","StreetName":"Community Field Rd","Address":null,"StateName":null,"Zip4":null,"MAK":null,"AddressType":null,"RBDI":null,"Results":null,"NoSuffix":""},{"Number":"","Street":"concord","Suffix":"ave","City":"","State":"","Zip":"01040","StreetName":"Concord Ave","Address":null,"StateName":null,"Zip4":null,"MAK":null,"AddressType":null,"RBDI":null,"Results":null,"NoSuffix":""},{"Number":"","Street":"congress","Suffix":"ave","City":"","State":"","Zip":"01040","StreetName":"Congress Ave","Address":null,"StateName":null,"Zip4":null,"MAK":null,"AddressType":null,"RBDI":null,"Results":null,"NoSuffix":""},{"Number":"","Street":"connecticut","Suffix":"st","City":"","State":"","Zip":"01040","StreetName":"Connecticut St","Address":null,"StateName":null,"Zip4":null,"MAK":null,"AddressType":null,"RBDI":null,"Results":null,"NoSuffix":""},{"Number":"","Street":"cook","Suffix":"st","City":"","State":"","Zip":"01040","StreetName":"Cook St","Address":null,"StateName":null,"Zip4":null,"MAK":null,"AddressType":null,"RBDI":null,"Results":null,"NoSuffix":""},{"Number":"","Street":"coronet","Suffix":"rd","City":"","State":"","Zip":"01040","StreetName":"Coronet Rd","Address":null,"StateName":null,"Zip4":null,"MAK":null,"AddressType":null,"RBDI":null,"Results":null,"NoSuffix":""},{"Number":"","Street":"corser","Suffix":"st","City":"","State":"","Zip":"01040","StreetName":"Corser St","Address":null,"StateName":null,"Zip4":null,"MAK":null,"AddressType":null,"RBDI":null,"Results":null,"NoSuffix":""},{"Number":"","Street":"cottage","Suffix":"ave","City":"","State":"","Zip":"01040","StreetName":"Cottage Ave","Address":null,"StateName":null,"Zip4":null,"MAK":null,"AddressType":null,"RBDI":null,"Results":null,"NoSuffix":""},{"Number":"","Street":"country club","Suffix":"rd","City":"","State":"","Zip":"01040","StreetName":"Country Club Rd","Address":null,"StateName":null,"Zip4":null,"MAK":null,"AddressType":null,"RBDI":null,"Results":null,"NoSuffix":""},{"Number":"","Street":"county","Suffix":"rd","City":"","State":"","Zip":"01040","StreetName":"County Rd","Address":null,"StateName":null,"Zip4":null,"MAK":null,"AddressType":null,"RBDI":null,"Results":null,"NoSuffix":""},{"Number":"","Street":"court","Suffix":"plz","City":"","State":"","Zip":"01040","StreetName":"Court Plz","Address":null,"StateName":null,"Zip4":null,"MAK":null,"AddressType":null,"RBDI":null,"Results":null,"NoSuffix":""},{"Number":"","Street":"cranberry","Suffix":"dr","City":"","State":"","Zip":"01040","StreetName":"Cranberry Dr","Address":null,"StateName":null,"Zip4":null,"MAK":null,"AddressType":null,"RBDI":null,"Results":null,"NoSuffix":""},{"Number":"","Street":"cray","Suffix":"ave","City":"","State":"","Zip":"01040","StreetName":"Cray Ave","Address":null,"StateName":null,"Zip4":null,"MAK":null,"AddressType":null,"RBDI":null,"Results":null,"NoSuffix":""},{"Number":"","Street":"crescent","Suffix":"st","City":"","State":"","Zip":"01040","StreetName":"Crescent St","Address":null,"StateName":null,"Zip4":null,"MAK":null,"AddressType":null,"RBDI":null,"Results":null,"NoSuffix":""},{"Number":"","Street":"crestwood","Suffix":"st","City":"","State":"","Zip":"01040","StreetName":"Crestwood St","Address":null,"StateName":null,"Zip4":null,"MAK":null,"AddressType":null,"RBDI":null,"Results":null,"NoSuffix":""},{"Number":"","Street":"cross","Suffix":"rd","City":"","State":"","Zip":"01040","StreetName":"Cross Rd","Address":null,"StateName":null,"Zip4":null,"MAK":null,"AddressType":null,"RBDI":null,"Results":null,"NoSuffix":""},{"Number":"","Street":"curran","Suffix":"ln","City":"","State":"","Zip":"01040","StreetName":"Curran Ln","Address":null,"StateName":null,"Zip4":null,"MAK":null,"AddressType":null,"RBDI":null,"Results":null,"NoSuffix":""},{"Number":"","Street":"cypress","Suffix":"rd","City":"","State":"","Zip":"01040","StreetName":"Cypress Rd","Address":null,"StateName":null,"Zip4":null,"MAK":null,"AddressType":null,"RBDI":null,"Results":null,"NoSuffix":""},{"Number":"","Street":"dale","Suffix":"st","City":"","State":"","Zip":"01040","StreetName":"Dale St","Address":null,"StateName":null,"Zip4":null,"MAK":null,"AddressType":null,"RBDI":null,"Results":null,"NoSuffix":""},{"Number":"","Street":"dartmouth","Suffix":"st","City":"","State":"","Zip":"01040","StreetName":"Dartmouth St","Address":null,"StateName":null,"Zip4":null,"MAK":null,"AddressType":null,"RBDI":null,"Results":null,"NoSuffix":""},{"Number":"","Street":"davis","Suffix":"st","City":"","State":"","Zip":"01040","StreetName":"Davis St","Address":null,"StateName":null,"Zip4":null,"MAK":null,"AddressType":null,"RBDI":null,"Results":null,"NoSuffix":""},{"Number":"","Street":"day","Suffix":"ave","City":"","State":"","Zip":"01040","StreetName":"Day Ave","Address":null,"StateName":null,"Zip4":null,"MAK":null,"AddressType":null,"RBDI":null,"Results":null,"NoSuffix":""},{"Number":"","Street":"deer","Suffix":"run","City":"","State":"","Zip":"01040","StreetName":"Deer Run","Address":null,"StateName":null,"Zip4":null,"MAK":null,"AddressType":null,"RBDI":null,"Results":null,"NoSuffix":""},{"Number":"","Street":"dexter","Suffix":"st","City":"","State":"","Zip":"01040","StreetName":"Dexter St","Address":null,"StateName":null,"Zip4":null,"MAK":null,"AddressType":null,"RBDI":null,"Results":null,"NoSuffix":""},{"Number":"","Street":"dicsal","Suffix":"ln","City":"","State":"","Zip":"01040","StreetName":"Dicsal Ln","Address":null,"StateName":null,"Zip4":null,"MAK":null,"AddressType":null,"RBDI":null,"Results":null,"NoSuffix":""},{"Number":"","Street":"dillon","Suffix":"ave","City":"","State":"","Zip":"01040","StreetName":"Dillon Ave","Address":null,"StateName":null,"Zip4":null,"MAK":null,"AddressType":null,"RBDI":null,"Results":null,"NoSuffix":""},{"Number":"","Street":"donlee","Suffix":"st","City":"","State":"","Zip":"01040","StreetName":"Donlee St","Address":null,"StateName":null,"Zip4":null,"MAK":null,"AddressType":null,"RBDI":null,"Results":null,"NoSuffix":""},{"Number":"","Street":"downing","Suffix":"ave","City":"","State":"","Zip":"01040","StreetName":"Downing Ave","Address":null,"StateName":null,"Zip4":null,"MAK":null,"AddressType":null,"RBDI":null,"Results":null,"NoSuffix":""},{"Number":"","Street":"drake","Suffix":"ln","City":"","State":"","Zip":"01040","StreetName":"Drake Ln","Address":null,"StateName":null,"Zip4":null,"MAK":null,"AddressType":null,"RBDI":null,"Results":null,"NoSuffix":""},{"Number":"","Street":"dunn","Suffix":"ave","City":"","State":"","Zip":"01040","StreetName":"Dunn Ave","Address":null,"StateName":null,"Zip4":null,"MAK":null,"AddressType":null,"RBDI":null,"Results":null,"NoSuffix":""},{"Number":"","Street":"dupuis","Suffix":"rd","City":"","State":"","Zip":"01040","StreetName":"Dupuis Rd","Address":null,"StateName":null,"Zip4":null,"MAK":null,"AddressType":null,"RBDI":null,"Results":null,"NoSuffix":""},{"Number":"","Street":"dwight","Suffix":"st","City":"","State":"","Zip":"01040","StreetName":"Dwight St","Address":null,"StateName":null,"Zip4":null,"MAK":null,"AddressType":null,"RBDI":null,"Results":null,"NoSuffix":""},{"Number":"","Street":"east","Suffix":"ct","City":"","State":"","Zip":"01040","StreetName":"East Ct","Address":null,"StateName":null,"Zip4":null,"MAK":null,"AddressType":null,"RBDI":null,"Results":null,"NoSuffix":""},{"Number":"","Street":"east","Suffix":"st","City":"","State":"","Zip":"01040","StreetName":"East St","Address":null,"StateName":null,"Zip4":null,"MAK":null,"AddressType":null,"RBDI":null,"Results":null,"NoSuffix":""},{"Number":"","Street":"eastern promenade","Suffix":"st","City":"","State":"","Zip":"01040","StreetName":"Eastern Promenade St","Address":null,"StateName":null,"Zip4":null,"MAK":null,"AddressType":null,"RBDI":null,"Results":null,"NoSuffix":""},{"Number":"","Street":"easthampton","Suffix":"rd","City":"","State":"","Zip":"01040","StreetName":"Easthampton Rd","Address":null,"StateName":null,"Zip4":null,"MAK":null,"AddressType":null,"RBDI":null,"Results":null,"NoSuffix":""},{"Number":"","Street":"edbert","Suffix":"dr","City":"","State":"","Zip":"01040","StreetName":"Edbert Dr","Address":null,"StateName":null,"Zip4":null,"MAK":null,"AddressType":null,"RBDI":null,"Results":null,"NoSuffix":""},{"Number":"","Street":"edward","Suffix":"dr","City":"","State":"","Zip":"01040","StreetName":"Edward Dr","Address":null,"StateName":null,"Zip4":null,"MAK":null,"AddressType":null,"RBDI":null,"Results":null,"NoSuffix":""},{"Number":"","Street":"elliot","Suffix":"st","City":"","State":"","Zip":"01040","StreetName":"Elliot St","Address":null,"StateName":null,"Zip4":null,"MAK":null,"AddressType":null,"RBDI":null,"Results":null,"NoSuffix":""},{"Number":"","Street":"elm","Suffix":"st","City":"","State":"","Zip":"01040","StreetName":"Elm St","Address":null,"StateName":null,"Zip4":null,"MAK":null,"AddressType":null,"RBDI":null,"Results":null,"NoSuffix":""},{"Number":"","Street":"elmore","Suffix":"st","City":"","State":"","Zip":"01040","StreetName":"Elmore St","Address":null,"StateName":null,"Zip4":null,"MAK":null,"AddressType":null,"RBDI":null,"Results":null,"NoSuffix":""},{"Number":"","Street":"elmwood","Suffix":"ave","City":"","State":"","Zip":"01040","StreetName":"Elmwood Ave","Address":null,"StateName":null,"Zip4":null,"MAK":null,"AddressType":null,"RBDI":null,"Results":null,"NoSuffix":""},{"Number":"","Street":"elting","Suffix":"cir","City":"","State":"","Zip":"01040","StreetName":"Elting Cir","Address":null,"StateName":null,"Zip4":null,"MAK":null,"AddressType":null,"RBDI":null,"Results":null,"NoSuffix":""},{"Number":"","Street":"ely","Suffix":"st","City":"","State":"","Zip":"01040","StreetName":"Ely St","Address":null,"StateName":null,"Zip4":null,"MAK":null,"AddressType":null,"RBDI":null,"Results":null,"NoSuffix":""},{"Number":"","Street":"erie","Suffix":"ave","City":"","State":"","Zip":"01040","StreetName":"Erie Ave","Address":null,"StateName":null,"Zip4":null,"MAK":null,"AddressType":null,"RBDI":null,"Results":null,"NoSuffix":""},{"Number":"","Street":"ernest","Suffix":"ln","City":"","State":"","Zip":"01040","StreetName":"Ernest Ln","Address":null,"StateName":null,"Zip4":null,"MAK":null,"AddressType":null,"RBDI":null,"Results":null,"NoSuffix":""},{"Number":"","Street":"essex","Suffix":"st","City":"","State":"","Zip":"01040","StreetName":"Essex St","Address":null,"StateName":null,"Zip4":null,"MAK":null,"AddressType":null,"RBDI":null,"Results":null,"NoSuffix":""},{"Number":"","Street":"evergreen","Suffix":"dr","City":"","State":"","Zip":"01040","StreetName":"Evergreen Dr","Address":null,"StateName":null,"Zip4":null,"MAK":null,"AddressType":null,"RBDI":null,"Results":null,"NoSuffix":""},{"Number":"","Street":"faille","Suffix":"ave","City":"","State":"","Zip":"01040","StreetName":"Faille Ave","Address":null,"StateName":null,"Zip4":null,"MAK":null,"AddressType":null,"RBDI":null,"Results":null,"NoSuffix":""},{"Number":"","Street":"fairfield","Suffix":"ave","City":"","State":"","Zip":"01040","StreetName":"Fairfield Ave","Address":null,"StateName":null,"Zip4":null,"MAK":null,"AddressType":null,"RBDI":null,"Results":null,"NoSuffix":""},{"Number":"","Street":"fairmont","Suffix":"st","City":"","State":"","Zip":"01040","StreetName":"Fairmont St","Address":null,"StateName":null,"Zip4":null,"MAK":null,"AddressType":null,"RBDI":null,"Results":null,"NoSuffix":""},{"Number":"","Street":"fairview","Suffix":"st","City":"","State":"","Zip":"01040","StreetName":"Fairview St","Address":null,"StateName":null,"Zip4":null,"MAK":null,"AddressType":null,"RBDI":null,"Results":null,"NoSuffix":""},{"Number":"","Street":"falardeau","Suffix":"rd","City":"","State":"","Zip":"01040","StreetName":"Falardeau Rd","Address":null,"StateName":null,"Zip4":null,"MAK":null,"AddressType":null,"RBDI":null,"Results":null,"NoSuffix":""},{"Number":"","Street":"farnum","Suffix":"dr","City":"","State":"","Zip":"01040","StreetName":"Farnum Dr","Address":null,"StateName":null,"Zip4":null,"MAK":null,"AddressType":null,"RBDI":null,"Results":null,"NoSuffix":""},{"Number":"","Street":"fenton","Suffix":"st","City":"","State":"","Zip":"01040","StreetName":"Fenton St","Address":null,"StateName":null,"Zip4":null,"MAK":null,"AddressType":null,"RBDI":null,"Results":null,"NoSuffix":""},{"Number":"","Street":"field","Suffix":"st","City":"","State":"","Zip":"01040","StreetName":"Field St","Address":null,"StateName":null,"Zip4":null,"MAK":null,"AddressType":null,"RBDI":null,"Results":null,"NoSuffix":""},{"Number":"","Street":"fini","Suffix":"rd","City":"","State":"","Zip":"01040","StreetName":"Fini Rd","Address":null,"StateName":null,"Zip4":null,"MAK":null,"AddressType":null,"RBDI":null,"Results":null,"NoSuffix":""},{"Number":"","Street":"florence","Suffix":"ave","City":"","State":"","Zip":"01040","StreetName":"Florence Ave","Address":null,"StateName":null,"Zip4":null,"MAK":null,"AddressType":null,"RBDI":null,"Results":null,"NoSuffix":""},{"Number":"","Street":"florida","Suffix":"dr","City":"","State":"","Zip":"01040","StreetName":"Florida Dr","Address":null,"StateName":null,"Zip4":null,"MAK":null,"AddressType":null,"RBDI":null,"Results":null,"NoSuffix":""},{"Number":"","Street":"forestdale","Suffix":"ave","City":"","State":"","Zip":"01040","StreetName":"Forestdale Ave","Address":null,"StateName":null,"Zip4":null,"MAK":null,"AddressType":null,"RBDI":null,"Results":null,"NoSuffix":""},{"Number":"","Street":"francis","Suffix":"ave","City":"","State":"","Zip":"01040","StreetName":"Francis Ave","Address":null,"StateName":null,"Zip4":null,"MAK":null,"AddressType":null,"RBDI":null,"Results":null,"NoSuffix":""},{"Number":"","Street":"franklin","Suffix":"st","City":"","State":"","Zip":"01040","StreetName":"Franklin St","Address":null,"StateName":null,"Zip4":null,"MAK":null,"AddressType":null,"RBDI":null,"Results":null,"NoSuffix":""},{"Number":"","Street":"franks","Suffix":"dr","City":"","State":"","Zip":"01040","StreetName":"Franks Dr","Address":null,"StateName":null,"Zip4":null,"MAK":null,"AddressType":null,"RBDI":null,"Results":null,"NoSuffix":""},{"Number":"","Street":"front","Suffix":"st","City":"","State":"","Zip":"01040","StreetName":"Front St","Address":null,"StateName":null,"Zip4":null,"MAK":null,"AddressType":null,"RBDI":null,"Results":null,"NoSuffix":""},{"Number":"","Street":"gamelin","Suffix":"st","City":"","State":"","Zip":"01040","StreetName":"Gamelin St","Address":null,"StateName":null,"Zip4":null,"MAK":null,"AddressType":null,"RBDI":null,"Results":null,"NoSuffix":""},{"Number":"","Street":"garfield","Suffix":"st","City":"","State":"","Zip":"01040","StreetName":"Garfield St","Address":null,"StateName":null,"Zip4":null,"MAK":null,"AddressType":null,"RBDI":null,"Results":null,"NoSuffix":""},{"Number":"","Street":"gary","Suffix":"dr","City":"","State":"","Zip":"01040","StreetName":"Gary Dr","Address":null,"StateName":null,"Zip4":null,"MAK":null,"AddressType":null,"RBDI":null,"Results":null,"NoSuffix":""},{"Number":"","Street":"gatehouse","Suffix":"rd","City":"","State":"","Zip":"01040","StreetName":"Gatehouse Rd","Address":null,"StateName":null,"Zip4":null,"MAK":null,"AddressType":null,"RBDI":null,"Results":null,"NoSuffix":""},{"Number":"","Street":"gates","Suffix":"st","City":"","State":"","Zip":"01040","StreetName":"Gates St","Address":null,"StateName":null,"Zip4":null,"MAK":null,"AddressType":null,"RBDI":null,"Results":null,"NoSuffix":""},{"Number":"","Street":"george","Suffix":"st","City":"","State":"","Zip":"01040","StreetName":"George St","Address":null,"StateName":null,"Zip4":null,"MAK":null,"AddressType":null,"RBDI":null,"Results":null,"NoSuffix":""},{"Number":"","Street":"george frost","Suffix":"dr","City":"","State":"","Zip":"01040","StreetName":"George Frost Dr","Address":null,"StateName":null,"Zip4":null,"MAK":null,"AddressType":null,"RBDI":null,"Results":null,"NoSuffix":""},{"Number":"","Street":"gerard","Suffix":"way","City":"","State":"","Zip":"01040","StreetName":"Gerard Way","Address":null,"StateName":null,"Zip4":null,"MAK":null,"AddressType":null,"RBDI":null,"Results":null,"NoSuffix":""},{"Number":"","Street":"gilman","Suffix":"st","City":"","State":"","Zip":"01040","StreetName":"Gilman St","Address":null,"StateName":null,"Zip4":null,"MAK":null,"AddressType":null,"RBDI":null,"Results":null,"NoSuffix":""},{"Number":"","Street":"glen","Suffix":"st","City":"","State":"","Zip":"01040","StreetName":"Glen St","Address":null,"StateName":null,"Zip4":null,"MAK":null,"AddressType":null,"RBDI":null,"Results":null,"NoSuffix":""},{"Number":"","Street":"gordon","Suffix":"dr","City":"","State":"","Zip":"01040","StreetName":"Gordon Dr","Address":null,"StateName":null,"Zip4":null,"MAK":null,"AddressType":null,"RBDI":null,"Results":null,"NoSuffix":""},{"Number":"","Street":"grandview","Suffix":"ave","City":"","State":"","Zip":"01040","StreetName":"Grandview Ave","Address":null,"StateName":null,"Zip4":null,"MAK":null,"AddressType":null,"RBDI":null,"Results":null,"NoSuffix":""},{"Number":"","Street":"grant","Suffix":"st","City":"","State":"","Zip":"01040","StreetName":"Grant St","Address":null,"StateName":null,"Zip4":null,"MAK":null,"AddressType":null,"RBDI":null,"Results":null,"NoSuffix":""},{"Number":"","Street":"granville","Suffix":"st","City":"","State":"","Zip":"01040","StreetName":"Granville St","Address":null,"StateName":null,"Zip4":null,"MAK":null,"AddressType":null,"RBDI":null,"Results":null,"NoSuffix":""},{"Number":"","Street":"green","Suffix":"ln","City":"","State":"","Zip":"01040","StreetName":"Green Ln","Address":null,"StateName":null,"Zip4":null,"MAK":null,"AddressType":null,"RBDI":null,"Results":null,"NoSuffix":""},{"Number":"","Street":"green willow","Suffix":"dr","City":"","State":"","Zip":"01040","StreetName":"Green Willow Dr","Address":null,"StateName":null,"Zip4":null,"MAK":null,"AddressType":null,"RBDI":null,"Results":null,"NoSuffix":""},{"Number":"","Street":"greenwood","Suffix":"ave","City":"","State":"","Zip":"01040","StreetName":"Greenwood Ave","Address":null,"StateName":null,"Zip4":null,"MAK":null,"AddressType":null,"RBDI":null,"Results":null,"NoSuffix":""},{"Number":"","Street":"grover","Suffix":"st","City":"","State":"","Zip":"01040","StreetName":"Grover St","Address":null,"StateName":null,"Zip4":null,"MAK":null,"AddressType":null,"RBDI":null,"Results":null,"NoSuffix":""},{"Number":"","Street":"hadley mill","Suffix":"rd","City":"","State":"","Zip":"01040","StreetName":"Hadley Mill Rd","Address":null,"StateName":null,"Zip4":null,"MAK":null,"AddressType":null,"RBDI":null,"Results":null,"NoSuffix":""},{"Number":"","Street":"hamilton","Suffix":"pl","City":"","State":"","Zip":"01040","StreetName":"Hamilton Pl","Address":null,"StateName":null,"Zip4":null,"MAK":null,"AddressType":null,"RBDI":null,"Results":null,"NoSuffix":""},{"Number":"","Street":"hamilton","Suffix":"st","City":"","State":"","Zip":"01040","StreetName":"Hamilton St","Address":null,"StateName":null,"Zip4":null,"MAK":null,"AddressType":null,"RBDI":null,"Results":null,"NoSuffix":""},{"Number":"","Street":"hampden","Suffix":"st","City":"","State":"","Zip":"01040","StreetName":"Hampden St","Address":null,"StateName":null,"Zip4":null,"MAK":null,"AddressType":null,"RBDI":null,"Results":null,"NoSuffix":""},{"Number":"","Street":"hampshire","Suffix":"st","City":"","State":"","Zip":"01040","StreetName":"Hampshire St","Address":null,"StateName":null,"Zip4":null,"MAK":null,"AddressType":null,"RBDI":null,"Results":null,"NoSuffix":""},{"Number":"","Street":"hampton knolls","Suffix":"rd","City":"","State":"","Zip":"01040","StreetName":"Hampton Knolls Rd","Address":null,"StateName":null,"Zip4":null,"MAK":null,"AddressType":null,"RBDI":null,"Results":null,"NoSuffix":""},{"Number":"","Street":"hanover","Suffix":"st","City":"","State":"","Zip":"01040","StreetName":"Hanover St","Address":null,"StateName":null,"Zip4":null,"MAK":null,"AddressType":null,"RBDI":null,"Results":null,"NoSuffix":""},{"Number":"","Street":"harrison","Suffix":"ave","City":"","State":"","Zip":"01040","StreetName":"Harrison Ave","Address":null,"StateName":null,"Zip4":null,"MAK":null,"AddressType":null,"RBDI":null,"Results":null,"NoSuffix":""},{"Number":"","Street":"harvard","Suffix":"st","City":"","State":"","Zip":"01040","StreetName":"Harvard St","Address":null,"StateName":null,"Zip4":null,"MAK":null,"AddressType":null,"RBDI":null,"Results":null,"NoSuffix":""},{"Number":"","Street":"hawthorne","Suffix":"ln","City":"","State":"","Zip":"01040","StreetName":"Hawthorne Ln","Address":null,"StateName":null,"Zip4":null,"MAK":null,"AddressType":null,"RBDI":null,"Results":null,"NoSuffix":""},{"Number":"","Street":"hemlock","Suffix":"dr","City":"","State":"","Zip":"01040","StreetName":"Hemlock Dr","Address":null,"StateName":null,"Zip4":null,"MAK":null,"AddressType":null,"RBDI":null,"Results":null,"NoSuffix":""},{"Number":"","Street":"hendel","Suffix":"dr","City":"","State":"","Zip":"01040","StreetName":"Hendel Dr","Address":null,"StateName":null,"Zip4":null,"MAK":null,"AddressType":null,"RBDI":null,"Results":null,"NoSuffix":""},{"Number":"","Street":"heritage","Suffix":"st","City":"","State":"","Zip":"01040","StreetName":"Heritage St","Address":null,"StateName":null,"Zip4":null,"MAK":null,"AddressType":null,"RBDI":null,"Results":null,"NoSuffix":""},{"Number":"","Street":"hickory","Suffix":"st","City":"","State":"","Zip":"01040","StreetName":"Hickory St","Address":null,"StateName":null,"Zip4":null,"MAK":null,"AddressType":null,"RBDI":null,"Results":null,"NoSuffix":""},{"Number":"","Street":"hicks","Suffix":"ave","City":"","State":"","Zip":"01040","StreetName":"Hicks Ave","Address":null,"StateName":null,"Zip4":null,"MAK":null,"AddressType":null,"RBDI":null,"Results":null,"NoSuffix":""},{"Number":"","Street":"high","Suffix":"st","City":"","State":"","Zip":"01040","StreetName":"High St","Address":null,"StateName":null,"Zip4":null,"MAK":null,"AddressType":null,"RBDI":null,"Results":null,"NoSuffix":""},{"Number":"","Street":"highland","Suffix":"ave","City":"","State":"","Zip":"01040","StreetName":"Highland Ave","Address":null,"StateName":null,"Zip4":null,"MAK":null,"AddressType":null,"RBDI":null,"Results":null,"NoSuffix":""},{"Number":"","Street":"hillcrest","Suffix":"ave","City":"","State":"","Zip":"01040","StreetName":"Hillcrest Ave","Address":null,"StateName":null,"Zip4":null,"MAK":null,"AddressType":null,"RBDI":null,"Results":null,"NoSuffix":""},{"Number":"","Street":"hillside","Suffix":"ave","City":"","State":"","Zip":"01040","StreetName":"Hillside Ave","Address":null,"StateName":null,"Zip4":null,"MAK":null,"AddressType":null,"RBDI":null,"Results":null,"NoSuffix":""},{"Number":"","Street":"hillview","Suffix":"rd","City":"","State":"","Zip":"01040","StreetName":"Hillview Rd","Address":null,"StateName":null,"Zip4":null,"MAK":null,"AddressType":null,"RBDI":null,"Results":null,"NoSuffix":""},{"Number":"","Street":"hitchcock","Suffix":"st","City":"","State":"","Zip":"01040","StreetName":"Hitchcock St","Address":null,"StateName":null,"Zip4":null,"MAK":null,"AddressType":null,"RBDI":null,"Results":null,"NoSuffix":""},{"Number":"","Street":"holly grape","Suffix":"cir","City":"","State":"","Zip":"01040","StreetName":"Holly Grape Cir","Address":null,"StateName":null,"Zip4":null,"MAK":null,"AddressType":null,"RBDI":null,"Results":null,"NoSuffix":""},{"Number":"","Street":"holly meadow","Suffix":"rd","City":"","State":"","Zip":"01040","StreetName":"Holly Meadow Rd","Address":null,"StateName":null,"Zip4":null,"MAK":null,"AddressType":null,"RBDI":null,"Results":null,"NoSuffix":""},{"Number":"","Street":"holy cross","Suffix":"ave","City":"","State":"","Zip":"01040","StreetName":"Holy Cross Ave","Address":null,"StateName":null,"Zip4":null,"MAK":null,"AddressType":null,"RBDI":null,"Results":null,"NoSuffix":""},{"Number":"","Street":"holy family","Suffix":"rd","City":"","State":"","Zip":"01040","StreetName":"Holy Family Rd","Address":null,"StateName":null,"Zip4":null,"MAK":null,"AddressType":null,"RBDI":null,"Results":null,"NoSuffix":""},{"Number":"","Street":"holyoke","Suffix":"st","City":"","State":"","Zip":"01040","StreetName":"Holyoke St","Address":null,"StateName":null,"Zip4":null,"MAK":null,"AddressType":null,"RBDI":null,"Results":null,"NoSuffix":""},{"Number":"","Street":"homestead","Suffix":"ave","City":"","State":"","Zip":"01040","StreetName":"Homestead Ave","Address":null,"StateName":null,"Zip4":null,"MAK":null,"AddressType":null,"RBDI":null,"Results":null,"NoSuffix":""},{"Number":"","Street":"hospital","Suffix":"dr","City":"","State":"","Zip":"01040","StreetName":"Hospital Dr","Address":null,"StateName":null,"Zip4":null,"MAK":null,"AddressType":null,"RBDI":null,"Results":null,"NoSuffix":""},{"Number":"","Street":"howard","Suffix":"st","City":"","State":"","Zip":"01040","StreetName":"Howard St","Address":null,"StateName":null,"Zip4":null,"MAK":null,"AddressType":null,"RBDI":null,"Results":null,"NoSuffix":""},{"Number":"","Street":"humeston slope","Suffix":"","City":"","State":"","Zip":"01040","StreetName":"Humeston Slope","Address":null,"StateName":null,"Zip4":null,"MAK":null,"AddressType":null,"RBDI":null,"Results":null,"NoSuffix":"t"},{"Number":"","Street":"huron","Suffix":"ave","City":"","State":"","Zip":"01040","StreetName":"Huron Ave","Address":null,"StateName":null,"Zip4":null,"MAK":null,"AddressType":null,"RBDI":null,"Results":null,"NoSuffix":""},{"Number":"","Street":"ingleside","Suffix":"st","City":"","State":"","Zip":"01040","StreetName":"Ingleside St","Address":null,"StateName":null,"Zip4":null,"MAK":null,"AddressType":null,"RBDI":null,"Results":null,"NoSuffix":""},{"Number":"","Street":"irving","Suffix":"st","City":"","State":"","Zip":"01040","StreetName":"Irving St","Address":null,"StateName":null,"Zip4":null,"MAK":null,"AddressType":null,"RBDI":null,"Results":null,"NoSuffix":""},{"Number":"","Street":"isabella","Suffix":"st","City":"","State":"","Zip":"01040","StreetName":"Isabella St","Address":null,"StateName":null,"Zip4":null,"MAK":null,"AddressType":null,"RBDI":null,"Results":null,"NoSuffix":""},{"Number":"","Street":"ivy","Suffix":"ave","City":"","State":"","Zip":"01040","StreetName":"Ivy Ave","Address":null,"StateName":null,"Zip4":null,"MAK":null,"AddressType":null,"RBDI":null,"Results":null,"NoSuffix":""},{"Number":"","Street":"jackson","Suffix":"st","City":"","State":"","Zip":"01040","StreetName":"Jackson St","Address":null,"StateName":null,"Zip4":null,"MAK":null,"AddressType":null,"RBDI":null,"Results":null,"NoSuffix":""},{"Number":"","Street":"james","Suffix":"st","City":"","State":"","Zip":"01040","StreetName":"James St","Address":null,"StateName":null,"Zip4":null,"MAK":null,"AddressType":null,"RBDI":null,"Results":null,"NoSuffix":""},{"Number":"","Street":"jarvis","Suffix":"ave","City":"","State":"","Zip":"01040","StreetName":"Jarvis Ave","Address":null,"StateName":null,"Zip4":null,"MAK":null,"AddressType":null,"RBDI":null,"Results":null,"NoSuffix":""},{"Number":"","Street":"jeane","Suffix":"dr","City":"","State":"","Zip":"01040","StreetName":"Jeane Dr","Address":null,"StateName":null,"Zip4":null,"MAK":null,"AddressType":null,"RBDI":null,"Results":null,"NoSuffix":""},{"Number":"","Street":"jed days","Suffix":"lndg","City":"","State":"","Zip":"01040","StreetName":"Jed Days Lndg","Address":null,"StateName":null,"Zip4":null,"MAK":null,"AddressType":null,"RBDI":null,"Results":null,"NoSuffix":""},{"Number":"","Street":"jefferson","Suffix":"st","City":"","State":"","Zip":"01040","StreetName":"Jefferson St","Address":null,"StateName":null,"Zip4":null,"MAK":null,"AddressType":null,"RBDI":null,"Results":null,"NoSuffix":""},{"Number":"","Street":"joanne","Suffix":"dr","City":"","State":"","Zip":"01040","StreetName":"Joanne Dr","Address":null,"StateName":null,"Zip4":null,"MAK":null,"AddressType":null,"RBDI":null,"Results":null,"NoSuffix":""},{"Number":"","Street":"john","Suffix":"st","City":"","State":"","Zip":"01040","StreetName":"John St","Address":null,"StateName":null,"Zip4":null,"MAK":null,"AddressType":null,"RBDI":null,"Results":null,"NoSuffix":""},{"Number":"","Street":"jones ferry","Suffix":"rd","City":"","State":"","Zip":"01040","StreetName":"Jones Ferry Rd","Address":null,"StateName":null,"Zip4":null,"MAK":null,"AddressType":null,"RBDI":null,"Results":null,"NoSuffix":""},{"Number":"","Street":"judith","Suffix":"st","City":"","State":"","Zip":"01040","StreetName":"Judith St","Address":null,"StateName":null,"Zip4":null,"MAK":null,"AddressType":null,"RBDI":null,"Results":null,"NoSuffix":""},{"Number":"","Street":"kane","Suffix":"rd","City":"","State":"","Zip":"01040","StreetName":"Kane Rd","Address":null,"StateName":null,"Zip4":null,"MAK":null,"AddressType":null,"RBDI":null,"Results":null,"NoSuffix":""},{"Number":"","Street":"kay","Suffix":"ave","City":"","State":"","Zip":"01040","StreetName":"Kay Ave","Address":null,"StateName":null,"Zip4":null,"MAK":null,"AddressType":null,"RBDI":null,"Results":null,"NoSuffix":""},{"Number":"","Street":"keefe","Suffix":"ave","City":"","State":"","Zip":"01040","StreetName":"Keefe Ave","Address":null,"StateName":null,"Zip4":null,"MAK":null,"AddressType":null,"RBDI":null,"Results":null,"NoSuffix":""},{"Number":"","Street":"kelly","Suffix":"way","City":"","State":"","Zip":"01040","StreetName":"Kelly Way","Address":null,"StateName":null,"Zip4":null,"MAK":null,"AddressType":null,"RBDI":null,"Results":null,"NoSuffix":""},{"Number":"","Street":"kenilworth","Suffix":"dr","City":"","State":"","Zip":"01040","StreetName":"Kenilworth Dr","Address":null,"StateName":null,"Zip4":null,"MAK":null,"AddressType":null,"RBDI":null,"Results":null,"NoSuffix":""},{"Number":"","Street":"kennedy","Suffix":"cir","City":"","State":"","Zip":"01040","StreetName":"Kennedy Cir","Address":null,"StateName":null,"Zip4":null,"MAK":null,"AddressType":null,"RBDI":null,"Results":null,"NoSuffix":""},{"Number":"","Street":"keyes","Suffix":"rd","City":"","State":"","Zip":"01040","StreetName":"Keyes Rd","Address":null,"StateName":null,"Zip4":null,"MAK":null,"AddressType":null,"RBDI":null,"Results":null,"NoSuffix":""},{"Number":"","Street":"king","Suffix":"st","City":"","State":"","Zip":"01040","StreetName":"King St","Address":null,"StateName":null,"Zip4":null,"MAK":null,"AddressType":null,"RBDI":null,"Results":null,"NoSuffix":""},{"Number":"","Street":"knollwood","Suffix":"cir","City":"","State":"","Zip":"01040","StreetName":"Knollwood Cir","Address":null,"StateName":null,"Zip4":null,"MAK":null,"AddressType":null,"RBDI":null,"Results":null,"NoSuffix":""},{"Number":"","Street":"korean veterans","Suffix":"plz","City":"","State":"","Zip":"01040","StreetName":"Korean Veterans Plz","Address":null,"StateName":null,"Zip4":null,"MAK":null,"AddressType":null,"RBDI":null,"Results":null,"NoSuffix":""},{"Number":"","Street":"labrie","Suffix":"ln","City":"","State":"","Zip":"01040","StreetName":"Labrie Ln","Address":null,"StateName":null,"Zip4":null,"MAK":null,"AddressType":null,"RBDI":null,"Results":null,"NoSuffix":""},{"Number":"","Street":"lacus","Suffix":"dr","City":"","State":"","Zip":"01040","StreetName":"Lacus Dr","Address":null,"StateName":null,"Zip4":null,"MAK":null,"AddressType":null,"RBDI":null,"Results":null,"NoSuffix":""},{"Number":"","Street":"ladd","Suffix":"st","City":"","State":"","Zip":"01040","StreetName":"Ladd St","Address":null,"StateName":null,"Zip4":null,"MAK":null,"AddressType":null,"RBDI":null,"Results":null,"NoSuffix":""},{"Number":"","Street":"larkin","Suffix":"ave","City":"","State":"","Zip":"01040","StreetName":"Larkin Ave","Address":null,"StateName":null,"Zip4":null,"MAK":null,"AddressType":null,"RBDI":null,"Results":null,"NoSuffix":""},{"Number":"","Street":"laura","Suffix":"ln","City":"","State":"","Zip":"01040","StreetName":"Laura Ln","Address":null,"StateName":null,"Zip4":null,"MAK":null,"AddressType":null,"RBDI":null,"Results":null,"NoSuffix":""},{"Number":"","Street":"laurel","Suffix":"st","City":"","State":"","Zip":"01040","StreetName":"Laurel St","Address":null,"StateName":null,"Zip4":null,"MAK":null,"AddressType":null,"RBDI":null,"Results":null,"NoSuffix":""},{"Number":"","Street":"lawler","Suffix":"st","City":"","State":"","Zip":"01040","StreetName":"Lawler St","Address":null,"StateName":null,"Zip4":null,"MAK":null,"AddressType":null,"RBDI":null,"Results":null,"NoSuffix":""},{"Number":"","Street":"leary","Suffix":"dr","City":"","State":"","Zip":"01040","StreetName":"Leary Dr","Address":null,"StateName":null,"Zip4":null,"MAK":null,"AddressType":null,"RBDI":null,"Results":null,"NoSuffix":""},{"Number":"","Street":"lemay","Suffix":"dr","City":"","State":"","Zip":"01040","StreetName":"Lemay Dr","Address":null,"StateName":null,"Zip4":null,"MAK":null,"AddressType":null,"RBDI":null,"Results":null,"NoSuffix":""},{"Number":"","Street":"lenox","Suffix":"rd","City":"","State":"","Zip":"01040","StreetName":"Lenox Rd","Address":null,"StateName":null,"Zip4":null,"MAK":null,"AddressType":null,"RBDI":null,"Results":null,"NoSuffix":""},{"Number":"","Street":"lexington","Suffix":"ave","City":"","State":"","Zip":"01040","StreetName":"Lexington Ave","Address":null,"StateName":null,"Zip4":null,"MAK":null,"AddressType":null,"RBDI":null,"Results":null,"NoSuffix":""},{"Number":"","Street":"liberty","Suffix":"st","City":"","State":"","Zip":"01040","StreetName":"Liberty St","Address":null,"StateName":null,"Zip4":null,"MAK":null,"AddressType":null,"RBDI":null,"Results":null,"NoSuffix":""},{"Number":"","Street":"lincoln","Suffix":"st","City":"","State":"","Zip":"01040","StreetName":"Lincoln St","Address":null,"StateName":null,"Zip4":null,"MAK":null,"AddressType":null,"RBDI":null,"Results":null,"NoSuffix":""},{"Number":"","Street":"lindbergh","Suffix":"ave","City":"","State":"","Zip":"01040","StreetName":"Lindbergh Ave","Address":null,"StateName":null,"Zip4":null,"MAK":null,"AddressType":null,"RBDI":null,"Results":null,"NoSuffix":""},{"Number":"","Street":"linden","Suffix":"st","City":"","State":"","Zip":"01040","StreetName":"Linden St","Address":null,"StateName":null,"Zip4":null,"MAK":null,"AddressType":null,"RBDI":null,"Results":null,"NoSuffix":""},{"Number":"","Street":"lindor","Suffix":"hts","City":"","State":"","Zip":"01040","StreetName":"Lindor Hts","Address":null,"StateName":null,"Zip4":null,"MAK":null,"AddressType":null,"RBDI":null,"Results":null,"NoSuffix":""},{"Number":"","Street":"line","Suffix":"rd","City":"","State":"","Zip":"01040","StreetName":"Line Rd","Address":null,"StateName":null,"Zip4":null,"MAK":null,"AddressType":null,"RBDI":null,"Results":null,"NoSuffix":""},{"Number":"","Street":"little","Suffix":"ave","City":"","State":"","Zip":"01040","StreetName":"Little Ave","Address":null,"StateName":null,"Zip4":null,"MAK":null,"AddressType":null,"RBDI":null,"Results":null,"NoSuffix":""},{"Number":"","Street":"locust","Suffix":"st","City":"","State":"","Zip":"01040","StreetName":"Locust St","Address":null,"StateName":null,"Zip4":null,"MAK":null,"AddressType":null,"RBDI":null,"Results":null,"NoSuffix":""},{"Number":"","Street":"longfellow","Suffix":"rd","City":"","State":"","Zip":"01040","StreetName":"Longfellow Rd","Address":null,"StateName":null,"Zip4":null,"MAK":null,"AddressType":null,"RBDI":null,"Results":null,"NoSuffix":""},{"Number":"","Street":"longwood","Suffix":"ave","City":"","State":"","Zip":"01040","StreetName":"Longwood Ave","Address":null,"StateName":null,"Zip4":null,"MAK":null,"AddressType":null,"RBDI":null,"Results":null,"NoSuffix":""},{"Number":"","Street":"loomis","Suffix":"ave","City":"","State":"","Zip":"01040","StreetName":"Loomis Ave","Address":null,"StateName":null,"Zip4":null,"MAK":null,"AddressType":null,"RBDI":null,"Results":null,"NoSuffix":""},{"Number":"","Street":"lorraine","Suffix":"st","City":"","State":"","Zip":"01040","StreetName":"Lorraine St","Address":null,"StateName":null,"Zip4":null,"MAK":null,"AddressType":null,"RBDI":null,"Results":null,"NoSuffix":""},{"Number":"","Street":"lower westfield","Suffix":"rd","City":"","State":"","Zip":"01040","StreetName":"Lower Westfield Rd","Address":null,"StateName":null,"Zip4":null,"MAK":null,"AddressType":null,"RBDI":null,"Results":null,"NoSuffix":""},{"Number":"","Street":"lyman","Suffix":"st","City":"","State":"","Zip":"01040","StreetName":"Lyman St","Address":null,"StateName":null,"Zip4":null,"MAK":null,"AddressType":null,"RBDI":null,"Results":null,"NoSuffix":""},{"Number":"","Street":"lynch","Suffix":"dr","City":"","State":"","Zip":"01040","StreetName":"Lynch Dr","Address":null,"StateName":null,"Zip4":null,"MAK":null,"AddressType":null,"RBDI":null,"Results":null,"NoSuffix":""},{"Number":"","Street":"lynn ann","Suffix":"dr","City":"","State":"","Zip":"01040","StreetName":"Lynn Ann Dr","Address":null,"StateName":null,"Zip4":null,"MAK":null,"AddressType":null,"RBDI":null,"Results":null,"NoSuffix":""},{"Number":"","Street":"lynwood","Suffix":"ave","City":"","State":"","Zip":"01040","StreetName":"Lynwood Ave","Address":null,"StateName":null,"Zip4":null,"MAK":null,"AddressType":null,"RBDI":null,"Results":null,"NoSuffix":""},{"Number":"","Street":"mackenzie","Suffix":"ave","City":"","State":"","Zip":"01040","StreetName":"Mackenzie Ave","Address":null,"StateName":null,"Zip4":null,"MAK":null,"AddressType":null,"RBDI":null,"Results":null,"NoSuffix":""},{"Number":"","Street":"mackintosh","Suffix":"ter","City":"","State":"","Zip":"01040","StreetName":"Mackintosh Ter","Address":null,"StateName":null,"Zip4":null,"MAK":null,"AddressType":null,"RBDI":null,"Results":null,"NoSuffix":""},{"Number":"","Street":"madison","Suffix":"ave","City":"","State":"","Zip":"01040","StreetName":"Madison Ave","Address":null,"StateName":null,"Zip4":null,"MAK":null,"AddressType":null,"RBDI":null,"Results":null,"NoSuffix":""},{"Number":"","Street":"maginnis","Suffix":"ave","City":"","State":"","Zip":"01040","StreetName":"Maginnis Ave","Address":null,"StateName":null,"Zip4":null,"MAK":null,"AddressType":null,"RBDI":null,"Results":null,"NoSuffix":""},{"Number":"","Street":"magnolia","Suffix":"ave","City":"","State":"","Zip":"01040","StreetName":"Magnolia Ave","Address":null,"StateName":null,"Zip4":null,"MAK":null,"AddressType":null,"RBDI":null,"Results":null,"NoSuffix":""},{"Number":"","Street":"main","Suffix":"st","City":"","State":"","Zip":"01040","StreetName":"Main St","Address":null,"StateName":null,"Zip4":null,"MAK":null,"AddressType":null,"RBDI":null,"Results":null,"NoSuffix":""},{"Number":"","Street":"manor house","Suffix":"ct","City":"","State":"","Zip":"01040","StreetName":"Manor House Ct","Address":null,"StateName":null,"Zip4":null,"MAK":null,"AddressType":null,"RBDI":null,"Results":null,"NoSuffix":""},{"Number":"","Street":"maple","Suffix":"st","City":"","State":"","Zip":"01040","StreetName":"Maple St","Address":null,"StateName":null,"Zip4":null,"MAK":null,"AddressType":null,"RBDI":null,"Results":null,"NoSuffix":""},{"Number":"","Street":"maple crest","Suffix":"cir","City":"","State":"","Zip":"01040","StreetName":"Maple Crest Cir","Address":null,"StateName":null,"Zip4":null,"MAK":null,"AddressType":null,"RBDI":null,"Results":null,"NoSuffix":""},{"Number":"","Street":"marlboro","Suffix":"rd","City":"","State":"","Zip":"01040","StreetName":"Marlboro Rd","Address":null,"StateName":null,"Zip4":null,"MAK":null,"AddressType":null,"RBDI":null,"Results":null,"NoSuffix":""},{"Number":"","Street":"martin","Suffix":"st","City":"","State":"","Zip":"01040","StreetName":"Martin St","Address":null,"StateName":null,"Zip4":null,"MAK":null,"AddressType":null,"RBDI":null,"Results":null,"NoSuffix":""},{"Number":"","Street":"marys","Suffix":"mdw","City":"","State":"","Zip":"01040","StreetName":"Marys Mdw","Address":null,"StateName":null,"Zip4":null,"MAK":null,"AddressType":null,"RBDI":null,"Results":null,"NoSuffix":""},{"Number":"","Street":"mason","Suffix":"rd","City":"","State":"","Zip":"01040","StreetName":"Mason Rd","Address":null,"StateName":null,"Zip4":null,"MAK":null,"AddressType":null,"RBDI":null,"Results":null,"NoSuffix":""},{"Number":"","Street":"mayer","Suffix":"dr","City":"","State":"","Zip":"01040","StreetName":"Mayer Dr","Address":null,"StateName":null,"Zip4":null,"MAK":null,"AddressType":null,"RBDI":null,"Results":null,"NoSuffix":""},{"Number":"","Street":"mcgrady","Suffix":"st","City":"","State":"","Zip":"01040","StreetName":"Mcgrady St","Address":null,"StateName":null,"Zip4":null,"MAK":null,"AddressType":null,"RBDI":null,"Results":null,"NoSuffix":""},{"Number":"","Street":"mclellan","Suffix":"dr","City":"","State":"","Zip":"01040","StreetName":"Mclellan Dr","Address":null,"StateName":null,"Zip4":null,"MAK":null,"AddressType":null,"RBDI":null,"Results":null,"NoSuffix":""},{"Number":"","Street":"mcmahon","Suffix":"dr","City":"","State":"","Zip":"01040","StreetName":"Mcmahon Dr","Address":null,"StateName":null,"Zip4":null,"MAK":null,"AddressType":null,"RBDI":null,"Results":null,"NoSuffix":""},{"Number":"","Street":"meadow","Suffix":"st","City":"","State":"","Zip":"01040","StreetName":"Meadow St","Address":null,"StateName":null,"Zip4":null,"MAK":null,"AddressType":null,"RBDI":null,"Results":null,"NoSuffix":""},{"Number":"","Street":"meadowbrook","Suffix":"rd","City":"","State":"","Zip":"01040","StreetName":"Meadowbrook Rd","Address":null,"StateName":null,"Zip4":null,"MAK":null,"AddressType":null,"RBDI":null,"Results":null,"NoSuffix":""},{"Number":"","Street":"meadowview","Suffix":"rd","City":"","State":"","Zip":"01040","StreetName":"Meadowview Rd","Address":null,"StateName":null,"Zip4":null,"MAK":null,"AddressType":null,"RBDI":null,"Results":null,"NoSuffix":""},{"Number":"","Street":"meggison","Suffix":"ln","City":"","State":"","Zip":"01040","StreetName":"Meggison Ln","Address":null,"StateName":null,"Zip4":null,"MAK":null,"AddressType":null,"RBDI":null,"Results":null,"NoSuffix":""},{"Number":"","Street":"memorial","Suffix":"cir","City":"","State":"","Zip":"01040","StreetName":"Memorial Cir","Address":null,"StateName":null,"Zip4":null,"MAK":null,"AddressType":null,"RBDI":null,"Results":null,"NoSuffix":""},{"Number":"","Street":"memorial","Suffix":"dr","City":"","State":"","Zip":"01040","StreetName":"Memorial Dr","Address":null,"StateName":null,"Zip4":null,"MAK":null,"AddressType":null,"RBDI":null,"Results":null,"NoSuffix":""},{"Number":"","Street":"merkel","Suffix":"ter","City":"","State":"","Zip":"01040","StreetName":"Merkel Ter","Address":null,"StateName":null,"Zip4":null,"MAK":null,"AddressType":null,"RBDI":null,"Results":null,"NoSuffix":""},{"Number":"","Street":"merrick","Suffix":"ave","City":"","State":"","Zip":"01040","StreetName":"Merrick Ave","Address":null,"StateName":null,"Zip4":null,"MAK":null,"AddressType":null,"RBDI":null,"Results":null,"NoSuffix":""},{"Number":"","Street":"michelle","Suffix":"ln","City":"","State":"","Zip":"01040","StreetName":"Michelle Ln","Address":null,"StateName":null,"Zip4":null,"MAK":null,"AddressType":null,"RBDI":null,"Results":null,"NoSuffix":""},{"Number":"","Street":"michigan","Suffix":"ave","City":"","State":"","Zip":"01040","StreetName":"Michigan Ave","Address":null,"StateName":null,"Zip4":null,"MAK":null,"AddressType":null,"RBDI":null,"Results":null,"NoSuffix":""},{"Number":"","Street":"middle water","Suffix":"st","City":"","State":"","Zip":"01040","StreetName":"Middle Water St","Address":null,"StateName":null,"Zip4":null,"MAK":null,"AddressType":null,"RBDI":null,"Results":null,"NoSuffix":""},{"Number":"","Street":"monroe","Suffix":"st","City":"","State":"","Zip":"01040","StreetName":"Monroe St","Address":null,"StateName":null,"Zip4":null,"MAK":null,"AddressType":null,"RBDI":null,"Results":null,"NoSuffix":""},{"Number":"","Street":"montgomery","Suffix":"ave","City":"","State":"","Zip":"01040","StreetName":"Montgomery Ave","Address":null,"StateName":null,"Zip4":null,"MAK":null,"AddressType":null,"RBDI":null,"Results":null,"NoSuffix":""},{"Number":"","Street":"morgan","Suffix":"st","City":"","State":"","Zip":"01040","StreetName":"Morgan St","Address":null,"StateName":null,"Zip4":null,"MAK":null,"AddressType":null,"RBDI":null,"Results":null,"NoSuffix":""},{"Number":"","Street":"mosher","Suffix":"st","City":"","State":"","Zip":"01040","StreetName":"Mosher St","Address":null,"StateName":null,"Zip4":null,"MAK":null,"AddressType":null,"RBDI":null,"Results":null,"NoSuffix":""},{"Number":"","Street":"moss","Suffix":"ave","City":"","State":"","Zip":"01040","StreetName":"Moss Ave","Address":null,"StateName":null,"Zip4":null,"MAK":null,"AddressType":null,"RBDI":null,"Results":null,"NoSuffix":""},{"Number":"","Street":"mount tom","Suffix":"ave","City":"","State":"","Zip":"01040","StreetName":"Mount Tom Ave","Address":null,"StateName":null,"Zip4":null,"MAK":null,"AddressType":null,"RBDI":null,"Results":null,"NoSuffix":""},{"Number":"","Street":"mountain","Suffix":"rd","City":"","State":"","Zip":"01040","StreetName":"Mountain Rd","Address":null,"StateName":null,"Zip4":null,"MAK":null,"AddressType":null,"RBDI":null,"Results":null,"NoSuffix":""},{"Number":"","Street":"mountain view","Suffix":"dr","City":"","State":"","Zip":"01040","StreetName":"Mountain View Dr","Address":null,"StateName":null,"Zip4":null,"MAK":null,"AddressType":null,"RBDI":null,"Results":null,"NoSuffix":""},{"Number":"","Street":"mowry","Suffix":"ave","City":"","State":"","Zip":"01040","StreetName":"Mowry Ave","Address":null,"StateName":null,"Zip4":null,"MAK":null,"AddressType":null,"RBDI":null,"Results":null,"NoSuffix":""},{"Number":"","Street":"mt tom ski","Suffix":"rd","City":"","State":"","Zip":"01040","StreetName":"Mt Tom Ski Rd","Address":null,"StateName":null,"Zip4":null,"MAK":null,"AddressType":null,"RBDI":null,"Results":null,"NoSuffix":""},{"Number":"","Street":"mueller","Suffix":"rd","City":"","State":"","Zip":"01040","StreetName":"Mueller Rd","Address":null,"StateName":null,"Zip4":null,"MAK":null,"AddressType":null,"RBDI":null,"Results":null,"NoSuffix":""},{"Number":"","Street":"myrtle","Suffix":"ave","City":"","State":"","Zip":"01040","StreetName":"Myrtle Ave","Address":null,"StateName":null,"Zip4":null,"MAK":null,"AddressType":null,"RBDI":null,"Results":null,"NoSuffix":""},{"Number":"","Street":"newton","Suffix":"st","City":"","State":"","Zip":"01040","StreetName":"Newton St","Address":null,"StateName":null,"Zip4":null,"MAK":null,"AddressType":null,"RBDI":null,"Results":null,"NoSuffix":""},{"Number":"","Street":"nicholls","Suffix":"dr","City":"","State":"","Zip":"01040","StreetName":"Nicholls Dr","Address":null,"StateName":null,"Zip4":null,"MAK":null,"AddressType":null,"RBDI":null,"Results":null,"NoSuffix":""},{"Number":"","Street":"nick cosmos","Suffix":"way","City":"","State":"","Zip":"01040","StreetName":"Nick Cosmos Way","Address":null,"StateName":null,"Zip4":null,"MAK":null,"AddressType":null,"RBDI":null,"Results":null,"NoSuffix":""},{"Number":"","Street":"nonotuck","Suffix":"st","City":"","State":"","Zip":"01040","StreetName":"Nonotuck St","Address":null,"StateName":null,"Zip4":null,"MAK":null,"AddressType":null,"RBDI":null,"Results":null,"NoSuffix":""},{"Number":"","Street":"northampton","Suffix":"st","City":"","State":"","Zip":"01040","StreetName":"Northampton St","Address":null,"StateName":null,"Zip4":null,"MAK":null,"AddressType":null,"RBDI":null,"Results":null,"NoSuffix":""},{"Number":"","Street":"norwood","Suffix":"ter","City":"","State":"","Zip":"01040","StreetName":"Norwood Ter","Address":null,"StateName":null,"Zip4":null,"MAK":null,"AddressType":null,"RBDI":null,"Results":null,"NoSuffix":""},{"Number":"","Street":"oak","Suffix":"st","City":"","State":"","Zip":"01040","StreetName":"Oak St","Address":null,"StateName":null,"Zip4":null,"MAK":null,"AddressType":null,"RBDI":null,"Results":null,"NoSuffix":""},{"Number":"","Street":"oakwood","Suffix":"ave","City":"","State":"","Zip":"01040","StreetName":"Oakwood Ave","Address":null,"StateName":null,"Zip4":null,"MAK":null,"AddressType":null,"RBDI":null,"Results":null,"NoSuffix":""},{"Number":"","Street":"oconnell","Suffix":"rd","City":"","State":"","Zip":"01040","StreetName":"Oconnell Rd","Address":null,"StateName":null,"Zip4":null,"MAK":null,"AddressType":null,"RBDI":null,"Results":null,"NoSuffix":""},{"Number":"","Street":"oconnor","Suffix":"ave","City":"","State":"","Zip":"01040","StreetName":"Oconnor Ave","Address":null,"StateName":null,"Zip4":null,"MAK":null,"AddressType":null,"RBDI":null,"Results":null,"NoSuffix":""},{"Number":"","Street":"ogden","Suffix":"st","City":"","State":"","Zip":"01040","StreetName":"Ogden St","Address":null,"StateName":null,"Zip4":null,"MAK":null,"AddressType":null,"RBDI":null,"Results":null,"NoSuffix":""},{"Number":"","Street":"old ferry","Suffix":"rd","City":"","State":"","Zip":"01040","StreetName":"Old Ferry Rd","Address":null,"StateName":null,"Zip4":null,"MAK":null,"AddressType":null,"RBDI":null,"Results":null,"NoSuffix":""},{"Number":"","Street":"old jarvis","Suffix":"ave","City":"","State":"","Zip":"01040","StreetName":"Old Jarvis Ave","Address":null,"StateName":null,"Zip4":null,"MAK":null,"AddressType":null,"RBDI":null,"Results":null,"NoSuffix":""},{"Number":"","Street":"old rock valley","Suffix":"rd","City":"","State":"","Zip":"01040","StreetName":"Old Rock Valley Rd","Address":null,"StateName":null,"Zip4":null,"MAK":null,"AddressType":null,"RBDI":null,"Results":null,"NoSuffix":""},{"Number":"","Street":"olive","Suffix":"ave","City":"","State":"","Zip":"01040","StreetName":"Olive Ave","Address":null,"StateName":null,"Zip4":null,"MAK":null,"AddressType":null,"RBDI":null,"Results":null,"NoSuffix":""},{"Number":"","Street":"oliver","Suffix":"st","City":"","State":"","Zip":"01040","StreetName":"Oliver St","Address":null,"StateName":null,"Zip4":null,"MAK":null,"AddressType":null,"RBDI":null,"Results":null,"NoSuffix":""},{"Number":"","Street":"oneko","Suffix":"st","City":"","State":"","Zip":"01040","StreetName":"Oneko St","Address":null,"StateName":null,"Zip4":null,"MAK":null,"AddressType":null,"RBDI":null,"Results":null,"NoSuffix":""},{"Number":"","Street":"ontario","Suffix":"ave","City":"","State":"","Zip":"01040","StreetName":"Ontario Ave","Address":null,"StateName":null,"Zip4":null,"MAK":null,"AddressType":null,"RBDI":null,"Results":null,"NoSuffix":""},{"Number":"","Street":"open square","Suffix":"way","City":"","State":"","Zip":"01040","StreetName":"Open Square Way","Address":null,"StateName":null,"Zip4":null,"MAK":null,"AddressType":null,"RBDI":null,"Results":null,"NoSuffix":""},{"Number":"","Street":"orchard","Suffix":"st","City":"","State":"","Zip":"01040","StreetName":"Orchard St","Address":null,"StateName":null,"Zip4":null,"MAK":null,"AddressType":null,"RBDI":null,"Results":null,"NoSuffix":""},{"Number":"","Street":"oscar","Suffix":"st","City":"","State":"","Zip":"01040","StreetName":"Oscar St","Address":null,"StateName":null,"Zip4":null,"MAK":null,"AddressType":null,"RBDI":null,"Results":null,"NoSuffix":""},{"Number":"","Street":"overlook","Suffix":"dr","City":"","State":"","Zip":"01040","StreetName":"Overlook Dr","Address":null,"StateName":null,"Zip4":null,"MAK":null,"AddressType":null,"RBDI":null,"Results":null,"NoSuffix":""},{"Number":"","Street":"owens","Suffix":"pl","City":"","State":"","Zip":"01040","StreetName":"Owens Pl","Address":null,"StateName":null,"Zip4":null,"MAK":null,"AddressType":null,"RBDI":null,"Results":null,"NoSuffix":""},{"Number":"","Street":"oxford","Suffix":"rd","City":"","State":"","Zip":"01040","StreetName":"Oxford Rd","Address":null,"StateName":null,"Zip4":null,"MAK":null,"AddressType":null,"RBDI":null,"Results":null,"NoSuffix":""},{"Number":"","Street":"papineau","Suffix":"st","City":"","State":"","Zip":"01040","StreetName":"Papineau St","Address":null,"StateName":null,"Zip4":null,"MAK":null,"AddressType":null,"RBDI":null,"Results":null,"NoSuffix":""},{"Number":"","Street":"park","Suffix":"ave","City":"","State":"","Zip":"01040","StreetName":"Park Ave","Address":null,"StateName":null,"Zip4":null,"MAK":null,"AddressType":null,"RBDI":null,"Results":null,"NoSuffix":""},{"Number":"","Street":"park slope","Suffix":"","City":"","State":"","Zip":"01040","StreetName":"Park Slope","Address":null,"StateName":null,"Zip4":null,"MAK":null,"AddressType":null,"RBDI":null,"Results":null,"NoSuffix":"t"},{"Number":"","Street":"parker","Suffix":"st","City":"","State":"","Zip":"01040","StreetName":"Parker St","Address":null,"StateName":null,"Zip4":null,"MAK":null,"AddressType":null,"RBDI":null,"Results":null,"NoSuffix":""},{"Number":"","Street":"parkview","Suffix":"ter","City":"","State":"","Zip":"01040","StreetName":"Parkview Ter","Address":null,"StateName":null,"Zip4":null,"MAK":null,"AddressType":null,"RBDI":null,"Results":null,"NoSuffix":""},{"Number":"","Street":"pearl","Suffix":"st","City":"","State":"","Zip":"01040","StreetName":"Pearl St","Address":null,"StateName":null,"Zip4":null,"MAK":null,"AddressType":null,"RBDI":null,"Results":null,"NoSuffix":""},{"Number":"","Street":"pearson","Suffix":"rd","City":"","State":"","Zip":"01040","StreetName":"Pearson Rd","Address":null,"StateName":null,"Zip4":null,"MAK":null,"AddressType":null,"RBDI":null,"Results":null,"NoSuffix":""},{"Number":"","Street":"peltiah","Suffix":"st","City":"","State":"","Zip":"01040","StreetName":"Peltiah St","Address":null,"StateName":null,"Zip4":null,"MAK":null,"AddressType":null,"RBDI":null,"Results":null,"NoSuffix":""},{"Number":"","Street":"pheasant","Suffix":"dr","City":"","State":"","Zip":"01040","StreetName":"Pheasant Dr","Address":null,"StateName":null,"Zip4":null,"MAK":null,"AddressType":null,"RBDI":null,"Results":null,"NoSuffix":""},{"Number":"","Street":"phillips","Suffix":"dr","City":"","State":"","Zip":"01040","StreetName":"Phillips Dr","Address":null,"StateName":null,"Zip4":null,"MAK":null,"AddressType":null,"RBDI":null,"Results":null,"NoSuffix":""},{"Number":"","Street":"pine","Suffix":"st","City":"","State":"","Zip":"01040","StreetName":"Pine St","Address":null,"StateName":null,"Zip4":null,"MAK":null,"AddressType":null,"RBDI":null,"Results":null,"NoSuffix":""},{"Number":"","Street":"pinehurst","Suffix":"rd","City":"","State":"","Zip":"01040","StreetName":"Pinehurst Rd","Address":null,"StateName":null,"Zip4":null,"MAK":null,"AddressType":null,"RBDI":null,"Results":null,"NoSuffix":""},{"Number":"","Street":"pleasant","Suffix":"st","City":"","State":"","Zip":"01040","StreetName":"Pleasant St","Address":null,"StateName":null,"Zip4":null,"MAK":null,"AddressType":null,"RBDI":null,"Results":null,"NoSuffix":""},{"Number":"","Street":"portland","Suffix":"st","City":"","State":"","Zip":"01040","StreetName":"Portland St","Address":null,"StateName":null,"Zip4":null,"MAK":null,"AddressType":null,"RBDI":null,"Results":null,"NoSuffix":""},{"Number":"","Street":"prew","Suffix":"ave","City":"","State":"","Zip":"01040","StreetName":"Prew Ave","Address":null,"StateName":null,"Zip4":null,"MAK":null,"AddressType":null,"RBDI":null,"Results":null,"NoSuffix":""},{"Number":"","Street":"primrose","Suffix":"ln","City":"","State":"","Zip":"01040","StreetName":"Primrose Ln","Address":null,"StateName":null,"Zip4":null,"MAK":null,"AddressType":null,"RBDI":null,"Results":null,"NoSuffix":""},{"Number":"","Street":"princeton","Suffix":"st","City":"","State":"","Zip":"01040","StreetName":"Princeton St","Address":null,"StateName":null,"Zip4":null,"MAK":null,"AddressType":null,"RBDI":null,"Results":null,"NoSuffix":""},{"Number":"","Street":"providence","Suffix":"ter","City":"","State":"","Zip":"01040","StreetName":"Providence Ter","Address":null,"StateName":null,"Zip4":null,"MAK":null,"AddressType":null,"RBDI":null,"Results":null,"NoSuffix":""},{"Number":"","Street":"pynchon","Suffix":"rd","City":"","State":"","Zip":"01040","StreetName":"Pynchon Rd","Address":null,"StateName":null,"Zip4":null,"MAK":null,"AddressType":null,"RBDI":null,"Results":null,"NoSuffix":""},{"Number":"","Street":"queen","Suffix":"st","City":"","State":"","Zip":"01040","StreetName":"Queen St","Address":null,"StateName":null,"Zip4":null,"MAK":null,"AddressType":null,"RBDI":null,"Results":null,"NoSuffix":""},{"Number":"","Street":"quinn","Suffix":"dr","City":"","State":"","Zip":"01040","StreetName":"Quinn Dr","Address":null,"StateName":null,"Zip4":null,"MAK":null,"AddressType":null,"RBDI":null,"Results":null,"NoSuffix":""},{"Number":"","Street":"quirk","Suffix":"ave","City":"","State":"","Zip":"01040","StreetName":"Quirk Ave","Address":null,"StateName":null,"Zip4":null,"MAK":null,"AddressType":null,"RBDI":null,"Results":null,"NoSuffix":""},{"Number":"","Street":"race","Suffix":"st","City":"","State":"","Zip":"01040","StreetName":"Race St","Address":null,"StateName":null,"Zip4":null,"MAK":null,"AddressType":null,"RBDI":null,"Results":null,"NoSuffix":""},{"Number":"","Street":"radcliffe","Suffix":"st","City":"","State":"","Zip":"01040","StreetName":"Radcliffe St","Address":null,"StateName":null,"Zip4":null,"MAK":null,"AddressType":null,"RBDI":null,"Results":null,"NoSuffix":""},{"Number":"","Street":"rampart","Suffix":"ct","City":"","State":"","Zip":"01040","StreetName":"Rampart Ct","Address":null,"StateName":null,"Zip4":null,"MAK":null,"AddressType":null,"RBDI":null,"Results":null,"NoSuffix":""},{"Number":"","Street":"raymond","Suffix":"ave","City":"","State":"","Zip":"01040","StreetName":"Raymond Ave","Address":null,"StateName":null,"Zip4":null,"MAK":null,"AddressType":null,"RBDI":null,"Results":null,"NoSuffix":""},{"Number":"","Street":"rene","Suffix":"dr","City":"","State":"","Zip":"01040","StreetName":"Rene Dr","Address":null,"StateName":null,"Zip4":null,"MAK":null,"AddressType":null,"RBDI":null,"Results":null,"NoSuffix":""},{"Number":"","Street":"reservation","Suffix":"rd","City":"","State":"","Zip":"01040","StreetName":"Reservation Rd","Address":null,"StateName":null,"Zip4":null,"MAK":null,"AddressType":null,"RBDI":null,"Results":null,"NoSuffix":""},{"Number":"","Street":"resnic","Suffix":"blvd","City":"","State":"","Zip":"01040","StreetName":"Resnic Blvd","Address":null,"StateName":null,"Zip4":null,"MAK":null,"AddressType":null,"RBDI":null,"Results":null,"NoSuffix":""},{"Number":"","Street":"rhode island","Suffix":"st","City":"","State":"","Zip":"01040","StreetName":"Rhode Island St","Address":null,"StateName":null,"Zip4":null,"MAK":null,"AddressType":null,"RBDI":null,"Results":null,"NoSuffix":""},{"Number":"","Street":"richard eger","Suffix":"dr","City":"","State":"","Zip":"01040","StreetName":"Richard Eger Dr","Address":null,"StateName":null,"Zip4":null,"MAK":null,"AddressType":null,"RBDI":null,"Results":null,"NoSuffix":""},{"Number":"","Street":"ridgeway","Suffix":"st","City":"","State":"","Zip":"01040","StreetName":"Ridgeway St","Address":null,"StateName":null,"Zip4":null,"MAK":null,"AddressType":null,"RBDI":null,"Results":null,"NoSuffix":""},{"Number":"","Street":"ridgewood","Suffix":"ave","City":"","State":"","Zip":"01040","StreetName":"Ridgewood Ave","Address":null,"StateName":null,"Zip4":null,"MAK":null,"AddressType":null,"RBDI":null,"Results":null,"NoSuffix":""},{"Number":"","Street":"river","Suffix":"ter","City":"","State":"","Zip":"01040","StreetName":"River Ter","Address":null,"StateName":null,"Zip4":null,"MAK":null,"AddressType":null,"RBDI":null,"Results":null,"NoSuffix":""},{"Number":"","Street":"robbie","Suffix":"cir","City":"","State":"","Zip":"01040","StreetName":"Robbie Cir","Address":null,"StateName":null,"Zip4":null,"MAK":null,"AddressType":null,"RBDI":null,"Results":null,"NoSuffix":""},{"Number":"","Street":"robby","Suffix":"cir","City":"","State":"","Zip":"01040","StreetName":"Robby Cir","Address":null,"StateName":null,"Zip4":null,"MAK":null,"AddressType":null,"RBDI":null,"Results":null,"NoSuffix":""},{"Number":"","Street":"robert","Suffix":"dr","City":"","State":"","Zip":"01040","StreetName":"Robert Dr","Address":null,"StateName":null,"Zip4":null,"MAK":null,"AddressType":null,"RBDI":null,"Results":null,"NoSuffix":""},{"Number":"","Street":"rock valley","Suffix":"rd","City":"","State":"","Zip":"01040","StreetName":"Rock Valley Rd","Address":null,"StateName":null,"Zip4":null,"MAK":null,"AddressType":null,"RBDI":null,"Results":null,"NoSuffix":""},{"Number":"","Street":"roland","Suffix":"st","City":"","State":"","Zip":"01040","StreetName":"Roland St","Address":null,"StateName":null,"Zip4":null,"MAK":null,"AddressType":null,"RBDI":null,"Results":null,"NoSuffix":""},{"Number":"","Street":"roosevelt","Suffix":"ave","City":"","State":"","Zip":"01040","StreetName":"Roosevelt Ave","Address":null,"StateName":null,"Zip4":null,"MAK":null,"AddressType":null,"RBDI":null,"Results":null,"NoSuffix":""},{"Number":"","Street":"ross","Suffix":"rd","City":"","State":"","Zip":"01040","StreetName":"Ross Rd","Address":null,"StateName":null,"Zip4":null,"MAK":null,"AddressType":null,"RBDI":null,"Results":null,"NoSuffix":""},{"Number":"","Street":"royal","Suffix":"ave","City":"","State":"","Zip":"01040","StreetName":"Royal Ave","Address":null,"StateName":null,"Zip4":null,"MAK":null,"AddressType":null,"RBDI":null,"Results":null,"NoSuffix":""},{"Number":"","Street":"rugby","Suffix":"st","City":"","State":"","Zip":"01040","StreetName":"Rugby St","Address":null,"StateName":null,"Zip4":null,"MAK":null,"AddressType":null,"RBDI":null,"Results":null,"NoSuffix":""},{"Number":"","Street":"russell","Suffix":"ter","City":"","State":"","Zip":"01040","StreetName":"Russell Ter","Address":null,"StateName":null,"Zip4":null,"MAK":null,"AddressType":null,"RBDI":null,"Results":null,"NoSuffix":""},{"Number":"","Street":"saint james","Suffix":"ave","City":"","State":"","Zip":"01040","StreetName":"Saint James Ave","Address":null,"StateName":null,"Zip4":null,"MAK":null,"AddressType":null,"RBDI":null,"Results":null,"NoSuffix":""},{"Number":"","Street":"saint jerome","Suffix":"ave","City":"","State":"","Zip":"01040","StreetName":"Saint Jerome Ave","Address":null,"StateName":null,"Zip4":null,"MAK":null,"AddressType":null,"RBDI":null,"Results":null,"NoSuffix":""},{"Number":"","Street":"saint kolbe","Suffix":"dr","City":"","State":"","Zip":"01040","StreetName":"Saint Kolbe Dr","Address":null,"StateName":null,"Zip4":null,"MAK":null,"AddressType":null,"RBDI":null,"Results":null,"NoSuffix":""},{"Number":"","Street":"samosett","Suffix":"st","City":"","State":"","Zip":"01040","StreetName":"Samosett St","Address":null,"StateName":null,"Zip4":null,"MAK":null,"AddressType":null,"RBDI":null,"Results":null,"NoSuffix":""},{"Number":"","Street":"sargeant","Suffix":"st","City":"","State":"","Zip":"01040","StreetName":"Sargeant St","Address":null,"StateName":null,"Zip4":null,"MAK":null,"AddressType":null,"RBDI":null,"Results":null,"NoSuffix":""},{"Number":"","Street":"school","Suffix":"st","City":"","State":"","Zip":"01040","StreetName":"School St","Address":null,"StateName":null,"Zip4":null,"MAK":null,"AddressType":null,"RBDI":null,"Results":null,"NoSuffix":""},{"Number":"","Street":"scott hollow","Suffix":"dr","City":"","State":"","Zip":"01040","StreetName":"Scott Hollow Dr","Address":null,"StateName":null,"Zip4":null,"MAK":null,"AddressType":null,"RBDI":null,"Results":null,"NoSuffix":""},{"Number":"","Street":"sequoia","Suffix":"dr","City":"","State":"","Zip":"01040","StreetName":"Sequoia Dr","Address":null,"StateName":null,"Zip4":null,"MAK":null,"AddressType":null,"RBDI":null,"Results":null,"NoSuffix":""},{"Number":"","Street":"shawmut","Suffix":"ave","City":"","State":"","Zip":"01040","StreetName":"Shawmut Ave","Address":null,"StateName":null,"Zip4":null,"MAK":null,"AddressType":null,"RBDI":null,"Results":null,"NoSuffix":""},{"Number":"","Street":"sheehan","Suffix":"dr","City":"","State":"","Zip":"01040","StreetName":"Sheehan Dr","Address":null,"StateName":null,"Zip4":null,"MAK":null,"AddressType":null,"RBDI":null,"Results":null,"NoSuffix":""},{"Number":"","Street":"shepard","Suffix":"dr","City":"","State":"","Zip":"01040","StreetName":"Shepard Dr","Address":null,"StateName":null,"Zip4":null,"MAK":null,"AddressType":null,"RBDI":null,"Results":null,"NoSuffix":""},{"Number":"","Street":"sherwood","Suffix":"ter","City":"","State":"","Zip":"01040","StreetName":"Sherwood Ter","Address":null,"StateName":null,"Zip4":null,"MAK":null,"AddressType":null,"RBDI":null,"Results":null,"NoSuffix":""},{"Number":"","Street":"sky view","Suffix":"ter","City":"","State":"","Zip":"01040","StreetName":"Sky View Ter","Address":null,"StateName":null,"Zip4":null,"MAK":null,"AddressType":null,"RBDI":null,"Results":null,"NoSuffix":""},{"Number":"","Street":"south","Suffix":"st","City":"","State":"","Zip":"01040","StreetName":"South St","Address":null,"StateName":null,"Zip4":null,"MAK":null,"AddressType":null,"RBDI":null,"Results":null,"NoSuffix":""},{"Number":"","Street":"southampton","Suffix":"rd","City":"","State":"","Zip":"01040","StreetName":"Southampton Rd","Address":null,"StateName":null,"Zip4":null,"MAK":null,"AddressType":null,"RBDI":null,"Results":null,"NoSuffix":""},{"Number":"","Street":"spring","Suffix":"st","City":"","State":"","Zip":"01040","StreetName":"Spring St","Address":null,"StateName":null,"Zip4":null,"MAK":null,"AddressType":null,"RBDI":null,"Results":null,"NoSuffix":""},{"Number":"","Street":"springdale","Suffix":"ave","City":"","State":"","Zip":"01040","StreetName":"Springdale Ave","Address":null,"StateName":null,"Zip4":null,"MAK":null,"AddressType":null,"RBDI":null,"Results":null,"NoSuffix":""},{"Number":"","Street":"stanford","Suffix":"st","City":"","State":"","Zip":"01040","StreetName":"Stanford St","Address":null,"StateName":null,"Zip4":null,"MAK":null,"AddressType":null,"RBDI":null,"Results":null,"NoSuffix":""},{"Number":"","Street":"stebbins","Suffix":"st","City":"","State":"","Zip":"01040","StreetName":"Stebbins St","Address":null,"StateName":null,"Zip4":null,"MAK":null,"AddressType":null,"RBDI":null,"Results":null,"NoSuffix":""},{"Number":"","Street":"steiger","Suffix":"rd","City":"","State":"","Zip":"01040","StreetName":"Steiger Rd","Address":null,"StateName":null,"Zip4":null,"MAK":null,"AddressType":null,"RBDI":null,"Results":null,"NoSuffix":""},{"Number":"","Street":"sterling","Suffix":"rd","City":"","State":"","Zip":"01040","StreetName":"Sterling Rd","Address":null,"StateName":null,"Zip4":null,"MAK":null,"AddressType":null,"RBDI":null,"Results":null,"NoSuffix":""},{"Number":"","Street":"steven","Suffix":"dr","City":"","State":"","Zip":"01040","StreetName":"Steven Dr","Address":null,"StateName":null,"Zip4":null,"MAK":null,"AddressType":null,"RBDI":null,"Results":null,"NoSuffix":""},{"Number":"","Street":"stratford","Suffix":"rd","City":"","State":"","Zip":"01040","StreetName":"Stratford Rd","Address":null,"StateName":null,"Zip4":null,"MAK":null,"AddressType":null,"RBDI":null,"Results":null,"NoSuffix":""},{"Number":"","Street":"suffolk","Suffix":"st","City":"","State":"","Zip":"01040","StreetName":"Suffolk St","Address":null,"StateName":null,"Zip4":null,"MAK":null,"AddressType":null,"RBDI":null,"Results":null,"NoSuffix":""},{"Number":"","Street":"sullivan","Suffix":"rd","City":"","State":"","Zip":"01040","StreetName":"Sullivan Rd","Address":null,"StateName":null,"Zip4":null,"MAK":null,"AddressType":null,"RBDI":null,"Results":null,"NoSuffix":""},{"Number":"","Street":"summer","Suffix":"st","City":"","State":"","Zip":"01040","StreetName":"Summer St","Address":null,"StateName":null,"Zip4":null,"MAK":null,"AddressType":null,"RBDI":null,"Results":null,"NoSuffix":""},{"Number":"","Street":"summit","Suffix":"ave","City":"","State":"","Zip":"01040","StreetName":"Summit Ave","Address":null,"StateName":null,"Zip4":null,"MAK":null,"AddressType":null,"RBDI":null,"Results":null,"NoSuffix":""},{"Number":"","Street":"sun valley","Suffix":"rd","City":"","State":"","Zip":"01040","StreetName":"Sun Valley Rd","Address":null,"StateName":null,"Zip4":null,"MAK":null,"AddressType":null,"RBDI":null,"Results":null,"NoSuffix":""},{"Number":"","Street":"sunset","Suffix":"rd","City":"","State":"","Zip":"01040","StreetName":"Sunset Rd","Address":null,"StateName":null,"Zip4":null,"MAK":null,"AddressType":null,"RBDI":null,"Results":null,"NoSuffix":""},{"Number":"","Street":"superior","Suffix":"ave","City":"","State":"","Zip":"01040","StreetName":"Superior Ave","Address":null,"StateName":null,"Zip4":null,"MAK":null,"AddressType":null,"RBDI":null,"Results":null,"NoSuffix":""},{"Number":"","Street":"sycamore","Suffix":"st","City":"","State":"","Zip":"01040","StreetName":"Sycamore St","Address":null,"StateName":null,"Zip4":null,"MAK":null,"AddressType":null,"RBDI":null,"Results":null,"NoSuffix":""},{"Number":"","Street":"sydney","Suffix":"ave","City":"","State":"","Zip":"01040","StreetName":"Sydney Ave","Address":null,"StateName":null,"Zip4":null,"MAK":null,"AddressType":null,"RBDI":null,"Results":null,"NoSuffix":""},{"Number":"","Street":"sylvia","Suffix":"ln","City":"","State":"","Zip":"01040","StreetName":"Sylvia Ln","Address":null,"StateName":null,"Zip4":null,"MAK":null,"AddressType":null,"RBDI":null,"Results":null,"NoSuffix":""},{"Number":"","Street":"taylor","Suffix":"st","City":"","State":"","Zip":"01040","StreetName":"Taylor St","Address":null,"StateName":null,"Zip4":null,"MAK":null,"AddressType":null,"RBDI":null,"Results":null,"NoSuffix":""},{"Number":"","Street":"temple","Suffix":"st","City":"","State":"","Zip":"01040","StreetName":"Temple St","Address":null,"StateName":null,"Zip4":null,"MAK":null,"AddressType":null,"RBDI":null,"Results":null,"NoSuffix":""},{"Number":"","Street":"thomas","Suffix":"ave","City":"","State":"","Zip":"01040","StreetName":"Thomas Ave","Address":null,"StateName":null,"Zip4":null,"MAK":null,"AddressType":null,"RBDI":null,"Results":null,"NoSuffix":""},{"Number":"","Street":"thorpe","Suffix":"ave","City":"","State":"","Zip":"01040","StreetName":"Thorpe Ave","Address":null,"StateName":null,"Zip4":null,"MAK":null,"AddressType":null,"RBDI":null,"Results":null,"NoSuffix":""},{"Number":"","Street":"timber","Suffix":"ln","City":"","State":"","Zip":"01040","StreetName":"Timber Ln","Address":null,"StateName":null,"Zip4":null,"MAK":null,"AddressType":null,"RBDI":null,"Results":null,"NoSuffix":""},{"Number":"","Street":"tokeneke","Suffix":"rd","City":"","State":"","Zip":"01040","StreetName":"Tokeneke Rd","Address":null,"StateName":null,"Zip4":null,"MAK":null,"AddressType":null,"RBDI":null,"Results":null,"NoSuffix":""},{"Number":"","Street":"upland","Suffix":"rd","City":"","State":"","Zip":"01040","StreetName":"Upland Rd","Address":null,"StateName":null,"Zip4":null,"MAK":null,"AddressType":null,"RBDI":null,"Results":null,"NoSuffix":""},{"Number":"","Street":"vadnais","Suffix":"st","City":"","State":"","Zip":"01040","StreetName":"Vadnais St","Address":null,"StateName":null,"Zip4":null,"MAK":null,"AddressType":null,"RBDI":null,"Results":null,"NoSuffix":""},{"Number":"","Street":"valley","Suffix":"hts","City":"","State":"","Zip":"01040","StreetName":"Valley Hts","Address":null,"StateName":null,"Zip4":null,"MAK":null,"AddressType":null,"RBDI":null,"Results":null,"NoSuffix":""},{"Number":"","Street":"valley mill","Suffix":"rd","City":"","State":"","Zip":"01040","StreetName":"Valley Mill Rd","Address":null,"StateName":null,"Zip4":null,"MAK":null,"AddressType":null,"RBDI":null,"Results":null,"NoSuffix":""},{"Number":"","Street":"vassar","Suffix":"cir","City":"","State":"","Zip":"01040","StreetName":"Vassar Cir","Address":null,"StateName":null,"Zip4":null,"MAK":null,"AddressType":null,"RBDI":null,"Results":null,"NoSuffix":""},{"Number":"","Street":"vermont","Suffix":"st","City":"","State":"","Zip":"01040","StreetName":"Vermont St","Address":null,"StateName":null,"Zip4":null,"MAK":null,"AddressType":null,"RBDI":null,"Results":null,"NoSuffix":""},{"Number":"","Street":"vernon","Suffix":"st","City":"","State":"","Zip":"01040","StreetName":"Vernon St","Address":null,"StateName":null,"Zip4":null,"MAK":null,"AddressType":null,"RBDI":null,"Results":null,"NoSuffix":""},{"Number":"","Street":"view","Suffix":"st","City":"","State":"","Zip":"01040","StreetName":"View St","Address":null,"StateName":null,"Zip4":null,"MAK":null,"AddressType":null,"RBDI":null,"Results":null,"NoSuffix":""},{"Number":"","Street":"village","Suffix":"rd","City":"","State":"","Zip":"01040","StreetName":"Village Rd","Address":null,"StateName":null,"Zip4":null,"MAK":null,"AddressType":null,"RBDI":null,"Results":null,"NoSuffix":""},{"Number":"","Street":"waldo","Suffix":"st","City":"","State":"","Zip":"01040","StreetName":"Waldo St","Address":null,"StateName":null,"Zip4":null,"MAK":null,"AddressType":null,"RBDI":null,"Results":null,"NoSuffix":""},{"Number":"","Street":"wall","Suffix":"rd","City":"","State":"","Zip":"01040","StreetName":"Wall Rd","Address":null,"StateName":null,"Zip4":null,"MAK":null,"AddressType":null,"RBDI":null,"Results":null,"NoSuffix":""},{"Number":"","Street":"walnut","Suffix":"st","City":"","State":"","Zip":"01040","StreetName":"Walnut St","Address":null,"StateName":null,"Zip4":null,"MAK":null,"AddressType":null,"RBDI":null,"Results":null,"NoSuffix":""},{"Number":"","Street":"washington","Suffix":"ave","City":"","State":"","Zip":"01040","StreetName":"Washington Ave","Address":null,"StateName":null,"Zip4":null,"MAK":null,"AddressType":null,"RBDI":null,"Results":null,"NoSuffix":""},{"Number":"","Street":"water","Suffix":"st","City":"","State":"","Zip":"01040","StreetName":"Water St","Address":null,"StateName":null,"Zip4":null,"MAK":null,"AddressType":null,"RBDI":null,"Results":null,"NoSuffix":""},{"Number":"","Street":"wayne","Suffix":"ct","City":"","State":"","Zip":"01040","StreetName":"Wayne Ct","Address":null,"StateName":null,"Zip4":null,"MAK":null,"AddressType":null,"RBDI":null,"Results":null,"NoSuffix":""},{"Number":"","Street":"wedgewood","Suffix":"ter","City":"","State":"","Zip":"01040","StreetName":"Wedgewood Ter","Address":null,"StateName":null,"Zip4":null,"MAK":null,"AddressType":null,"RBDI":null,"Results":null,"NoSuffix":""},{"Number":"","Street":"wellesley","Suffix":"rd","City":"","State":"","Zip":"01040","StreetName":"Wellesley Rd","Address":null,"StateName":null,"Zip4":null,"MAK":null,"AddressType":null,"RBDI":null,"Results":null,"NoSuffix":""},{"Number":"","Street":"west","Suffix":"ct","City":"","State":"","Zip":"01040","StreetName":"West Ct","Address":null,"StateName":null,"Zip4":null,"MAK":null,"AddressType":null,"RBDI":null,"Results":null,"NoSuffix":""},{"Number":"","Street":"west","Suffix":"st","City":"","State":"","Zip":"01040","StreetName":"West St","Address":null,"StateName":null,"Zip4":null,"MAK":null,"AddressType":null,"RBDI":null,"Results":null,"NoSuffix":""},{"Number":"","Street":"western view","Suffix":"rd","City":"","State":"","Zip":"01040","StreetName":"Western View Rd","Address":null,"StateName":null,"Zip4":null,"MAK":null,"AddressType":null,"RBDI":null,"Results":null,"NoSuffix":""},{"Number":"","Street":"westfield","Suffix":"rd","City":"","State":"","Zip":"01040","StreetName":"Westfield Rd","Address":null,"StateName":null,"Zip4":null,"MAK":null,"AddressType":null,"RBDI":null,"Results":null,"NoSuffix":""},{"Number":"","Street":"white birch","Suffix":"way","City":"","State":"","Zip":"01040","StreetName":"White Birch Way","Address":null,"StateName":null,"Zip4":null,"MAK":null,"AddressType":null,"RBDI":null,"Results":null,"NoSuffix":""},{"Number":"","Street":"whiting","Suffix":"ave","City":"","State":"","Zip":"01040","StreetName":"Whiting Ave","Address":null,"StateName":null,"Zip4":null,"MAK":null,"AddressType":null,"RBDI":null,"Results":null,"NoSuffix":""},{"Number":"","Street":"whiting farms","Suffix":"rd","City":"","State":"","Zip":"01040","StreetName":"Whiting Farms Rd","Address":null,"StateName":null,"Zip4":null,"MAK":null,"AddressType":null,"RBDI":null,"Results":null,"NoSuffix":""},{"Number":"","Street":"whitney","Suffix":"ave","City":"","State":"","Zip":"01040","StreetName":"Whitney Ave","Address":null,"StateName":null,"Zip4":null,"MAK":null,"AddressType":null,"RBDI":null,"Results":null,"NoSuffix":""},{"Number":"","Street":"whittier","Suffix":"cir","City":"","State":"","Zip":"01040","StreetName":"Whittier Cir","Address":null,"StateName":null,"Zip4":null,"MAK":null,"AddressType":null,"RBDI":null,"Results":null,"NoSuffix":""},{"Number":"","Street":"williams","Suffix":"st","City":"","State":"","Zip":"01040","StreetName":"Williams St","Address":null,"StateName":null,"Zip4":null,"MAK":null,"AddressType":null,"RBDI":null,"Results":null,"NoSuffix":""},{"Number":"","Street":"willow","Suffix":"st","City":"","State":"","Zip":"01040","StreetName":"Willow St","Address":null,"StateName":null,"Zip4":null,"MAK":null,"AddressType":null,"RBDI":null,"Results":null,"NoSuffix":""},{"Number":"","Street":"winchester","Suffix":"ave","City":"","State":"","Zip":"01040","StreetName":"Winchester Ave","Address":null,"StateName":null,"Zip4":null,"MAK":null,"AddressType":null,"RBDI":null,"Results":null,"NoSuffix":""},{"Number":"","Street":"winter","Suffix":"st","City":"","State":"","Zip":"01040","StreetName":"Winter St","Address":null,"StateName":null,"Zip4":null,"MAK":null,"AddressType":null,"RBDI":null,"Results":null,"NoSuffix":""},{"Number":"","Street":"winterberry","Suffix":"cir","City":"","State":"","Zip":"01040","StreetName":"Winterberry Cir","Address":null,"StateName":null,"Zip4":null,"MAK":null,"AddressType":null,"RBDI":null,"Results":null,"NoSuffix":""},{"Number":"","Street":"winthrop","Suffix":"st","City":"","State":"","Zip":"01040","StreetName":"Winthrop St","Address":null,"StateName":null,"Zip4":null,"MAK":null,"AddressType":null,"RBDI":null,"Results":null,"NoSuffix":""},{"Number":"","Street":"wolcott","Suffix":"st","City":"","State":"","Zip":"01040","StreetName":"Wolcott St","Address":null,"StateName":null,"Zip4":null,"MAK":null,"AddressType":null,"RBDI":null,"Results":null,"NoSuffix":""},{"Number":"","Street":"woodbine","Suffix":"ln","City":"","State":"","Zip":"01040","StreetName":"Woodbine Ln","Address":null,"StateName":null,"Zip4":null,"MAK":null,"AddressType":null,"RBDI":null,"Results":null,"NoSuffix":""},{"Number":"","Street":"woodbridge","Suffix":"st","City":"","State":"","Zip":"01040","StreetName":"Woodbridge St","Address":null,"StateName":null,"Zip4":null,"MAK":null,"AddressType":null,"RBDI":null,"Results":null,"NoSuffix":""},{"Number":"","Street":"woodland","Suffix":"st","City":"","State":"","Zip":"01040","StreetName":"Woodland St","Address":null,"StateName":null,"Zip4":null,"MAK":null,"AddressType":null,"RBDI":null,"Results":null,"NoSuffix":""},{"Number":"","Street":"woods","Suffix":"ave","City":"","State":"","Zip":"01040","StreetName":"Woods Ave","Address":null,"StateName":null,"Zip4":null,"MAK":null,"AddressType":null,"RBDI":null,"Results":null,"NoSuffix":""},{"Number":"","Street":"worcester","Suffix":"pl","City":"","State":"","Zip":"01040","StreetName":"Worcester Pl","Address":null,"StateName":null,"Zip4":null,"MAK":null,"AddressType":null,"RBDI":null,"Results":null,"NoSuffix":""},{"Number":"","Street":"wyckoff","Suffix":"ave","City":"","State":"","Zip":"01040","StreetName":"Wyckoff Ave","Address":null,"StateName":null,"Zip4":null,"MAK":null,"AddressType":null,"RBDI":null,"Results":null,"NoSuffix":""},{"Number":"","Street":"yale","Suffix":"st","City":"","State":"","Zip":"01040","StreetName":"Yale St","Address":null,"StateName":null,"Zip4":null,"MAK":null,"AddressType":null,"RBDI":null,"Results":null,"NoSuffix":""},{"Number":"","Street":"yoerg","Suffix":"cir","City":"","State":"","Zip":"01040","StreetName":"Yoerg Cir","Address":null,"StateName":null,"Zip4":null,"MAK":null,"AddressType":null,"RBDI":null,"Results":null,"NoSuffix":""},{"Number":"","Street":"york","Suffix":"st","City":"","State":"","Zip":"01040","StreetName":"York St","Address":null,"StateName":null,"Zip4":null,"MAK":null,"AddressType":null,"RBDI":null,"Results":null,"NoSuffix":""}]