[{"Number":"","Street":"a cataldo pond","Suffix":"way","City":"","State":"","Zip":"01460","StreetName":"A Cataldo Pond Way","Address":null,"StateName":null,"Zip4":null,"MAK":null,"AddressType":null,"RBDI":null,"Results":null,"NoSuffix":""},{"Number":"","Street":"abenaki","Suffix":"trl","City":"","State":"","Zip":"01460","StreetName":"Abenaki Trl","Address":null,"StateName":null,"Zip4":null,"MAK":null,"AddressType":null,"RBDI":null,"Results":null,"NoSuffix":""},{"Number":"","Street":"adams","Suffix":"st","City":"","State":"","Zip":"01460","StreetName":"Adams St","Address":null,"StateName":null,"Zip4":null,"MAK":null,"AddressType":null,"RBDI":null,"Results":null,"NoSuffix":""},{"Number":"","Street":"allen","Suffix":"rd","City":"","State":"","Zip":"01460","StreetName":"Allen Rd","Address":null,"StateName":null,"Zip4":null,"MAK":null,"AddressType":null,"RBDI":null,"Results":null,"NoSuffix":""},{"Number":"","Street":"andrea","Suffix":"st","City":"","State":"","Zip":"01460","StreetName":"Andrea St","Address":null,"StateName":null,"Zip4":null,"MAK":null,"AddressType":null,"RBDI":null,"Results":null,"NoSuffix":""},{"Number":"","Street":"apple ridge","Suffix":"ln","City":"","State":"","Zip":"01460","StreetName":"Apple Ridge Ln","Address":null,"StateName":null,"Zip4":null,"MAK":null,"AddressType":null,"RBDI":null,"Results":null,"NoSuffix":""},{"Number":"","Street":"arc","Suffix":"pl","City":"","State":"","Zip":"01460","StreetName":"Arc Pl","Address":null,"StateName":null,"Zip4":null,"MAK":null,"AddressType":null,"RBDI":null,"Results":null,"NoSuffix":""},{"Number":"","Street":"aspen","Suffix":"rd","City":"","State":"","Zip":"01460","StreetName":"Aspen Rd","Address":null,"StateName":null,"Zip4":null,"MAK":null,"AddressType":null,"RBDI":null,"Results":null,"NoSuffix":""},{"Number":"","Street":"ayer","Suffix":"rd","City":"","State":"","Zip":"01460","StreetName":"Ayer Rd","Address":null,"StateName":null,"Zip4":null,"MAK":null,"AddressType":null,"RBDI":null,"Results":null,"NoSuffix":""},{"Number":"","Street":"baldwin hill","Suffix":"rd","City":"","State":"","Zip":"01460","StreetName":"Baldwin Hill Rd","Address":null,"StateName":null,"Zip4":null,"MAK":null,"AddressType":null,"RBDI":null,"Results":null,"NoSuffix":""},{"Number":"","Street":"balsam","Suffix":"ln","City":"","State":"","Zip":"01460","StreetName":"Balsam Ln","Address":null,"StateName":null,"Zip4":null,"MAK":null,"AddressType":null,"RBDI":null,"Results":null,"NoSuffix":""},{"Number":"","Street":"baron","Suffix":"way","City":"","State":"","Zip":"01460","StreetName":"Baron Way","Address":null,"StateName":null,"Zip4":null,"MAK":null,"AddressType":null,"RBDI":null,"Results":null,"NoSuffix":""},{"Number":"","Street":"barr","Suffix":"pl","City":"","State":"","Zip":"01460","StreetName":"Barr Pl","Address":null,"StateName":null,"Zip4":null,"MAK":null,"AddressType":null,"RBDI":null,"Results":null,"NoSuffix":""},{"Number":"","Street":"beach","Suffix":"dr","City":"","State":"","Zip":"01460","StreetName":"Beach Dr","Address":null,"StateName":null,"Zip4":null,"MAK":null,"AddressType":null,"RBDI":null,"Results":null,"NoSuffix":""},{"Number":"","Street":"beaver brook","Suffix":"rd","City":"","State":"","Zip":"01460","StreetName":"Beaver Brook Rd","Address":null,"StateName":null,"Zip4":null,"MAK":null,"AddressType":null,"RBDI":null,"Results":null,"NoSuffix":""},{"Number":"","Street":"berry bush","Suffix":"rd","City":"","State":"","Zip":"01460","StreetName":"Berry Bush Rd","Address":null,"StateName":null,"Zip4":null,"MAK":null,"AddressType":null,"RBDI":null,"Results":null,"NoSuffix":""},{"Number":"","Street":"betsy","Suffix":"ln","City":"","State":"","Zip":"01460","StreetName":"Betsy Ln","Address":null,"StateName":null,"Zip4":null,"MAK":null,"AddressType":null,"RBDI":null,"Results":null,"NoSuffix":""},{"Number":"","Street":"birch","Suffix":"rd","City":"","State":"","Zip":"01460","StreetName":"Birch Rd","Address":null,"StateName":null,"Zip4":null,"MAK":null,"AddressType":null,"RBDI":null,"Results":null,"NoSuffix":""},{"Number":"","Street":"boathouse","Suffix":"way","City":"","State":"","Zip":"01460","StreetName":"Boathouse Way","Address":null,"StateName":null,"Zip4":null,"MAK":null,"AddressType":null,"RBDI":null,"Results":null,"NoSuffix":""},{"Number":"","Street":"boxboro","Suffix":"rd","City":"","State":"","Zip":"01460","StreetName":"Boxboro Rd","Address":null,"StateName":null,"Zip4":null,"MAK":null,"AddressType":null,"RBDI":null,"Results":null,"NoSuffix":""},{"Number":"","Street":"boxwood","Suffix":"dr","City":"","State":"","Zip":"01460","StreetName":"Boxwood Dr","Address":null,"StateName":null,"Zip4":null,"MAK":null,"AddressType":null,"RBDI":null,"Results":null,"NoSuffix":""},{"Number":"","Street":"brandy","Suffix":"holw","City":"","State":"","Zip":"01460","StreetName":"Brandy Holw","Address":null,"StateName":null,"Zip4":null,"MAK":null,"AddressType":null,"RBDI":null,"Results":null,"NoSuffix":""},{"Number":"","Street":"brant","Suffix":"ln","City":"","State":"","Zip":"01460","StreetName":"Brant Ln","Address":null,"StateName":null,"Zip4":null,"MAK":null,"AddressType":null,"RBDI":null,"Results":null,"NoSuffix":""},{"Number":"","Street":"bridal","Suffix":"path","City":"","State":"","Zip":"01460","StreetName":"Bridal Path","Address":null,"StateName":null,"Zip4":null,"MAK":null,"AddressType":null,"RBDI":null,"Results":null,"NoSuffix":""},{"Number":"","Street":"brook","Suffix":"ln","City":"","State":"","Zip":"01460","StreetName":"Brook Ln","Address":null,"StateName":null,"Zip4":null,"MAK":null,"AddressType":null,"RBDI":null,"Results":null,"NoSuffix":""},{"Number":"","Street":"bruce","Suffix":"st","City":"","State":"","Zip":"01460","StreetName":"Bruce St","Address":null,"StateName":null,"Zip4":null,"MAK":null,"AddressType":null,"RBDI":null,"Results":null,"NoSuffix":""},{"Number":"","Street":"bulkeley","Suffix":"rd","City":"","State":"","Zip":"01460","StreetName":"Bulkeley Rd","Address":null,"StateName":null,"Zip4":null,"MAK":null,"AddressType":null,"RBDI":null,"Results":null,"NoSuffix":""},{"Number":"","Street":"bumble bee","Suffix":"ln","City":"","State":"","Zip":"01460","StreetName":"Bumble Bee Ln","Address":null,"StateName":null,"Zip4":null,"MAK":null,"AddressType":null,"RBDI":null,"Results":null,"NoSuffix":""},{"Number":"","Street":"buttercup","Suffix":"ln","City":"","State":"","Zip":"01460","StreetName":"Buttercup Ln","Address":null,"StateName":null,"Zip4":null,"MAK":null,"AddressType":null,"RBDI":null,"Results":null,"NoSuffix":""},{"Number":"","Street":"buttonwood","Suffix":"way","City":"","State":"","Zip":"01460","StreetName":"Buttonwood Way","Address":null,"StateName":null,"Zip4":null,"MAK":null,"AddressType":null,"RBDI":null,"Results":null,"NoSuffix":""},{"Number":"","Street":"cedar","Suffix":"rd","City":"","State":"","Zip":"01460","StreetName":"Cedar Rd","Address":null,"StateName":null,"Zip4":null,"MAK":null,"AddressType":null,"RBDI":null,"Results":null,"NoSuffix":""},{"Number":"","Street":"chamomile","Suffix":"ln","City":"","State":"","Zip":"01460","StreetName":"Chamomile Ln","Address":null,"StateName":null,"Zip4":null,"MAK":null,"AddressType":null,"RBDI":null,"Results":null,"NoSuffix":""},{"Number":"","Street":"charles","Suffix":"st","City":"","State":"","Zip":"01460","StreetName":"Charles St","Address":null,"StateName":null,"Zip4":null,"MAK":null,"AddressType":null,"RBDI":null,"Results":null,"NoSuffix":""},{"Number":"","Street":"charles ridge","Suffix":"rd","City":"","State":"","Zip":"01460","StreetName":"Charles Ridge Rd","Address":null,"StateName":null,"Zip4":null,"MAK":null,"AddressType":null,"RBDI":null,"Results":null,"NoSuffix":""},{"Number":"","Street":"charter","Suffix":"way","City":"","State":"","Zip":"01460","StreetName":"Charter Way","Address":null,"StateName":null,"Zip4":null,"MAK":null,"AddressType":null,"RBDI":null,"Results":null,"NoSuffix":""},{"Number":"","Street":"checkerberry","Suffix":"ln","City":"","State":"","Zip":"01460","StreetName":"Checkerberry Ln","Address":null,"StateName":null,"Zip4":null,"MAK":null,"AddressType":null,"RBDI":null,"Results":null,"NoSuffix":""},{"Number":"","Street":"chestnut","Suffix":"ln","City":"","State":"","Zip":"01460","StreetName":"Chestnut Ln","Address":null,"StateName":null,"Zip4":null,"MAK":null,"AddressType":null,"RBDI":null,"Results":null,"NoSuffix":""},{"Number":"","Street":"chipmunk","Suffix":"ln","City":"","State":"","Zip":"01460","StreetName":"Chipmunk Ln","Address":null,"StateName":null,"Zip4":null,"MAK":null,"AddressType":null,"RBDI":null,"Results":null,"NoSuffix":""},{"Number":"","Street":"christina","Suffix":"st","City":"","State":"","Zip":"01460","StreetName":"Christina St","Address":null,"StateName":null,"Zip4":null,"MAK":null,"AddressType":null,"RBDI":null,"Results":null,"NoSuffix":""},{"Number":"","Street":"clark","Suffix":"rd","City":"","State":"","Zip":"01460","StreetName":"Clark Rd","Address":null,"StateName":null,"Zip4":null,"MAK":null,"AddressType":null,"RBDI":null,"Results":null,"NoSuffix":""},{"Number":"","Street":"cobb","Suffix":"ln","City":"","State":"","Zip":"01460","StreetName":"Cobb Ln","Address":null,"StateName":null,"Zip4":null,"MAK":null,"AddressType":null,"RBDI":null,"Results":null,"NoSuffix":""},{"Number":"","Street":"colburn","Suffix":"ln","City":"","State":"","Zip":"01460","StreetName":"Colburn Ln","Address":null,"StateName":null,"Zip4":null,"MAK":null,"AddressType":null,"RBDI":null,"Results":null,"NoSuffix":""},{"Number":"","Street":"colonial","Suffix":"dr","City":"","State":"","Zip":"01460","StreetName":"Colonial Dr","Address":null,"StateName":null,"Zip4":null,"MAK":null,"AddressType":null,"RBDI":null,"Results":null,"NoSuffix":""},{"Number":"","Street":"conant","Suffix":"st","City":"","State":"","Zip":"01460","StreetName":"Conant St","Address":null,"StateName":null,"Zip4":null,"MAK":null,"AddressType":null,"RBDI":null,"Results":null,"NoSuffix":""},{"Number":"","Street":"concord","Suffix":"dr","City":"","State":"","Zip":"01460","StreetName":"Concord Dr","Address":null,"StateName":null,"Zip4":null,"MAK":null,"AddressType":null,"RBDI":null,"Results":null,"NoSuffix":""},{"Number":"","Street":"constitution","Suffix":"ave","City":"","State":"","Zip":"01460","StreetName":"Constitution Ave","Address":null,"StateName":null,"Zip4":null,"MAK":null,"AddressType":null,"RBDI":null,"Results":null,"NoSuffix":""},{"Number":"","Street":"cottage","Suffix":"way","City":"","State":"","Zip":"01460","StreetName":"Cottage Way","Address":null,"StateName":null,"Zip4":null,"MAK":null,"AddressType":null,"RBDI":null,"Results":null,"NoSuffix":""},{"Number":"","Street":"coughlin","Suffix":"rd","City":"","State":"","Zip":"01460","StreetName":"Coughlin Rd","Address":null,"StateName":null,"Zip4":null,"MAK":null,"AddressType":null,"RBDI":null,"Results":null,"NoSuffix":""},{"Number":"","Street":"countryside","Suffix":"rd","City":"","State":"","Zip":"01460","StreetName":"Countryside Rd","Address":null,"StateName":null,"Zip4":null,"MAK":null,"AddressType":null,"RBDI":null,"Results":null,"NoSuffix":""},{"Number":"","Street":"couper farm","Suffix":"ln","City":"","State":"","Zip":"01460","StreetName":"Couper Farm Ln","Address":null,"StateName":null,"Zip4":null,"MAK":null,"AddressType":null,"RBDI":null,"Results":null,"NoSuffix":""},{"Number":"","Street":"crane","Suffix":"rd","City":"","State":"","Zip":"01460","StreetName":"Crane Rd","Address":null,"StateName":null,"Zip4":null,"MAK":null,"AddressType":null,"RBDI":null,"Results":null,"NoSuffix":""},{"Number":"","Street":"crestview","Suffix":"rd","City":"","State":"","Zip":"01460","StreetName":"Crestview Rd","Address":null,"StateName":null,"Zip4":null,"MAK":null,"AddressType":null,"RBDI":null,"Results":null,"NoSuffix":""},{"Number":"","Street":"cricket","Suffix":"ln","City":"","State":"","Zip":"01460","StreetName":"Cricket Ln","Address":null,"StateName":null,"Zip4":null,"MAK":null,"AddressType":null,"RBDI":null,"Results":null,"NoSuffix":""},{"Number":"","Street":"curtis","Suffix":"st","City":"","State":"","Zip":"01460","StreetName":"Curtis St","Address":null,"StateName":null,"Zip4":null,"MAK":null,"AddressType":null,"RBDI":null,"Results":null,"NoSuffix":""},{"Number":"","Street":"dahlia","Suffix":"dr","City":"","State":"","Zip":"01460","StreetName":"Dahlia Dr","Address":null,"StateName":null,"Zip4":null,"MAK":null,"AddressType":null,"RBDI":null,"Results":null,"NoSuffix":""},{"Number":"","Street":"darrell","Suffix":"dr","City":"","State":"","Zip":"01460","StreetName":"Darrell Dr","Address":null,"StateName":null,"Zip4":null,"MAK":null,"AddressType":null,"RBDI":null,"Results":null,"NoSuffix":""},{"Number":"","Street":"david","Suffix":"way","City":"","State":"","Zip":"01460","StreetName":"David Way","Address":null,"StateName":null,"Zip4":null,"MAK":null,"AddressType":null,"RBDI":null,"Results":null,"NoSuffix":""},{"Number":"","Street":"dean","Suffix":"","City":"","State":"","Zip":"01460","StreetName":"Dean","Address":null,"StateName":null,"Zip4":null,"MAK":null,"AddressType":null,"RBDI":null,"Results":null,"NoSuffix":"t"},{"Number":"","Street":"deer run","Suffix":"rd","City":"","State":"","Zip":"01460","StreetName":"Deer Run Rd","Address":null,"StateName":null,"Zip4":null,"MAK":null,"AddressType":null,"RBDI":null,"Results":null,"NoSuffix":""},{"Number":"","Street":"delaney","Suffix":"dr","City":"","State":"","Zip":"01460","StreetName":"Delaney Dr","Address":null,"StateName":null,"Zip4":null,"MAK":null,"AddressType":null,"RBDI":null,"Results":null,"NoSuffix":""},{"Number":"","Street":"distribution center","Suffix":"cir","City":"","State":"","Zip":"01460","StreetName":"Distribution Center Cir","Address":null,"StateName":null,"Zip4":null,"MAK":null,"AddressType":null,"RBDI":null,"Results":null,"NoSuffix":""},{"Number":"","Street":"dogwood","Suffix":"rd","City":"","State":"","Zip":"01460","StreetName":"Dogwood Rd","Address":null,"StateName":null,"Zip4":null,"MAK":null,"AddressType":null,"RBDI":null,"Results":null,"NoSuffix":""},{"Number":"","Street":"drover","Suffix":"ln","City":"","State":"","Zip":"01460","StreetName":"Drover Ln","Address":null,"StateName":null,"Zip4":null,"MAK":null,"AddressType":null,"RBDI":null,"Results":null,"NoSuffix":""},{"Number":"","Street":"dutton","Suffix":"rd","City":"","State":"","Zip":"01460","StreetName":"Dutton Rd","Address":null,"StateName":null,"Zip4":null,"MAK":null,"AddressType":null,"RBDI":null,"Results":null,"NoSuffix":""},{"Number":"","Street":"edsel","Suffix":"rd","City":"","State":"","Zip":"01460","StreetName":"Edsel Rd","Address":null,"StateName":null,"Zip4":null,"MAK":null,"AddressType":null,"RBDI":null,"Results":null,"NoSuffix":""},{"Number":"","Street":"edward","Suffix":"dr","City":"","State":"","Zip":"01460","StreetName":"Edward Dr","Address":null,"StateName":null,"Zip4":null,"MAK":null,"AddressType":null,"RBDI":null,"Results":null,"NoSuffix":""},{"Number":"","Street":"elizabeth","Suffix":"st","City":"","State":"","Zip":"01460","StreetName":"Elizabeth St","Address":null,"StateName":null,"Zip4":null,"MAK":null,"AddressType":null,"RBDI":null,"Results":null,"NoSuffix":""},{"Number":"","Street":"elm","Suffix":"rd","City":"","State":"","Zip":"01460","StreetName":"Elm Rd","Address":null,"StateName":null,"Zip4":null,"MAK":null,"AddressType":null,"RBDI":null,"Results":null,"NoSuffix":""},{"Number":"","Street":"elmwood","Suffix":"rd","City":"","State":"","Zip":"01460","StreetName":"Elmwood Rd","Address":null,"StateName":null,"Zip4":null,"MAK":null,"AddressType":null,"RBDI":null,"Results":null,"NoSuffix":""},{"Number":"","Street":"emerson","Suffix":"dr","City":"","State":"","Zip":"01460","StreetName":"Emerson Dr","Address":null,"StateName":null,"Zip4":null,"MAK":null,"AddressType":null,"RBDI":null,"Results":null,"NoSuffix":""},{"Number":"","Street":"ernies","Suffix":"dr","City":"","State":"","Zip":"01460","StreetName":"Ernies Dr","Address":null,"StateName":null,"Zip4":null,"MAK":null,"AddressType":null,"RBDI":null,"Results":null,"NoSuffix":""},{"Number":"","Street":"essex","Suffix":"pl","City":"","State":"","Zip":"01460","StreetName":"Essex Pl","Address":null,"StateName":null,"Zip4":null,"MAK":null,"AddressType":null,"RBDI":null,"Results":null,"NoSuffix":""},{"Number":"","Street":"evergreen","Suffix":"rd","City":"","State":"","Zip":"01460","StreetName":"Evergreen Rd","Address":null,"StateName":null,"Zip4":null,"MAK":null,"AddressType":null,"RBDI":null,"Results":null,"NoSuffix":""},{"Number":"","Street":"farmstead","Suffix":"way","City":"","State":"","Zip":"01460","StreetName":"Farmstead Way","Address":null,"StateName":null,"Zip4":null,"MAK":null,"AddressType":null,"RBDI":null,"Results":null,"NoSuffix":""},{"Number":"","Street":"field","Suffix":"ln","City":"","State":"","Zip":"01460","StreetName":"Field Ln","Address":null,"StateName":null,"Zip4":null,"MAK":null,"AddressType":null,"RBDI":null,"Results":null,"NoSuffix":""},{"Number":"","Street":"fletcher","Suffix":"ln","City":"","State":"","Zip":"01460","StreetName":"Fletcher Ln","Address":null,"StateName":null,"Zip4":null,"MAK":null,"AddressType":null,"RBDI":null,"Results":null,"NoSuffix":""},{"Number":"","Street":"florence","Suffix":"st","City":"","State":"","Zip":"01460","StreetName":"Florence St","Address":null,"StateName":null,"Zip4":null,"MAK":null,"AddressType":null,"RBDI":null,"Results":null,"NoSuffix":""},{"Number":"","Street":"forest","Suffix":"rd","City":"","State":"","Zip":"01460","StreetName":"Forest Rd","Address":null,"StateName":null,"Zip4":null,"MAK":null,"AddressType":null,"RBDI":null,"Results":null,"NoSuffix":""},{"Number":"","Street":"forge pond","Suffix":"rd","City":"","State":"","Zip":"01460","StreetName":"Forge Pond Rd","Address":null,"StateName":null,"Zip4":null,"MAK":null,"AddressType":null,"RBDI":null,"Results":null,"NoSuffix":""},{"Number":"","Street":"fort pond hill","Suffix":"rd","City":"","State":"","Zip":"01460","StreetName":"Fort Pond Hill Rd","Address":null,"StateName":null,"Zip4":null,"MAK":null,"AddressType":null,"RBDI":null,"Results":null,"NoSuffix":""},{"Number":"","Street":"foss","Suffix":"pl","City":"","State":"","Zip":"01460","StreetName":"Foss Pl","Address":null,"StateName":null,"Zip4":null,"MAK":null,"AddressType":null,"RBDI":null,"Results":null,"NoSuffix":""},{"Number":"","Street":"foster","Suffix":"st","City":"","State":"","Zip":"01460","StreetName":"Foster St","Address":null,"StateName":null,"Zip4":null,"MAK":null,"AddressType":null,"RBDI":null,"Results":null,"NoSuffix":""},{"Number":"","Street":"fox","Suffix":"ln","City":"","State":"","Zip":"01460","StreetName":"Fox Ln","Address":null,"StateName":null,"Zip4":null,"MAK":null,"AddressType":null,"RBDI":null,"Results":null,"NoSuffix":""},{"Number":"","Street":"fraser","Suffix":"st","City":"","State":"","Zip":"01460","StreetName":"Fraser St","Address":null,"StateName":null,"Zip4":null,"MAK":null,"AddressType":null,"RBDI":null,"Results":null,"NoSuffix":""},{"Number":"","Street":"george","Suffix":"st","City":"","State":"","Zip":"01460","StreetName":"George St","Address":null,"StateName":null,"Zip4":null,"MAK":null,"AddressType":null,"RBDI":null,"Results":null,"NoSuffix":""},{"Number":"","Street":"gilson","Suffix":"rd","City":"","State":"","Zip":"01460","StreetName":"Gilson Rd","Address":null,"StateName":null,"Zip4":null,"MAK":null,"AddressType":null,"RBDI":null,"Results":null,"NoSuffix":""},{"Number":"","Street":"goldsmith","Suffix":"st","City":"","State":"","Zip":"01460","StreetName":"Goldsmith St","Address":null,"StateName":null,"Zip4":null,"MAK":null,"AddressType":null,"RBDI":null,"Results":null,"NoSuffix":""},{"Number":"","Street":"gray","Suffix":"pl","City":"","State":"","Zip":"01460","StreetName":"Gray Pl","Address":null,"StateName":null,"Zip4":null,"MAK":null,"AddressType":null,"RBDI":null,"Results":null,"NoSuffix":""},{"Number":"","Street":"gray farm","Suffix":"rd","City":"","State":"","Zip":"01460","StreetName":"Gray Farm Rd","Address":null,"StateName":null,"Zip4":null,"MAK":null,"AddressType":null,"RBDI":null,"Results":null,"NoSuffix":""},{"Number":"","Street":"great","Suffix":"rd","City":"","State":"","Zip":"01460","StreetName":"Great Rd","Address":null,"StateName":null,"Zip4":null,"MAK":null,"AddressType":null,"RBDI":null,"Results":null,"NoSuffix":""},{"Number":"","Street":"green","Suffix":"st","City":"","State":"","Zip":"01460","StreetName":"Green St","Address":null,"StateName":null,"Zip4":null,"MAK":null,"AddressType":null,"RBDI":null,"Results":null,"NoSuffix":""},{"Number":"","Street":"green needles","Suffix":"rd","City":"","State":"","Zip":"01460","StreetName":"Green Needles Rd","Address":null,"StateName":null,"Zip4":null,"MAK":null,"AddressType":null,"RBDI":null,"Results":null,"NoSuffix":""},{"Number":"","Street":"gregory","Suffix":"ln","City":"","State":"","Zip":"01460","StreetName":"Gregory Ln","Address":null,"StateName":null,"Zip4":null,"MAK":null,"AddressType":null,"RBDI":null,"Results":null,"NoSuffix":""},{"Number":"","Street":"grimes","Suffix":"ln","City":"","State":"","Zip":"01460","StreetName":"Grimes Ln","Address":null,"StateName":null,"Zip4":null,"MAK":null,"AddressType":null,"RBDI":null,"Results":null,"NoSuffix":""},{"Number":"","Street":"grist mill","Suffix":"rd","City":"","State":"","Zip":"01460","StreetName":"Grist Mill Rd","Address":null,"StateName":null,"Zip4":null,"MAK":null,"AddressType":null,"RBDI":null,"Results":null,"NoSuffix":""},{"Number":"","Street":"grove","Suffix":"rd","City":"","State":"","Zip":"01460","StreetName":"Grove Rd","Address":null,"StateName":null,"Zip4":null,"MAK":null,"AddressType":null,"RBDI":null,"Results":null,"NoSuffix":""},{"Number":"","Street":"hannah dodge","Suffix":"rd","City":"","State":"","Zip":"01460","StreetName":"Hannah Dodge Rd","Address":null,"StateName":null,"Zip4":null,"MAK":null,"AddressType":null,"RBDI":null,"Results":null,"NoSuffix":""},{"Number":"","Street":"hartwell","Suffix":"ave","City":"","State":"","Zip":"01460","StreetName":"Hartwell Ave","Address":null,"StateName":null,"Zip4":null,"MAK":null,"AddressType":null,"RBDI":null,"Results":null,"NoSuffix":""},{"Number":"","Street":"harvard","Suffix":"rd","City":"","State":"","Zip":"01460","StreetName":"Harvard Rd","Address":null,"StateName":null,"Zip4":null,"MAK":null,"AddressType":null,"RBDI":null,"Results":null,"NoSuffix":""},{"Number":"","Street":"harvest","Suffix":"ln","City":"","State":"","Zip":"01460","StreetName":"Harvest Ln","Address":null,"StateName":null,"Zip4":null,"MAK":null,"AddressType":null,"RBDI":null,"Results":null,"NoSuffix":""},{"Number":"","Street":"harwood","Suffix":"ave","City":"","State":"","Zip":"01460","StreetName":"Harwood Ave","Address":null,"StateName":null,"Zip4":null,"MAK":null,"AddressType":null,"RBDI":null,"Results":null,"NoSuffix":""},{"Number":"","Street":"hazard","Suffix":"way","City":"","State":"","Zip":"01460","StreetName":"Hazard Way","Address":null,"StateName":null,"Zip4":null,"MAK":null,"AddressType":null,"RBDI":null,"Results":null,"NoSuffix":""},{"Number":"","Street":"hevens","Suffix":"way","City":"","State":"","Zip":"01460","StreetName":"Hevens Way","Address":null,"StateName":null,"Zip4":null,"MAK":null,"AddressType":null,"RBDI":null,"Results":null,"NoSuffix":""},{"Number":"","Street":"hiddenwood","Suffix":"path","City":"","State":"","Zip":"01460","StreetName":"Hiddenwood Path","Address":null,"StateName":null,"Zip4":null,"MAK":null,"AddressType":null,"RBDI":null,"Results":null,"NoSuffix":""},{"Number":"","Street":"highland","Suffix":"ln","City":"","State":"","Zip":"01460","StreetName":"Highland Ln","Address":null,"StateName":null,"Zip4":null,"MAK":null,"AddressType":null,"RBDI":null,"Results":null,"NoSuffix":""},{"Number":"","Street":"hill","Suffix":"pl","City":"","State":"","Zip":"01460","StreetName":"Hill Pl","Address":null,"StateName":null,"Zip4":null,"MAK":null,"AddressType":null,"RBDI":null,"Results":null,"NoSuffix":""},{"Number":"","Street":"hill","Suffix":"rd","City":"","State":"","Zip":"01460","StreetName":"Hill Rd","Address":null,"StateName":null,"Zip4":null,"MAK":null,"AddressType":null,"RBDI":null,"Results":null,"NoSuffix":""},{"Number":"","Street":"hillside","Suffix":"rd","City":"","State":"","Zip":"01460","StreetName":"Hillside Rd","Address":null,"StateName":null,"Zip4":null,"MAK":null,"AddressType":null,"RBDI":null,"Results":null,"NoSuffix":""},{"Number":"","Street":"houghton","Suffix":"ln","City":"","State":"","Zip":"01460","StreetName":"Houghton Ln","Address":null,"StateName":null,"Zip4":null,"MAK":null,"AddressType":null,"RBDI":null,"Results":null,"NoSuffix":""},{"Number":"","Street":"hyssop","Suffix":"ln","City":"","State":"","Zip":"01460","StreetName":"Hyssop Ln","Address":null,"StateName":null,"Zip4":null,"MAK":null,"AddressType":null,"RBDI":null,"Results":null,"NoSuffix":""},{"Number":"","Street":"indian run","Suffix":"trl","City":"","State":"","Zip":"01460","StreetName":"Indian Run Trl","Address":null,"StateName":null,"Zip4":null,"MAK":null,"AddressType":null,"RBDI":null,"Results":null,"NoSuffix":""},{"Number":"","Street":"ipswich","Suffix":"dr","City":"","State":"","Zip":"01460","StreetName":"Ipswich Dr","Address":null,"StateName":null,"Zip4":null,"MAK":null,"AddressType":null,"RBDI":null,"Results":null,"NoSuffix":""},{"Number":"","Street":"ivy","Suffix":"rd","City":"","State":"","Zip":"01460","StreetName":"Ivy Rd","Address":null,"StateName":null,"Zip4":null,"MAK":null,"AddressType":null,"RBDI":null,"Results":null,"NoSuffix":""},{"Number":"","Street":"jackson farm","Suffix":"rd","City":"","State":"","Zip":"01460","StreetName":"Jackson Farm Rd","Address":null,"StateName":null,"Zip4":null,"MAK":null,"AddressType":null,"RBDI":null,"Results":null,"NoSuffix":""},{"Number":"","Street":"janes","Suffix":"dr","City":"","State":"","Zip":"01460","StreetName":"Janes Dr","Address":null,"StateName":null,"Zip4":null,"MAK":null,"AddressType":null,"RBDI":null,"Results":null,"NoSuffix":""},{"Number":"","Street":"jeannette","Suffix":"way","City":"","State":"","Zip":"01460","StreetName":"Jeannette Way","Address":null,"StateName":null,"Zip4":null,"MAK":null,"AddressType":null,"RBDI":null,"Results":null,"NoSuffix":""},{"Number":"","Street":"jennifer","Suffix":"st","City":"","State":"","Zip":"01460","StreetName":"Jennifer St","Address":null,"StateName":null,"Zip4":null,"MAK":null,"AddressType":null,"RBDI":null,"Results":null,"NoSuffix":""},{"Number":"","Street":"jillian","Suffix":"way","City":"","State":"","Zip":"01460","StreetName":"Jillian Way","Address":null,"StateName":null,"Zip4":null,"MAK":null,"AddressType":null,"RBDI":null,"Results":null,"NoSuffix":""},{"Number":"","Street":"john","Suffix":"pl","City":"","State":"","Zip":"01460","StreetName":"John Pl","Address":null,"StateName":null,"Zip4":null,"MAK":null,"AddressType":null,"RBDI":null,"Results":null,"NoSuffix":""},{"Number":"","Street":"juniper","Suffix":"rd","City":"","State":"","Zip":"01460","StreetName":"Juniper Rd","Address":null,"StateName":null,"Zip4":null,"MAK":null,"AddressType":null,"RBDI":null,"Results":null,"NoSuffix":""},{"Number":"","Street":"kimball","Suffix":"st","City":"","State":"","Zip":"01460","StreetName":"Kimball St","Address":null,"StateName":null,"Zip4":null,"MAK":null,"AddressType":null,"RBDI":null,"Results":null,"NoSuffix":""},{"Number":"","Street":"kimlock","Suffix":"st","City":"","State":"","Zip":"01460","StreetName":"Kimlock St","Address":null,"StateName":null,"Zip4":null,"MAK":null,"AddressType":null,"RBDI":null,"Results":null,"NoSuffix":""},{"Number":"","Street":"king","Suffix":"rd","City":"","State":"","Zip":"01460","StreetName":"King Rd","Address":null,"StateName":null,"Zip4":null,"MAK":null,"AddressType":null,"RBDI":null,"Results":null,"NoSuffix":""},{"Number":"","Street":"king","Suffix":"st","City":"","State":"","Zip":"01460","StreetName":"King St","Address":null,"StateName":null,"Zip4":null,"MAK":null,"AddressType":null,"RBDI":null,"Results":null,"NoSuffix":""},{"Number":"","Street":"lake","Suffix":"dr","City":"","State":"","Zip":"01460","StreetName":"Lake Dr","Address":null,"StateName":null,"Zip4":null,"MAK":null,"AddressType":null,"RBDI":null,"Results":null,"NoSuffix":""},{"Number":"","Street":"lake shore","Suffix":"dr","City":"","State":"","Zip":"01460","StreetName":"Lake Shore Dr","Address":null,"StateName":null,"Zip4":null,"MAK":null,"AddressType":null,"RBDI":null,"Results":null,"NoSuffix":""},{"Number":"","Street":"lake warren","Suffix":"dr","City":"","State":"","Zip":"01460","StreetName":"Lake Warren Dr","Address":null,"StateName":null,"Zip4":null,"MAK":null,"AddressType":null,"RBDI":null,"Results":null,"NoSuffix":""},{"Number":"","Street":"lakeview","Suffix":"dr","City":"","State":"","Zip":"01460","StreetName":"Lakeview Dr","Address":null,"StateName":null,"Zip4":null,"MAK":null,"AddressType":null,"RBDI":null,"Results":null,"NoSuffix":""},{"Number":"","Street":"laura","Suffix":"st","City":"","State":"","Zip":"01460","StreetName":"Laura St","Address":null,"StateName":null,"Zip4":null,"MAK":null,"AddressType":null,"RBDI":null,"Results":null,"NoSuffix":""},{"Number":"","Street":"laurel","Suffix":"rd","City":"","State":"","Zip":"01460","StreetName":"Laurel Rd","Address":null,"StateName":null,"Zip4":null,"MAK":null,"AddressType":null,"RBDI":null,"Results":null,"NoSuffix":""},{"Number":"","Street":"laury","Suffix":"ln","City":"","State":"","Zip":"01460","StreetName":"Laury Ln","Address":null,"StateName":null,"Zip4":null,"MAK":null,"AddressType":null,"RBDI":null,"Results":null,"NoSuffix":""},{"Number":"","Street":"lawrence","Suffix":"st","City":"","State":"","Zip":"01460","StreetName":"Lawrence St","Address":null,"StateName":null,"Zip4":null,"MAK":null,"AddressType":null,"RBDI":null,"Results":null,"NoSuffix":""},{"Number":"","Street":"liberty","Suffix":"sq","City":"","State":"","Zip":"01460","StreetName":"Liberty Sq","Address":null,"StateName":null,"Zip4":null,"MAK":null,"AddressType":null,"RBDI":null,"Results":null,"NoSuffix":""},{"Number":"","Street":"lillian","Suffix":"rd","City":"","State":"","Zip":"01460","StreetName":"Lillian Rd","Address":null,"StateName":null,"Zip4":null,"MAK":null,"AddressType":null,"RBDI":null,"Results":null,"NoSuffix":""},{"Number":"","Street":"lincoln","Suffix":"dr","City":"","State":"","Zip":"01460","StreetName":"Lincoln Dr","Address":null,"StateName":null,"Zip4":null,"MAK":null,"AddressType":null,"RBDI":null,"Results":null,"NoSuffix":""},{"Number":"","Street":"lochslea","Suffix":"rd","City":"","State":"","Zip":"01460","StreetName":"Lochslea Rd","Address":null,"StateName":null,"Zip4":null,"MAK":null,"AddressType":null,"RBDI":null,"Results":null,"NoSuffix":""},{"Number":"","Street":"loe ann","Suffix":"st","City":"","State":"","Zip":"01460","StreetName":"Loe Ann St","Address":null,"StateName":null,"Zip4":null,"MAK":null,"AddressType":null,"RBDI":null,"Results":null,"NoSuffix":""},{"Number":"","Street":"long lake","Suffix":"rd","City":"","State":"","Zip":"01460","StreetName":"Long Lake Rd","Address":null,"StateName":null,"Zip4":null,"MAK":null,"AddressType":null,"RBDI":null,"Results":null,"NoSuffix":""},{"Number":"","Street":"manchester","Suffix":"dr","City":"","State":"","Zip":"01460","StreetName":"Manchester Dr","Address":null,"StateName":null,"Zip4":null,"MAK":null,"AddressType":null,"RBDI":null,"Results":null,"NoSuffix":""},{"Number":"","Street":"mannion","Suffix":"pl","City":"","State":"","Zip":"01460","StreetName":"Mannion Pl","Address":null,"StateName":null,"Zip4":null,"MAK":null,"AddressType":null,"RBDI":null,"Results":null,"NoSuffix":""},{"Number":"","Street":"maplehurst","Suffix":"rd","City":"","State":"","Zip":"01460","StreetName":"Maplehurst Rd","Address":null,"StateName":null,"Zip4":null,"MAK":null,"AddressType":null,"RBDI":null,"Results":null,"NoSuffix":""},{"Number":"","Street":"mars","Suffix":"pl","City":"","State":"","Zip":"01460","StreetName":"Mars Pl","Address":null,"StateName":null,"Zip4":null,"MAK":null,"AddressType":null,"RBDI":null,"Results":null,"NoSuffix":""},{"Number":"","Street":"mary shepherd","Suffix":"rd","City":"","State":"","Zip":"01460","StreetName":"Mary Shepherd Rd","Address":null,"StateName":null,"Zip4":null,"MAK":null,"AddressType":null,"RBDI":null,"Results":null,"NoSuffix":""},{"Number":"","Street":"mason brook","Suffix":"ln","City":"","State":"","Zip":"01460","StreetName":"Mason Brook Ln","Address":null,"StateName":null,"Zip4":null,"MAK":null,"AddressType":null,"RBDI":null,"Results":null,"NoSuffix":""},{"Number":"","Street":"massasoit","Suffix":"trl","City":"","State":"","Zip":"01460","StreetName":"Massasoit Trl","Address":null,"StateName":null,"Zip4":null,"MAK":null,"AddressType":null,"RBDI":null,"Results":null,"NoSuffix":""},{"Number":"","Street":"matawanakee","Suffix":"trl","City":"","State":"","Zip":"01460","StreetName":"Matawanakee Trl","Address":null,"StateName":null,"Zip4":null,"MAK":null,"AddressType":null,"RBDI":null,"Results":null,"NoSuffix":""},{"Number":"","Street":"matthew","Suffix":"dr","City":"","State":"","Zip":"01460","StreetName":"Matthew Dr","Address":null,"StateName":null,"Zip4":null,"MAK":null,"AddressType":null,"RBDI":null,"Results":null,"NoSuffix":""},{"Number":"","Street":"mcintosh","Suffix":"ln","City":"","State":"","Zip":"01460","StreetName":"Mcintosh Ln","Address":null,"StateName":null,"Zip4":null,"MAK":null,"AddressType":null,"RBDI":null,"Results":null,"NoSuffix":""},{"Number":"","Street":"meadow","Suffix":"dr","City":"","State":"","Zip":"01460","StreetName":"Meadow Dr","Address":null,"StateName":null,"Zip4":null,"MAK":null,"AddressType":null,"RBDI":null,"Results":null,"NoSuffix":""},{"Number":"","Street":"meadowbrook","Suffix":"rd","City":"","State":"","Zip":"01460","StreetName":"Meadowbrook Rd","Address":null,"StateName":null,"Zip4":null,"MAK":null,"AddressType":null,"RBDI":null,"Results":null,"NoSuffix":""},{"Number":"","Street":"meetinghouse","Suffix":"rd","City":"","State":"","Zip":"01460","StreetName":"Meetinghouse Rd","Address":null,"StateName":null,"Zip4":null,"MAK":null,"AddressType":null,"RBDI":null,"Results":null,"NoSuffix":""},{"Number":"","Street":"melissa","Suffix":"way","City":"","State":"","Zip":"01460","StreetName":"Melissa Way","Address":null,"StateName":null,"Zip4":null,"MAK":null,"AddressType":null,"RBDI":null,"Results":null,"NoSuffix":""},{"Number":"","Street":"middlesex","Suffix":"dr","City":"","State":"","Zip":"01460","StreetName":"Middlesex Dr","Address":null,"StateName":null,"Zip4":null,"MAK":null,"AddressType":null,"RBDI":null,"Results":null,"NoSuffix":""},{"Number":"","Street":"mill","Suffix":"ln","City":"","State":"","Zip":"01460","StreetName":"Mill Ln","Address":null,"StateName":null,"Zip4":null,"MAK":null,"AddressType":null,"RBDI":null,"Results":null,"NoSuffix":""},{"Number":"","Street":"mill","Suffix":"rd","City":"","State":"","Zip":"01460","StreetName":"Mill Rd","Address":null,"StateName":null,"Zip4":null,"MAK":null,"AddressType":null,"RBDI":null,"Results":null,"NoSuffix":""},{"Number":"","Street":"mohawk","Suffix":"trl","City":"","State":"","Zip":"01460","StreetName":"Mohawk Trl","Address":null,"StateName":null,"Zip4":null,"MAK":null,"AddressType":null,"RBDI":null,"Results":null,"NoSuffix":""},{"Number":"","Street":"monarch","Suffix":"dr","City":"","State":"","Zip":"01460","StreetName":"Monarch Dr","Address":null,"StateName":null,"Zip4":null,"MAK":null,"AddressType":null,"RBDI":null,"Results":null,"NoSuffix":""},{"Number":"","Street":"moore","Suffix":"ln","City":"","State":"","Zip":"01460","StreetName":"Moore Ln","Address":null,"StateName":null,"Zip4":null,"MAK":null,"AddressType":null,"RBDI":null,"Results":null,"NoSuffix":""},{"Number":"","Street":"morning glory","Suffix":"cir","City":"","State":"","Zip":"01460","StreetName":"Morning Glory Cir","Address":null,"StateName":null,"Zip4":null,"MAK":null,"AddressType":null,"RBDI":null,"Results":null,"NoSuffix":""},{"Number":"","Street":"murray park","Suffix":"rd","City":"","State":"","Zip":"01460","StreetName":"Murray Park Rd","Address":null,"StateName":null,"Zip4":null,"MAK":null,"AddressType":null,"RBDI":null,"Results":null,"NoSuffix":""},{"Number":"","Street":"nagog hill","Suffix":"rd","City":"","State":"","Zip":"01460","StreetName":"Nagog Hill Rd","Address":null,"StateName":null,"Zip4":null,"MAK":null,"AddressType":null,"RBDI":null,"Results":null,"NoSuffix":""},{"Number":"","Street":"nancys","Suffix":"way","City":"","State":"","Zip":"01460","StreetName":"Nancys Way","Address":null,"StateName":null,"Zip4":null,"MAK":null,"AddressType":null,"RBDI":null,"Results":null,"NoSuffix":""},{"Number":"","Street":"narcissus","Suffix":"rd","City":"","State":"","Zip":"01460","StreetName":"Narcissus Rd","Address":null,"StateName":null,"Zip4":null,"MAK":null,"AddressType":null,"RBDI":null,"Results":null,"NoSuffix":""},{"Number":"","Street":"nashoba","Suffix":"rd","City":"","State":"","Zip":"01460","StreetName":"Nashoba Rd","Address":null,"StateName":null,"Zip4":null,"MAK":null,"AddressType":null,"RBDI":null,"Results":null,"NoSuffix":""},{"Number":"","Street":"nashoba","Suffix":"trl","City":"","State":"","Zip":"01460","StreetName":"Nashoba Trl","Address":null,"StateName":null,"Zip4":null,"MAK":null,"AddressType":null,"RBDI":null,"Results":null,"NoSuffix":""},{"Number":"","Street":"new estate","Suffix":"rd","City":"","State":"","Zip":"01460","StreetName":"New Estate Rd","Address":null,"StateName":null,"Zip4":null,"MAK":null,"AddressType":null,"RBDI":null,"Results":null,"NoSuffix":""},{"Number":"","Street":"newtown","Suffix":"rd","City":"","State":"","Zip":"01460","StreetName":"Newtown Rd","Address":null,"StateName":null,"Zip4":null,"MAK":null,"AddressType":null,"RBDI":null,"Results":null,"NoSuffix":""},{"Number":"","Street":"nicole","Suffix":"ln","City":"","State":"","Zip":"01460","StreetName":"Nicole Ln","Address":null,"StateName":null,"Zip4":null,"MAK":null,"AddressType":null,"RBDI":null,"Results":null,"NoSuffix":""},{"Number":"","Street":"norfolk","Suffix":"dr","City":"","State":"","Zip":"01460","StreetName":"Norfolk Dr","Address":null,"StateName":null,"Zip4":null,"MAK":null,"AddressType":null,"RBDI":null,"Results":null,"NoSuffix":""},{"Number":"","Street":"oak","Suffix":"rd","City":"","State":"","Zip":"01460","StreetName":"Oak Rd","Address":null,"StateName":null,"Zip4":null,"MAK":null,"AddressType":null,"RBDI":null,"Results":null,"NoSuffix":""},{"Number":"","Street":"oak hill","Suffix":"rd","City":"","State":"","Zip":"01460","StreetName":"Oak Hill Rd","Address":null,"StateName":null,"Zip4":null,"MAK":null,"AddressType":null,"RBDI":null,"Results":null,"NoSuffix":""},{"Number":"","Street":"oak ridge","Suffix":"rd","City":"","State":"","Zip":"01460","StreetName":"Oak Ridge Rd","Address":null,"StateName":null,"Zip4":null,"MAK":null,"AddressType":null,"RBDI":null,"Results":null,"NoSuffix":""},{"Number":"","Street":"old farm","Suffix":"rd","City":"","State":"","Zip":"01460","StreetName":"Old Farm Rd","Address":null,"StateName":null,"Zip4":null,"MAK":null,"AddressType":null,"RBDI":null,"Results":null,"NoSuffix":""},{"Number":"","Street":"old great","Suffix":"rd","City":"","State":"","Zip":"01460","StreetName":"Old Great Rd","Address":null,"StateName":null,"Zip4":null,"MAK":null,"AddressType":null,"RBDI":null,"Results":null,"NoSuffix":""},{"Number":"","Street":"old orchard","Suffix":"ln","City":"","State":"","Zip":"01460","StreetName":"Old Orchard Ln","Address":null,"StateName":null,"Zip4":null,"MAK":null,"AddressType":null,"RBDI":null,"Results":null,"NoSuffix":""},{"Number":"","Street":"old pickard","Suffix":"ln","City":"","State":"","Zip":"01460","StreetName":"Old Pickard Ln","Address":null,"StateName":null,"Zip4":null,"MAK":null,"AddressType":null,"RBDI":null,"Results":null,"NoSuffix":""},{"Number":"","Street":"omega","Suffix":"way","City":"","State":"","Zip":"01460","StreetName":"Omega Way","Address":null,"StateName":null,"Zip4":null,"MAK":null,"AddressType":null,"RBDI":null,"Results":null,"NoSuffix":""},{"Number":"","Street":"orchid","Suffix":"dr","City":"","State":"","Zip":"01460","StreetName":"Orchid Dr","Address":null,"StateName":null,"Zip4":null,"MAK":null,"AddressType":null,"RBDI":null,"Results":null,"NoSuffix":""},{"Number":"","Street":"paddock","Suffix":"way","City":"","State":"","Zip":"01460","StreetName":"Paddock Way","Address":null,"StateName":null,"Zip4":null,"MAK":null,"AddressType":null,"RBDI":null,"Results":null,"NoSuffix":""},{"Number":"","Street":"pamela","Suffix":"way","City":"","State":"","Zip":"01460","StreetName":"Pamela Way","Address":null,"StateName":null,"Zip4":null,"MAK":null,"AddressType":null,"RBDI":null,"Results":null,"NoSuffix":""},{"Number":"","Street":"park","Suffix":"dr","City":"","State":"","Zip":"01460","StreetName":"Park Dr","Address":null,"StateName":null,"Zip4":null,"MAK":null,"AddressType":null,"RBDI":null,"Results":null,"NoSuffix":""},{"Number":"","Street":"partridge","Suffix":"ln","City":"","State":"","Zip":"01460","StreetName":"Partridge Ln","Address":null,"StateName":null,"Zip4":null,"MAK":null,"AddressType":null,"RBDI":null,"Results":null,"NoSuffix":""},{"Number":"","Street":"paula beth","Suffix":"st","City":"","State":"","Zip":"01460","StreetName":"Paula Beth St","Address":null,"StateName":null,"Zip4":null,"MAK":null,"AddressType":null,"RBDI":null,"Results":null,"NoSuffix":""},{"Number":"","Street":"pickard","Suffix":"ln","City":"","State":"","Zip":"01460","StreetName":"Pickard Ln","Address":null,"StateName":null,"Zip4":null,"MAK":null,"AddressType":null,"RBDI":null,"Results":null,"NoSuffix":""},{"Number":"","Street":"pine","Suffix":"rd","City":"","State":"","Zip":"01460","StreetName":"Pine Rd","Address":null,"StateName":null,"Zip4":null,"MAK":null,"AddressType":null,"RBDI":null,"Results":null,"NoSuffix":""},{"Number":"","Street":"pine brook","Suffix":"ln","City":"","State":"","Zip":"01460","StreetName":"Pine Brook Ln","Address":null,"StateName":null,"Zip4":null,"MAK":null,"AddressType":null,"RBDI":null,"Results":null,"NoSuffix":""},{"Number":"","Street":"pinecrest","Suffix":"rd","City":"","State":"","Zip":"01460","StreetName":"Pinecrest Rd","Address":null,"StateName":null,"Zip4":null,"MAK":null,"AddressType":null,"RBDI":null,"Results":null,"NoSuffix":""},{"Number":"","Street":"pleasant","Suffix":"st","City":"","State":"","Zip":"01460","StreetName":"Pleasant St","Address":null,"StateName":null,"Zip4":null,"MAK":null,"AddressType":null,"RBDI":null,"Results":null,"NoSuffix":""},{"Number":"","Street":"po box","Suffix":"","City":"","State":"","Zip":"01460","StreetName":"Po Box","Address":null,"StateName":null,"Zip4":null,"MAK":null,"AddressType":null,"RBDI":null,"Results":null,"NoSuffix":"t"},{"Number":"","Street":"porter","Suffix":"rd","City":"","State":"","Zip":"01460","StreetName":"Porter Rd","Address":null,"StateName":null,"Zip4":null,"MAK":null,"AddressType":null,"RBDI":null,"Results":null,"NoSuffix":""},{"Number":"","Street":"powers","Suffix":"rd","City":"","State":"","Zip":"01460","StreetName":"Powers Rd","Address":null,"StateName":null,"Zip4":null,"MAK":null,"AddressType":null,"RBDI":null,"Results":null,"NoSuffix":""},{"Number":"","Street":"priest","Suffix":"ln","City":"","State":"","Zip":"01460","StreetName":"Priest Ln","Address":null,"StateName":null,"Zip4":null,"MAK":null,"AddressType":null,"RBDI":null,"Results":null,"NoSuffix":""},{"Number":"","Street":"pumpkin","Suffix":"hl","City":"","State":"","Zip":"01460","StreetName":"Pumpkin Hl","Address":null,"StateName":null,"Zip4":null,"MAK":null,"AddressType":null,"RBDI":null,"Results":null,"NoSuffix":""},{"Number":"","Street":"queen","Suffix":"rd","City":"","State":"","Zip":"01460","StreetName":"Queen Rd","Address":null,"StateName":null,"Zip4":null,"MAK":null,"AddressType":null,"RBDI":null,"Results":null,"NoSuffix":""},{"Number":"","Street":"reed","Suffix":"ln","City":"","State":"","Zip":"01460","StreetName":"Reed Ln","Address":null,"StateName":null,"Zip4":null,"MAK":null,"AddressType":null,"RBDI":null,"Results":null,"NoSuffix":""},{"Number":"","Street":"richard","Suffix":"way","City":"","State":"","Zip":"01460","StreetName":"Richard Way","Address":null,"StateName":null,"Zip4":null,"MAK":null,"AddressType":null,"RBDI":null,"Results":null,"NoSuffix":""},{"Number":"","Street":"rita","Suffix":"ln","City":"","State":"","Zip":"01460","StreetName":"Rita Ln","Address":null,"StateName":null,"Zip4":null,"MAK":null,"AddressType":null,"RBDI":null,"Results":null,"NoSuffix":""},{"Number":"","Street":"robinson","Suffix":"rd","City":"","State":"","Zip":"01460","StreetName":"Robinson Rd","Address":null,"StateName":null,"Zip4":null,"MAK":null,"AddressType":null,"RBDI":null,"Results":null,"NoSuffix":""},{"Number":"","Street":"robinwood","Suffix":"rd","City":"","State":"","Zip":"01460","StreetName":"Robinwood Rd","Address":null,"StateName":null,"Zip4":null,"MAK":null,"AddressType":null,"RBDI":null,"Results":null,"NoSuffix":""},{"Number":"","Street":"rock","Suffix":"pl","City":"","State":"","Zip":"01460","StreetName":"Rock Pl","Address":null,"StateName":null,"Zip4":null,"MAK":null,"AddressType":null,"RBDI":null,"Results":null,"NoSuffix":""},{"Number":"","Street":"rogers","Suffix":"st","City":"","State":"","Zip":"01460","StreetName":"Rogers St","Address":null,"StateName":null,"Zip4":null,"MAK":null,"AddressType":null,"RBDI":null,"Results":null,"NoSuffix":""},{"Number":"","Street":"rosewood","Suffix":"rd","City":"","State":"","Zip":"01460","StreetName":"Rosewood Rd","Address":null,"StateName":null,"Zip4":null,"MAK":null,"AddressType":null,"RBDI":null,"Results":null,"NoSuffix":""},{"Number":"","Street":"roxbury","Suffix":"dr","City":"","State":"","Zip":"01460","StreetName":"Roxbury Dr","Address":null,"StateName":null,"Zip4":null,"MAK":null,"AddressType":null,"RBDI":null,"Results":null,"NoSuffix":""},{"Number":"","Street":"russell","Suffix":"st","City":"","State":"","Zip":"01460","StreetName":"Russell St","Address":null,"StateName":null,"Zip4":null,"MAK":null,"AddressType":null,"RBDI":null,"Results":null,"NoSuffix":""},{"Number":"","Street":"sagamore","Suffix":"trl","City":"","State":"","Zip":"01460","StreetName":"Sagamore Trl","Address":null,"StateName":null,"Zip4":null,"MAK":null,"AddressType":null,"RBDI":null,"Results":null,"NoSuffix":""},{"Number":"","Street":"samoset","Suffix":"trl","City":"","State":"","Zip":"01460","StreetName":"Samoset Trl","Address":null,"StateName":null,"Zip4":null,"MAK":null,"AddressType":null,"RBDI":null,"Results":null,"NoSuffix":""},{"Number":"","Street":"sandas point","Suffix":"rd","City":"","State":"","Zip":"01460","StreetName":"Sandas Point Rd","Address":null,"StateName":null,"Zip4":null,"MAK":null,"AddressType":null,"RBDI":null,"Results":null,"NoSuffix":""},{"Number":"","Street":"sanderson","Suffix":"rd","City":"","State":"","Zip":"01460","StreetName":"Sanderson Rd","Address":null,"StateName":null,"Zip4":null,"MAK":null,"AddressType":null,"RBDI":null,"Results":null,"NoSuffix":""},{"Number":"","Street":"sarah doublet","Suffix":"rd","City":"","State":"","Zip":"01460","StreetName":"Sarah Doublet Rd","Address":null,"StateName":null,"Zip4":null,"MAK":null,"AddressType":null,"RBDI":null,"Results":null,"NoSuffix":""},{"Number":"","Street":"sarah indian","Suffix":"way","City":"","State":"","Zip":"01460","StreetName":"Sarah Indian Way","Address":null,"StateName":null,"Zip4":null,"MAK":null,"AddressType":null,"RBDI":null,"Results":null,"NoSuffix":""},{"Number":"","Street":"sawyer","Suffix":"ln","City":"","State":"","Zip":"01460","StreetName":"Sawyer Ln","Address":null,"StateName":null,"Zip4":null,"MAK":null,"AddressType":null,"RBDI":null,"Results":null,"NoSuffix":""},{"Number":"","Street":"scott","Suffix":"rd","City":"","State":"","Zip":"01460","StreetName":"Scott Rd","Address":null,"StateName":null,"Zip4":null,"MAK":null,"AddressType":null,"RBDI":null,"Results":null,"NoSuffix":""},{"Number":"","Street":"shag bark","Suffix":"dr","City":"","State":"","Zip":"01460","StreetName":"Shag Bark Dr","Address":null,"StateName":null,"Zip4":null,"MAK":null,"AddressType":null,"RBDI":null,"Results":null,"NoSuffix":""},{"Number":"","Street":"shaker","Suffix":"ln","City":"","State":"","Zip":"01460","StreetName":"Shaker Ln","Address":null,"StateName":null,"Zip4":null,"MAK":null,"AddressType":null,"RBDI":null,"Results":null,"NoSuffix":""},{"Number":"","Street":"shattuck","Suffix":"st","City":"","State":"","Zip":"01460","StreetName":"Shattuck St","Address":null,"StateName":null,"Zip4":null,"MAK":null,"AddressType":null,"RBDI":null,"Results":null,"NoSuffix":""},{"Number":"","Street":"sheridan","Suffix":"ln","City":"","State":"","Zip":"01460","StreetName":"Sheridan Ln","Address":null,"StateName":null,"Zip4":null,"MAK":null,"AddressType":null,"RBDI":null,"Results":null,"NoSuffix":""},{"Number":"","Street":"silver birch","Suffix":"ln","City":"","State":"","Zip":"01460","StreetName":"Silver Birch Ln","Address":null,"StateName":null,"Zip4":null,"MAK":null,"AddressType":null,"RBDI":null,"Results":null,"NoSuffix":""},{"Number":"","Street":"sleigh ride","Suffix":"ln","City":"","State":"","Zip":"01460","StreetName":"Sleigh Ride Ln","Address":null,"StateName":null,"Zip4":null,"MAK":null,"AddressType":null,"RBDI":null,"Results":null,"NoSuffix":""},{"Number":"","Street":"snow","Suffix":"dr","City":"","State":"","Zip":"01460","StreetName":"Snow Dr","Address":null,"StateName":null,"Zip4":null,"MAK":null,"AddressType":null,"RBDI":null,"Results":null,"NoSuffix":""},{"Number":"","Street":"snow","Suffix":"ter","City":"","State":"","Zip":"01460","StreetName":"Snow Ter","Address":null,"StateName":null,"Zip4":null,"MAK":null,"AddressType":null,"RBDI":null,"Results":null,"NoSuffix":""},{"Number":"","Street":"spartan arrow","Suffix":"rd","City":"","State":"","Zip":"01460","StreetName":"Spartan Arrow Rd","Address":null,"StateName":null,"Zip4":null,"MAK":null,"AddressType":null,"RBDI":null,"Results":null,"NoSuffix":""},{"Number":"","Street":"spectacle pond","Suffix":"rd","City":"","State":"","Zip":"01460","StreetName":"Spectacle Pond Rd","Address":null,"StateName":null,"Zip4":null,"MAK":null,"AddressType":null,"RBDI":null,"Results":null,"NoSuffix":""},{"Number":"","Street":"springfield","Suffix":"dr","City":"","State":"","Zip":"01460","StreetName":"Springfield Dr","Address":null,"StateName":null,"Zip4":null,"MAK":null,"AddressType":null,"RBDI":null,"Results":null,"NoSuffix":""},{"Number":"","Street":"spruce","Suffix":"st","City":"","State":"","Zip":"01460","StreetName":"Spruce St","Address":null,"StateName":null,"Zip4":null,"MAK":null,"AddressType":null,"RBDI":null,"Results":null,"NoSuffix":""},{"Number":"","Street":"starr hill","Suffix":"rd","City":"","State":"","Zip":"01460","StreetName":"Starr Hill Rd","Address":null,"StateName":null,"Zip4":null,"MAK":null,"AddressType":null,"RBDI":null,"Results":null,"NoSuffix":""},{"Number":"","Street":"stevens","Suffix":"st","City":"","State":"","Zip":"01460","StreetName":"Stevens St","Address":null,"StateName":null,"Zip4":null,"MAK":null,"AddressType":null,"RBDI":null,"Results":null,"NoSuffix":""},{"Number":"","Street":"stone","Suffix":"pl","City":"","State":"","Zip":"01460","StreetName":"Stone Pl","Address":null,"StateName":null,"Zip4":null,"MAK":null,"AddressType":null,"RBDI":null,"Results":null,"NoSuffix":""},{"Number":"","Street":"stoney stream","Suffix":"ln","City":"","State":"","Zip":"01460","StreetName":"Stoney Stream Ln","Address":null,"StateName":null,"Zip4":null,"MAK":null,"AddressType":null,"RBDI":null,"Results":null,"NoSuffix":""},{"Number":"","Street":"suffolk","Suffix":"dr","City":"","State":"","Zip":"01460","StreetName":"Suffolk Dr","Address":null,"StateName":null,"Zip4":null,"MAK":null,"AddressType":null,"RBDI":null,"Results":null,"NoSuffix":""},{"Number":"","Street":"sugar loaf","Suffix":"ln","City":"","State":"","Zip":"01460","StreetName":"Sugar Loaf Ln","Address":null,"StateName":null,"Zip4":null,"MAK":null,"AddressType":null,"RBDI":null,"Results":null,"NoSuffix":""},{"Number":"","Street":"surrey","Suffix":"rd","City":"","State":"","Zip":"01460","StreetName":"Surrey Rd","Address":null,"StateName":null,"Zip4":null,"MAK":null,"AddressType":null,"RBDI":null,"Results":null,"NoSuffix":""},{"Number":"","Street":"tadmuck","Suffix":"trl","City":"","State":"","Zip":"01460","StreetName":"Tadmuck Trl","Address":null,"StateName":null,"Zip4":null,"MAK":null,"AddressType":null,"RBDI":null,"Results":null,"NoSuffix":""},{"Number":"","Street":"tahattawan","Suffix":"rd","City":"","State":"","Zip":"01460","StreetName":"Tahattawan Rd","Address":null,"StateName":null,"Zip4":null,"MAK":null,"AddressType":null,"RBDI":null,"Results":null,"NoSuffix":""},{"Number":"","Street":"tajlea","Suffix":"rd","City":"","State":"","Zip":"01460","StreetName":"Tajlea Rd","Address":null,"StateName":null,"Zip4":null,"MAK":null,"AddressType":null,"RBDI":null,"Results":null,"NoSuffix":""},{"Number":"","Street":"taylor","Suffix":"st","City":"","State":"","Zip":"01460","StreetName":"Taylor St","Address":null,"StateName":null,"Zip4":null,"MAK":null,"AddressType":null,"RBDI":null,"Results":null,"NoSuffix":""},{"Number":"","Street":"town","Suffix":"rd","City":"","State":"","Zip":"01460","StreetName":"Town Rd","Address":null,"StateName":null,"Zip4":null,"MAK":null,"AddressType":null,"RBDI":null,"Results":null,"NoSuffix":""},{"Number":"","Street":"trot","Suffix":"rd","City":"","State":"","Zip":"01460","StreetName":"Trot Rd","Address":null,"StateName":null,"Zip4":null,"MAK":null,"AddressType":null,"RBDI":null,"Results":null,"NoSuffix":""},{"Number":"","Street":"university","Suffix":"dr","City":"","State":"","Zip":"01460","StreetName":"University Dr","Address":null,"StateName":null,"Zip4":null,"MAK":null,"AddressType":null,"RBDI":null,"Results":null,"NoSuffix":""},{"Number":"","Street":"uplands","Suffix":"rd","City":"","State":"","Zip":"01460","StreetName":"Uplands Rd","Address":null,"StateName":null,"Zip4":null,"MAK":null,"AddressType":null,"RBDI":null,"Results":null,"NoSuffix":""},{"Number":"","Street":"valley","Suffix":"dr","City":"","State":"","Zip":"01460","StreetName":"Valley Dr","Address":null,"StateName":null,"Zip4":null,"MAK":null,"AddressType":null,"RBDI":null,"Results":null,"NoSuffix":""},{"Number":"","Street":"village","Suffix":"ln","City":"","State":"","Zip":"01460","StreetName":"Village Ln","Address":null,"StateName":null,"Zip4":null,"MAK":null,"AddressType":null,"RBDI":null,"Results":null,"NoSuffix":""},{"Number":"","Street":"vint","Suffix":"ln","City":"","State":"","Zip":"01460","StreetName":"Vint Ln","Address":null,"StateName":null,"Zip4":null,"MAK":null,"AddressType":null,"RBDI":null,"Results":null,"NoSuffix":""},{"Number":"","Street":"wamesit","Suffix":"trl","City":"","State":"","Zip":"01460","StreetName":"Wamesit Trl","Address":null,"StateName":null,"Zip4":null,"MAK":null,"AddressType":null,"RBDI":null,"Results":null,"NoSuffix":""},{"Number":"","Street":"wannalancit","Suffix":"trl","City":"","State":"","Zip":"01460","StreetName":"Wannalancit Trl","Address":null,"StateName":null,"Zip4":null,"MAK":null,"AddressType":null,"RBDI":null,"Results":null,"NoSuffix":""},{"Number":"","Street":"warren","Suffix":"st","City":"","State":"","Zip":"01460","StreetName":"Warren St","Address":null,"StateName":null,"Zip4":null,"MAK":null,"AddressType":null,"RBDI":null,"Results":null,"NoSuffix":""},{"Number":"","Street":"washington","Suffix":"dr","City":"","State":"","Zip":"01460","StreetName":"Washington Dr","Address":null,"StateName":null,"Zip4":null,"MAK":null,"AddressType":null,"RBDI":null,"Results":null,"NoSuffix":""},{"Number":"","Street":"westchester","Suffix":"dr","City":"","State":"","Zip":"01460","StreetName":"Westchester Dr","Address":null,"StateName":null,"Zip4":null,"MAK":null,"AddressType":null,"RBDI":null,"Results":null,"NoSuffix":""},{"Number":"","Street":"whispering pine","Suffix":"dr","City":"","State":"","Zip":"01460","StreetName":"Whispering Pine Dr","Address":null,"StateName":null,"Zip4":null,"MAK":null,"AddressType":null,"RBDI":null,"Results":null,"NoSuffix":""},{"Number":"","Street":"whitcomb","Suffix":"ave","City":"","State":"","Zip":"01460","StreetName":"Whitcomb Ave","Address":null,"StateName":null,"Zip4":null,"MAK":null,"AddressType":null,"RBDI":null,"Results":null,"NoSuffix":""},{"Number":"","Street":"white","Suffix":"st","City":"","State":"","Zip":"01460","StreetName":"White St","Address":null,"StateName":null,"Zip4":null,"MAK":null,"AddressType":null,"RBDI":null,"Results":null,"NoSuffix":""},{"Number":"","Street":"white pine","Suffix":"dr","City":"","State":"","Zip":"01460","StreetName":"White Pine Dr","Address":null,"StateName":null,"Zip4":null,"MAK":null,"AddressType":null,"RBDI":null,"Results":null,"NoSuffix":""},{"Number":"","Street":"whitetail","Suffix":"way","City":"","State":"","Zip":"01460","StreetName":"Whitetail Way","Address":null,"StateName":null,"Zip4":null,"MAK":null,"AddressType":null,"RBDI":null,"Results":null,"NoSuffix":""},{"Number":"","Street":"wilderness","Suffix":"rd","City":"","State":"","Zip":"01460","StreetName":"Wilderness Rd","Address":null,"StateName":null,"Zip4":null,"MAK":null,"AddressType":null,"RBDI":null,"Results":null,"NoSuffix":""},{"Number":"","Street":"wilson","Suffix":"ln","City":"","State":"","Zip":"01460","StreetName":"Wilson Ln","Address":null,"StateName":null,"Zip4":null,"MAK":null,"AddressType":null,"RBDI":null,"Results":null,"NoSuffix":""},{"Number":"","Street":"winged cove","Suffix":"rd","City":"","State":"","Zip":"01460","StreetName":"Winged Cove Rd","Address":null,"StateName":null,"Zip4":null,"MAK":null,"AddressType":null,"RBDI":null,"Results":null,"NoSuffix":""},{"Number":"","Street":"woodland","Suffix":"dr","City":"","State":"","Zip":"01460","StreetName":"Woodland Dr","Address":null,"StateName":null,"Zip4":null,"MAK":null,"AddressType":null,"RBDI":null,"Results":null,"NoSuffix":""},{"Number":"","Street":"woodridge","Suffix":"rd","City":"","State":"","Zip":"01460","StreetName":"Woodridge Rd","Address":null,"StateName":null,"Zip4":null,"MAK":null,"AddressType":null,"RBDI":null,"Results":null,"NoSuffix":""},{"Number":"","Street":"worcester","Suffix":"dr","City":"","State":"","Zip":"01460","StreetName":"Worcester Dr","Address":null,"StateName":null,"Zip4":null,"MAK":null,"AddressType":null,"RBDI":null,"Results":null,"NoSuffix":""},{"Number":"","Street":"wychwood","Suffix":"dr","City":"","State":"","Zip":"01460","StreetName":"Wychwood Dr","Address":null,"StateName":null,"Zip4":null,"MAK":null,"AddressType":null,"RBDI":null,"Results":null,"NoSuffix":""},{"Number":"","Street":"wychwood","Suffix":"hts","City":"","State":"","Zip":"01460","StreetName":"Wychwood Hts","Address":null,"StateName":null,"Zip4":null,"MAK":null,"AddressType":null,"RBDI":null,"Results":null,"NoSuffix":""}]