[{"Number":"","Street":"arch","Suffix":"st","City":"","State":"","Zip":"01053","StreetName":"Arch St","Address":null,"StateName":null,"Zip4":null,"MAK":null,"AddressType":null,"RBDI":null,"Results":null,"NoSuffix":""},{"Number":"","Street":"audubon","Suffix":"rd","City":"","State":"","Zip":"01053","StreetName":"Audubon Rd","Address":null,"StateName":null,"Zip4":null,"MAK":null,"AddressType":null,"RBDI":null,"Results":null,"NoSuffix":""},{"Number":"","Street":"beaver brook","Suffix":"loop","City":"","State":"","Zip":"01053","StreetName":"Beaver Brook Loop","Address":null,"StateName":null,"Zip4":null,"MAK":null,"AddressType":null,"RBDI":null,"Results":null,"NoSuffix":""},{"Number":"","Street":"bernache","Suffix":"st","City":"","State":"","Zip":"01053","StreetName":"Bernache St","Address":null,"StateName":null,"Zip4":null,"MAK":null,"AddressType":null,"RBDI":null,"Results":null,"NoSuffix":""},{"Number":"","Street":"center","Suffix":"st","City":"","State":"","Zip":"01053","StreetName":"Center St","Address":null,"StateName":null,"Zip4":null,"MAK":null,"AddressType":null,"RBDI":null,"Results":null,"NoSuffix":""},{"Number":"","Street":"chesterfield","Suffix":"rd","City":"","State":"","Zip":"01053","StreetName":"Chesterfield Rd","Address":null,"StateName":null,"Zip4":null,"MAK":null,"AddressType":null,"RBDI":null,"Results":null,"NoSuffix":""},{"Number":"","Street":"chestnut","Suffix":"ave","City":"","State":"","Zip":"01053","StreetName":"Chestnut Ave","Address":null,"StateName":null,"Zip4":null,"MAK":null,"AddressType":null,"RBDI":null,"Results":null,"NoSuffix":""},{"Number":"","Street":"dimock","Suffix":"st","City":"","State":"","Zip":"01053","StreetName":"Dimock St","Address":null,"StateName":null,"Zip4":null,"MAK":null,"AddressType":null,"RBDI":null,"Results":null,"NoSuffix":""},{"Number":"","Street":"evergreen","Suffix":"rd","City":"","State":"","Zip":"01053","StreetName":"Evergreen Rd","Address":null,"StateName":null,"Zip4":null,"MAK":null,"AddressType":null,"RBDI":null,"Results":null,"NoSuffix":""},{"Number":"","Street":"fairway","Suffix":"vlg","City":"","State":"","Zip":"01053","StreetName":"Fairway Vlg","Address":null,"StateName":null,"Zip4":null,"MAK":null,"AddressType":null,"RBDI":null,"Results":null,"NoSuffix":""},{"Number":"","Street":"florence","Suffix":"st","City":"","State":"","Zip":"01053","StreetName":"Florence St","Address":null,"StateName":null,"Zip4":null,"MAK":null,"AddressType":null,"RBDI":null,"Results":null,"NoSuffix":""},{"Number":"","Street":"front","Suffix":"st","City":"","State":"","Zip":"01053","StreetName":"Front St","Address":null,"StateName":null,"Zip4":null,"MAK":null,"AddressType":null,"RBDI":null,"Results":null,"NoSuffix":""},{"Number":"","Street":"grove","Suffix":"ave","City":"","State":"","Zip":"01053","StreetName":"Grove Ave","Address":null,"StateName":null,"Zip4":null,"MAK":null,"AddressType":null,"RBDI":null,"Results":null,"NoSuffix":""},{"Number":"","Street":"haydenville","Suffix":"rd","City":"","State":"","Zip":"01053","StreetName":"Haydenville Rd","Address":null,"StateName":null,"Zip4":null,"MAK":null,"AddressType":null,"RBDI":null,"Results":null,"NoSuffix":""},{"Number":"","Street":"heffernan","Suffix":"st","City":"","State":"","Zip":"01053","StreetName":"Heffernan St","Address":null,"StateName":null,"Zip4":null,"MAK":null,"AddressType":null,"RBDI":null,"Results":null,"NoSuffix":""},{"Number":"","Street":"kennedy","Suffix":"rd","City":"","State":"","Zip":"01053","StreetName":"Kennedy Rd","Address":null,"StateName":null,"Zip4":null,"MAK":null,"AddressType":null,"RBDI":null,"Results":null,"NoSuffix":""},{"Number":"","Street":"leonard","Suffix":"st","City":"","State":"","Zip":"01053","StreetName":"Leonard St","Address":null,"StateName":null,"Zip4":null,"MAK":null,"AddressType":null,"RBDI":null,"Results":null,"NoSuffix":""},{"Number":"","Street":"main","Suffix":"st","City":"","State":"","Zip":"01053","StreetName":"Main St","Address":null,"StateName":null,"Zip4":null,"MAK":null,"AddressType":null,"RBDI":null,"Results":null,"NoSuffix":""},{"Number":"","Street":"mulberry","Suffix":"st","City":"","State":"","Zip":"01053","StreetName":"Mulberry St","Address":null,"StateName":null,"Zip4":null,"MAK":null,"AddressType":null,"RBDI":null,"Results":null,"NoSuffix":""},{"Number":"","Street":"po box","Suffix":"","City":"","State":"","Zip":"01053","StreetName":"Po Box","Address":null,"StateName":null,"Zip4":null,"MAK":null,"AddressType":null,"RBDI":null,"Results":null,"NoSuffix":"t"},{"Number":"","Street":"reservoir","Suffix":"rd","City":"","State":"","Zip":"01053","StreetName":"Reservoir Rd","Address":null,"StateName":null,"Zip4":null,"MAK":null,"AddressType":null,"RBDI":null,"Results":null,"NoSuffix":""},{"Number":"","Street":"river","Suffix":"rd","City":"","State":"","Zip":"01053","StreetName":"River Rd","Address":null,"StateName":null,"Zip4":null,"MAK":null,"AddressType":null,"RBDI":null,"Results":null,"NoSuffix":""},{"Number":"","Street":"shepherds hollow","Suffix":"rd","City":"","State":"","Zip":"01053","StreetName":"Shepherds Hollow Rd","Address":null,"StateName":null,"Zip4":null,"MAK":null,"AddressType":null,"RBDI":null,"Results":null,"NoSuffix":""},{"Number":"","Street":"spring","Suffix":"st","City":"","State":"","Zip":"01053","StreetName":"Spring St","Address":null,"StateName":null,"Zip4":null,"MAK":null,"AddressType":null,"RBDI":null,"Results":null,"NoSuffix":""},{"Number":"","Street":"stowell","Suffix":"st","City":"","State":"","Zip":"01053","StreetName":"Stowell St","Address":null,"StateName":null,"Zip4":null,"MAK":null,"AddressType":null,"RBDI":null,"Results":null,"NoSuffix":""},{"Number":"","Street":"upland","Suffix":"rd","City":"","State":"","Zip":"01053","StreetName":"Upland Rd","Address":null,"StateName":null,"Zip4":null,"MAK":null,"AddressType":null,"RBDI":null,"Results":null,"NoSuffix":""},{"Number":"","Street":"villone","Suffix":"dr","City":"","State":"","Zip":"01053","StreetName":"Villone Dr","Address":null,"StateName":null,"Zip4":null,"MAK":null,"AddressType":null,"RBDI":null,"Results":null,"NoSuffix":""},{"Number":"","Street":"warner","Suffix":"row","City":"","State":"","Zip":"01053","StreetName":"Warner Row","Address":null,"StateName":null,"Zip4":null,"MAK":null,"AddressType":null,"RBDI":null,"Results":null,"NoSuffix":""},{"Number":"","Street":"water","Suffix":"st","City":"","State":"","Zip":"01053","StreetName":"Water St","Address":null,"StateName":null,"Zip4":null,"MAK":null,"AddressType":null,"RBDI":null,"Results":null,"NoSuffix":""}]