[{"Number":"","Street":"alley","Suffix":"way","City":"","State":"","Zip":"02575","StreetName":"Alley Way","Address":null,"StateName":null,"Zip4":null,"MAK":null,"AddressType":null,"RBDI":null,"Results":null,"NoSuffix":""},{"Number":"","Street":"amelias","Suffix":"way","City":"","State":"","Zip":"02575","StreetName":"Amelias Way","Address":null,"StateName":null,"Zip4":null,"MAK":null,"AddressType":null,"RBDI":null,"Results":null,"NoSuffix":""},{"Number":"","Street":"ashurst","Suffix":"way","City":"","State":"","Zip":"02575","StreetName":"Ashurst Way","Address":null,"StateName":null,"Zip4":null,"MAK":null,"AddressType":null,"RBDI":null,"Results":null,"NoSuffix":""},{"Number":"","Street":"beach","Suffix":"rd","City":"","State":"","Zip":"02575","StreetName":"Beach Rd","Address":null,"StateName":null,"Zip4":null,"MAK":null,"AddressType":null,"RBDI":null,"Results":null,"NoSuffix":""},{"Number":"","Street":"beach pebble","Suffix":"rd","City":"","State":"","Zip":"02575","StreetName":"Beach Pebble Rd","Address":null,"StateName":null,"Zip4":null,"MAK":null,"AddressType":null,"RBDI":null,"Results":null,"NoSuffix":""},{"Number":"","Street":"bernard","Suffix":"cir","City":"","State":"","Zip":"02575","StreetName":"Bernard Cir","Address":null,"StateName":null,"Zip4":null,"MAK":null,"AddressType":null,"RBDI":null,"Results":null,"NoSuffix":""},{"Number":"","Street":"bigelow","Suffix":"rd","City":"","State":"","Zip":"02575","StreetName":"Bigelow Rd","Address":null,"StateName":null,"Zip4":null,"MAK":null,"AddressType":null,"RBDI":null,"Results":null,"NoSuffix":""},{"Number":"","Street":"brushbroom","Suffix":"ln","City":"","State":"","Zip":"02575","StreetName":"Brushbroom Ln","Address":null,"StateName":null,"Zip4":null,"MAK":null,"AddressType":null,"RBDI":null,"Results":null,"NoSuffix":""},{"Number":"","Street":"bumpy","Suffix":"rd","City":"","State":"","Zip":"02575","StreetName":"Bumpy Rd","Address":null,"StateName":null,"Zip4":null,"MAK":null,"AddressType":null,"RBDI":null,"Results":null,"NoSuffix":""},{"Number":"","Street":"chenin","Suffix":"run","City":"","State":"","Zip":"02575","StreetName":"Chenin Run","Address":null,"StateName":null,"Zip4":null,"MAK":null,"AddressType":null,"RBDI":null,"Results":null,"NoSuffix":""},{"Number":"","Street":"clam point","Suffix":"rd","City":"","State":"","Zip":"02575","StreetName":"Clam Point Rd","Address":null,"StateName":null,"Zip4":null,"MAK":null,"AddressType":null,"RBDI":null,"Results":null,"NoSuffix":""},{"Number":"","Street":"cow path","Suffix":"way","City":"","State":"","Zip":"02575","StreetName":"Cow Path Way","Address":null,"StateName":null,"Zip4":null,"MAK":null,"AddressType":null,"RBDI":null,"Results":null,"NoSuffix":""},{"Number":"","Street":"cranberry","Suffix":"rd","City":"","State":"","Zip":"02575","StreetName":"Cranberry Rd","Address":null,"StateName":null,"Zip4":null,"MAK":null,"AddressType":null,"RBDI":null,"Results":null,"NoSuffix":""},{"Number":"","Street":"cranberry acres","Suffix":"way","City":"","State":"","Zip":"02575","StreetName":"Cranberry Acres Way","Address":null,"StateName":null,"Zip4":null,"MAK":null,"AddressType":null,"RBDI":null,"Results":null,"NoSuffix":""},{"Number":"","Street":"danls","Suffix":"way","City":"","State":"","Zip":"02575","StreetName":"Danls Way","Address":null,"StateName":null,"Zip4":null,"MAK":null,"AddressType":null,"RBDI":null,"Results":null,"NoSuffix":""},{"Number":"","Street":"dudley","Suffix":"st","City":"","State":"","Zip":"02575","StreetName":"Dudley St","Address":null,"StateName":null,"Zip4":null,"MAK":null,"AddressType":null,"RBDI":null,"Results":null,"NoSuffix":""},{"Number":"","Street":"edgartown","Suffix":"rd","City":"","State":"","Zip":"02575","StreetName":"Edgartown Rd","Address":null,"StateName":null,"Zip4":null,"MAK":null,"AddressType":null,"RBDI":null,"Results":null,"NoSuffix":""},{"Number":"","Street":"eel","Suffix":"ln","City":"","State":"","Zip":"02575","StreetName":"Eel Ln","Address":null,"StateName":null,"Zip4":null,"MAK":null,"AddressType":null,"RBDI":null,"Results":null,"NoSuffix":""},{"Number":"","Street":"ephriam allen","Suffix":"rd","City":"","State":"","Zip":"02575","StreetName":"Ephriam Allen Rd","Address":null,"StateName":null,"Zip4":null,"MAK":null,"AddressType":null,"RBDI":null,"Results":null,"NoSuffix":""},{"Number":"","Street":"farm","Suffix":"rd","City":"","State":"","Zip":"02575","StreetName":"Farm Rd","Address":null,"StateName":null,"Zip4":null,"MAK":null,"AddressType":null,"RBDI":null,"Results":null,"NoSuffix":""},{"Number":"","Street":"ferro","Suffix":"way","City":"","State":"","Zip":"02575","StreetName":"Ferro Way","Address":null,"StateName":null,"Zip4":null,"MAK":null,"AddressType":null,"RBDI":null,"Results":null,"NoSuffix":""},{"Number":"","Street":"finley","Suffix":"ln","City":"","State":"","Zip":"02575","StreetName":"Finley Ln","Address":null,"StateName":null,"Zip4":null,"MAK":null,"AddressType":null,"RBDI":null,"Results":null,"NoSuffix":""},{"Number":"","Street":"high point","Suffix":"ln","City":"","State":"","Zip":"02575","StreetName":"High Point Ln","Address":null,"StateName":null,"Zip4":null,"MAK":null,"AddressType":null,"RBDI":null,"Results":null,"NoSuffix":""},{"Number":"","Street":"indian hollow","Suffix":"rd","City":"","State":"","Zip":"02575","StreetName":"Indian Hollow Rd","Address":null,"StateName":null,"Zip4":null,"MAK":null,"AddressType":null,"RBDI":null,"Results":null,"NoSuffix":""},{"Number":"","Street":"irenes","Suffix":"way","City":"","State":"","Zip":"02575","StreetName":"Irenes Way","Address":null,"StateName":null,"Zip4":null,"MAK":null,"AddressType":null,"RBDI":null,"Results":null,"NoSuffix":""},{"Number":"","Street":"janes fair","Suffix":"way","City":"","State":"","Zip":"02575","StreetName":"Janes Fair Way","Address":null,"StateName":null,"Zip4":null,"MAK":null,"AddressType":null,"RBDI":null,"Results":null,"NoSuffix":""},{"Number":"","Street":"jennie athearn","Suffix":"rd","City":"","State":"","Zip":"02575","StreetName":"Jennie Athearn Rd","Address":null,"StateName":null,"Zip4":null,"MAK":null,"AddressType":null,"RBDI":null,"Results":null,"NoSuffix":""},{"Number":"","Street":"jesses","Suffix":"way","City":"","State":"","Zip":"02575","StreetName":"Jesses Way","Address":null,"StateName":null,"Zip4":null,"MAK":null,"AddressType":null,"RBDI":null,"Results":null,"NoSuffix":""},{"Number":"","Street":"john hoft","Suffix":"rd","City":"","State":"","Zip":"02575","StreetName":"John Hoft Rd","Address":null,"StateName":null,"Zip4":null,"MAK":null,"AddressType":null,"RBDI":null,"Results":null,"NoSuffix":""},{"Number":"","Street":"kayleigh","Suffix":"way","City":"","State":"","Zip":"02575","StreetName":"Kayleigh Way","Address":null,"StateName":null,"Zip4":null,"MAK":null,"AddressType":null,"RBDI":null,"Results":null,"NoSuffix":""},{"Number":"","Street":"lagoon pond","Suffix":"rd","City":"","State":"","Zip":"02575","StreetName":"Lagoon Pond Rd","Address":null,"StateName":null,"Zip4":null,"MAK":null,"AddressType":null,"RBDI":null,"Results":null,"NoSuffix":""},{"Number":"","Street":"luce farm","Suffix":"rd","City":"","State":"","Zip":"02575","StreetName":"Luce Farm Rd","Address":null,"StateName":null,"Zip4":null,"MAK":null,"AddressType":null,"RBDI":null,"Results":null,"NoSuffix":""},{"Number":"","Street":"marions","Suffix":"way","City":"","State":"","Zip":"02575","StreetName":"Marions Way","Address":null,"StateName":null,"Zip4":null,"MAK":null,"AddressType":null,"RBDI":null,"Results":null,"NoSuffix":""},{"Number":"","Street":"mayflower","Suffix":"ln","City":"","State":"","Zip":"02575","StreetName":"Mayflower Ln","Address":null,"StateName":null,"Zip4":null,"MAK":null,"AddressType":null,"RBDI":null,"Results":null,"NoSuffix":""},{"Number":"","Street":"mclellan","Suffix":"way","City":"","State":"","Zip":"02575","StreetName":"Mclellan Way","Address":null,"StateName":null,"Zip4":null,"MAK":null,"AddressType":null,"RBDI":null,"Results":null,"NoSuffix":""},{"Number":"","Street":"mechanics","Suffix":"st","City":"","State":"","Zip":"02575","StreetName":"Mechanics St","Address":null,"StateName":null,"Zip4":null,"MAK":null,"AddressType":null,"RBDI":null,"Results":null,"NoSuffix":""},{"Number":"","Street":"megans","Suffix":"way","City":"","State":"","Zip":"02575","StreetName":"Megans Way","Address":null,"StateName":null,"Zip4":null,"MAK":null,"AddressType":null,"RBDI":null,"Results":null,"NoSuffix":""},{"Number":"","Street":"old coach","Suffix":"rd","City":"","State":"","Zip":"02575","StreetName":"Old Coach Rd","Address":null,"StateName":null,"Zip4":null,"MAK":null,"AddressType":null,"RBDI":null,"Results":null,"NoSuffix":""},{"Number":"","Street":"oyster watcha","Suffix":"rd","City":"","State":"","Zip":"02575","StreetName":"Oyster Watcha Rd","Address":null,"StateName":null,"Zip4":null,"MAK":null,"AddressType":null,"RBDI":null,"Results":null,"NoSuffix":""},{"Number":"","Street":"plum bush point","Suffix":"rd","City":"","State":"","Zip":"02575","StreetName":"Plum Bush Point Rd","Address":null,"StateName":null,"Zip4":null,"MAK":null,"AddressType":null,"RBDI":null,"Results":null,"NoSuffix":""},{"Number":"","Street":"po box","Suffix":"","City":"","State":"","Zip":"02575","StreetName":"Po Box","Address":null,"StateName":null,"Zip4":null,"MAK":null,"AddressType":null,"RBDI":null,"Results":null,"NoSuffix":"t"},{"Number":"","Street":"red coat hill","Suffix":"rd","City":"","State":"","Zip":"02575","StreetName":"Red Coat Hill Rd","Address":null,"StateName":null,"Zip4":null,"MAK":null,"AddressType":null,"RBDI":null,"Results":null,"NoSuffix":""},{"Number":"","Street":"reservior","Suffix":"rd","City":"","State":"","Zip":"02575","StreetName":"Reservior Rd","Address":null,"StateName":null,"Zip4":null,"MAK":null,"AddressType":null,"RBDI":null,"Results":null,"NoSuffix":""},{"Number":"","Street":"reservoir","Suffix":"rd","City":"","State":"","Zip":"02575","StreetName":"Reservoir Rd","Address":null,"StateName":null,"Zip4":null,"MAK":null,"AddressType":null,"RBDI":null,"Results":null,"NoSuffix":""},{"Number":"","Street":"rods","Suffix":"way","City":"","State":"","Zip":"02575","StreetName":"Rods Way","Address":null,"StateName":null,"Zip4":null,"MAK":null,"AddressType":null,"RBDI":null,"Results":null,"NoSuffix":""},{"Number":"","Street":"rustling oaks","Suffix":"rd","City":"","State":"","Zip":"02575","StreetName":"Rustling Oaks Rd","Address":null,"StateName":null,"Zip4":null,"MAK":null,"AddressType":null,"RBDI":null,"Results":null,"NoSuffix":""},{"Number":"","Street":"spring","Suffix":"st","City":"","State":"","Zip":"02575","StreetName":"Spring St","Address":null,"StateName":null,"Zip4":null,"MAK":null,"AddressType":null,"RBDI":null,"Results":null,"NoSuffix":""},{"Number":"","Street":"state","Suffix":"rd","City":"","State":"","Zip":"02575","StreetName":"State Rd","Address":null,"StateName":null,"Zip4":null,"MAK":null,"AddressType":null,"RBDI":null,"Results":null,"NoSuffix":""},{"Number":"","Street":"stoney hill","Suffix":"rd","City":"","State":"","Zip":"02575","StreetName":"Stoney Hill Rd","Address":null,"StateName":null,"Zip4":null,"MAK":null,"AddressType":null,"RBDI":null,"Results":null,"NoSuffix":""},{"Number":"","Street":"takemmy","Suffix":"path","City":"","State":"","Zip":"02575","StreetName":"Takemmy Path","Address":null,"StateName":null,"Zip4":null,"MAK":null,"AddressType":null,"RBDI":null,"Results":null,"NoSuffix":""},{"Number":"","Street":"tashmoo","Suffix":"ave","City":"","State":"","Zip":"02575","StreetName":"Tashmoo Ave","Address":null,"StateName":null,"Zip4":null,"MAK":null,"AddressType":null,"RBDI":null,"Results":null,"NoSuffix":""},{"Number":"","Street":"thumb point","Suffix":"rd","City":"","State":"","Zip":"02575","StreetName":"Thumb Point Rd","Address":null,"StateName":null,"Zip4":null,"MAK":null,"AddressType":null,"RBDI":null,"Results":null,"NoSuffix":""},{"Number":"","Street":"tom neelon","Suffix":"rd","City":"","State":"","Zip":"02575","StreetName":"Tom Neelon Rd","Address":null,"StateName":null,"Zip4":null,"MAK":null,"AddressType":null,"RBDI":null,"Results":null,"NoSuffix":""},{"Number":"","Street":"watcha club","Suffix":"rd","City":"","State":"","Zip":"02575","StreetName":"Watcha Club Rd","Address":null,"StateName":null,"Zip4":null,"MAK":null,"AddressType":null,"RBDI":null,"Results":null,"NoSuffix":""},{"Number":"","Street":"water gate","Suffix":"rd","City":"","State":"","Zip":"02575","StreetName":"Water Gate Rd","Address":null,"StateName":null,"Zip4":null,"MAK":null,"AddressType":null,"RBDI":null,"Results":null,"NoSuffix":""},{"Number":"","Street":"waverly","Suffix":"st","City":"","State":"","Zip":"02575","StreetName":"Waverly St","Address":null,"StateName":null,"Zip4":null,"MAK":null,"AddressType":null,"RBDI":null,"Results":null,"NoSuffix":""},{"Number":"","Street":"wind chime","Suffix":"ln","City":"","State":"","Zip":"02575","StreetName":"Wind Chime Ln","Address":null,"StateName":null,"Zip4":null,"MAK":null,"AddressType":null,"RBDI":null,"Results":null,"NoSuffix":""},{"Number":"","Street":"woody bottom","Suffix":"rd","City":"","State":"","Zip":"02575","StreetName":"Woody Bottom Rd","Address":null,"StateName":null,"Zip4":null,"MAK":null,"AddressType":null,"RBDI":null,"Results":null,"NoSuffix":""}]