[{"Number":"","Street":"allen","Suffix":"ave","City":"","State":"","Zip":"01969","StreetName":"Allen Ave","Address":null,"StateName":null,"Zip4":null,"MAK":null,"AddressType":null,"RBDI":null,"Results":null,"NoSuffix":""},{"Number":"","Street":"arbor","Suffix":"way","City":"","State":"","Zip":"01969","StreetName":"Arbor Way","Address":null,"StateName":null,"Zip4":null,"MAK":null,"AddressType":null,"RBDI":null,"Results":null,"NoSuffix":""},{"Number":"","Street":"arrowhead","Suffix":"cir","City":"","State":"","Zip":"01969","StreetName":"Arrowhead Cir","Address":null,"StateName":null,"Zip4":null,"MAK":null,"AddressType":null,"RBDI":null,"Results":null,"NoSuffix":""},{"Number":"","Street":"arthur gordon","Suffix":"dr","City":"","State":"","Zip":"01969","StreetName":"Arthur Gordon Dr","Address":null,"StateName":null,"Zip4":null,"MAK":null,"AddressType":null,"RBDI":null,"Results":null,"NoSuffix":""},{"Number":"","Street":"ashley","Suffix":"rd","City":"","State":"","Zip":"01969","StreetName":"Ashley Rd","Address":null,"StateName":null,"Zip4":null,"MAK":null,"AddressType":null,"RBDI":null,"Results":null,"NoSuffix":""},{"Number":"","Street":"bell","Suffix":"cir","City":"","State":"","Zip":"01969","StreetName":"Bell Cir","Address":null,"StateName":null,"Zip4":null,"MAK":null,"AddressType":null,"RBDI":null,"Results":null,"NoSuffix":""},{"Number":"","Street":"bennett hill","Suffix":"rd","City":"","State":"","Zip":"01969","StreetName":"Bennett Hill Rd","Address":null,"StateName":null,"Zip4":null,"MAK":null,"AddressType":null,"RBDI":null,"Results":null,"NoSuffix":""},{"Number":"","Street":"bishop","Suffix":"way","City":"","State":"","Zip":"01969","StreetName":"Bishop Way","Address":null,"StateName":null,"Zip4":null,"MAK":null,"AddressType":null,"RBDI":null,"Results":null,"NoSuffix":""},{"Number":"","Street":"bowlery","Suffix":"dr","City":"","State":"","Zip":"01969","StreetName":"Bowlery Dr","Address":null,"StateName":null,"Zip4":null,"MAK":null,"AddressType":null,"RBDI":null,"Results":null,"NoSuffix":""},{"Number":"","Street":"boxford","Suffix":"rd","City":"","State":"","Zip":"01969","StreetName":"Boxford Rd","Address":null,"StateName":null,"Zip4":null,"MAK":null,"AddressType":null,"RBDI":null,"Results":null,"NoSuffix":""},{"Number":"","Street":"bradford","Suffix":"st","City":"","State":"","Zip":"01969","StreetName":"Bradford St","Address":null,"StateName":null,"Zip4":null,"MAK":null,"AddressType":null,"RBDI":null,"Results":null,"NoSuffix":""},{"Number":"","Street":"brook","Suffix":"st","City":"","State":"","Zip":"01969","StreetName":"Brook St","Address":null,"StateName":null,"Zip4":null,"MAK":null,"AddressType":null,"RBDI":null,"Results":null,"NoSuffix":""},{"Number":"","Street":"burke","Suffix":"ave","City":"","State":"","Zip":"01969","StreetName":"Burke Ave","Address":null,"StateName":null,"Zip4":null,"MAK":null,"AddressType":null,"RBDI":null,"Results":null,"NoSuffix":""},{"Number":"","Street":"cedarwood","Suffix":"ln","City":"","State":"","Zip":"01969","StreetName":"Cedarwood Ln","Address":null,"StateName":null,"Zip4":null,"MAK":null,"AddressType":null,"RBDI":null,"Results":null,"NoSuffix":""},{"Number":"","Street":"central","Suffix":"st","City":"","State":"","Zip":"01969","StreetName":"Central St","Address":null,"StateName":null,"Zip4":null,"MAK":null,"AddressType":null,"RBDI":null,"Results":null,"NoSuffix":""},{"Number":"","Street":"central","Suffix":"way","City":"","State":"","Zip":"01969","StreetName":"Central Way","Address":null,"StateName":null,"Zip4":null,"MAK":null,"AddressType":null,"RBDI":null,"Results":null,"NoSuffix":""},{"Number":"","Street":"christa","Suffix":"dr","City":"","State":"","Zip":"01969","StreetName":"Christa Dr","Address":null,"StateName":null,"Zip4":null,"MAK":null,"AddressType":null,"RBDI":null,"Results":null,"NoSuffix":""},{"Number":"","Street":"christopher","Suffix":"rd","City":"","State":"","Zip":"01969","StreetName":"Christopher Rd","Address":null,"StateName":null,"Zip4":null,"MAK":null,"AddressType":null,"RBDI":null,"Results":null,"NoSuffix":""},{"Number":"","Street":"church","Suffix":"st","City":"","State":"","Zip":"01969","StreetName":"Church St","Address":null,"StateName":null,"Zip4":null,"MAK":null,"AddressType":null,"RBDI":null,"Results":null,"NoSuffix":""},{"Number":"","Street":"cindy","Suffix":"ln","City":"","State":"","Zip":"01969","StreetName":"Cindy Ln","Address":null,"StateName":null,"Zip4":null,"MAK":null,"AddressType":null,"RBDI":null,"Results":null,"NoSuffix":""},{"Number":"","Street":"circuit","Suffix":"dr","City":"","State":"","Zip":"01969","StreetName":"Circuit Dr","Address":null,"StateName":null,"Zip4":null,"MAK":null,"AddressType":null,"RBDI":null,"Results":null,"NoSuffix":""},{"Number":"","Street":"clay","Suffix":"ln","City":"","State":"","Zip":"01969","StreetName":"Clay Ln","Address":null,"StateName":null,"Zip4":null,"MAK":null,"AddressType":null,"RBDI":null,"Results":null,"NoSuffix":""},{"Number":"","Street":"cooper pond","Suffix":"rd","City":"","State":"","Zip":"01969","StreetName":"Cooper Pond Rd","Address":null,"StateName":null,"Zip4":null,"MAK":null,"AddressType":null,"RBDI":null,"Results":null,"NoSuffix":""},{"Number":"","Street":"cross","Suffix":"st","City":"","State":"","Zip":"01969","StreetName":"Cross St","Address":null,"StateName":null,"Zip4":null,"MAK":null,"AddressType":null,"RBDI":null,"Results":null,"NoSuffix":""},{"Number":"","Street":"daniels","Suffix":"rd","City":"","State":"","Zip":"01969","StreetName":"Daniels Rd","Address":null,"StateName":null,"Zip4":null,"MAK":null,"AddressType":null,"RBDI":null,"Results":null,"NoSuffix":""},{"Number":"","Street":"deerfield","Suffix":"ln","City":"","State":"","Zip":"01969","StreetName":"Deerfield Ln","Address":null,"StateName":null,"Zip4":null,"MAK":null,"AddressType":null,"RBDI":null,"Results":null,"NoSuffix":""},{"Number":"","Street":"depot","Suffix":"way","City":"","State":"","Zip":"01969","StreetName":"Depot Way","Address":null,"StateName":null,"Zip4":null,"MAK":null,"AddressType":null,"RBDI":null,"Results":null,"NoSuffix":""},{"Number":"","Street":"dexter","Suffix":"dr","City":"","State":"","Zip":"01969","StreetName":"Dexter Dr","Address":null,"StateName":null,"Zip4":null,"MAK":null,"AddressType":null,"RBDI":null,"Results":null,"NoSuffix":""},{"Number":"","Street":"dodge","Suffix":"rd","City":"","State":"","Zip":"01969","StreetName":"Dodge Rd","Address":null,"StateName":null,"Zip4":null,"MAK":null,"AddressType":null,"RBDI":null,"Results":null,"NoSuffix":""},{"Number":"","Street":"easy","Suffix":"st","City":"","State":"","Zip":"01969","StreetName":"Easy St","Address":null,"StateName":null,"Zip4":null,"MAK":null,"AddressType":null,"RBDI":null,"Results":null,"NoSuffix":""},{"Number":"","Street":"ellsworth","Suffix":"rd","City":"","State":"","Zip":"01969","StreetName":"Ellsworth Rd","Address":null,"StateName":null,"Zip4":null,"MAK":null,"AddressType":null,"RBDI":null,"Results":null,"NoSuffix":""},{"Number":"","Street":"emily","Suffix":"ln","City":"","State":"","Zip":"01969","StreetName":"Emily Ln","Address":null,"StateName":null,"Zip4":null,"MAK":null,"AddressType":null,"RBDI":null,"Results":null,"NoSuffix":""},{"Number":"","Street":"far division","Suffix":"rd","City":"","State":"","Zip":"01969","StreetName":"Far Division Rd","Address":null,"StateName":null,"Zip4":null,"MAK":null,"AddressType":null,"RBDI":null,"Results":null,"NoSuffix":""},{"Number":"","Street":"farnham","Suffix":"rd","City":"","State":"","Zip":"01969","StreetName":"Farnham Rd","Address":null,"StateName":null,"Zip4":null,"MAK":null,"AddressType":null,"RBDI":null,"Results":null,"NoSuffix":""},{"Number":"","Street":"fenno","Suffix":"dr","City":"","State":"","Zip":"01969","StreetName":"Fenno Dr","Address":null,"StateName":null,"Zip4":null,"MAK":null,"AddressType":null,"RBDI":null,"Results":null,"NoSuffix":""},{"Number":"","Street":"forest","Suffix":"st","City":"","State":"","Zip":"01969","StreetName":"Forest St","Address":null,"StateName":null,"Zip4":null,"MAK":null,"AddressType":null,"RBDI":null,"Results":null,"NoSuffix":""},{"Number":"","Street":"forest ridge","Suffix":"dr","City":"","State":"","Zip":"01969","StreetName":"Forest Ridge Dr","Address":null,"StateName":null,"Zip4":null,"MAK":null,"AddressType":null,"RBDI":null,"Results":null,"NoSuffix":""},{"Number":"","Street":"glen","Suffix":"st","City":"","State":"","Zip":"01969","StreetName":"Glen St","Address":null,"StateName":null,"Zip4":null,"MAK":null,"AddressType":null,"RBDI":null,"Results":null,"NoSuffix":""},{"Number":"","Street":"glynn","Suffix":"way","City":"","State":"","Zip":"01969","StreetName":"Glynn Way","Address":null,"StateName":null,"Zip4":null,"MAK":null,"AddressType":null,"RBDI":null,"Results":null,"NoSuffix":""},{"Number":"","Street":"green needle","Suffix":"ln","City":"","State":"","Zip":"01969","StreetName":"Green Needle Ln","Address":null,"StateName":null,"Zip4":null,"MAK":null,"AddressType":null,"RBDI":null,"Results":null,"NoSuffix":""},{"Number":"","Street":"greentree","Suffix":"ln","City":"","State":"","Zip":"01969","StreetName":"Greentree Ln","Address":null,"StateName":null,"Zip4":null,"MAK":null,"AddressType":null,"RBDI":null,"Results":null,"NoSuffix":""},{"Number":"","Street":"gurzak","Suffix":"ln","City":"","State":"","Zip":"01969","StreetName":"Gurzak Ln","Address":null,"StateName":null,"Zip4":null,"MAK":null,"AddressType":null,"RBDI":null,"Results":null,"NoSuffix":""},{"Number":"","Street":"hammond","Suffix":"st","City":"","State":"","Zip":"01969","StreetName":"Hammond St","Address":null,"StateName":null,"Zip4":null,"MAK":null,"AddressType":null,"RBDI":null,"Results":null,"NoSuffix":""},{"Number":"","Street":"harrison","Suffix":"cir","City":"","State":"","Zip":"01969","StreetName":"Harrison Cir","Address":null,"StateName":null,"Zip4":null,"MAK":null,"AddressType":null,"RBDI":null,"Results":null,"NoSuffix":""},{"Number":"","Street":"haverhill","Suffix":"st","City":"","State":"","Zip":"01969","StreetName":"Haverhill St","Address":null,"StateName":null,"Zip4":null,"MAK":null,"AddressType":null,"RBDI":null,"Results":null,"NoSuffix":""},{"Number":"","Street":"heritage","Suffix":"way","City":"","State":"","Zip":"01969","StreetName":"Heritage Way","Address":null,"StateName":null,"Zip4":null,"MAK":null,"AddressType":null,"RBDI":null,"Results":null,"NoSuffix":""},{"Number":"","Street":"hillside","Suffix":"st","City":"","State":"","Zip":"01969","StreetName":"Hillside St","Address":null,"StateName":null,"Zip4":null,"MAK":null,"AddressType":null,"RBDI":null,"Results":null,"NoSuffix":""},{"Number":"","Street":"homestead","Suffix":"ln","City":"","State":"","Zip":"01969","StreetName":"Homestead Ln","Address":null,"StateName":null,"Zip4":null,"MAK":null,"AddressType":null,"RBDI":null,"Results":null,"NoSuffix":""},{"Number":"","Street":"hutts","Suffix":"ln","City":"","State":"","Zip":"01969","StreetName":"Hutts Ln","Address":null,"StateName":null,"Zip4":null,"MAK":null,"AddressType":null,"RBDI":null,"Results":null,"NoSuffix":""},{"Number":"","Street":"ice pond","Suffix":"dr","City":"","State":"","Zip":"01969","StreetName":"Ice Pond Dr","Address":null,"StateName":null,"Zip4":null,"MAK":null,"AddressType":null,"RBDI":null,"Results":null,"NoSuffix":""},{"Number":"","Street":"independent","Suffix":"st","City":"","State":"","Zip":"01969","StreetName":"Independent St","Address":null,"StateName":null,"Zip4":null,"MAK":null,"AddressType":null,"RBDI":null,"Results":null,"NoSuffix":""},{"Number":"","Street":"intervale","Suffix":"cir","City":"","State":"","Zip":"01969","StreetName":"Intervale Cir","Address":null,"StateName":null,"Zip4":null,"MAK":null,"AddressType":null,"RBDI":null,"Results":null,"NoSuffix":""},{"Number":"","Street":"isabelle","Suffix":"cir","City":"","State":"","Zip":"01969","StreetName":"Isabelle Cir","Address":null,"StateName":null,"Zip4":null,"MAK":null,"AddressType":null,"RBDI":null,"Results":null,"NoSuffix":""},{"Number":"","Street":"jellison","Suffix":"rd","City":"","State":"","Zip":"01969","StreetName":"Jellison Rd","Address":null,"StateName":null,"Zip4":null,"MAK":null,"AddressType":null,"RBDI":null,"Results":null,"NoSuffix":""},{"Number":"","Street":"kathleen","Suffix":"cir","City":"","State":"","Zip":"01969","StreetName":"Kathleen Cir","Address":null,"StateName":null,"Zip4":null,"MAK":null,"AddressType":null,"RBDI":null,"Results":null,"NoSuffix":""},{"Number":"","Street":"kittery","Suffix":"ave","City":"","State":"","Zip":"01969","StreetName":"Kittery Ave","Address":null,"StateName":null,"Zip4":null,"MAK":null,"AddressType":null,"RBDI":null,"Results":null,"NoSuffix":""},{"Number":"","Street":"lawrence","Suffix":"rd","City":"","State":"","Zip":"01969","StreetName":"Lawrence Rd","Address":null,"StateName":null,"Zip4":null,"MAK":null,"AddressType":null,"RBDI":null,"Results":null,"NoSuffix":""},{"Number":"","Street":"lebel","Suffix":"way","City":"","State":"","Zip":"01969","StreetName":"Lebel Way","Address":null,"StateName":null,"Zip4":null,"MAK":null,"AddressType":null,"RBDI":null,"Results":null,"NoSuffix":""},{"Number":"","Street":"leslie","Suffix":"rd","City":"","State":"","Zip":"01969","StreetName":"Leslie Rd","Address":null,"StateName":null,"Zip4":null,"MAK":null,"AddressType":null,"RBDI":null,"Results":null,"NoSuffix":""},{"Number":"","Street":"leslie","Suffix":"ter","City":"","State":"","Zip":"01969","StreetName":"Leslie Ter","Address":null,"StateName":null,"Zip4":null,"MAK":null,"AddressType":null,"RBDI":null,"Results":null,"NoSuffix":""},{"Number":"","Street":"lessard","Suffix":"ter","City":"","State":"","Zip":"01969","StreetName":"Lessard Ter","Address":null,"StateName":null,"Zip4":null,"MAK":null,"AddressType":null,"RBDI":null,"Results":null,"NoSuffix":""},{"Number":"","Street":"long hill","Suffix":"rd","City":"","State":"","Zip":"01969","StreetName":"Long Hill Rd","Address":null,"StateName":null,"Zip4":null,"MAK":null,"AddressType":null,"RBDI":null,"Results":null,"NoSuffix":""},{"Number":"","Street":"longmeadow","Suffix":"dr","City":"","State":"","Zip":"01969","StreetName":"Longmeadow Dr","Address":null,"StateName":null,"Zip4":null,"MAK":null,"AddressType":null,"RBDI":null,"Results":null,"NoSuffix":""},{"Number":"","Street":"main","Suffix":"st","City":"","State":"","Zip":"01969","StreetName":"Main St","Address":null,"StateName":null,"Zip4":null,"MAK":null,"AddressType":null,"RBDI":null,"Results":null,"NoSuffix":""},{"Number":"","Street":"mansion","Suffix":"dr","City":"","State":"","Zip":"01969","StreetName":"Mansion Dr","Address":null,"StateName":null,"Zip4":null,"MAK":null,"AddressType":null,"RBDI":null,"Results":null,"NoSuffix":""},{"Number":"","Street":"meadows","Suffix":"ln","City":"","State":"","Zip":"01969","StreetName":"Meadows Ln","Address":null,"StateName":null,"Zip4":null,"MAK":null,"AddressType":null,"RBDI":null,"Results":null,"NoSuffix":""},{"Number":"","Street":"mehaffey","Suffix":"ln","City":"","State":"","Zip":"01969","StreetName":"Mehaffey Ln","Address":null,"StateName":null,"Zip4":null,"MAK":null,"AddressType":null,"RBDI":null,"Results":null,"NoSuffix":""},{"Number":"","Street":"merrifield","Suffix":"st","City":"","State":"","Zip":"01969","StreetName":"Merrifield St","Address":null,"StateName":null,"Zip4":null,"MAK":null,"AddressType":null,"RBDI":null,"Results":null,"NoSuffix":""},{"Number":"","Street":"merrills","Suffix":"way","City":"","State":"","Zip":"01969","StreetName":"Merrills Way","Address":null,"StateName":null,"Zip4":null,"MAK":null,"AddressType":null,"RBDI":null,"Results":null,"NoSuffix":""},{"Number":"","Street":"mill","Suffix":"rd","City":"","State":"","Zip":"01969","StreetName":"Mill Rd","Address":null,"StateName":null,"Zip4":null,"MAK":null,"AddressType":null,"RBDI":null,"Results":null,"NoSuffix":""},{"Number":"","Street":"mill river","Suffix":"ln","City":"","State":"","Zip":"01969","StreetName":"Mill River Ln","Address":null,"StateName":null,"Zip4":null,"MAK":null,"AddressType":null,"RBDI":null,"Results":null,"NoSuffix":""},{"Number":"","Street":"morphew","Suffix":"ln","City":"","State":"","Zip":"01969","StreetName":"Morphew Ln","Address":null,"StateName":null,"Zip4":null,"MAK":null,"AddressType":null,"RBDI":null,"Results":null,"NoSuffix":""},{"Number":"","Street":"newbury","Suffix":"rd","City":"","State":"","Zip":"01969","StreetName":"Newbury Rd","Address":null,"StateName":null,"Zip4":null,"MAK":null,"AddressType":null,"RBDI":null,"Results":null,"NoSuffix":""},{"Number":"","Street":"newburyport","Suffix":"tpke","City":"","State":"","Zip":"01969","StreetName":"Newburyport Tpke","Address":null,"StateName":null,"Zip4":null,"MAK":null,"AddressType":null,"RBDI":null,"Results":null,"NoSuffix":""},{"Number":"","Street":"oak ledge","Suffix":"cir","City":"","State":"","Zip":"01969","StreetName":"Oak Ledge Cir","Address":null,"StateName":null,"Zip4":null,"MAK":null,"AddressType":null,"RBDI":null,"Results":null,"NoSuffix":""},{"Number":"","Street":"ocean","Suffix":"ave","City":"","State":"","Zip":"01969","StreetName":"Ocean Ave","Address":null,"StateName":null,"Zip4":null,"MAK":null,"AddressType":null,"RBDI":null,"Results":null,"NoSuffix":""},{"Number":"","Street":"ox pasture","Suffix":"ln","City":"","State":"","Zip":"01969","StreetName":"Ox Pasture Ln","Address":null,"StateName":null,"Zip4":null,"MAK":null,"AddressType":null,"RBDI":null,"Results":null,"NoSuffix":""},{"Number":"","Street":"oyster point","Suffix":"rd","City":"","State":"","Zip":"01969","StreetName":"Oyster Point Rd","Address":null,"StateName":null,"Zip4":null,"MAK":null,"AddressType":null,"RBDI":null,"Results":null,"NoSuffix":""},{"Number":"","Street":"patmos","Suffix":"rd","City":"","State":"","Zip":"01969","StreetName":"Patmos Rd","Address":null,"StateName":null,"Zip4":null,"MAK":null,"AddressType":null,"RBDI":null,"Results":null,"NoSuffix":""},{"Number":"","Street":"perley","Suffix":"ave","City":"","State":"","Zip":"01969","StreetName":"Perley Ave","Address":null,"StateName":null,"Zip4":null,"MAK":null,"AddressType":null,"RBDI":null,"Results":null,"NoSuffix":""},{"Number":"","Street":"pingree farm","Suffix":"rd","City":"","State":"","Zip":"01969","StreetName":"Pingree Farm Rd","Address":null,"StateName":null,"Zip4":null,"MAK":null,"AddressType":null,"RBDI":null,"Results":null,"NoSuffix":""},{"Number":"","Street":"plantation","Suffix":"dr","City":"","State":"","Zip":"01969","StreetName":"Plantation Dr","Address":null,"StateName":null,"Zip4":null,"MAK":null,"AddressType":null,"RBDI":null,"Results":null,"NoSuffix":""},{"Number":"","Street":"pleasant","Suffix":"st","City":"","State":"","Zip":"01969","StreetName":"Pleasant St","Address":null,"StateName":null,"Zip4":null,"MAK":null,"AddressType":null,"RBDI":null,"Results":null,"NoSuffix":""},{"Number":"","Street":"po box","Suffix":"","City":"","State":"","Zip":"01969","StreetName":"Po Box","Address":null,"StateName":null,"Zip4":null,"MAK":null,"AddressType":null,"RBDI":null,"Results":null,"NoSuffix":"t"},{"Number":"","Street":"power house","Suffix":"ln","City":"","State":"","Zip":"01969","StreetName":"Power House Ln","Address":null,"StateName":null,"Zip4":null,"MAK":null,"AddressType":null,"RBDI":null,"Results":null,"NoSuffix":""},{"Number":"","Street":"prospect","Suffix":"st","City":"","State":"","Zip":"01969","StreetName":"Prospect St","Address":null,"StateName":null,"Zip4":null,"MAK":null,"AddressType":null,"RBDI":null,"Results":null,"NoSuffix":""},{"Number":"","Street":"railroad","Suffix":"ave","City":"","State":"","Zip":"01969","StreetName":"Railroad Ave","Address":null,"StateName":null,"Zip4":null,"MAK":null,"AddressType":null,"RBDI":null,"Results":null,"NoSuffix":""},{"Number":"","Street":"red gate","Suffix":"rd","City":"","State":"","Zip":"01969","StreetName":"Red Gate Rd","Address":null,"StateName":null,"Zip4":null,"MAK":null,"AddressType":null,"RBDI":null,"Results":null,"NoSuffix":""},{"Number":"","Street":"red pine","Suffix":"way","City":"","State":"","Zip":"01969","StreetName":"Red Pine Way","Address":null,"StateName":null,"Zip4":null,"MAK":null,"AddressType":null,"RBDI":null,"Results":null,"NoSuffix":""},{"Number":"","Street":"rivers edge","Suffix":"dr","City":"","State":"","Zip":"01969","StreetName":"Rivers Edge Dr","Address":null,"StateName":null,"Zip4":null,"MAK":null,"AddressType":null,"RBDI":null,"Results":null,"NoSuffix":""},{"Number":"","Street":"rocky","Suffix":"ln","City":"","State":"","Zip":"01969","StreetName":"Rocky Ln","Address":null,"StateName":null,"Zip4":null,"MAK":null,"AddressType":null,"RBDI":null,"Results":null,"NoSuffix":""},{"Number":"","Street":"rogers","Suffix":"way","City":"","State":"","Zip":"01969","StreetName":"Rogers Way","Address":null,"StateName":null,"Zip4":null,"MAK":null,"AddressType":null,"RBDI":null,"Results":null,"NoSuffix":""},{"Number":"","Street":"rowley country club","Suffix":"rd","City":"","State":"","Zip":"01969","StreetName":"Rowley Country Club Rd","Address":null,"StateName":null,"Zip4":null,"MAK":null,"AddressType":null,"RBDI":null,"Results":null,"NoSuffix":""},{"Number":"","Street":"saunders","Suffix":"ln","City":"","State":"","Zip":"01969","StreetName":"Saunders Ln","Address":null,"StateName":null,"Zip4":null,"MAK":null,"AddressType":null,"RBDI":null,"Results":null,"NoSuffix":""},{"Number":"","Street":"school","Suffix":"st","City":"","State":"","Zip":"01969","StreetName":"School St","Address":null,"StateName":null,"Zip4":null,"MAK":null,"AddressType":null,"RBDI":null,"Results":null,"NoSuffix":""},{"Number":"","Street":"school house","Suffix":"ln","City":"","State":"","Zip":"01969","StreetName":"School House Ln","Address":null,"StateName":null,"Zip4":null,"MAK":null,"AddressType":null,"RBDI":null,"Results":null,"NoSuffix":""},{"Number":"","Street":"scottfield","Suffix":"st","City":"","State":"","Zip":"01969","StreetName":"Scottfield St","Address":null,"StateName":null,"Zip4":null,"MAK":null,"AddressType":null,"RBDI":null,"Results":null,"NoSuffix":""},{"Number":"","Street":"spencer knowles","Suffix":"rd","City":"","State":"","Zip":"01969","StreetName":"Spencer Knowles Rd","Address":null,"StateName":null,"Zip4":null,"MAK":null,"AddressType":null,"RBDI":null,"Results":null,"NoSuffix":""},{"Number":"","Street":"stackyard","Suffix":"rd","City":"","State":"","Zip":"01969","StreetName":"Stackyard Rd","Address":null,"StateName":null,"Zip4":null,"MAK":null,"AddressType":null,"RBDI":null,"Results":null,"NoSuffix":""},{"Number":"","Street":"stoney brook","Suffix":"rd","City":"","State":"","Zip":"01969","StreetName":"Stoney Brook Rd","Address":null,"StateName":null,"Zip4":null,"MAK":null,"AddressType":null,"RBDI":null,"Results":null,"NoSuffix":""},{"Number":"","Street":"summer","Suffix":"st","City":"","State":"","Zip":"01969","StreetName":"Summer St","Address":null,"StateName":null,"Zip4":null,"MAK":null,"AddressType":null,"RBDI":null,"Results":null,"NoSuffix":""},{"Number":"","Street":"tenney","Suffix":"rd","City":"","State":"","Zip":"01969","StreetName":"Tenney Rd","Address":null,"StateName":null,"Zip4":null,"MAK":null,"AddressType":null,"RBDI":null,"Results":null,"NoSuffix":""},{"Number":"","Street":"trowbridge","Suffix":"cir","City":"","State":"","Zip":"01969","StreetName":"Trowbridge Cir","Address":null,"StateName":null,"Zip4":null,"MAK":null,"AddressType":null,"RBDI":null,"Results":null,"NoSuffix":""},{"Number":"","Street":"turcotte memorial","Suffix":"dr","City":"","State":"","Zip":"01969","StreetName":"Turcotte Memorial Dr","Address":null,"StateName":null,"Zip4":null,"MAK":null,"AddressType":null,"RBDI":null,"Results":null,"NoSuffix":""},{"Number":"","Street":"twin hills farm","Suffix":"rd","City":"","State":"","Zip":"01969","StreetName":"Twin Hills Farm Rd","Address":null,"StateName":null,"Zip4":null,"MAK":null,"AddressType":null,"RBDI":null,"Results":null,"NoSuffix":""},{"Number":"","Street":"vincent","Suffix":"cir","City":"","State":"","Zip":"01969","StreetName":"Vincent Cir","Address":null,"StateName":null,"Zip4":null,"MAK":null,"AddressType":null,"RBDI":null,"Results":null,"NoSuffix":""},{"Number":"","Street":"vineyard","Suffix":"hvn","City":"","State":"","Zip":"01969","StreetName":"Vineyard Hvn","Address":null,"StateName":null,"Zip4":null,"MAK":null,"AddressType":null,"RBDI":null,"Results":null,"NoSuffix":""},{"Number":"","Street":"vinton","Suffix":"ln","City":"","State":"","Zip":"01969","StreetName":"Vinton Ln","Address":null,"StateName":null,"Zip4":null,"MAK":null,"AddressType":null,"RBDI":null,"Results":null,"NoSuffix":""},{"Number":"","Street":"vito","Suffix":"ct","City":"","State":"","Zip":"01969","StreetName":"Vito Ct","Address":null,"StateName":null,"Zip4":null,"MAK":null,"AddressType":null,"RBDI":null,"Results":null,"NoSuffix":""},{"Number":"","Street":"walnut","Suffix":"dr","City":"","State":"","Zip":"01969","StreetName":"Walnut Dr","Address":null,"StateName":null,"Zip4":null,"MAK":null,"AddressType":null,"RBDI":null,"Results":null,"NoSuffix":""},{"Number":"","Street":"warehouse","Suffix":"ln","City":"","State":"","Zip":"01969","StreetName":"Warehouse Ln","Address":null,"StateName":null,"Zip4":null,"MAK":null,"AddressType":null,"RBDI":null,"Results":null,"NoSuffix":""},{"Number":"","Street":"weldon farm","Suffix":"rd","City":"","State":"","Zip":"01969","StreetName":"Weldon Farm Rd","Address":null,"StateName":null,"Zip4":null,"MAK":null,"AddressType":null,"RBDI":null,"Results":null,"NoSuffix":""},{"Number":"","Street":"wethersfield","Suffix":"st","City":"","State":"","Zip":"01969","StreetName":"Wethersfield St","Address":null,"StateName":null,"Zip4":null,"MAK":null,"AddressType":null,"RBDI":null,"Results":null,"NoSuffix":""},{"Number":"","Street":"wild pasture","Suffix":"ln","City":"","State":"","Zip":"01969","StreetName":"Wild Pasture Ln","Address":null,"StateName":null,"Zip4":null,"MAK":null,"AddressType":null,"RBDI":null,"Results":null,"NoSuffix":""},{"Number":"","Street":"wilkes","Suffix":"rd","City":"","State":"","Zip":"01969","StreetName":"Wilkes Rd","Address":null,"StateName":null,"Zip4":null,"MAK":null,"AddressType":null,"RBDI":null,"Results":null,"NoSuffix":""},{"Number":"","Street":"wilson pond","Suffix":"ln","City":"","State":"","Zip":"01969","StreetName":"Wilson Pond Ln","Address":null,"StateName":null,"Zip4":null,"MAK":null,"AddressType":null,"RBDI":null,"Results":null,"NoSuffix":""}]