[{"Number":"","Street":"2nd","Suffix":"st","City":"","State":"","Zip":"01230","StreetName":"2Nd St","Address":null,"StateName":null,"Zip4":null,"MAK":null,"AddressType":null,"RBDI":null,"Results":null,"NoSuffix":""},{"Number":"","Street":"abbey hill","Suffix":"dr","City":"","State":"","Zip":"01230","StreetName":"Abbey Hill Dr","Address":null,"StateName":null,"Zip4":null,"MAK":null,"AddressType":null,"RBDI":null,"Results":null,"NoSuffix":""},{"Number":"","Street":"aberdeen","Suffix":"ln","City":"","State":"","Zip":"01230","StreetName":"Aberdeen Ln","Address":null,"StateName":null,"Zip4":null,"MAK":null,"AddressType":null,"RBDI":null,"Results":null,"NoSuffix":""},{"Number":"","Street":"aberdeen","Suffix":"rd","City":"","State":"","Zip":"01230","StreetName":"Aberdeen Rd","Address":null,"StateName":null,"Zip4":null,"MAK":null,"AddressType":null,"RBDI":null,"Results":null,"NoSuffix":""},{"Number":"","Street":"adsit crosby","Suffix":"rd","City":"","State":"","Zip":"01230","StreetName":"Adsit Crosby Rd","Address":null,"StateName":null,"Zip4":null,"MAK":null,"AddressType":null,"RBDI":null,"Results":null,"NoSuffix":""},{"Number":"","Street":"alcott","Suffix":"rd","City":"","State":"","Zip":"01230","StreetName":"Alcott Rd","Address":null,"StateName":null,"Zip4":null,"MAK":null,"AddressType":null,"RBDI":null,"Results":null,"NoSuffix":""},{"Number":"","Street":"alford","Suffix":"rd","City":"","State":"","Zip":"01230","StreetName":"Alford Rd","Address":null,"StateName":null,"Zip4":null,"MAK":null,"AddressType":null,"RBDI":null,"Results":null,"NoSuffix":""},{"Number":"","Street":"alford center","Suffix":"rd","City":"","State":"","Zip":"01230","StreetName":"Alford Center Rd","Address":null,"StateName":null,"Zip4":null,"MAK":null,"AddressType":null,"RBDI":null,"Results":null,"NoSuffix":""},{"Number":"","Street":"alum hill","Suffix":"rd","City":"","State":"","Zip":"01230","StreetName":"Alum Hill Rd","Address":null,"StateName":null,"Zip4":null,"MAK":null,"AddressType":null,"RBDI":null,"Results":null,"NoSuffix":""},{"Number":"","Street":"anderson","Suffix":"st","City":"","State":"","Zip":"01230","StreetName":"Anderson St","Address":null,"StateName":null,"Zip4":null,"MAK":null,"AddressType":null,"RBDI":null,"Results":null,"NoSuffix":""},{"Number":"","Street":"arroyo","Suffix":"way","City":"","State":"","Zip":"01230","StreetName":"Arroyo Way","Address":null,"StateName":null,"Zip4":null,"MAK":null,"AddressType":null,"RBDI":null,"Results":null,"NoSuffix":""},{"Number":"","Street":"avenue","Suffix":"","City":"","State":"","Zip":"01230","StreetName":"Avenue","Address":null,"StateName":null,"Zip4":null,"MAK":null,"AddressType":null,"RBDI":null,"Results":null,"NoSuffix":"t"},{"Number":"","Street":"avery","Suffix":"ln","City":"","State":"","Zip":"01230","StreetName":"Avery Ln","Address":null,"StateName":null,"Zip4":null,"MAK":null,"AddressType":null,"RBDI":null,"Results":null,"NoSuffix":""},{"Number":"","Street":"baldwin hill","Suffix":"rd","City":"","State":"","Zip":"01230","StreetName":"Baldwin Hill Rd","Address":null,"StateName":null,"Zip4":null,"MAK":null,"AddressType":null,"RBDI":null,"Results":null,"NoSuffix":""},{"Number":"","Street":"barrington","Suffix":"pl","City":"","State":"","Zip":"01230","StreetName":"Barrington Pl","Address":null,"StateName":null,"Zip4":null,"MAK":null,"AddressType":null,"RBDI":null,"Results":null,"NoSuffix":""},{"Number":"","Street":"beacon","Suffix":"hl","City":"","State":"","Zip":"01230","StreetName":"Beacon Hl","Address":null,"StateName":null,"Zip4":null,"MAK":null,"AddressType":null,"RBDI":null,"Results":null,"NoSuffix":""},{"Number":"","Street":"bentley","Suffix":"ave","City":"","State":"","Zip":"01230","StreetName":"Bentley Ave","Address":null,"StateName":null,"Zip4":null,"MAK":null,"AddressType":null,"RBDI":null,"Results":null,"NoSuffix":""},{"Number":"","Street":"benton","Suffix":"ave","City":"","State":"","Zip":"01230","StreetName":"Benton Ave","Address":null,"StateName":null,"Zip4":null,"MAK":null,"AddressType":null,"RBDI":null,"Results":null,"NoSuffix":""},{"Number":"","Street":"berkshire","Suffix":"cir","City":"","State":"","Zip":"01230","StreetName":"Berkshire Cir","Address":null,"StateName":null,"Zip4":null,"MAK":null,"AddressType":null,"RBDI":null,"Results":null,"NoSuffix":""},{"Number":"","Street":"berkshire heights","Suffix":"rd","City":"","State":"","Zip":"01230","StreetName":"Berkshire Heights Rd","Address":null,"StateName":null,"Zip4":null,"MAK":null,"AddressType":null,"RBDI":null,"Results":null,"NoSuffix":""},{"Number":"","Street":"bernard gibbons","Suffix":"dr","City":"","State":"","Zip":"01230","StreetName":"Bernard Gibbons Dr","Address":null,"StateName":null,"Zip4":null,"MAK":null,"AddressType":null,"RBDI":null,"Results":null,"NoSuffix":""},{"Number":"","Street":"blue hill","Suffix":"ln","City":"","State":"","Zip":"01230","StreetName":"Blue Hill Ln","Address":null,"StateName":null,"Zip4":null,"MAK":null,"AddressType":null,"RBDI":null,"Results":null,"NoSuffix":""},{"Number":"","Street":"blue hill","Suffix":"rd","City":"","State":"","Zip":"01230","StreetName":"Blue Hill Rd","Address":null,"StateName":null,"Zip4":null,"MAK":null,"AddressType":null,"RBDI":null,"Results":null,"NoSuffix":""},{"Number":"","Street":"blunt","Suffix":"rd","City":"","State":"","Zip":"01230","StreetName":"Blunt Rd","Address":null,"StateName":null,"Zip4":null,"MAK":null,"AddressType":null,"RBDI":null,"Results":null,"NoSuffix":""},{"Number":"","Street":"bock","Suffix":"way","City":"","State":"","Zip":"01230","StreetName":"Bock Way","Address":null,"StateName":null,"Zip4":null,"MAK":null,"AddressType":null,"RBDI":null,"Results":null,"NoSuffix":""},{"Number":"","Street":"boice","Suffix":"rd","City":"","State":"","Zip":"01230","StreetName":"Boice Rd","Address":null,"StateName":null,"Zip4":null,"MAK":null,"AddressType":null,"RBDI":null,"Results":null,"NoSuffix":""},{"Number":"","Street":"bott hill","Suffix":"rd","City":"","State":"","Zip":"01230","StreetName":"Bott Hill Rd","Address":null,"StateName":null,"Zip4":null,"MAK":null,"AddressType":null,"RBDI":null,"Results":null,"NoSuffix":""},{"Number":"","Street":"boulder rock","Suffix":"rd","City":"","State":"","Zip":"01230","StreetName":"Boulder Rock Rd","Address":null,"StateName":null,"Zip4":null,"MAK":null,"AddressType":null,"RBDI":null,"Results":null,"NoSuffix":""},{"Number":"","Street":"bow wow","Suffix":"rd","City":"","State":"","Zip":"01230","StreetName":"Bow Wow Rd","Address":null,"StateName":null,"Zip4":null,"MAK":null,"AddressType":null,"RBDI":null,"Results":null,"NoSuffix":""},{"Number":"","Street":"brainard","Suffix":"ave","City":"","State":"","Zip":"01230","StreetName":"Brainard Ave","Address":null,"StateName":null,"Zip4":null,"MAK":null,"AddressType":null,"RBDI":null,"Results":null,"NoSuffix":""},{"Number":"","Street":"branch","Suffix":"rd","City":"","State":"","Zip":"01230","StreetName":"Branch Rd","Address":null,"StateName":null,"Zip4":null,"MAK":null,"AddressType":null,"RBDI":null,"Results":null,"NoSuffix":""},{"Number":"","Street":"brewer branch","Suffix":"rd","City":"","State":"","Zip":"01230","StreetName":"Brewer Branch Rd","Address":null,"StateName":null,"Zip4":null,"MAK":null,"AddressType":null,"RBDI":null,"Results":null,"NoSuffix":""},{"Number":"","Street":"brewer hill","Suffix":"rd","City":"","State":"","Zip":"01230","StreetName":"Brewer Hill Rd","Address":null,"StateName":null,"Zip4":null,"MAK":null,"AddressType":null,"RBDI":null,"Results":null,"NoSuffix":""},{"Number":"","Street":"bridge","Suffix":"st","City":"","State":"","Zip":"01230","StreetName":"Bridge St","Address":null,"StateName":null,"Zip4":null,"MAK":null,"AddressType":null,"RBDI":null,"Results":null,"NoSuffix":""},{"Number":"","Street":"bridlepath","Suffix":"ln","City":"","State":"","Zip":"01230","StreetName":"Bridlepath Ln","Address":null,"StateName":null,"Zip4":null,"MAK":null,"AddressType":null,"RBDI":null,"Results":null,"NoSuffix":""},{"Number":"","Street":"brook","Suffix":"ln","City":"","State":"","Zip":"01230","StreetName":"Brook Ln","Address":null,"StateName":null,"Zip4":null,"MAK":null,"AddressType":null,"RBDI":null,"Results":null,"NoSuffix":""},{"Number":"","Street":"brookside","Suffix":"rd","City":"","State":"","Zip":"01230","StreetName":"Brookside Rd","Address":null,"StateName":null,"Zip4":null,"MAK":null,"AddressType":null,"RBDI":null,"Results":null,"NoSuffix":""},{"Number":"","Street":"brookvale","Suffix":"rd","City":"","State":"","Zip":"01230","StreetName":"Brookvale Rd","Address":null,"StateName":null,"Zip4":null,"MAK":null,"AddressType":null,"RBDI":null,"Results":null,"NoSuffix":""},{"Number":"","Street":"brush hill","Suffix":"rd","City":"","State":"","Zip":"01230","StreetName":"Brush Hill Rd","Address":null,"StateName":null,"Zip4":null,"MAK":null,"AddressType":null,"RBDI":null,"Results":null,"NoSuffix":""},{"Number":"","Street":"bryant","Suffix":"ct","City":"","State":"","Zip":"01230","StreetName":"Bryant Ct","Address":null,"StateName":null,"Zip4":null,"MAK":null,"AddressType":null,"RBDI":null,"Results":null,"NoSuffix":""},{"Number":"","Street":"burning tree","Suffix":"rd","City":"","State":"","Zip":"01230","StreetName":"Burning Tree Rd","Address":null,"StateName":null,"Zip4":null,"MAK":null,"AddressType":null,"RBDI":null,"Results":null,"NoSuffix":""},{"Number":"","Street":"butternut","Suffix":"dr","City":"","State":"","Zip":"01230","StreetName":"Butternut Dr","Address":null,"StateName":null,"Zip4":null,"MAK":null,"AddressType":null,"RBDI":null,"Results":null,"NoSuffix":""},{"Number":"","Street":"butternut","Suffix":"ln","City":"","State":"","Zip":"01230","StreetName":"Butternut Ln","Address":null,"StateName":null,"Zip4":null,"MAK":null,"AddressType":null,"RBDI":null,"Results":null,"NoSuffix":""},{"Number":"","Street":"button down","Suffix":"ln","City":"","State":"","Zip":"01230","StreetName":"Button Down Ln","Address":null,"StateName":null,"Zip4":null,"MAK":null,"AddressType":null,"RBDI":null,"Results":null,"NoSuffix":""},{"Number":"","Street":"buttonball","Suffix":"ln","City":"","State":"","Zip":"01230","StreetName":"Buttonball Ln","Address":null,"StateName":null,"Zip4":null,"MAK":null,"AddressType":null,"RBDI":null,"Results":null,"NoSuffix":""},{"Number":"","Street":"cagney hill","Suffix":"rd","City":"","State":"","Zip":"01230","StreetName":"Cagney Hill Rd","Address":null,"StateName":null,"Zip4":null,"MAK":null,"AddressType":null,"RBDI":null,"Results":null,"NoSuffix":""},{"Number":"","Street":"calkins cross","Suffix":"rd","City":"","State":"","Zip":"01230","StreetName":"Calkins Cross Rd","Address":null,"StateName":null,"Zip4":null,"MAK":null,"AddressType":null,"RBDI":null,"Results":null,"NoSuffix":""},{"Number":"","Street":"camp half moon","Suffix":"rd","City":"","State":"","Zip":"01230","StreetName":"Camp Half Moon Rd","Address":null,"StateName":null,"Zip4":null,"MAK":null,"AddressType":null,"RBDI":null,"Results":null,"NoSuffix":""},{"Number":"","Street":"campbell falls","Suffix":"rd","City":"","State":"","Zip":"01230","StreetName":"Campbell Falls Rd","Address":null,"StateName":null,"Zip4":null,"MAK":null,"AddressType":null,"RBDI":null,"Results":null,"NoSuffix":""},{"Number":"","Street":"canaan southfield","Suffix":"rd","City":"","State":"","Zip":"01230","StreetName":"Canaan Southfield Rd","Address":null,"StateName":null,"Zip4":null,"MAK":null,"AddressType":null,"RBDI":null,"Results":null,"NoSuffix":""},{"Number":"","Street":"canaan valley","Suffix":"rd","City":"","State":"","Zip":"01230","StreetName":"Canaan Valley Rd","Address":null,"StateName":null,"Zip4":null,"MAK":null,"AddressType":null,"RBDI":null,"Results":null,"NoSuffix":""},{"Number":"","Street":"castle","Suffix":"ln","City":"","State":"","Zip":"01230","StreetName":"Castle Ln","Address":null,"StateName":null,"Zip4":null,"MAK":null,"AddressType":null,"RBDI":null,"Results":null,"NoSuffix":""},{"Number":"","Street":"castle","Suffix":"st","City":"","State":"","Zip":"01230","StreetName":"Castle St","Address":null,"StateName":null,"Zip4":null,"MAK":null,"AddressType":null,"RBDI":null,"Results":null,"NoSuffix":""},{"Number":"","Street":"castle hill","Suffix":"ave","City":"","State":"","Zip":"01230","StreetName":"Castle Hill Ave","Address":null,"StateName":null,"Zip4":null,"MAK":null,"AddressType":null,"RBDI":null,"Results":null,"NoSuffix":""},{"Number":"","Street":"caulkins","Suffix":"rd","City":"","State":"","Zip":"01230","StreetName":"Caulkins Rd","Address":null,"StateName":null,"Zip4":null,"MAK":null,"AddressType":null,"RBDI":null,"Results":null,"NoSuffix":""},{"Number":"","Street":"chestnut ridge","Suffix":"rd","City":"","State":"","Zip":"01230","StreetName":"Chestnut Ridge Rd","Address":null,"StateName":null,"Zip4":null,"MAK":null,"AddressType":null,"RBDI":null,"Results":null,"NoSuffix":""},{"Number":"","Street":"christian hill","Suffix":"rd","City":"","State":"","Zip":"01230","StreetName":"Christian Hill Rd","Address":null,"StateName":null,"Zip4":null,"MAK":null,"AddressType":null,"RBDI":null,"Results":null,"NoSuffix":""},{"Number":"","Street":"church","Suffix":"rd","City":"","State":"","Zip":"01230","StreetName":"Church Rd","Address":null,"StateName":null,"Zip4":null,"MAK":null,"AddressType":null,"RBDI":null,"Results":null,"NoSuffix":""},{"Number":"","Street":"church","Suffix":"st","City":"","State":"","Zip":"01230","StreetName":"Church St","Address":null,"StateName":null,"Zip4":null,"MAK":null,"AddressType":null,"RBDI":null,"Results":null,"NoSuffix":""},{"Number":"","Street":"clayton mill river","Suffix":"rd","City":"","State":"","Zip":"01230","StreetName":"Clayton Mill River Rd","Address":null,"StateName":null,"Zip4":null,"MAK":null,"AddressType":null,"RBDI":null,"Results":null,"NoSuffix":""},{"Number":"","Street":"commonwealth","Suffix":"ave","City":"","State":"","Zip":"01230","StreetName":"Commonwealth Ave","Address":null,"StateName":null,"Zip4":null,"MAK":null,"AddressType":null,"RBDI":null,"Results":null,"NoSuffix":""},{"Number":"","Street":"comstock","Suffix":"ln","City":"","State":"","Zip":"01230","StreetName":"Comstock Ln","Address":null,"StateName":null,"Zip4":null,"MAK":null,"AddressType":null,"RBDI":null,"Results":null,"NoSuffix":""},{"Number":"","Street":"cone","Suffix":"ave","City":"","State":"","Zip":"01230","StreetName":"Cone Ave","Address":null,"StateName":null,"Zip4":null,"MAK":null,"AddressType":null,"RBDI":null,"Results":null,"NoSuffix":""},{"Number":"","Street":"cooper","Suffix":"rd","City":"","State":"","Zip":"01230","StreetName":"Cooper Rd","Address":null,"StateName":null,"Zip4":null,"MAK":null,"AddressType":null,"RBDI":null,"Results":null,"NoSuffix":""},{"Number":"","Street":"copper beech","Suffix":"ln","City":"","State":"","Zip":"01230","StreetName":"Copper Beech Ln","Address":null,"StateName":null,"Zip4":null,"MAK":null,"AddressType":null,"RBDI":null,"Results":null,"NoSuffix":""},{"Number":"","Street":"corashire","Suffix":"rd","City":"","State":"","Zip":"01230","StreetName":"Corashire Rd","Address":null,"StateName":null,"Zip4":null,"MAK":null,"AddressType":null,"RBDI":null,"Results":null,"NoSuffix":""},{"Number":"","Street":"cornwall","Suffix":"dr","City":"","State":"","Zip":"01230","StreetName":"Cornwall Dr","Address":null,"StateName":null,"Zip4":null,"MAK":null,"AddressType":null,"RBDI":null,"Results":null,"NoSuffix":""},{"Number":"","Street":"corser hill","Suffix":"rd","City":"","State":"","Zip":"01230","StreetName":"Corser Hill Rd","Address":null,"StateName":null,"Zip4":null,"MAK":null,"AddressType":null,"RBDI":null,"Results":null,"NoSuffix":""},{"Number":"","Street":"cottage","Suffix":"ct","City":"","State":"","Zip":"01230","StreetName":"Cottage Ct","Address":null,"StateName":null,"Zip4":null,"MAK":null,"AddressType":null,"RBDI":null,"Results":null,"NoSuffix":""},{"Number":"","Street":"cottage","Suffix":"st","City":"","State":"","Zip":"01230","StreetName":"Cottage St","Address":null,"StateName":null,"Zip4":null,"MAK":null,"AddressType":null,"RBDI":null,"Results":null,"NoSuffix":""},{"Number":"","Street":"county","Suffix":"rd","City":"","State":"","Zip":"01230","StreetName":"County Rd","Address":null,"StateName":null,"Zip4":null,"MAK":null,"AddressType":null,"RBDI":null,"Results":null,"NoSuffix":""},{"Number":"","Street":"cove","Suffix":"rd","City":"","State":"","Zip":"01230","StreetName":"Cove Rd","Address":null,"StateName":null,"Zip4":null,"MAK":null,"AddressType":null,"RBDI":null,"Results":null,"NoSuffix":""},{"Number":"","Street":"creamery","Suffix":"rd","City":"","State":"","Zip":"01230","StreetName":"Creamery Rd","Address":null,"StateName":null,"Zip4":null,"MAK":null,"AddressType":null,"RBDI":null,"Results":null,"NoSuffix":""},{"Number":"","Street":"crimson","Suffix":"ln","City":"","State":"","Zip":"01230","StreetName":"Crimson Ln","Address":null,"StateName":null,"Zip4":null,"MAK":null,"AddressType":null,"RBDI":null,"Results":null,"NoSuffix":""},{"Number":"","Street":"crissey","Suffix":"rd","City":"","State":"","Zip":"01230","StreetName":"Crissey Rd","Address":null,"StateName":null,"Zip4":null,"MAK":null,"AddressType":null,"RBDI":null,"Results":null,"NoSuffix":""},{"Number":"","Street":"crooked hill","Suffix":"rd","City":"","State":"","Zip":"01230","StreetName":"Crooked Hill Rd","Address":null,"StateName":null,"Zip4":null,"MAK":null,"AddressType":null,"RBDI":null,"Results":null,"NoSuffix":""},{"Number":"","Street":"crosby","Suffix":"st","City":"","State":"","Zip":"01230","StreetName":"Crosby St","Address":null,"StateName":null,"Zip4":null,"MAK":null,"AddressType":null,"RBDI":null,"Results":null,"NoSuffix":""},{"Number":"","Street":"cross","Suffix":"rd","City":"","State":"","Zip":"01230","StreetName":"Cross Rd","Address":null,"StateName":null,"Zip4":null,"MAK":null,"AddressType":null,"RBDI":null,"Results":null,"NoSuffix":""},{"Number":"","Street":"cross road to canaan","Suffix":"vly","City":"","State":"","Zip":"01230","StreetName":"Cross Road To Canaan Vly","Address":null,"StateName":null,"Zip4":null,"MAK":null,"AddressType":null,"RBDI":null,"Results":null,"NoSuffix":""},{"Number":"","Street":"cypress","Suffix":"st","City":"","State":"","Zip":"01230","StreetName":"Cypress St","Address":null,"StateName":null,"Zip4":null,"MAK":null,"AddressType":null,"RBDI":null,"Results":null,"NoSuffix":""},{"Number":"","Street":"daemi","Suffix":"ln","City":"","State":"","Zip":"01230","StreetName":"Daemi Ln","Address":null,"StateName":null,"Zip4":null,"MAK":null,"AddressType":null,"RBDI":null,"Results":null,"NoSuffix":""},{"Number":"","Street":"deer","Suffix":"trl","City":"","State":"","Zip":"01230","StreetName":"Deer Trl","Address":null,"StateName":null,"Zip4":null,"MAK":null,"AddressType":null,"RBDI":null,"Results":null,"NoSuffix":""},{"Number":"","Street":"deerwood park","Suffix":"rd","City":"","State":"","Zip":"01230","StreetName":"Deerwood Park Rd","Address":null,"StateName":null,"Zip4":null,"MAK":null,"AddressType":null,"RBDI":null,"Results":null,"NoSuffix":""},{"Number":"","Street":"dehon","Suffix":"rd","City":"","State":"","Zip":"01230","StreetName":"Dehon Rd","Address":null,"StateName":null,"Zip4":null,"MAK":null,"AddressType":null,"RBDI":null,"Results":null,"NoSuffix":""},{"Number":"","Street":"depot","Suffix":"st","City":"","State":"","Zip":"01230","StreetName":"Depot St","Address":null,"StateName":null,"Zip4":null,"MAK":null,"AddressType":null,"RBDI":null,"Results":null,"NoSuffix":""},{"Number":"","Street":"division","Suffix":"st","City":"","State":"","Zip":"01230","StreetName":"Division St","Address":null,"StateName":null,"Zip4":null,"MAK":null,"AddressType":null,"RBDI":null,"Results":null,"NoSuffix":""},{"Number":"","Street":"dogwood","Suffix":"ter","City":"","State":"","Zip":"01230","StreetName":"Dogwood Ter","Address":null,"StateName":null,"Zip4":null,"MAK":null,"AddressType":null,"RBDI":null,"Results":null,"NoSuffix":""},{"Number":"","Street":"downs","Suffix":"rd","City":"","State":"","Zip":"01230","StreetName":"Downs Rd","Address":null,"StateName":null,"Zip4":null,"MAK":null,"AddressType":null,"RBDI":null,"Results":null,"NoSuffix":""},{"Number":"","Street":"dresser","Suffix":"ave","City":"","State":"","Zip":"01230","StreetName":"Dresser Ave","Address":null,"StateName":null,"Zip4":null,"MAK":null,"AddressType":null,"RBDI":null,"Results":null,"NoSuffix":""},{"Number":"","Street":"east","Suffix":"rd","City":"","State":"","Zip":"01230","StreetName":"East Rd","Address":null,"StateName":null,"Zip4":null,"MAK":null,"AddressType":null,"RBDI":null,"Results":null,"NoSuffix":""},{"Number":"","Street":"east","Suffix":"st","City":"","State":"","Zip":"01230","StreetName":"East St","Address":null,"StateName":null,"Zip4":null,"MAK":null,"AddressType":null,"RBDI":null,"Results":null,"NoSuffix":""},{"Number":"","Street":"egremont","Suffix":"hts","City":"","State":"","Zip":"01230","StreetName":"Egremont Hts","Address":null,"StateName":null,"Zip4":null,"MAK":null,"AddressType":null,"RBDI":null,"Results":null,"NoSuffix":""},{"Number":"","Street":"egremont","Suffix":"rd","City":"","State":"","Zip":"01230","StreetName":"Egremont Rd","Address":null,"StateName":null,"Zip4":null,"MAK":null,"AddressType":null,"RBDI":null,"Results":null,"NoSuffix":""},{"Number":"","Street":"egremont plain","Suffix":"rd","City":"","State":"","Zip":"01230","StreetName":"Egremont Plain Rd","Address":null,"StateName":null,"Zip4":null,"MAK":null,"AddressType":null,"RBDI":null,"Results":null,"NoSuffix":""},{"Number":"","Street":"elm","Suffix":"ct","City":"","State":"","Zip":"01230","StreetName":"Elm Ct","Address":null,"StateName":null,"Zip4":null,"MAK":null,"AddressType":null,"RBDI":null,"Results":null,"NoSuffix":""},{"Number":"","Street":"elm","Suffix":"st","City":"","State":"","Zip":"01230","StreetName":"Elm St","Address":null,"StateName":null,"Zip4":null,"MAK":null,"AddressType":null,"RBDI":null,"Results":null,"NoSuffix":""},{"Number":"","Street":"emily","Suffix":"ct","City":"","State":"","Zip":"01230","StreetName":"Emily Ct","Address":null,"StateName":null,"Zip4":null,"MAK":null,"AddressType":null,"RBDI":null,"Results":null,"NoSuffix":""},{"Number":"","Street":"everett","Suffix":"st","City":"","State":"","Zip":"01230","StreetName":"Everett St","Address":null,"StateName":null,"Zip4":null,"MAK":null,"AddressType":null,"RBDI":null,"Results":null,"NoSuffix":""},{"Number":"","Street":"fairview","Suffix":"ter","City":"","State":"","Zip":"01230","StreetName":"Fairview Ter","Address":null,"StateName":null,"Zip4":null,"MAK":null,"AddressType":null,"RBDI":null,"Results":null,"NoSuffix":""},{"Number":"","Street":"farm","Suffix":"ln","City":"","State":"","Zip":"01230","StreetName":"Farm Ln","Address":null,"StateName":null,"Zip4":null,"MAK":null,"AddressType":null,"RBDI":null,"Results":null,"NoSuffix":""},{"Number":"","Street":"fern","Suffix":"hl","City":"","State":"","Zip":"01230","StreetName":"Fern Hl","Address":null,"StateName":null,"Zip4":null,"MAK":null,"AddressType":null,"RBDI":null,"Results":null,"NoSuffix":""},{"Number":"","Street":"fiddlehead","Suffix":"trl","City":"","State":"","Zip":"01230","StreetName":"Fiddlehead Trl","Address":null,"StateName":null,"Zip4":null,"MAK":null,"AddressType":null,"RBDI":null,"Results":null,"NoSuffix":""},{"Number":"","Street":"fisher","Suffix":"ln","City":"","State":"","Zip":"01230","StreetName":"Fisher Ln","Address":null,"StateName":null,"Zip4":null,"MAK":null,"AddressType":null,"RBDI":null,"Results":null,"NoSuffix":""},{"Number":"","Street":"foley hill","Suffix":"rd","City":"","State":"","Zip":"01230","StreetName":"Foley Hill Rd","Address":null,"StateName":null,"Zip4":null,"MAK":null,"AddressType":null,"RBDI":null,"Results":null,"NoSuffix":""},{"Number":"","Street":"forest","Suffix":"row","City":"","State":"","Zip":"01230","StreetName":"Forest Row","Address":null,"StateName":null,"Zip4":null,"MAK":null,"AddressType":null,"RBDI":null,"Results":null,"NoSuffix":""},{"Number":"","Street":"francis","Suffix":"ave","City":"","State":"","Zip":"01230","StreetName":"Francis Ave","Address":null,"StateName":null,"Zip4":null,"MAK":null,"AddressType":null,"RBDI":null,"Results":null,"NoSuffix":""},{"Number":"","Street":"front","Suffix":"st","City":"","State":"","Zip":"01230","StreetName":"Front St","Address":null,"StateName":null,"Zip4":null,"MAK":null,"AddressType":null,"RBDI":null,"Results":null,"NoSuffix":""},{"Number":"","Street":"gashouse","Suffix":"ln","City":"","State":"","Zip":"01230","StreetName":"Gashouse Ln","Address":null,"StateName":null,"Zip4":null,"MAK":null,"AddressType":null,"RBDI":null,"Results":null,"NoSuffix":""},{"Number":"","Street":"general knox","Suffix":"ln","City":"","State":"","Zip":"01230","StreetName":"General Knox Ln","Address":null,"StateName":null,"Zip4":null,"MAK":null,"AddressType":null,"RBDI":null,"Results":null,"NoSuffix":""},{"Number":"","Street":"general knox","Suffix":"rd","City":"","State":"","Zip":"01230","StreetName":"General Knox Rd","Address":null,"StateName":null,"Zip4":null,"MAK":null,"AddressType":null,"RBDI":null,"Results":null,"NoSuffix":""},{"Number":"","Street":"george","Suffix":"st","City":"","State":"","Zip":"01230","StreetName":"George St","Address":null,"StateName":null,"Zip4":null,"MAK":null,"AddressType":null,"RBDI":null,"Results":null,"NoSuffix":""},{"Number":"","Street":"giddings","Suffix":"st","City":"","State":"","Zip":"01230","StreetName":"Giddings St","Address":null,"StateName":null,"Zip4":null,"MAK":null,"AddressType":null,"RBDI":null,"Results":null,"NoSuffix":""},{"Number":"","Street":"gilbert","Suffix":"rd","City":"","State":"","Zip":"01230","StreetName":"Gilbert Rd","Address":null,"StateName":null,"Zip4":null,"MAK":null,"AddressType":null,"RBDI":null,"Results":null,"NoSuffix":""},{"Number":"","Street":"gilmore","Suffix":"ave","City":"","State":"","Zip":"01230","StreetName":"Gilmore Ave","Address":null,"StateName":null,"Zip4":null,"MAK":null,"AddressType":null,"RBDI":null,"Results":null,"NoSuffix":""},{"Number":"","Street":"grant","Suffix":"ln","City":"","State":"","Zip":"01230","StreetName":"Grant Ln","Address":null,"StateName":null,"Zip4":null,"MAK":null,"AddressType":null,"RBDI":null,"Results":null,"NoSuffix":""},{"Number":"","Street":"green river","Suffix":"rd","City":"","State":"","Zip":"01230","StreetName":"Green River Rd","Address":null,"StateName":null,"Zip4":null,"MAK":null,"AddressType":null,"RBDI":null,"Results":null,"NoSuffix":""},{"Number":"","Street":"green river valley","Suffix":"rd","City":"","State":"","Zip":"01230","StreetName":"Green River Valley Rd","Address":null,"StateName":null,"Zip4":null,"MAK":null,"AddressType":null,"RBDI":null,"Results":null,"NoSuffix":""},{"Number":"","Street":"greenwood","Suffix":"cir","City":"","State":"","Zip":"01230","StreetName":"Greenwood Cir","Address":null,"StateName":null,"Zip4":null,"MAK":null,"AddressType":null,"RBDI":null,"Results":null,"NoSuffix":""},{"Number":"","Street":"grove","Suffix":"st","City":"","State":"","Zip":"01230","StreetName":"Grove St","Address":null,"StateName":null,"Zip4":null,"MAK":null,"AddressType":null,"RBDI":null,"Results":null,"NoSuffix":""},{"Number":"","Street":"hadsell","Suffix":"st","City":"","State":"","Zip":"01230","StreetName":"Hadsell St","Address":null,"StateName":null,"Zip4":null,"MAK":null,"AddressType":null,"RBDI":null,"Results":null,"NoSuffix":""},{"Number":"","Street":"haley","Suffix":"rd","City":"","State":"","Zip":"01230","StreetName":"Haley Rd","Address":null,"StateName":null,"Zip4":null,"MAK":null,"AddressType":null,"RBDI":null,"Results":null,"NoSuffix":""},{"Number":"","Street":"harrison caulkin","Suffix":"rd","City":"","State":"","Zip":"01230","StreetName":"Harrison Caulkin Rd","Address":null,"StateName":null,"Zip4":null,"MAK":null,"AddressType":null,"RBDI":null,"Results":null,"NoSuffix":""},{"Number":"","Street":"hart","Suffix":"st","City":"","State":"","Zip":"01230","StreetName":"Hart St","Address":null,"StateName":null,"Zip4":null,"MAK":null,"AddressType":null,"RBDI":null,"Results":null,"NoSuffix":""},{"Number":"","Street":"hartsville mill river","Suffix":"rd","City":"","State":"","Zip":"01230","StreetName":"Hartsville Mill River Rd","Address":null,"StateName":null,"Zip4":null,"MAK":null,"AddressType":null,"RBDI":null,"Results":null,"NoSuffix":""},{"Number":"","Street":"hartsville new marlboro","Suffix":"rd","City":"","State":"","Zip":"01230","StreetName":"Hartsville New Marlboro Rd","Address":null,"StateName":null,"Zip4":null,"MAK":null,"AddressType":null,"RBDI":null,"Results":null,"NoSuffix":""},{"Number":"","Street":"hartsville new marlboro r","Suffix":"","City":"","State":"","Zip":"01230","StreetName":"Hartsville New Marlboro R","Address":null,"StateName":null,"Zip4":null,"MAK":null,"AddressType":null,"RBDI":null,"Results":null,"NoSuffix":"t"},{"Number":"","Street":"hatchery","Suffix":"rd","City":"","State":"","Zip":"01230","StreetName":"Hatchery Rd","Address":null,"StateName":null,"Zip4":null,"MAK":null,"AddressType":null,"RBDI":null,"Results":null,"NoSuffix":""},{"Number":"","Street":"hayes hill","Suffix":"rd","City":"","State":"","Zip":"01230","StreetName":"Hayes Hill Rd","Address":null,"StateName":null,"Zip4":null,"MAK":null,"AddressType":null,"RBDI":null,"Results":null,"NoSuffix":""},{"Number":"","Street":"heberts","Suffix":"cv","City":"","State":"","Zip":"01230","StreetName":"Heberts Cv","Address":null,"StateName":null,"Zip4":null,"MAK":null,"AddressType":null,"RBDI":null,"Results":null,"NoSuffix":""},{"Number":"","Street":"heberts","Suffix":"dr","City":"","State":"","Zip":"01230","StreetName":"Heberts Dr","Address":null,"StateName":null,"Zip4":null,"MAK":null,"AddressType":null,"RBDI":null,"Results":null,"NoSuffix":""},{"Number":"","Street":"hemlock","Suffix":"rd","City":"","State":"","Zip":"01230","StreetName":"Hemlock Rd","Address":null,"StateName":null,"Zip4":null,"MAK":null,"AddressType":null,"RBDI":null,"Results":null,"NoSuffix":""},{"Number":"","Street":"hemlock hill","Suffix":"rd","City":"","State":"","Zip":"01230","StreetName":"Hemlock Hill Rd","Address":null,"StateName":null,"Zip4":null,"MAK":null,"AddressType":null,"RBDI":null,"Results":null,"NoSuffix":""},{"Number":"","Street":"hickey","Suffix":"hl","City":"","State":"","Zip":"01230","StreetName":"Hickey Hl","Address":null,"StateName":null,"Zip4":null,"MAK":null,"AddressType":null,"RBDI":null,"Results":null,"NoSuffix":""},{"Number":"","Street":"hickory hill","Suffix":"rd","City":"","State":"","Zip":"01230","StreetName":"Hickory Hill Rd","Address":null,"StateName":null,"Zip4":null,"MAK":null,"AddressType":null,"RBDI":null,"Results":null,"NoSuffix":""},{"Number":"","Street":"higgins","Suffix":"st","City":"","State":"","Zip":"01230","StreetName":"Higgins St","Address":null,"StateName":null,"Zip4":null,"MAK":null,"AddressType":null,"RBDI":null,"Results":null,"NoSuffix":""},{"Number":"","Street":"high","Suffix":"st","City":"","State":"","Zip":"01230","StreetName":"High St","Address":null,"StateName":null,"Zip4":null,"MAK":null,"AddressType":null,"RBDI":null,"Results":null,"NoSuffix":""},{"Number":"","Street":"highland","Suffix":"dr","City":"","State":"","Zip":"01230","StreetName":"Highland Dr","Address":null,"StateName":null,"Zip4":null,"MAK":null,"AddressType":null,"RBDI":null,"Results":null,"NoSuffix":""},{"Number":"","Street":"highland","Suffix":"st","City":"","State":"","Zip":"01230","StreetName":"Highland St","Address":null,"StateName":null,"Zip4":null,"MAK":null,"AddressType":null,"RBDI":null,"Results":null,"NoSuffix":""},{"Number":"","Street":"hill","Suffix":"rd","City":"","State":"","Zip":"01230","StreetName":"Hill Rd","Address":null,"StateName":null,"Zip4":null,"MAK":null,"AddressType":null,"RBDI":null,"Results":null,"NoSuffix":""},{"Number":"","Street":"hill heights","Suffix":"rd","City":"","State":"","Zip":"01230","StreetName":"Hill Heights Rd","Address":null,"StateName":null,"Zip4":null,"MAK":null,"AddressType":null,"RBDI":null,"Results":null,"NoSuffix":""},{"Number":"","Street":"hillington","Suffix":"st","City":"","State":"","Zip":"01230","StreetName":"Hillington St","Address":null,"StateName":null,"Zip4":null,"MAK":null,"AddressType":null,"RBDI":null,"Results":null,"NoSuffix":""},{"Number":"","Street":"hillsdale","Suffix":"rd","City":"","State":"","Zip":"01230","StreetName":"Hillsdale Rd","Address":null,"StateName":null,"Zip4":null,"MAK":null,"AddressType":null,"RBDI":null,"Results":null,"NoSuffix":""},{"Number":"","Street":"hillside","Suffix":"ave","City":"","State":"","Zip":"01230","StreetName":"Hillside Ave","Address":null,"StateName":null,"Zip4":null,"MAK":null,"AddressType":null,"RBDI":null,"Results":null,"NoSuffix":""},{"Number":"","Street":"hilltop","Suffix":"rd","City":"","State":"","Zip":"01230","StreetName":"Hilltop Rd","Address":null,"StateName":null,"Zip4":null,"MAK":null,"AddressType":null,"RBDI":null,"Results":null,"NoSuffix":""},{"Number":"","Street":"hollenbeck","Suffix":"ave","City":"","State":"","Zip":"01230","StreetName":"Hollenbeck Ave","Address":null,"StateName":null,"Zip4":null,"MAK":null,"AddressType":null,"RBDI":null,"Results":null,"NoSuffix":""},{"Number":"","Street":"home","Suffix":"rd","City":"","State":"","Zip":"01230","StreetName":"Home Rd","Address":null,"StateName":null,"Zip4":null,"MAK":null,"AddressType":null,"RBDI":null,"Results":null,"NoSuffix":""},{"Number":"","Street":"hotchkiss","Suffix":"rd","City":"","State":"","Zip":"01230","StreetName":"Hotchkiss Rd","Address":null,"StateName":null,"Zip4":null,"MAK":null,"AddressType":null,"RBDI":null,"Results":null,"NoSuffix":""},{"Number":"","Street":"humphrey","Suffix":"st","City":"","State":"","Zip":"01230","StreetName":"Humphrey St","Address":null,"StateName":null,"Zip4":null,"MAK":null,"AddressType":null,"RBDI":null,"Results":null,"NoSuffix":""},{"Number":"","Street":"hurlburt","Suffix":"rd","City":"","State":"","Zip":"01230","StreetName":"Hurlburt Rd","Address":null,"StateName":null,"Zip4":null,"MAK":null,"AddressType":null,"RBDI":null,"Results":null,"NoSuffix":""},{"Number":"","Street":"idle hour","Suffix":"rd","City":"","State":"","Zip":"01230","StreetName":"Idle Hour Rd","Address":null,"StateName":null,"Zip4":null,"MAK":null,"AddressType":null,"RBDI":null,"Results":null,"NoSuffix":""},{"Number":"","Street":"jay","Suffix":"ln","City":"","State":"","Zip":"01230","StreetName":"Jay Ln","Address":null,"StateName":null,"Zip4":null,"MAK":null,"AddressType":null,"RBDI":null,"Results":null,"NoSuffix":""},{"Number":"","Street":"jenssen","Suffix":"rd","City":"","State":"","Zip":"01230","StreetName":"Jenssen Rd","Address":null,"StateName":null,"Zip4":null,"MAK":null,"AddressType":null,"RBDI":null,"Results":null,"NoSuffix":""},{"Number":"","Street":"john dellea","Suffix":"rd","City":"","State":"","Zip":"01230","StreetName":"John Dellea Rd","Address":null,"StateName":null,"Zip4":null,"MAK":null,"AddressType":null,"RBDI":null,"Results":null,"NoSuffix":""},{"Number":"","Street":"jug end","Suffix":"rd","City":"","State":"","Zip":"01230","StreetName":"Jug End Rd","Address":null,"StateName":null,"Zip4":null,"MAK":null,"AddressType":null,"RBDI":null,"Results":null,"NoSuffix":""},{"Number":"","Street":"juniper hill","Suffix":"rd","City":"","State":"","Zip":"01230","StreetName":"Juniper Hill Rd","Address":null,"StateName":null,"Zip4":null,"MAK":null,"AddressType":null,"RBDI":null,"Results":null,"NoSuffix":""},{"Number":"","Street":"kalliste","Suffix":"hl","City":"","State":"","Zip":"01230","StreetName":"Kalliste Hl","Address":null,"StateName":null,"Zip4":null,"MAK":null,"AddressType":null,"RBDI":null,"Results":null,"NoSuffix":""},{"Number":"","Street":"keyes hill","Suffix":"rd","City":"","State":"","Zip":"01230","StreetName":"Keyes Hill Rd","Address":null,"StateName":null,"Zip4":null,"MAK":null,"AddressType":null,"RBDI":null,"Results":null,"NoSuffix":""},{"Number":"","Street":"kirk","Suffix":"st","City":"","State":"","Zip":"01230","StreetName":"Kirk St","Address":null,"StateName":null,"Zip4":null,"MAK":null,"AddressType":null,"RBDI":null,"Results":null,"NoSuffix":""},{"Number":"","Street":"knight","Suffix":"rd","City":"","State":"","Zip":"01230","StreetName":"Knight Rd","Address":null,"StateName":null,"Zip4":null,"MAK":null,"AddressType":null,"RBDI":null,"Results":null,"NoSuffix":""},{"Number":"","Street":"knob","Suffix":"hl","City":"","State":"","Zip":"01230","StreetName":"Knob Hl","Address":null,"StateName":null,"Zip4":null,"MAK":null,"AddressType":null,"RBDI":null,"Results":null,"NoSuffix":""},{"Number":"","Street":"knob hill","Suffix":"rd","City":"","State":"","Zip":"01230","StreetName":"Knob Hill Rd","Address":null,"StateName":null,"Zip4":null,"MAK":null,"AddressType":null,"RBDI":null,"Results":null,"NoSuffix":""},{"Number":"","Street":"konkapot","Suffix":"rd","City":"","State":"","Zip":"01230","StreetName":"Konkapot Rd","Address":null,"StateName":null,"Zip4":null,"MAK":null,"AddressType":null,"RBDI":null,"Results":null,"NoSuffix":""},{"Number":"","Street":"lake","Suffix":"ave","City":"","State":"","Zip":"01230","StreetName":"Lake Ave","Address":null,"StateName":null,"Zip4":null,"MAK":null,"AddressType":null,"RBDI":null,"Results":null,"NoSuffix":""},{"Number":"","Street":"lake","Suffix":"rd","City":"","State":"","Zip":"01230","StreetName":"Lake Rd","Address":null,"StateName":null,"Zip4":null,"MAK":null,"AddressType":null,"RBDI":null,"Results":null,"NoSuffix":""},{"Number":"","Street":"lake buel","Suffix":"rd","City":"","State":"","Zip":"01230","StreetName":"Lake Buel Rd","Address":null,"StateName":null,"Zip4":null,"MAK":null,"AddressType":null,"RBDI":null,"Results":null,"NoSuffix":""},{"Number":"","Street":"lake mansfield","Suffix":"ln","City":"","State":"","Zip":"01230","StreetName":"Lake Mansfield Ln","Address":null,"StateName":null,"Zip4":null,"MAK":null,"AddressType":null,"RBDI":null,"Results":null,"NoSuffix":""},{"Number":"","Street":"lake mansfield","Suffix":"rd","City":"","State":"","Zip":"01230","StreetName":"Lake Mansfield Rd","Address":null,"StateName":null,"Zip4":null,"MAK":null,"AddressType":null,"RBDI":null,"Results":null,"NoSuffix":""},{"Number":"","Street":"lake side","Suffix":"rd","City":"","State":"","Zip":"01230","StreetName":"Lake Side Rd","Address":null,"StateName":null,"Zip4":null,"MAK":null,"AddressType":null,"RBDI":null,"Results":null,"NoSuffix":""},{"Number":"","Street":"lake view","Suffix":"rd","City":"","State":"","Zip":"01230","StreetName":"Lake View Rd","Address":null,"StateName":null,"Zip4":null,"MAK":null,"AddressType":null,"RBDI":null,"Results":null,"NoSuffix":""},{"Number":"","Street":"lakeside","Suffix":"dr","City":"","State":"","Zip":"01230","StreetName":"Lakeside Dr","Address":null,"StateName":null,"Zip4":null,"MAK":null,"AddressType":null,"RBDI":null,"Results":null,"NoSuffix":""},{"Number":"","Street":"lakeside","Suffix":"rd","City":"","State":"","Zip":"01230","StreetName":"Lakeside Rd","Address":null,"StateName":null,"Zip4":null,"MAK":null,"AddressType":null,"RBDI":null,"Results":null,"NoSuffix":""},{"Number":"","Street":"laurel","Suffix":"st","City":"","State":"","Zip":"01230","StreetName":"Laurel St","Address":null,"StateName":null,"Zip4":null,"MAK":null,"AddressType":null,"RBDI":null,"Results":null,"NoSuffix":""},{"Number":"","Street":"laurel banks","Suffix":"","City":"","State":"","Zip":"01230","StreetName":"Laurel Banks","Address":null,"StateName":null,"Zip4":null,"MAK":null,"AddressType":null,"RBDI":null,"Results":null,"NoSuffix":"t"},{"Number":"","Street":"lawrence","Suffix":"ave","City":"","State":"","Zip":"01230","StreetName":"Lawrence Ave","Address":null,"StateName":null,"Zip4":null,"MAK":null,"AddressType":null,"RBDI":null,"Results":null,"NoSuffix":""},{"Number":"","Street":"lewis","Suffix":"ave","City":"","State":"","Zip":"01230","StreetName":"Lewis Ave","Address":null,"StateName":null,"Zip4":null,"MAK":null,"AddressType":null,"RBDI":null,"Results":null,"NoSuffix":""},{"Number":"","Street":"lime kiln","Suffix":"rd","City":"","State":"","Zip":"01230","StreetName":"Lime Kiln Rd","Address":null,"StateName":null,"Zip4":null,"MAK":null,"AddressType":null,"RBDI":null,"Results":null,"NoSuffix":""},{"Number":"","Street":"linda","Suffix":"ln","City":"","State":"","Zip":"01230","StreetName":"Linda Ln","Address":null,"StateName":null,"Zip4":null,"MAK":null,"AddressType":null,"RBDI":null,"Results":null,"NoSuffix":""},{"Number":"","Street":"locust","Suffix":"st","City":"","State":"","Zip":"01230","StreetName":"Locust St","Address":null,"StateName":null,"Zip4":null,"MAK":null,"AddressType":null,"RBDI":null,"Results":null,"NoSuffix":""},{"Number":"","Street":"locust hill","Suffix":"rd","City":"","State":"","Zip":"01230","StreetName":"Locust Hill Rd","Address":null,"StateName":null,"Zip4":null,"MAK":null,"AddressType":null,"RBDI":null,"Results":null,"NoSuffix":""},{"Number":"","Street":"londonderry","Suffix":"dr","City":"","State":"","Zip":"01230","StreetName":"Londonderry Dr","Address":null,"StateName":null,"Zip4":null,"MAK":null,"AddressType":null,"RBDI":null,"Results":null,"NoSuffix":""},{"Number":"","Street":"long pond","Suffix":"rd","City":"","State":"","Zip":"01230","StreetName":"Long Pond Rd","Address":null,"StateName":null,"Zip4":null,"MAK":null,"AddressType":null,"RBDI":null,"Results":null,"NoSuffix":""},{"Number":"","Street":"lovers","Suffix":"ln","City":"","State":"","Zip":"01230","StreetName":"Lovers Ln","Address":null,"StateName":null,"Zip4":null,"MAK":null,"AddressType":null,"RBDI":null,"Results":null,"NoSuffix":""},{"Number":"","Street":"lucky","Suffix":"ln","City":"","State":"","Zip":"01230","StreetName":"Lucky Ln","Address":null,"StateName":null,"Zip4":null,"MAK":null,"AddressType":null,"RBDI":null,"Results":null,"NoSuffix":""},{"Number":"","Street":"lumbert cross","Suffix":"rd","City":"","State":"","Zip":"01230","StreetName":"Lumbert Cross Rd","Address":null,"StateName":null,"Zip4":null,"MAK":null,"AddressType":null,"RBDI":null,"Results":null,"NoSuffix":""},{"Number":"","Street":"magnolia","Suffix":"st","City":"","State":"","Zip":"01230","StreetName":"Magnolia St","Address":null,"StateName":null,"Zip4":null,"MAK":null,"AddressType":null,"RBDI":null,"Results":null,"NoSuffix":""},{"Number":"","Street":"mahaiwe","Suffix":"st","City":"","State":"","Zip":"01230","StreetName":"Mahaiwe St","Address":null,"StateName":null,"Zip4":null,"MAK":null,"AddressType":null,"RBDI":null,"Results":null,"NoSuffix":""},{"Number":"","Street":"main","Suffix":"rd","City":"","State":"","Zip":"01230","StreetName":"Main Rd","Address":null,"StateName":null,"Zip4":null,"MAK":null,"AddressType":null,"RBDI":null,"Results":null,"NoSuffix":""},{"Number":"","Street":"main","Suffix":"st","City":"","State":"","Zip":"01230","StreetName":"Main St","Address":null,"StateName":null,"Zip4":null,"MAK":null,"AddressType":null,"RBDI":null,"Results":null,"NoSuffix":""},{"Number":"","Street":"mallard","Suffix":"rd","City":"","State":"","Zip":"01230","StreetName":"Mallard Rd","Address":null,"StateName":null,"Zip4":null,"MAK":null,"AddressType":null,"RBDI":null,"Results":null,"NoSuffix":""},{"Number":"","Street":"manville","Suffix":"st","City":"","State":"","Zip":"01230","StreetName":"Manville St","Address":null,"StateName":null,"Zip4":null,"MAK":null,"AddressType":null,"RBDI":null,"Results":null,"NoSuffix":""},{"Number":"","Street":"maple","Suffix":"ave","City":"","State":"","Zip":"01230","StreetName":"Maple Ave","Address":null,"StateName":null,"Zip4":null,"MAK":null,"AddressType":null,"RBDI":null,"Results":null,"NoSuffix":""},{"Number":"","Street":"maple","Suffix":"st","City":"","State":"","Zip":"01230","StreetName":"Maple St","Address":null,"StateName":null,"Zip4":null,"MAK":null,"AddressType":null,"RBDI":null,"Results":null,"NoSuffix":""},{"Number":"","Street":"maplewood","Suffix":"ave","City":"","State":"","Zip":"01230","StreetName":"Maplewood Ave","Address":null,"StateName":null,"Zip4":null,"MAK":null,"AddressType":null,"RBDI":null,"Results":null,"NoSuffix":""},{"Number":"","Street":"mcgee","Suffix":"rd","City":"","State":"","Zip":"01230","StreetName":"Mcgee Rd","Address":null,"StateName":null,"Zip4":null,"MAK":null,"AddressType":null,"RBDI":null,"Results":null,"NoSuffix":""},{"Number":"","Street":"meadow","Suffix":"ln","City":"","State":"","Zip":"01230","StreetName":"Meadow Ln","Address":null,"StateName":null,"Zip4":null,"MAK":null,"AddressType":null,"RBDI":null,"Results":null,"NoSuffix":""},{"Number":"","Street":"mearns","Suffix":"way","City":"","State":"","Zip":"01230","StreetName":"Mearns Way","Address":null,"StateName":null,"Zip4":null,"MAK":null,"AddressType":null,"RBDI":null,"Results":null,"NoSuffix":""},{"Number":"","Street":"mechanic","Suffix":"st","City":"","State":"","Zip":"01230","StreetName":"Mechanic St","Address":null,"StateName":null,"Zip4":null,"MAK":null,"AddressType":null,"RBDI":null,"Results":null,"NoSuffix":""},{"Number":"","Street":"mill","Suffix":"rd","City":"","State":"","Zip":"01230","StreetName":"Mill Rd","Address":null,"StateName":null,"Zip4":null,"MAK":null,"AddressType":null,"RBDI":null,"Results":null,"NoSuffix":""},{"Number":"","Street":"mill river great barringt","Suffix":"","City":"","State":"","Zip":"01230","StreetName":"Mill River Great Barringt","Address":null,"StateName":null,"Zip4":null,"MAK":null,"AddressType":null,"RBDI":null,"Results":null,"NoSuffix":"t"},{"Number":"","Street":"mill river great barrington","Suffix":"rd","City":"","State":"","Zip":"01230","StreetName":"Mill River Great Barrington Rd","Address":null,"StateName":null,"Zip4":null,"MAK":null,"AddressType":null,"RBDI":null,"Results":null,"NoSuffix":""},{"Number":"","Street":"mill river southfield","Suffix":"rd","City":"","State":"","Zip":"01230","StreetName":"Mill River Southfield Rd","Address":null,"StateName":null,"Zip4":null,"MAK":null,"AddressType":null,"RBDI":null,"Results":null,"NoSuffix":""},{"Number":"","Street":"millard","Suffix":"rd","City":"","State":"","Zip":"01230","StreetName":"Millard Rd","Address":null,"StateName":null,"Zip4":null,"MAK":null,"AddressType":null,"RBDI":null,"Results":null,"NoSuffix":""},{"Number":"","Street":"miller view","Suffix":"rd","City":"","State":"","Zip":"01230","StreetName":"Miller View Rd","Address":null,"StateName":null,"Zip4":null,"MAK":null,"AddressType":null,"RBDI":null,"Results":null,"NoSuffix":""},{"Number":"","Street":"monterey","Suffix":"rd","City":"","State":"","Zip":"01230","StreetName":"Monterey Rd","Address":null,"StateName":null,"Zip4":null,"MAK":null,"AddressType":null,"RBDI":null,"Results":null,"NoSuffix":""},{"Number":"","Street":"monument valley","Suffix":"rd","City":"","State":"","Zip":"01230","StreetName":"Monument Valley Rd","Address":null,"StateName":null,"Zip4":null,"MAK":null,"AddressType":null,"RBDI":null,"Results":null,"NoSuffix":""},{"Number":"","Street":"mountain","Suffix":"rd","City":"","State":"","Zip":"01230","StreetName":"Mountain Rd","Address":null,"StateName":null,"Zip4":null,"MAK":null,"AddressType":null,"RBDI":null,"Results":null,"NoSuffix":""},{"Number":"","Street":"mountain","Suffix":"st","City":"","State":"","Zip":"01230","StreetName":"Mountain St","Address":null,"StateName":null,"Zip4":null,"MAK":null,"AddressType":null,"RBDI":null,"Results":null,"NoSuffix":""},{"Number":"","Street":"mountainview","Suffix":"st","City":"","State":"","Zip":"01230","StreetName":"Mountainview St","Address":null,"StateName":null,"Zip4":null,"MAK":null,"AddressType":null,"RBDI":null,"Results":null,"NoSuffix":""},{"Number":"","Street":"mt washington","Suffix":"rd","City":"","State":"","Zip":"01230","StreetName":"Mt Washington Rd","Address":null,"StateName":null,"Zip4":null,"MAK":null,"AddressType":null,"RBDI":null,"Results":null,"NoSuffix":""},{"Number":"","Street":"muddy brook","Suffix":"cir","City":"","State":"","Zip":"01230","StreetName":"Muddy Brook Cir","Address":null,"StateName":null,"Zip4":null,"MAK":null,"AddressType":null,"RBDI":null,"Results":null,"NoSuffix":""},{"Number":"","Street":"new marlboro branch","Suffix":"rd","City":"","State":"","Zip":"01230","StreetName":"New Marlboro Branch Rd","Address":null,"StateName":null,"Zip4":null,"MAK":null,"AddressType":null,"RBDI":null,"Results":null,"NoSuffix":""},{"Number":"","Street":"new marlboro hill","Suffix":"rd","City":"","State":"","Zip":"01230","StreetName":"New Marlboro Hill Rd","Address":null,"StateName":null,"Zip4":null,"MAK":null,"AddressType":null,"RBDI":null,"Results":null,"NoSuffix":""},{"Number":"","Street":"new marlboro monterey","Suffix":"rd","City":"","State":"","Zip":"01230","StreetName":"New Marlboro Monterey Rd","Address":null,"StateName":null,"Zip4":null,"MAK":null,"AddressType":null,"RBDI":null,"Results":null,"NoSuffix":""},{"Number":"","Street":"new marlboro montery","Suffix":"rd","City":"","State":"","Zip":"01230","StreetName":"New Marlboro Montery Rd","Address":null,"StateName":null,"Zip4":null,"MAK":null,"AddressType":null,"RBDI":null,"Results":null,"NoSuffix":""},{"Number":"","Street":"new marlboro sandisfield","Suffix":"ctr","City":"","State":"","Zip":"01230","StreetName":"New Marlboro Sandisfield Ctr","Address":null,"StateName":null,"Zip4":null,"MAK":null,"AddressType":null,"RBDI":null,"Results":null,"NoSuffix":""},{"Number":"","Street":"new marlboro sandisfield","Suffix":"rd","City":"","State":"","Zip":"01230","StreetName":"New Marlboro Sandisfield Rd","Address":null,"StateName":null,"Zip4":null,"MAK":null,"AddressType":null,"RBDI":null,"Results":null,"NoSuffix":""},{"Number":"","Street":"new marlboro so sandisfield","Suffix":"rd","City":"","State":"","Zip":"01230","StreetName":"New Marlboro So Sandisfield Rd","Address":null,"StateName":null,"Zip4":null,"MAK":null,"AddressType":null,"RBDI":null,"Results":null,"NoSuffix":""},{"Number":"","Street":"new marlboro south sandis","Suffix":"","City":"","State":"","Zip":"01230","StreetName":"New Marlboro South Sandis","Address":null,"StateName":null,"Zip4":null,"MAK":null,"AddressType":null,"RBDI":null,"Results":null,"NoSuffix":"t"},{"Number":"","Street":"new marlboro southfield","Suffix":"rd","City":"","State":"","Zip":"01230","StreetName":"New Marlboro Southfield Rd","Address":null,"StateName":null,"Zip4":null,"MAK":null,"AddressType":null,"RBDI":null,"Results":null,"NoSuffix":""},{"Number":"","Street":"new marlboro southfield r","Suffix":"","City":"","State":"","Zip":"01230","StreetName":"New Marlboro Southfield R","Address":null,"StateName":null,"Zip4":null,"MAK":null,"AddressType":null,"RBDI":null,"Results":null,"NoSuffix":"t"},{"Number":"","Street":"newsboy monument","Suffix":"ln","City":"","State":"","Zip":"01230","StreetName":"Newsboy Monument Ln","Address":null,"StateName":null,"Zip4":null,"MAK":null,"AddressType":null,"RBDI":null,"Results":null,"NoSuffix":""},{"Number":"","Street":"nicholson","Suffix":"rd","City":"","State":"","Zip":"01230","StreetName":"Nicholson Rd","Address":null,"StateName":null,"Zip4":null,"MAK":null,"AddressType":null,"RBDI":null,"Results":null,"NoSuffix":""},{"Number":"","Street":"nolan","Suffix":"dr","City":"","State":"","Zip":"01230","StreetName":"Nolan Dr","Address":null,"StateName":null,"Zip4":null,"MAK":null,"AddressType":null,"RBDI":null,"Results":null,"NoSuffix":""},{"Number":"","Street":"noodleigh","Suffix":"rd","City":"","State":"","Zip":"01230","StreetName":"Noodleigh Rd","Address":null,"StateName":null,"Zip4":null,"MAK":null,"AddressType":null,"RBDI":null,"Results":null,"NoSuffix":""},{"Number":"","Street":"norfolk","Suffix":"rd","City":"","State":"","Zip":"01230","StreetName":"Norfolk Rd","Address":null,"StateName":null,"Zip4":null,"MAK":null,"AddressType":null,"RBDI":null,"Results":null,"NoSuffix":""},{"Number":"","Street":"north","Suffix":"rd","City":"","State":"","Zip":"01230","StreetName":"North Rd","Address":null,"StateName":null,"Zip4":null,"MAK":null,"AddressType":null,"RBDI":null,"Results":null,"NoSuffix":""},{"Number":"","Street":"north","Suffix":"st","City":"","State":"","Zip":"01230","StreetName":"North St","Address":null,"StateName":null,"Zip4":null,"MAK":null,"AddressType":null,"RBDI":null,"Results":null,"NoSuffix":""},{"Number":"","Street":"oak","Suffix":"st","City":"","State":"","Zip":"01230","StreetName":"Oak St","Address":null,"StateName":null,"Zip4":null,"MAK":null,"AddressType":null,"RBDI":null,"Results":null,"NoSuffix":""},{"Number":"","Street":"old barrington","Suffix":"rd","City":"","State":"","Zip":"01230","StreetName":"Old Barrington Rd","Address":null,"StateName":null,"Zip4":null,"MAK":null,"AddressType":null,"RBDI":null,"Results":null,"NoSuffix":""},{"Number":"","Street":"old county","Suffix":"rd","City":"","State":"","Zip":"01230","StreetName":"Old County Rd","Address":null,"StateName":null,"Zip4":null,"MAK":null,"AddressType":null,"RBDI":null,"Results":null,"NoSuffix":""},{"Number":"","Street":"old hitchcock","Suffix":"rd","City":"","State":"","Zip":"01230","StreetName":"Old Hitchcock Rd","Address":null,"StateName":null,"Zip4":null,"MAK":null,"AddressType":null,"RBDI":null,"Results":null,"NoSuffix":""},{"Number":"","Street":"old joe","Suffix":"rd","City":"","State":"","Zip":"01230","StreetName":"Old Joe Rd","Address":null,"StateName":null,"Zip4":null,"MAK":null,"AddressType":null,"RBDI":null,"Results":null,"NoSuffix":""},{"Number":"","Street":"old monterey","Suffix":"rd","City":"","State":"","Zip":"01230","StreetName":"Old Monterey Rd","Address":null,"StateName":null,"Zip4":null,"MAK":null,"AddressType":null,"RBDI":null,"Results":null,"NoSuffix":""},{"Number":"","Street":"old north","Suffix":"rd","City":"","State":"","Zip":"01230","StreetName":"Old North Rd","Address":null,"StateName":null,"Zip4":null,"MAK":null,"AddressType":null,"RBDI":null,"Results":null,"NoSuffix":""},{"Number":"","Street":"old stockbridge","Suffix":"rd","City":"","State":"","Zip":"01230","StreetName":"Old Stockbridge Rd","Address":null,"StateName":null,"Zip4":null,"MAK":null,"AddressType":null,"RBDI":null,"Results":null,"NoSuffix":""},{"Number":"","Street":"old village","Suffix":"rd","City":"","State":"","Zip":"01230","StreetName":"Old Village Rd","Address":null,"StateName":null,"Zip4":null,"MAK":null,"AddressType":null,"RBDI":null,"Results":null,"NoSuffix":""},{"Number":"","Street":"omega","Suffix":"rd","City":"","State":"","Zip":"01230","StreetName":"Omega Rd","Address":null,"StateName":null,"Zip4":null,"MAK":null,"AddressType":null,"RBDI":null,"Results":null,"NoSuffix":""},{"Number":"","Street":"oxbow","Suffix":"rd","City":"","State":"","Zip":"01230","StreetName":"Oxbow Rd","Address":null,"StateName":null,"Zip4":null,"MAK":null,"AddressType":null,"RBDI":null,"Results":null,"NoSuffix":""},{"Number":"","Street":"park","Suffix":"st","City":"","State":"","Zip":"01230","StreetName":"Park St","Address":null,"StateName":null,"Zip4":null,"MAK":null,"AddressType":null,"RBDI":null,"Results":null,"NoSuffix":""},{"Number":"","Street":"parley","Suffix":"st","City":"","State":"","Zip":"01230","StreetName":"Parley St","Address":null,"StateName":null,"Zip4":null,"MAK":null,"AddressType":null,"RBDI":null,"Results":null,"NoSuffix":""},{"Number":"","Street":"partridge","Suffix":"dr","City":"","State":"","Zip":"01230","StreetName":"Partridge Dr","Address":null,"StateName":null,"Zip4":null,"MAK":null,"AddressType":null,"RBDI":null,"Results":null,"NoSuffix":""},{"Number":"","Street":"pearl","Suffix":"st","City":"","State":"","Zip":"01230","StreetName":"Pearl St","Address":null,"StateName":null,"Zip4":null,"MAK":null,"AddressType":null,"RBDI":null,"Results":null,"NoSuffix":""},{"Number":"","Street":"peter menaker","Suffix":"rd","City":"","State":"","Zip":"01230","StreetName":"Peter Menaker Rd","Address":null,"StateName":null,"Zip4":null,"MAK":null,"AddressType":null,"RBDI":null,"Results":null,"NoSuffix":""},{"Number":"","Street":"phillips","Suffix":"rd","City":"","State":"","Zip":"01230","StreetName":"Phillips Rd","Address":null,"StateName":null,"Zip4":null,"MAK":null,"AddressType":null,"RBDI":null,"Results":null,"NoSuffix":""},{"Number":"","Street":"pine","Suffix":"rd","City":"","State":"","Zip":"01230","StreetName":"Pine Rd","Address":null,"StateName":null,"Zip4":null,"MAK":null,"AddressType":null,"RBDI":null,"Results":null,"NoSuffix":""},{"Number":"","Street":"pine","Suffix":"st","City":"","State":"","Zip":"01230","StreetName":"Pine St","Address":null,"StateName":null,"Zip4":null,"MAK":null,"AddressType":null,"RBDI":null,"Results":null,"NoSuffix":""},{"Number":"","Street":"pinecrest","Suffix":"rd","City":"","State":"","Zip":"01230","StreetName":"Pinecrest Rd","Address":null,"StateName":null,"Zip4":null,"MAK":null,"AddressType":null,"RBDI":null,"Results":null,"NoSuffix":""},{"Number":"","Street":"pixley","Suffix":"rd","City":"","State":"","Zip":"01230","StreetName":"Pixley Rd","Address":null,"StateName":null,"Zip4":null,"MAK":null,"AddressType":null,"RBDI":null,"Results":null,"NoSuffix":""},{"Number":"","Street":"plain","Suffix":"rd","City":"","State":"","Zip":"01230","StreetName":"Plain Rd","Address":null,"StateName":null,"Zip4":null,"MAK":null,"AddressType":null,"RBDI":null,"Results":null,"NoSuffix":""},{"Number":"","Street":"pleasant","Suffix":"ct","City":"","State":"","Zip":"01230","StreetName":"Pleasant Ct","Address":null,"StateName":null,"Zip4":null,"MAK":null,"AddressType":null,"RBDI":null,"Results":null,"NoSuffix":""},{"Number":"","Street":"pleasant","Suffix":"st","City":"","State":"","Zip":"01230","StreetName":"Pleasant St","Address":null,"StateName":null,"Zip4":null,"MAK":null,"AddressType":null,"RBDI":null,"Results":null,"NoSuffix":""},{"Number":"","Street":"pleasant view","Suffix":"dr","City":"","State":"","Zip":"01230","StreetName":"Pleasant View Dr","Address":null,"StateName":null,"Zip4":null,"MAK":null,"AddressType":null,"RBDI":null,"Results":null,"NoSuffix":""},{"Number":"","Street":"po box","Suffix":"","City":"","State":"","Zip":"01230","StreetName":"Po Box","Address":null,"StateName":null,"Zip4":null,"MAK":null,"AddressType":null,"RBDI":null,"Results":null,"NoSuffix":"t"},{"Number":"","Street":"pope","Suffix":"st","City":"","State":"","Zip":"01230","StreetName":"Pope St","Address":null,"StateName":null,"Zip4":null,"MAK":null,"AddressType":null,"RBDI":null,"Results":null,"NoSuffix":""},{"Number":"","Street":"pothul","Suffix":"dr","City":"","State":"","Zip":"01230","StreetName":"Pothul Dr","Address":null,"StateName":null,"Zip4":null,"MAK":null,"AddressType":null,"RBDI":null,"Results":null,"NoSuffix":""},{"Number":"","Street":"prescott","Suffix":"ln","City":"","State":"","Zip":"01230","StreetName":"Prescott Ln","Address":null,"StateName":null,"Zip4":null,"MAK":null,"AddressType":null,"RBDI":null,"Results":null,"NoSuffix":""},{"Number":"","Street":"prospect","Suffix":"st","City":"","State":"","Zip":"01230","StreetName":"Prospect St","Address":null,"StateName":null,"Zip4":null,"MAK":null,"AddressType":null,"RBDI":null,"Results":null,"NoSuffix":""},{"Number":"","Street":"prospect lake","Suffix":"dr","City":"","State":"","Zip":"01230","StreetName":"Prospect Lake Dr","Address":null,"StateName":null,"Zip4":null,"MAK":null,"AddressType":null,"RBDI":null,"Results":null,"NoSuffix":""},{"Number":"","Street":"prospect lake","Suffix":"rd","City":"","State":"","Zip":"01230","StreetName":"Prospect Lake Rd","Address":null,"StateName":null,"Zip4":null,"MAK":null,"AddressType":null,"RBDI":null,"Results":null,"NoSuffix":""},{"Number":"","Street":"pumpkin hollow","Suffix":"rd","City":"","State":"","Zip":"01230","StreetName":"Pumpkin Hollow Rd","Address":null,"StateName":null,"Zip4":null,"MAK":null,"AddressType":null,"RBDI":null,"Results":null,"NoSuffix":""},{"Number":"","Street":"quarry","Suffix":"st","City":"","State":"","Zip":"01230","StreetName":"Quarry St","Address":null,"StateName":null,"Zip4":null,"MAK":null,"AddressType":null,"RBDI":null,"Results":null,"NoSuffix":""},{"Number":"","Street":"rachels","Suffix":"way","City":"","State":"","Zip":"01230","StreetName":"Rachels Way","Address":null,"StateName":null,"Zip4":null,"MAK":null,"AddressType":null,"RBDI":null,"Results":null,"NoSuffix":""},{"Number":"","Street":"railroad","Suffix":"ave","City":"","State":"","Zip":"01230","StreetName":"Railroad Ave","Address":null,"StateName":null,"Zip4":null,"MAK":null,"AddressType":null,"RBDI":null,"Results":null,"NoSuffix":""},{"Number":"","Street":"railroad","Suffix":"st","City":"","State":"","Zip":"01230","StreetName":"Railroad St","Address":null,"StateName":null,"Zip4":null,"MAK":null,"AddressType":null,"RBDI":null,"Results":null,"NoSuffix":""},{"Number":"","Street":"ramsdell","Suffix":"rd","City":"","State":"","Zip":"01230","StreetName":"Ramsdell Rd","Address":null,"StateName":null,"Zip4":null,"MAK":null,"AddressType":null,"RBDI":null,"Results":null,"NoSuffix":""},{"Number":"","Street":"ramsey","Suffix":"ave","City":"","State":"","Zip":"01230","StreetName":"Ramsey Ave","Address":null,"StateName":null,"Zip4":null,"MAK":null,"AddressType":null,"RBDI":null,"Results":null,"NoSuffix":""},{"Number":"","Street":"red fox","Suffix":"dr","City":"","State":"","Zip":"01230","StreetName":"Red Fox Dr","Address":null,"StateName":null,"Zip4":null,"MAK":null,"AddressType":null,"RBDI":null,"Results":null,"NoSuffix":""},{"Number":"","Street":"reed","Suffix":"st","City":"","State":"","Zip":"01230","StreetName":"Reed St","Address":null,"StateName":null,"Zip4":null,"MAK":null,"AddressType":null,"RBDI":null,"Results":null,"NoSuffix":""},{"Number":"","Street":"rhoades to bailey","Suffix":"rd","City":"","State":"","Zip":"01230","StreetName":"Rhoades To Bailey Rd","Address":null,"StateName":null,"Zip4":null,"MAK":null,"AddressType":null,"RBDI":null,"Results":null,"NoSuffix":""},{"Number":"","Street":"rib mountain","Suffix":"rd","City":"","State":"","Zip":"01230","StreetName":"Rib Mountain Rd","Address":null,"StateName":null,"Zip4":null,"MAK":null,"AddressType":null,"RBDI":null,"Results":null,"NoSuffix":""},{"Number":"","Street":"river","Suffix":"rd","City":"","State":"","Zip":"01230","StreetName":"River Rd","Address":null,"StateName":null,"Zip4":null,"MAK":null,"AddressType":null,"RBDI":null,"Results":null,"NoSuffix":""},{"Number":"","Street":"river","Suffix":"st","City":"","State":"","Zip":"01230","StreetName":"River St","Address":null,"StateName":null,"Zip4":null,"MAK":null,"AddressType":null,"RBDI":null,"Results":null,"NoSuffix":""},{"Number":"","Street":"riverside farm","Suffix":"rd","City":"","State":"","Zip":"01230","StreetName":"Riverside Farm Rd","Address":null,"StateName":null,"Zip4":null,"MAK":null,"AddressType":null,"RBDI":null,"Results":null,"NoSuffix":""},{"Number":"","Street":"rockwell","Suffix":"rd","City":"","State":"","Zip":"01230","StreetName":"Rockwell Rd","Address":null,"StateName":null,"Zip4":null,"MAK":null,"AddressType":null,"RBDI":null,"Results":null,"NoSuffix":""},{"Number":"","Street":"roger","Suffix":"rd","City":"","State":"","Zip":"01230","StreetName":"Roger Rd","Address":null,"StateName":null,"Zip4":null,"MAK":null,"AddressType":null,"RBDI":null,"Results":null,"NoSuffix":""},{"Number":"","Street":"rood","Suffix":"ln","City":"","State":"","Zip":"01230","StreetName":"Rood Ln","Address":null,"StateName":null,"Zip4":null,"MAK":null,"AddressType":null,"RBDI":null,"Results":null,"NoSuffix":""},{"Number":"","Street":"rose","Suffix":"ct","City":"","State":"","Zip":"01230","StreetName":"Rose Ct","Address":null,"StateName":null,"Zip4":null,"MAK":null,"AddressType":null,"RBDI":null,"Results":null,"NoSuffix":""},{"Number":"","Street":"rose hill","Suffix":"dr","City":"","State":"","Zip":"01230","StreetName":"Rose Hill Dr","Address":null,"StateName":null,"Zip4":null,"MAK":null,"AddressType":null,"RBDI":null,"Results":null,"NoSuffix":""},{"Number":"","Street":"rosseter","Suffix":"st","City":"","State":"","Zip":"01230","StreetName":"Rosseter St","Address":null,"StateName":null,"Zip4":null,"MAK":null,"AddressType":null,"RBDI":null,"Results":null,"NoSuffix":""},{"Number":"","Street":"round hill","Suffix":"rd","City":"","State":"","Zip":"01230","StreetName":"Round Hill Rd","Address":null,"StateName":null,"Zip4":null,"MAK":null,"AddressType":null,"RBDI":null,"Results":null,"NoSuffix":""},{"Number":"","Street":"route","Suffix":"","City":"","State":"","Zip":"01230","StreetName":"Route","Address":null,"StateName":null,"Zip4":null,"MAK":null,"AddressType":null,"RBDI":null,"Results":null,"NoSuffix":"t"},{"Number":"","Street":"route 71","Suffix":"","City":"","State":"","Zip":"01230","StreetName":"Route 71","Address":null,"StateName":null,"Zip4":null,"MAK":null,"AddressType":null,"RBDI":null,"Results":null,"NoSuffix":"t"},{"Number":"","Street":"rowe","Suffix":"rd","City":"","State":"","Zip":"01230","StreetName":"Rowe Rd","Address":null,"StateName":null,"Zip4":null,"MAK":null,"AddressType":null,"RBDI":null,"Results":null,"NoSuffix":""},{"Number":"","Street":"rte 57","Suffix":"","City":"","State":"","Zip":"01230","StreetName":"Rte 57","Address":null,"StateName":null,"Zip4":null,"MAK":null,"AddressType":null,"RBDI":null,"Results":null,"NoSuffix":"t"},{"Number":"","Street":"russell","Suffix":"st","City":"","State":"","Zip":"01230","StreetName":"Russell St","Address":null,"StateName":null,"Zip4":null,"MAK":null,"AddressType":null,"RBDI":null,"Results":null,"NoSuffix":""},{"Number":"","Street":"ryan","Suffix":"trl","City":"","State":"","Zip":"01230","StreetName":"Ryan Trl","Address":null,"StateName":null,"Zip4":null,"MAK":null,"AddressType":null,"RBDI":null,"Results":null,"NoSuffix":""},{"Number":"","Street":"sackman","Suffix":"way","City":"","State":"","Zip":"01230","StreetName":"Sackman Way","Address":null,"StateName":null,"Zip4":null,"MAK":null,"AddressType":null,"RBDI":null,"Results":null,"NoSuffix":""},{"Number":"","Street":"sandisfield","Suffix":"rd","City":"","State":"","Zip":"01230","StreetName":"Sandisfield Rd","Address":null,"StateName":null,"Zip4":null,"MAK":null,"AddressType":null,"RBDI":null,"Results":null,"NoSuffix":""},{"Number":"","Street":"school","Suffix":"st","City":"","State":"","Zip":"01230","StreetName":"School St","Address":null,"StateName":null,"Zip4":null,"MAK":null,"AddressType":null,"RBDI":null,"Results":null,"NoSuffix":""},{"Number":"","Street":"seekonk","Suffix":"rd","City":"","State":"","Zip":"01230","StreetName":"Seekonk Rd","Address":null,"StateName":null,"Zip4":null,"MAK":null,"AddressType":null,"RBDI":null,"Results":null,"NoSuffix":""},{"Number":"","Street":"seekonk cross","Suffix":"rd","City":"","State":"","Zip":"01230","StreetName":"Seekonk Cross Rd","Address":null,"StateName":null,"Zip4":null,"MAK":null,"AddressType":null,"RBDI":null,"Results":null,"NoSuffix":""},{"Number":"","Street":"seven arts","Suffix":"ln","City":"","State":"","Zip":"01230","StreetName":"Seven Arts Ln","Address":null,"StateName":null,"Zip4":null,"MAK":null,"AddressType":null,"RBDI":null,"Results":null,"NoSuffix":""},{"Number":"","Street":"shea","Suffix":"ln","City":"","State":"","Zip":"01230","StreetName":"Shea Ln","Address":null,"StateName":null,"Zip4":null,"MAK":null,"AddressType":null,"RBDI":null,"Results":null,"NoSuffix":""},{"Number":"","Street":"sheffield","Suffix":"rd","City":"","State":"","Zip":"01230","StreetName":"Sheffield Rd","Address":null,"StateName":null,"Zip4":null,"MAK":null,"AddressType":null,"RBDI":null,"Results":null,"NoSuffix":""},{"Number":"","Street":"sheffield egremont","Suffix":"rd","City":"","State":"","Zip":"01230","StreetName":"Sheffield Egremont Rd","Address":null,"StateName":null,"Zip4":null,"MAK":null,"AddressType":null,"RBDI":null,"Results":null,"NoSuffix":""},{"Number":"","Street":"shun toll","Suffix":"rd","City":"","State":"","Zip":"01230","StreetName":"Shun Toll Rd","Address":null,"StateName":null,"Zip4":null,"MAK":null,"AddressType":null,"RBDI":null,"Results":null,"NoSuffix":""},{"Number":"","Street":"shunpike","Suffix":"rd","City":"","State":"","Zip":"01230","StreetName":"Shunpike Rd","Address":null,"StateName":null,"Zip4":null,"MAK":null,"AddressType":null,"RBDI":null,"Results":null,"NoSuffix":""},{"Number":"","Street":"silver","Suffix":"st","City":"","State":"","Zip":"01230","StreetName":"Silver St","Address":null,"StateName":null,"Zip4":null,"MAK":null,"AddressType":null,"RBDI":null,"Results":null,"NoSuffix":""},{"Number":"","Street":"sisson hill","Suffix":"rd","City":"","State":"","Zip":"01230","StreetName":"Sisson Hill Rd","Address":null,"StateName":null,"Zip4":null,"MAK":null,"AddressType":null,"RBDI":null,"Results":null,"NoSuffix":""},{"Number":"","Street":"south","Suffix":"st","City":"","State":"","Zip":"01230","StreetName":"South St","Address":null,"StateName":null,"Zip4":null,"MAK":null,"AddressType":null,"RBDI":null,"Results":null,"NoSuffix":""},{"Number":"","Street":"spruce","Suffix":"dr","City":"","State":"","Zip":"01230","StreetName":"Spruce Dr","Address":null,"StateName":null,"Zip4":null,"MAK":null,"AddressType":null,"RBDI":null,"Results":null,"NoSuffix":""},{"Number":"","Street":"spruce","Suffix":"st","City":"","State":"","Zip":"01230","StreetName":"Spruce St","Address":null,"StateName":null,"Zip4":null,"MAK":null,"AddressType":null,"RBDI":null,"Results":null,"NoSuffix":""},{"Number":"","Street":"squaw peak","Suffix":"rd","City":"","State":"","Zip":"01230","StreetName":"Squaw Peak Rd","Address":null,"StateName":null,"Zip4":null,"MAK":null,"AddressType":null,"RBDI":null,"Results":null,"NoSuffix":""},{"Number":"","Street":"stanley","Suffix":"dr","City":"","State":"","Zip":"01230","StreetName":"Stanley Dr","Address":null,"StateName":null,"Zip4":null,"MAK":null,"AddressType":null,"RBDI":null,"Results":null,"NoSuffix":""},{"Number":"","Street":"state","Suffix":"rd","City":"","State":"","Zip":"01230","StreetName":"State Rd","Address":null,"StateName":null,"Zip4":null,"MAK":null,"AddressType":null,"RBDI":null,"Results":null,"NoSuffix":""},{"Number":"","Street":"steeple top","Suffix":"rd","City":"","State":"","Zip":"01230","StreetName":"Steeple Top Rd","Address":null,"StateName":null,"Zip4":null,"MAK":null,"AddressType":null,"RBDI":null,"Results":null,"NoSuffix":""},{"Number":"","Street":"stevens","Suffix":"lk","City":"","State":"","Zip":"01230","StreetName":"Stevens Lk","Address":null,"StateName":null,"Zip4":null,"MAK":null,"AddressType":null,"RBDI":null,"Results":null,"NoSuffix":""},{"Number":"","Street":"stevens lake","Suffix":"rd","City":"","State":"","Zip":"01230","StreetName":"Stevens Lake Rd","Address":null,"StateName":null,"Zip4":null,"MAK":null,"AddressType":null,"RBDI":null,"Results":null,"NoSuffix":""},{"Number":"","Street":"stevens lake","Suffix":"way","City":"","State":"","Zip":"01230","StreetName":"Stevens Lake Way","Address":null,"StateName":null,"Zip4":null,"MAK":null,"AddressType":null,"RBDI":null,"Results":null,"NoSuffix":""},{"Number":"","Street":"stillwell","Suffix":"st","City":"","State":"","Zip":"01230","StreetName":"Stillwell St","Address":null,"StateName":null,"Zip4":null,"MAK":null,"AddressType":null,"RBDI":null,"Results":null,"NoSuffix":""},{"Number":"","Street":"stockbridge","Suffix":"rd","City":"","State":"","Zip":"01230","StreetName":"Stockbridge Rd","Address":null,"StateName":null,"Zip4":null,"MAK":null,"AddressType":null,"RBDI":null,"Results":null,"NoSuffix":""},{"Number":"","Street":"stone manor","Suffix":"dr","City":"","State":"","Zip":"01230","StreetName":"Stone Manor Dr","Address":null,"StateName":null,"Zip4":null,"MAK":null,"AddressType":null,"RBDI":null,"Results":null,"NoSuffix":""},{"Number":"","Street":"stoney brook","Suffix":"rd","City":"","State":"","Zip":"01230","StreetName":"Stoney Brook Rd","Address":null,"StateName":null,"Zip4":null,"MAK":null,"AddressType":null,"RBDI":null,"Results":null,"NoSuffix":""},{"Number":"","Street":"stratford","Suffix":"rd","City":"","State":"","Zip":"01230","StreetName":"Stratford Rd","Address":null,"StateName":null,"Zip4":null,"MAK":null,"AddressType":null,"RBDI":null,"Results":null,"NoSuffix":""},{"Number":"","Street":"sumner","Suffix":"st","City":"","State":"","Zip":"01230","StreetName":"Sumner St","Address":null,"StateName":null,"Zip4":null,"MAK":null,"AddressType":null,"RBDI":null,"Results":null,"NoSuffix":""},{"Number":"","Street":"taconic","Suffix":"ave","City":"","State":"","Zip":"01230","StreetName":"Taconic Ave","Address":null,"StateName":null,"Zip4":null,"MAK":null,"AddressType":null,"RBDI":null,"Results":null,"NoSuffix":""},{"Number":"","Street":"taconic","Suffix":"ln","City":"","State":"","Zip":"01230","StreetName":"Taconic Ln","Address":null,"StateName":null,"Zip4":null,"MAK":null,"AddressType":null,"RBDI":null,"Results":null,"NoSuffix":""},{"Number":"","Street":"tamaridge","Suffix":"way","City":"","State":"","Zip":"01230","StreetName":"Tamaridge Way","Address":null,"StateName":null,"Zip4":null,"MAK":null,"AddressType":null,"RBDI":null,"Results":null,"NoSuffix":""},{"Number":"","Street":"thrushwood","Suffix":"ln","City":"","State":"","Zip":"01230","StreetName":"Thrushwood Ln","Address":null,"StateName":null,"Zip4":null,"MAK":null,"AddressType":null,"RBDI":null,"Results":null,"NoSuffix":""},{"Number":"","Street":"tin can point","Suffix":"rd","City":"","State":"","Zip":"01230","StreetName":"Tin Can Point Rd","Address":null,"StateName":null,"Zip4":null,"MAK":null,"AddressType":null,"RBDI":null,"Results":null,"NoSuffix":""},{"Number":"","Street":"townhouse hill","Suffix":"rd","City":"","State":"","Zip":"01230","StreetName":"Townhouse Hill Rd","Address":null,"StateName":null,"Zip4":null,"MAK":null,"AddressType":null,"RBDI":null,"Results":null,"NoSuffix":""},{"Number":"","Street":"tremont","Suffix":"dr","City":"","State":"","Zip":"01230","StreetName":"Tremont Dr","Address":null,"StateName":null,"Zip4":null,"MAK":null,"AddressType":null,"RBDI":null,"Results":null,"NoSuffix":""},{"Number":"","Street":"tyrell","Suffix":"rd","City":"","State":"","Zip":"01230","StreetName":"Tyrell Rd","Address":null,"StateName":null,"Zip4":null,"MAK":null,"AddressType":null,"RBDI":null,"Results":null,"NoSuffix":""},{"Number":"","Street":"umpachene falls","Suffix":"rd","City":"","State":"","Zip":"01230","StreetName":"Umpachene Falls Rd","Address":null,"StateName":null,"Zip4":null,"MAK":null,"AddressType":null,"RBDI":null,"Results":null,"NoSuffix":""},{"Number":"","Street":"undermountain","Suffix":"rd","City":"","State":"","Zip":"01230","StreetName":"Undermountain Rd","Address":null,"StateName":null,"Zip4":null,"MAK":null,"AddressType":null,"RBDI":null,"Results":null,"NoSuffix":""},{"Number":"","Street":"underwood","Suffix":"dr","City":"","State":"","Zip":"01230","StreetName":"Underwood Dr","Address":null,"StateName":null,"Zip4":null,"MAK":null,"AddressType":null,"RBDI":null,"Results":null,"NoSuffix":""},{"Number":"","Street":"van deusenville","Suffix":"rd","City":"","State":"","Zip":"01230","StreetName":"Van Deusenville Rd","Address":null,"StateName":null,"Zip4":null,"MAK":null,"AddressType":null,"RBDI":null,"Results":null,"NoSuffix":""},{"Number":"","Street":"view","Suffix":"rd","City":"","State":"","Zip":"01230","StreetName":"View Rd","Address":null,"StateName":null,"Zip4":null,"MAK":null,"AddressType":null,"RBDI":null,"Results":null,"NoSuffix":""},{"Number":"","Street":"village","Suffix":"grn","City":"","State":"","Zip":"01230","StreetName":"Village Grn","Address":null,"StateName":null,"Zip4":null,"MAK":null,"AddressType":null,"RBDI":null,"Results":null,"NoSuffix":""},{"Number":"","Street":"walnut","Suffix":"st","City":"","State":"","Zip":"01230","StreetName":"Walnut St","Address":null,"StateName":null,"Zip4":null,"MAK":null,"AddressType":null,"RBDI":null,"Results":null,"NoSuffix":""},{"Number":"","Street":"warner","Suffix":"rd","City":"","State":"","Zip":"01230","StreetName":"Warner Rd","Address":null,"StateName":null,"Zip4":null,"MAK":null,"AddressType":null,"RBDI":null,"Results":null,"NoSuffix":""},{"Number":"","Street":"warren","Suffix":"ave","City":"","State":"","Zip":"01230","StreetName":"Warren Ave","Address":null,"StateName":null,"Zip4":null,"MAK":null,"AddressType":null,"RBDI":null,"Results":null,"NoSuffix":""},{"Number":"","Street":"waubeck","Suffix":"st","City":"","State":"","Zip":"01230","StreetName":"Waubeck St","Address":null,"StateName":null,"Zip4":null,"MAK":null,"AddressType":null,"RBDI":null,"Results":null,"NoSuffix":""},{"Number":"","Street":"welcome","Suffix":"st","City":"","State":"","Zip":"01230","StreetName":"Welcome St","Address":null,"StateName":null,"Zip4":null,"MAK":null,"AddressType":null,"RBDI":null,"Results":null,"NoSuffix":""},{"Number":"","Street":"west","Suffix":"ave","City":"","State":"","Zip":"01230","StreetName":"West Ave","Address":null,"StateName":null,"Zip4":null,"MAK":null,"AddressType":null,"RBDI":null,"Results":null,"NoSuffix":""},{"Number":"","Street":"west","Suffix":"rd","City":"","State":"","Zip":"01230","StreetName":"West Rd","Address":null,"StateName":null,"Zip4":null,"MAK":null,"AddressType":null,"RBDI":null,"Results":null,"NoSuffix":""},{"Number":"","Street":"wester hook","Suffix":"rd","City":"","State":"","Zip":"01230","StreetName":"Wester Hook Rd","Address":null,"StateName":null,"Zip4":null,"MAK":null,"AddressType":null,"RBDI":null,"Results":null,"NoSuffix":""},{"Number":"","Street":"westwood","Suffix":"dr","City":"","State":"","Zip":"01230","StreetName":"Westwood Dr","Address":null,"StateName":null,"Zip4":null,"MAK":null,"AddressType":null,"RBDI":null,"Results":null,"NoSuffix":""},{"Number":"","Street":"white birch","Suffix":"ln","City":"","State":"","Zip":"01230","StreetName":"White Birch Ln","Address":null,"StateName":null,"Zip4":null,"MAK":null,"AddressType":null,"RBDI":null,"Results":null,"NoSuffix":""},{"Number":"","Street":"whites hill","Suffix":"rd","City":"","State":"","Zip":"01230","StreetName":"Whites Hill Rd","Address":null,"StateName":null,"Zip4":null,"MAK":null,"AddressType":null,"RBDI":null,"Results":null,"NoSuffix":""},{"Number":"","Street":"whitmore","Suffix":"way","City":"","State":"","Zip":"01230","StreetName":"Whitmore Way","Address":null,"StateName":null,"Zip4":null,"MAK":null,"AddressType":null,"RBDI":null,"Results":null,"NoSuffix":""},{"Number":"","Street":"williams","Suffix":"ln","City":"","State":"","Zip":"01230","StreetName":"Williams Ln","Address":null,"StateName":null,"Zip4":null,"MAK":null,"AddressType":null,"RBDI":null,"Results":null,"NoSuffix":""},{"Number":"","Street":"williams","Suffix":"st","City":"","State":"","Zip":"01230","StreetName":"Williams St","Address":null,"StateName":null,"Zip4":null,"MAK":null,"AddressType":null,"RBDI":null,"Results":null,"NoSuffix":""},{"Number":"","Street":"windemere","Suffix":"dr","City":"","State":"","Zip":"01230","StreetName":"Windemere Dr","Address":null,"StateName":null,"Zip4":null,"MAK":null,"AddressType":null,"RBDI":null,"Results":null,"NoSuffix":""},{"Number":"","Street":"woodbeck","Suffix":"rd","City":"","State":"","Zip":"01230","StreetName":"Woodbeck Rd","Address":null,"StateName":null,"Zip4":null,"MAK":null,"AddressType":null,"RBDI":null,"Results":null,"NoSuffix":""},{"Number":"","Street":"woodleigh","Suffix":"rd","City":"","State":"","Zip":"01230","StreetName":"Woodleigh Rd","Address":null,"StateName":null,"Zip4":null,"MAK":null,"AddressType":null,"RBDI":null,"Results":null,"NoSuffix":""},{"Number":"","Street":"wright","Suffix":"ln","City":"","State":"","Zip":"01230","StreetName":"Wright Ln","Address":null,"StateName":null,"Zip4":null,"MAK":null,"AddressType":null,"RBDI":null,"Results":null,"NoSuffix":""},{"Number":"","Street":"wyantenuck","Suffix":"st","City":"","State":"","Zip":"01230","StreetName":"Wyantenuck St","Address":null,"StateName":null,"Zip4":null,"MAK":null,"AddressType":null,"RBDI":null,"Results":null,"NoSuffix":""}]