[{"Number":"","Street":"abby","Suffix":"st","City":"","State":"","Zip":"01606","StreetName":"Abby St","Address":null,"StateName":null,"Zip4":null,"MAK":null,"AddressType":null,"RBDI":null,"Results":null,"NoSuffix":""},{"Number":"","Street":"acushnet","Suffix":"ave","City":"","State":"","Zip":"01606","StreetName":"Acushnet Ave","Address":null,"StateName":null,"Zip4":null,"MAK":null,"AddressType":null,"RBDI":null,"Results":null,"NoSuffix":""},{"Number":"","Street":"adelaide","Suffix":"cir","City":"","State":"","Zip":"01606","StreetName":"Adelaide Cir","Address":null,"StateName":null,"Zip4":null,"MAK":null,"AddressType":null,"RBDI":null,"Results":null,"NoSuffix":""},{"Number":"","Street":"airlie","Suffix":"st","City":"","State":"","Zip":"01606","StreetName":"Airlie St","Address":null,"StateName":null,"Zip4":null,"MAK":null,"AddressType":null,"RBDI":null,"Results":null,"NoSuffix":""},{"Number":"","Street":"alder","Suffix":"st","City":"","State":"","Zip":"01606","StreetName":"Alder St","Address":null,"StateName":null,"Zip4":null,"MAK":null,"AddressType":null,"RBDI":null,"Results":null,"NoSuffix":""},{"Number":"","Street":"alexander","Suffix":"rd","City":"","State":"","Zip":"01606","StreetName":"Alexander Rd","Address":null,"StateName":null,"Zip4":null,"MAK":null,"AddressType":null,"RBDI":null,"Results":null,"NoSuffix":""},{"Number":"","Street":"allison","Suffix":"cir","City":"","State":"","Zip":"01606","StreetName":"Allison Cir","Address":null,"StateName":null,"Zip4":null,"MAK":null,"AddressType":null,"RBDI":null,"Results":null,"NoSuffix":""},{"Number":"","Street":"andover","Suffix":"st","City":"","State":"","Zip":"01606","StreetName":"Andover St","Address":null,"StateName":null,"Zip4":null,"MAK":null,"AddressType":null,"RBDI":null,"Results":null,"NoSuffix":""},{"Number":"","Street":"anson","Suffix":"st","City":"","State":"","Zip":"01606","StreetName":"Anson St","Address":null,"StateName":null,"Zip4":null,"MAK":null,"AddressType":null,"RBDI":null,"Results":null,"NoSuffix":""},{"Number":"","Street":"apthorp","Suffix":"st","City":"","State":"","Zip":"01606","StreetName":"Apthorp St","Address":null,"StateName":null,"Zip4":null,"MAK":null,"AddressType":null,"RBDI":null,"Results":null,"NoSuffix":""},{"Number":"","Street":"arapaho","Suffix":"rd","City":"","State":"","Zip":"01606","StreetName":"Arapaho Rd","Address":null,"StateName":null,"Zip4":null,"MAK":null,"AddressType":null,"RBDI":null,"Results":null,"NoSuffix":""},{"Number":"","Street":"ararat","Suffix":"st","City":"","State":"","Zip":"01606","StreetName":"Ararat St","Address":null,"StateName":null,"Zip4":null,"MAK":null,"AddressType":null,"RBDI":null,"Results":null,"NoSuffix":""},{"Number":"","Street":"arbutus","Suffix":"rd","City":"","State":"","Zip":"01606","StreetName":"Arbutus Rd","Address":null,"StateName":null,"Zip4":null,"MAK":null,"AddressType":null,"RBDI":null,"Results":null,"NoSuffix":""},{"Number":"","Street":"arden","Suffix":"ct","City":"","State":"","Zip":"01606","StreetName":"Arden Ct","Address":null,"StateName":null,"Zip4":null,"MAK":null,"AddressType":null,"RBDI":null,"Results":null,"NoSuffix":""},{"Number":"","Street":"arden","Suffix":"rd","City":"","State":"","Zip":"01606","StreetName":"Arden Rd","Address":null,"StateName":null,"Zip4":null,"MAK":null,"AddressType":null,"RBDI":null,"Results":null,"NoSuffix":""},{"Number":"","Street":"arena","Suffix":"st","City":"","State":"","Zip":"01606","StreetName":"Arena St","Address":null,"StateName":null,"Zip4":null,"MAK":null,"AddressType":null,"RBDI":null,"Results":null,"NoSuffix":""},{"Number":"","Street":"aroostook","Suffix":"st","City":"","State":"","Zip":"01606","StreetName":"Aroostook St","Address":null,"StateName":null,"Zip4":null,"MAK":null,"AddressType":null,"RBDI":null,"Results":null,"NoSuffix":""},{"Number":"","Street":"arrowsic","Suffix":"st","City":"","State":"","Zip":"01606","StreetName":"Arrowsic St","Address":null,"StateName":null,"Zip4":null,"MAK":null,"AddressType":null,"RBDI":null,"Results":null,"NoSuffix":""},{"Number":"","Street":"ascadilla","Suffix":"rd","City":"","State":"","Zip":"01606","StreetName":"Ascadilla Rd","Address":null,"StateName":null,"Zip4":null,"MAK":null,"AddressType":null,"RBDI":null,"Results":null,"NoSuffix":""},{"Number":"","Street":"assumption","Suffix":"ave","City":"","State":"","Zip":"01606","StreetName":"Assumption Ave","Address":null,"StateName":null,"Zip4":null,"MAK":null,"AddressType":null,"RBDI":null,"Results":null,"NoSuffix":""},{"Number":"","Street":"barber","Suffix":"ave","City":"","State":"","Zip":"01606","StreetName":"Barber Ave","Address":null,"StateName":null,"Zip4":null,"MAK":null,"AddressType":null,"RBDI":null,"Results":null,"NoSuffix":""},{"Number":"","Street":"bay state","Suffix":"rd","City":"","State":"","Zip":"01606","StreetName":"Bay State Rd","Address":null,"StateName":null,"Zip4":null,"MAK":null,"AddressType":null,"RBDI":null,"Results":null,"NoSuffix":""},{"Number":"","Street":"bayberry","Suffix":"rd","City":"","State":"","Zip":"01606","StreetName":"Bayberry Rd","Address":null,"StateName":null,"Zip4":null,"MAK":null,"AddressType":null,"RBDI":null,"Results":null,"NoSuffix":""},{"Number":"","Street":"beale","Suffix":"st","City":"","State":"","Zip":"01606","StreetName":"Beale St","Address":null,"StateName":null,"Zip4":null,"MAK":null,"AddressType":null,"RBDI":null,"Results":null,"NoSuffix":""},{"Number":"","Street":"beamon","Suffix":"ave","City":"","State":"","Zip":"01606","StreetName":"Beamon Ave","Address":null,"StateName":null,"Zip4":null,"MAK":null,"AddressType":null,"RBDI":null,"Results":null,"NoSuffix":""},{"Number":"","Street":"bellingham","Suffix":"rd","City":"","State":"","Zip":"01606","StreetName":"Bellingham Rd","Address":null,"StateName":null,"Zip4":null,"MAK":null,"AddressType":null,"RBDI":null,"Results":null,"NoSuffix":""},{"Number":"","Street":"bergstrom","Suffix":"rd","City":"","State":"","Zip":"01606","StreetName":"Bergstrom Rd","Address":null,"StateName":null,"Zip4":null,"MAK":null,"AddressType":null,"RBDI":null,"Results":null,"NoSuffix":""},{"Number":"","Street":"birch hill","Suffix":"rd","City":"","State":"","Zip":"01606","StreetName":"Birch Hill Rd","Address":null,"StateName":null,"Zip4":null,"MAK":null,"AddressType":null,"RBDI":null,"Results":null,"NoSuffix":""},{"Number":"","Street":"birchbrush","Suffix":"ln","City":"","State":"","Zip":"01606","StreetName":"Birchbrush Ln","Address":null,"StateName":null,"Zip4":null,"MAK":null,"AddressType":null,"RBDI":null,"Results":null,"NoSuffix":""},{"Number":"","Street":"birmingham","Suffix":"rd","City":"","State":"","Zip":"01606","StreetName":"Birmingham Rd","Address":null,"StateName":null,"Zip4":null,"MAK":null,"AddressType":null,"RBDI":null,"Results":null,"NoSuffix":""},{"Number":"","Street":"blue bell","Suffix":"rd","City":"","State":"","Zip":"01606","StreetName":"Blue Bell Rd","Address":null,"StateName":null,"Zip4":null,"MAK":null,"AddressType":null,"RBDI":null,"Results":null,"NoSuffix":""},{"Number":"","Street":"blue hill","Suffix":"rd","City":"","State":"","Zip":"01606","StreetName":"Blue Hill Rd","Address":null,"StateName":null,"Zip4":null,"MAK":null,"AddressType":null,"RBDI":null,"Results":null,"NoSuffix":""},{"Number":"","Street":"boardman","Suffix":"st","City":"","State":"","Zip":"01606","StreetName":"Boardman St","Address":null,"StateName":null,"Zip4":null,"MAK":null,"AddressType":null,"RBDI":null,"Results":null,"NoSuffix":""},{"Number":"","Street":"bonnybrook","Suffix":"rd","City":"","State":"","Zip":"01606","StreetName":"Bonnybrook Rd","Address":null,"StateName":null,"Zip4":null,"MAK":null,"AddressType":null,"RBDI":null,"Results":null,"NoSuffix":""},{"Number":"","Street":"bourne","Suffix":"st","City":"","State":"","Zip":"01606","StreetName":"Bourne St","Address":null,"StateName":null,"Zip4":null,"MAK":null,"AddressType":null,"RBDI":null,"Results":null,"NoSuffix":""},{"Number":"","Street":"boxford","Suffix":"st","City":"","State":"","Zip":"01606","StreetName":"Boxford St","Address":null,"StateName":null,"Zip4":null,"MAK":null,"AddressType":null,"RBDI":null,"Results":null,"NoSuffix":""},{"Number":"","Street":"boyd","Suffix":"st","City":"","State":"","Zip":"01606","StreetName":"Boyd St","Address":null,"StateName":null,"Zip4":null,"MAK":null,"AddressType":null,"RBDI":null,"Results":null,"NoSuffix":""},{"Number":"","Street":"boylston","Suffix":"dr","City":"","State":"","Zip":"01606","StreetName":"Boylston Dr","Address":null,"StateName":null,"Zip4":null,"MAK":null,"AddressType":null,"RBDI":null,"Results":null,"NoSuffix":""},{"Number":"","Street":"boylston","Suffix":"st","City":"","State":"","Zip":"01606","StreetName":"Boylston St","Address":null,"StateName":null,"Zip4":null,"MAK":null,"AddressType":null,"RBDI":null,"Results":null,"NoSuffix":""},{"Number":"","Street":"boylston","Suffix":"ter","City":"","State":"","Zip":"01606","StreetName":"Boylston Ter","Address":null,"StateName":null,"Zip4":null,"MAK":null,"AddressType":null,"RBDI":null,"Results":null,"NoSuffix":""},{"Number":"","Street":"brandon","Suffix":"rd","City":"","State":"","Zip":"01606","StreetName":"Brandon Rd","Address":null,"StateName":null,"Zip4":null,"MAK":null,"AddressType":null,"RBDI":null,"Results":null,"NoSuffix":""},{"Number":"","Street":"brattle","Suffix":"st","City":"","State":"","Zip":"01606","StreetName":"Brattle St","Address":null,"StateName":null,"Zip4":null,"MAK":null,"AddressType":null,"RBDI":null,"Results":null,"NoSuffix":""},{"Number":"","Street":"briar","Suffix":"ln","City":"","State":"","Zip":"01606","StreetName":"Briar Ln","Address":null,"StateName":null,"Zip4":null,"MAK":null,"AddressType":null,"RBDI":null,"Results":null,"NoSuffix":""},{"Number":"","Street":"briarwood","Suffix":"cir","City":"","State":"","Zip":"01606","StreetName":"Briarwood Cir","Address":null,"StateName":null,"Zip4":null,"MAK":null,"AddressType":null,"RBDI":null,"Results":null,"NoSuffix":""},{"Number":"","Street":"briarwood","Suffix":"ter","City":"","State":"","Zip":"01606","StreetName":"Briarwood Ter","Address":null,"StateName":null,"Zip4":null,"MAK":null,"AddressType":null,"RBDI":null,"Results":null,"NoSuffix":""},{"Number":"","Street":"brighton","Suffix":"rd","City":"","State":"","Zip":"01606","StreetName":"Brighton Rd","Address":null,"StateName":null,"Zip4":null,"MAK":null,"AddressType":null,"RBDI":null,"Results":null,"NoSuffix":""},{"Number":"","Street":"bristol","Suffix":"st","City":"","State":"","Zip":"01606","StreetName":"Bristol St","Address":null,"StateName":null,"Zip4":null,"MAK":null,"AddressType":null,"RBDI":null,"Results":null,"NoSuffix":""},{"Number":"","Street":"brookhaven","Suffix":"rd","City":"","State":"","Zip":"01606","StreetName":"Brookhaven Rd","Address":null,"StateName":null,"Zip4":null,"MAK":null,"AddressType":null,"RBDI":null,"Results":null,"NoSuffix":""},{"Number":"","Street":"brookman","Suffix":"st","City":"","State":"","Zip":"01606","StreetName":"Brookman St","Address":null,"StateName":null,"Zip4":null,"MAK":null,"AddressType":null,"RBDI":null,"Results":null,"NoSuffix":""},{"Number":"","Street":"brooks","Suffix":"st","City":"","State":"","Zip":"01606","StreetName":"Brooks St","Address":null,"StateName":null,"Zip4":null,"MAK":null,"AddressType":null,"RBDI":null,"Results":null,"NoSuffix":""},{"Number":"","Street":"burncoat","Suffix":"hts","City":"","State":"","Zip":"01606","StreetName":"Burncoat Hts","Address":null,"StateName":null,"Zip4":null,"MAK":null,"AddressType":null,"RBDI":null,"Results":null,"NoSuffix":""},{"Number":"","Street":"burncoat","Suffix":"st","City":"","State":"","Zip":"01606","StreetName":"Burncoat St","Address":null,"StateName":null,"Zip4":null,"MAK":null,"AddressType":null,"RBDI":null,"Results":null,"NoSuffix":""},{"Number":"","Street":"button","Suffix":"st","City":"","State":"","Zip":"01606","StreetName":"Button St","Address":null,"StateName":null,"Zip4":null,"MAK":null,"AddressType":null,"RBDI":null,"Results":null,"NoSuffix":""},{"Number":"","Street":"byron","Suffix":"st","City":"","State":"","Zip":"01606","StreetName":"Byron St","Address":null,"StateName":null,"Zip4":null,"MAK":null,"AddressType":null,"RBDI":null,"Results":null,"NoSuffix":""},{"Number":"","Street":"calumet","Suffix":"ave","City":"","State":"","Zip":"01606","StreetName":"Calumet Ave","Address":null,"StateName":null,"Zip4":null,"MAK":null,"AddressType":null,"RBDI":null,"Results":null,"NoSuffix":""},{"Number":"","Street":"candlewood","Suffix":"pl","City":"","State":"","Zip":"01606","StreetName":"Candlewood Pl","Address":null,"StateName":null,"Zip4":null,"MAK":null,"AddressType":null,"RBDI":null,"Results":null,"NoSuffix":""},{"Number":"","Street":"capitol","Suffix":"st","City":"","State":"","Zip":"01606","StreetName":"Capitol St","Address":null,"StateName":null,"Zip4":null,"MAK":null,"AddressType":null,"RBDI":null,"Results":null,"NoSuffix":""},{"Number":"","Street":"carriage house","Suffix":"ln","City":"","State":"","Zip":"01606","StreetName":"Carriage House Ln","Address":null,"StateName":null,"Zip4":null,"MAK":null,"AddressType":null,"RBDI":null,"Results":null,"NoSuffix":""},{"Number":"","Street":"castine","Suffix":"st","City":"","State":"","Zip":"01606","StreetName":"Castine St","Address":null,"StateName":null,"Zip4":null,"MAK":null,"AddressType":null,"RBDI":null,"Results":null,"NoSuffix":""},{"Number":"","Street":"cataumet","Suffix":"st","City":"","State":"","Zip":"01606","StreetName":"Cataumet St","Address":null,"StateName":null,"Zip4":null,"MAK":null,"AddressType":null,"RBDI":null,"Results":null,"NoSuffix":""},{"Number":"","Street":"century","Suffix":"dr","City":"","State":"","Zip":"01606","StreetName":"Century Dr","Address":null,"StateName":null,"Zip4":null,"MAK":null,"AddressType":null,"RBDI":null,"Results":null,"NoSuffix":""},{"Number":"","Street":"chambers","Suffix":"st","City":"","State":"","Zip":"01606","StreetName":"Chambers St","Address":null,"StateName":null,"Zip4":null,"MAK":null,"AddressType":null,"RBDI":null,"Results":null,"NoSuffix":""},{"Number":"","Street":"chatham village","Suffix":"rd","City":"","State":"","Zip":"01606","StreetName":"Chatham Village Rd","Address":null,"StateName":null,"Zip4":null,"MAK":null,"AddressType":null,"RBDI":null,"Results":null,"NoSuffix":""},{"Number":"","Street":"cherokee","Suffix":"rd","City":"","State":"","Zip":"01606","StreetName":"Cherokee Rd","Address":null,"StateName":null,"Zip4":null,"MAK":null,"AddressType":null,"RBDI":null,"Results":null,"NoSuffix":""},{"Number":"","Street":"cheshire","Suffix":"rd","City":"","State":"","Zip":"01606","StreetName":"Cheshire Rd","Address":null,"StateName":null,"Zip4":null,"MAK":null,"AddressType":null,"RBDI":null,"Results":null,"NoSuffix":""},{"Number":"","Street":"chevy chase","Suffix":"rd","City":"","State":"","Zip":"01606","StreetName":"Chevy Chase Rd","Address":null,"StateName":null,"Zip4":null,"MAK":null,"AddressType":null,"RBDI":null,"Results":null,"NoSuffix":""},{"Number":"","Street":"cheyenne","Suffix":"rd","City":"","State":"","Zip":"01606","StreetName":"Cheyenne Rd","Address":null,"StateName":null,"Zip4":null,"MAK":null,"AddressType":null,"RBDI":null,"Results":null,"NoSuffix":""},{"Number":"","Street":"christine","Suffix":"st","City":"","State":"","Zip":"01606","StreetName":"Christine St","Address":null,"StateName":null,"Zip4":null,"MAK":null,"AddressType":null,"RBDI":null,"Results":null,"NoSuffix":""},{"Number":"","Street":"christy","Suffix":"ct","City":"","State":"","Zip":"01606","StreetName":"Christy Ct","Address":null,"StateName":null,"Zip4":null,"MAK":null,"AddressType":null,"RBDI":null,"Results":null,"NoSuffix":""},{"Number":"","Street":"claffey","Suffix":"ave","City":"","State":"","Zip":"01606","StreetName":"Claffey Ave","Address":null,"StateName":null,"Zip4":null,"MAK":null,"AddressType":null,"RBDI":null,"Results":null,"NoSuffix":""},{"Number":"","Street":"clara","Suffix":"st","City":"","State":"","Zip":"01606","StreetName":"Clara St","Address":null,"StateName":null,"Zip4":null,"MAK":null,"AddressType":null,"RBDI":null,"Results":null,"NoSuffix":""},{"Number":"","Street":"claridge","Suffix":"rd","City":"","State":"","Zip":"01606","StreetName":"Claridge Rd","Address":null,"StateName":null,"Zip4":null,"MAK":null,"AddressType":null,"RBDI":null,"Results":null,"NoSuffix":""},{"Number":"","Street":"clark","Suffix":"rd","City":"","State":"","Zip":"01606","StreetName":"Clark Rd","Address":null,"StateName":null,"Zip4":null,"MAK":null,"AddressType":null,"RBDI":null,"Results":null,"NoSuffix":""},{"Number":"","Street":"clark","Suffix":"st","City":"","State":"","Zip":"01606","StreetName":"Clark St","Address":null,"StateName":null,"Zip4":null,"MAK":null,"AddressType":null,"RBDI":null,"Results":null,"NoSuffix":""},{"Number":"","Street":"clason","Suffix":"rd","City":"","State":"","Zip":"01606","StreetName":"Clason Rd","Address":null,"StateName":null,"Zip4":null,"MAK":null,"AddressType":null,"RBDI":null,"Results":null,"NoSuffix":""},{"Number":"","Street":"cliveden","Suffix":"st","City":"","State":"","Zip":"01606","StreetName":"Cliveden St","Address":null,"StateName":null,"Zip4":null,"MAK":null,"AddressType":null,"RBDI":null,"Results":null,"NoSuffix":""},{"Number":"","Street":"cobblestone","Suffix":"ln","City":"","State":"","Zip":"01606","StreetName":"Cobblestone Ln","Address":null,"StateName":null,"Zip4":null,"MAK":null,"AddressType":null,"RBDI":null,"Results":null,"NoSuffix":""},{"Number":"","Street":"collins","Suffix":"st","City":"","State":"","Zip":"01606","StreetName":"Collins St","Address":null,"StateName":null,"Zip4":null,"MAK":null,"AddressType":null,"RBDI":null,"Results":null,"NoSuffix":""},{"Number":"","Street":"corinth","Suffix":"dr","City":"","State":"","Zip":"01606","StreetName":"Corinth Dr","Address":null,"StateName":null,"Zip4":null,"MAK":null,"AddressType":null,"RBDI":null,"Results":null,"NoSuffix":""},{"Number":"","Street":"cotuit","Suffix":"st","City":"","State":"","Zip":"01606","StreetName":"Cotuit St","Address":null,"StateName":null,"Zip4":null,"MAK":null,"AddressType":null,"RBDI":null,"Results":null,"NoSuffix":""},{"Number":"","Street":"coventry","Suffix":"rd","City":"","State":"","Zip":"01606","StreetName":"Coventry Rd","Address":null,"StateName":null,"Zip4":null,"MAK":null,"AddressType":null,"RBDI":null,"Results":null,"NoSuffix":""},{"Number":"","Street":"cranston","Suffix":"st","City":"","State":"","Zip":"01606","StreetName":"Cranston St","Address":null,"StateName":null,"Zip4":null,"MAK":null,"AddressType":null,"RBDI":null,"Results":null,"NoSuffix":""},{"Number":"","Street":"crerie","Suffix":"ave","City":"","State":"","Zip":"01606","StreetName":"Crerie Ave","Address":null,"StateName":null,"Zip4":null,"MAK":null,"AddressType":null,"RBDI":null,"Results":null,"NoSuffix":""},{"Number":"","Street":"croydon","Suffix":"rd","City":"","State":"","Zip":"01606","StreetName":"Croydon Rd","Address":null,"StateName":null,"Zip4":null,"MAK":null,"AddressType":null,"RBDI":null,"Results":null,"NoSuffix":""},{"Number":"","Street":"cumberland","Suffix":"st","City":"","State":"","Zip":"01606","StreetName":"Cumberland St","Address":null,"StateName":null,"Zip4":null,"MAK":null,"AddressType":null,"RBDI":null,"Results":null,"NoSuffix":""},{"Number":"","Street":"cutoff","Suffix":"","City":"","State":"","Zip":"01606","StreetName":"Cutoff","Address":null,"StateName":null,"Zip4":null,"MAK":null,"AddressType":null,"RBDI":null,"Results":null,"NoSuffix":"t"},{"Number":"","Street":"cutting","Suffix":"ave","City":"","State":"","Zip":"01606","StreetName":"Cutting Ave","Address":null,"StateName":null,"Zip4":null,"MAK":null,"AddressType":null,"RBDI":null,"Results":null,"NoSuffix":""},{"Number":"","Street":"darnell","Suffix":"rd","City":"","State":"","Zip":"01606","StreetName":"Darnell Rd","Address":null,"StateName":null,"Zip4":null,"MAK":null,"AddressType":null,"RBDI":null,"Results":null,"NoSuffix":""},{"Number":"","Street":"darrow","Suffix":"st","City":"","State":"","Zip":"01606","StreetName":"Darrow St","Address":null,"StateName":null,"Zip4":null,"MAK":null,"AddressType":null,"RBDI":null,"Results":null,"NoSuffix":""},{"Number":"","Street":"deepdale","Suffix":"rd","City":"","State":"","Zip":"01606","StreetName":"Deepdale Rd","Address":null,"StateName":null,"Zip4":null,"MAK":null,"AddressType":null,"RBDI":null,"Results":null,"NoSuffix":""},{"Number":"","Street":"delaval","Suffix":"rd","City":"","State":"","Zip":"01606","StreetName":"Delaval Rd","Address":null,"StateName":null,"Zip4":null,"MAK":null,"AddressType":null,"RBDI":null,"Results":null,"NoSuffix":""},{"Number":"","Street":"dennis","Suffix":"dr","City":"","State":"","Zip":"01606","StreetName":"Dennis Dr","Address":null,"StateName":null,"Zip4":null,"MAK":null,"AddressType":null,"RBDI":null,"Results":null,"NoSuffix":""},{"Number":"","Street":"devens","Suffix":"rd","City":"","State":"","Zip":"01606","StreetName":"Devens Rd","Address":null,"StateName":null,"Zip4":null,"MAK":null,"AddressType":null,"RBDI":null,"Results":null,"NoSuffix":""},{"Number":"","Street":"dixfield","Suffix":"rd","City":"","State":"","Zip":"01606","StreetName":"Dixfield Rd","Address":null,"StateName":null,"Zip4":null,"MAK":null,"AddressType":null,"RBDI":null,"Results":null,"NoSuffix":""},{"Number":"","Street":"dixfield","Suffix":"st","City":"","State":"","Zip":"01606","StreetName":"Dixfield St","Address":null,"StateName":null,"Zip4":null,"MAK":null,"AddressType":null,"RBDI":null,"Results":null,"NoSuffix":""},{"Number":"","Street":"dodge","Suffix":"ave","City":"","State":"","Zip":"01606","StreetName":"Dodge Ave","Address":null,"StateName":null,"Zip4":null,"MAK":null,"AddressType":null,"RBDI":null,"Results":null,"NoSuffix":""},{"Number":"","Street":"dogwood","Suffix":"rd","City":"","State":"","Zip":"01606","StreetName":"Dogwood Rd","Address":null,"StateName":null,"Zip4":null,"MAK":null,"AddressType":null,"RBDI":null,"Results":null,"NoSuffix":""},{"Number":"","Street":"dolan","Suffix":"st","City":"","State":"","Zip":"01606","StreetName":"Dolan St","Address":null,"StateName":null,"Zip4":null,"MAK":null,"AddressType":null,"RBDI":null,"Results":null,"NoSuffix":""},{"Number":"","Street":"doran","Suffix":"rd","City":"","State":"","Zip":"01606","StreetName":"Doran Rd","Address":null,"StateName":null,"Zip4":null,"MAK":null,"AddressType":null,"RBDI":null,"Results":null,"NoSuffix":""},{"Number":"","Street":"doris","Suffix":"st","City":"","State":"","Zip":"01606","StreetName":"Doris St","Address":null,"StateName":null,"Zip4":null,"MAK":null,"AddressType":null,"RBDI":null,"Results":null,"NoSuffix":""},{"Number":"","Street":"dorothy","Suffix":"ave","City":"","State":"","Zip":"01606","StreetName":"Dorothy Ave","Address":null,"StateName":null,"Zip4":null,"MAK":null,"AddressType":null,"RBDI":null,"Results":null,"NoSuffix":""},{"Number":"","Street":"doyle","Suffix":"st","City":"","State":"","Zip":"01606","StreetName":"Doyle St","Address":null,"StateName":null,"Zip4":null,"MAK":null,"AddressType":null,"RBDI":null,"Results":null,"NoSuffix":""},{"Number":"","Street":"dundee","Suffix":"ct","City":"","State":"","Zip":"01606","StreetName":"Dundee Ct","Address":null,"StateName":null,"Zip4":null,"MAK":null,"AddressType":null,"RBDI":null,"Results":null,"NoSuffix":""},{"Number":"","Street":"eames","Suffix":"rd","City":"","State":"","Zip":"01606","StreetName":"Eames Rd","Address":null,"StateName":null,"Zip4":null,"MAK":null,"AddressType":null,"RBDI":null,"Results":null,"NoSuffix":""},{"Number":"","Street":"ellestuen","Suffix":"rd","City":"","State":"","Zip":"01606","StreetName":"Ellestuen Rd","Address":null,"StateName":null,"Zip4":null,"MAK":null,"AddressType":null,"RBDI":null,"Results":null,"NoSuffix":""},{"Number":"","Street":"elnora","Suffix":"dr","City":"","State":"","Zip":"01606","StreetName":"Elnora Dr","Address":null,"StateName":null,"Zip4":null,"MAK":null,"AddressType":null,"RBDI":null,"Results":null,"NoSuffix":""},{"Number":"","Street":"emerson","Suffix":"rd","City":"","State":"","Zip":"01606","StreetName":"Emerson Rd","Address":null,"StateName":null,"Zip4":null,"MAK":null,"AddressType":null,"RBDI":null,"Results":null,"NoSuffix":""},{"Number":"","Street":"emily","Suffix":"st","City":"","State":"","Zip":"01606","StreetName":"Emily St","Address":null,"StateName":null,"Zip4":null,"MAK":null,"AddressType":null,"RBDI":null,"Results":null,"NoSuffix":""},{"Number":"","Street":"enaya","Suffix":"cir","City":"","State":"","Zip":"01606","StreetName":"Enaya Cir","Address":null,"StateName":null,"Zip4":null,"MAK":null,"AddressType":null,"RBDI":null,"Results":null,"NoSuffix":""},{"Number":"","Street":"ericsson","Suffix":"st","City":"","State":"","Zip":"01606","StreetName":"Ericsson St","Address":null,"StateName":null,"Zip4":null,"MAK":null,"AddressType":null,"RBDI":null,"Results":null,"NoSuffix":""},{"Number":"","Street":"estabrook","Suffix":"rd","City":"","State":"","Zip":"01606","StreetName":"Estabrook Rd","Address":null,"StateName":null,"Zip4":null,"MAK":null,"AddressType":null,"RBDI":null,"Results":null,"NoSuffix":""},{"Number":"","Street":"eunice","Suffix":"ave","City":"","State":"","Zip":"01606","StreetName":"Eunice Ave","Address":null,"StateName":null,"Zip4":null,"MAK":null,"AddressType":null,"RBDI":null,"Results":null,"NoSuffix":""},{"Number":"","Street":"eustis","Suffix":"st","City":"","State":"","Zip":"01606","StreetName":"Eustis St","Address":null,"StateName":null,"Zip4":null,"MAK":null,"AddressType":null,"RBDI":null,"Results":null,"NoSuffix":""},{"Number":"","Street":"fairhaven","Suffix":"rd","City":"","State":"","Zip":"01606","StreetName":"Fairhaven Rd","Address":null,"StateName":null,"Zip4":null,"MAK":null,"AddressType":null,"RBDI":null,"Results":null,"NoSuffix":""},{"Number":"","Street":"fales","Suffix":"st","City":"","State":"","Zip":"01606","StreetName":"Fales St","Address":null,"StateName":null,"Zip4":null,"MAK":null,"AddressType":null,"RBDI":null,"Results":null,"NoSuffix":""},{"Number":"","Street":"fatima","Suffix":"ln","City":"","State":"","Zip":"01606","StreetName":"Fatima Ln","Address":null,"StateName":null,"Zip4":null,"MAK":null,"AddressType":null,"RBDI":null,"Results":null,"NoSuffix":""},{"Number":"","Street":"florida","Suffix":"ave","City":"","State":"","Zip":"01606","StreetName":"Florida Ave","Address":null,"StateName":null,"Zip4":null,"MAK":null,"AddressType":null,"RBDI":null,"Results":null,"NoSuffix":""},{"Number":"","Street":"francis","Suffix":"st","City":"","State":"","Zip":"01606","StreetName":"Francis St","Address":null,"StateName":null,"Zip4":null,"MAK":null,"AddressType":null,"RBDI":null,"Results":null,"NoSuffix":""},{"Number":"","Street":"fraternal","Suffix":"ave","City":"","State":"","Zip":"01606","StreetName":"Fraternal Ave","Address":null,"StateName":null,"Zip4":null,"MAK":null,"AddressType":null,"RBDI":null,"Results":null,"NoSuffix":""},{"Number":"","Street":"frederickson","Suffix":"ave","City":"","State":"","Zip":"01606","StreetName":"Frederickson Ave","Address":null,"StateName":null,"Zip4":null,"MAK":null,"AddressType":null,"RBDI":null,"Results":null,"NoSuffix":""},{"Number":"","Street":"garrison","Suffix":"ave","City":"","State":"","Zip":"01606","StreetName":"Garrison Ave","Address":null,"StateName":null,"Zip4":null,"MAK":null,"AddressType":null,"RBDI":null,"Results":null,"NoSuffix":""},{"Number":"","Street":"gifford","Suffix":"dr","City":"","State":"","Zip":"01606","StreetName":"Gifford Dr","Address":null,"StateName":null,"Zip4":null,"MAK":null,"AddressType":null,"RBDI":null,"Results":null,"NoSuffix":""},{"Number":"","Street":"gold star","Suffix":"blvd","City":"","State":"","Zip":"01606","StreetName":"Gold Star Blvd","Address":null,"StateName":null,"Zip4":null,"MAK":null,"AddressType":null,"RBDI":null,"Results":null,"NoSuffix":""},{"Number":"","Street":"good harbor","Suffix":"dr","City":"","State":"","Zip":"01606","StreetName":"Good Harbor Dr","Address":null,"StateName":null,"Zip4":null,"MAK":null,"AddressType":null,"RBDI":null,"Results":null,"NoSuffix":""},{"Number":"","Street":"gosnold","Suffix":"st","City":"","State":"","Zip":"01606","StreetName":"Gosnold St","Address":null,"StateName":null,"Zip4":null,"MAK":null,"AddressType":null,"RBDI":null,"Results":null,"NoSuffix":""},{"Number":"","Street":"gothic","Suffix":"ave","City":"","State":"","Zip":"01606","StreetName":"Gothic Ave","Address":null,"StateName":null,"Zip4":null,"MAK":null,"AddressType":null,"RBDI":null,"Results":null,"NoSuffix":""},{"Number":"","Street":"governors","Suffix":"st","City":"","State":"","Zip":"01606","StreetName":"Governors St","Address":null,"StateName":null,"Zip4":null,"MAK":null,"AddressType":null,"RBDI":null,"Results":null,"NoSuffix":""},{"Number":"","Street":"granville","Suffix":"ave","City":"","State":"","Zip":"01606","StreetName":"Granville Ave","Address":null,"StateName":null,"Zip4":null,"MAK":null,"AddressType":null,"RBDI":null,"Results":null,"NoSuffix":""},{"Number":"","Street":"graystone","Suffix":"cir","City":"","State":"","Zip":"01606","StreetName":"Graystone Cir","Address":null,"StateName":null,"Zip4":null,"MAK":null,"AddressType":null,"RBDI":null,"Results":null,"NoSuffix":""},{"Number":"","Street":"greendale","Suffix":"ave","City":"","State":"","Zip":"01606","StreetName":"Greendale Ave","Address":null,"StateName":null,"Zip4":null,"MAK":null,"AddressType":null,"RBDI":null,"Results":null,"NoSuffix":""},{"Number":"","Street":"guilford","Suffix":"st","City":"","State":"","Zip":"01606","StreetName":"Guilford St","Address":null,"StateName":null,"Zip4":null,"MAK":null,"AddressType":null,"RBDI":null,"Results":null,"NoSuffix":""},{"Number":"","Street":"gunnarson","Suffix":"rd","City":"","State":"","Zip":"01606","StreetName":"Gunnarson Rd","Address":null,"StateName":null,"Zip4":null,"MAK":null,"AddressType":null,"RBDI":null,"Results":null,"NoSuffix":""},{"Number":"","Street":"halcyon","Suffix":"dr","City":"","State":"","Zip":"01606","StreetName":"Halcyon Dr","Address":null,"StateName":null,"Zip4":null,"MAK":null,"AddressType":null,"RBDI":null,"Results":null,"NoSuffix":""},{"Number":"","Street":"harley","Suffix":"dr","City":"","State":"","Zip":"01606","StreetName":"Harley Dr","Address":null,"StateName":null,"Zip4":null,"MAK":null,"AddressType":null,"RBDI":null,"Results":null,"NoSuffix":""},{"Number":"","Street":"hartford","Suffix":"rd","City":"","State":"","Zip":"01606","StreetName":"Hartford Rd","Address":null,"StateName":null,"Zip4":null,"MAK":null,"AddressType":null,"RBDI":null,"Results":null,"NoSuffix":""},{"Number":"","Street":"hartwell","Suffix":"st","City":"","State":"","Zip":"01606","StreetName":"Hartwell St","Address":null,"StateName":null,"Zip4":null,"MAK":null,"AddressType":null,"RBDI":null,"Results":null,"NoSuffix":""},{"Number":"","Street":"hastings","Suffix":"ave","City":"","State":"","Zip":"01606","StreetName":"Hastings Ave","Address":null,"StateName":null,"Zip4":null,"MAK":null,"AddressType":null,"RBDI":null,"Results":null,"NoSuffix":""},{"Number":"","Street":"hastings","Suffix":"rd","City":"","State":"","Zip":"01606","StreetName":"Hastings Rd","Address":null,"StateName":null,"Zip4":null,"MAK":null,"AddressType":null,"RBDI":null,"Results":null,"NoSuffix":""},{"Number":"","Street":"heroult","Suffix":"rd","City":"","State":"","Zip":"01606","StreetName":"Heroult Rd","Address":null,"StateName":null,"Zip4":null,"MAK":null,"AddressType":null,"RBDI":null,"Results":null,"NoSuffix":""},{"Number":"","Street":"higgins","Suffix":"st","City":"","State":"","Zip":"01606","StreetName":"Higgins St","Address":null,"StateName":null,"Zip4":null,"MAK":null,"AddressType":null,"RBDI":null,"Results":null,"NoSuffix":""},{"Number":"","Street":"hilda","Suffix":"st","City":"","State":"","Zip":"01606","StreetName":"Hilda St","Address":null,"StateName":null,"Zip4":null,"MAK":null,"AddressType":null,"RBDI":null,"Results":null,"NoSuffix":""},{"Number":"","Street":"hillcroft","Suffix":"ave","City":"","State":"","Zip":"01606","StreetName":"Hillcroft Ave","Address":null,"StateName":null,"Zip4":null,"MAK":null,"AddressType":null,"RBDI":null,"Results":null,"NoSuffix":""},{"Number":"","Street":"hilma","Suffix":"st","City":"","State":"","Zip":"01606","StreetName":"Hilma St","Address":null,"StateName":null,"Zip4":null,"MAK":null,"AddressType":null,"RBDI":null,"Results":null,"NoSuffix":""},{"Number":"","Street":"hingham","Suffix":"rd","City":"","State":"","Zip":"01606","StreetName":"Hingham Rd","Address":null,"StateName":null,"Zip4":null,"MAK":null,"AddressType":null,"RBDI":null,"Results":null,"NoSuffix":""},{"Number":"","Street":"hockanum","Suffix":"way","City":"","State":"","Zip":"01606","StreetName":"Hockanum Way","Address":null,"StateName":null,"Zip4":null,"MAK":null,"AddressType":null,"RBDI":null,"Results":null,"NoSuffix":""},{"Number":"","Street":"holden","Suffix":"st","City":"","State":"","Zip":"01606","StreetName":"Holden St","Address":null,"StateName":null,"Zip4":null,"MAK":null,"AddressType":null,"RBDI":null,"Results":null,"NoSuffix":""},{"Number":"","Street":"holt","Suffix":"ave","City":"","State":"","Zip":"01606","StreetName":"Holt Ave","Address":null,"StateName":null,"Zip4":null,"MAK":null,"AddressType":null,"RBDI":null,"Results":null,"NoSuffix":""},{"Number":"","Street":"housatonic","Suffix":"st","City":"","State":"","Zip":"01606","StreetName":"Housatonic St","Address":null,"StateName":null,"Zip4":null,"MAK":null,"AddressType":null,"RBDI":null,"Results":null,"NoSuffix":""},{"Number":"","Street":"hunnewell","Suffix":"rd","City":"","State":"","Zip":"01606","StreetName":"Hunnewell Rd","Address":null,"StateName":null,"Zip4":null,"MAK":null,"AddressType":null,"RBDI":null,"Results":null,"NoSuffix":""},{"Number":"","Street":"huntington","Suffix":"ave","City":"","State":"","Zip":"01606","StreetName":"Huntington Ave","Address":null,"StateName":null,"Zip4":null,"MAK":null,"AddressType":null,"RBDI":null,"Results":null,"NoSuffix":""},{"Number":"","Street":"hycrest","Suffix":"dr","City":"","State":"","Zip":"01606","StreetName":"Hycrest Dr","Address":null,"StateName":null,"Zip4":null,"MAK":null,"AddressType":null,"RBDI":null,"Results":null,"NoSuffix":""},{"Number":"","Street":"hyde","Suffix":"st","City":"","State":"","Zip":"01606","StreetName":"Hyde St","Address":null,"StateName":null,"Zip4":null,"MAK":null,"AddressType":null,"RBDI":null,"Results":null,"NoSuffix":""},{"Number":"","Street":"idalla","Suffix":"ave","City":"","State":"","Zip":"01606","StreetName":"Idalla Ave","Address":null,"StateName":null,"Zip4":null,"MAK":null,"AddressType":null,"RBDI":null,"Results":null,"NoSuffix":""},{"Number":"","Street":"idalla","Suffix":"rd","City":"","State":"","Zip":"01606","StreetName":"Idalla Rd","Address":null,"StateName":null,"Zip4":null,"MAK":null,"AddressType":null,"RBDI":null,"Results":null,"NoSuffix":""},{"Number":"","Street":"indian hill","Suffix":"rd","City":"","State":"","Zip":"01606","StreetName":"Indian Hill Rd","Address":null,"StateName":null,"Zip4":null,"MAK":null,"AddressType":null,"RBDI":null,"Results":null,"NoSuffix":""},{"Number":"","Street":"inwood","Suffix":"rd","City":"","State":"","Zip":"01606","StreetName":"Inwood Rd","Address":null,"StateName":null,"Zip4":null,"MAK":null,"AddressType":null,"RBDI":null,"Results":null,"NoSuffix":""},{"Number":"","Street":"isleboro","Suffix":"st","City":"","State":"","Zip":"01606","StreetName":"Isleboro St","Address":null,"StateName":null,"Zip4":null,"MAK":null,"AddressType":null,"RBDI":null,"Results":null,"NoSuffix":""},{"Number":"","Street":"ivernia","Suffix":"rd","City":"","State":"","Zip":"01606","StreetName":"Ivernia Rd","Address":null,"StateName":null,"Zip4":null,"MAK":null,"AddressType":null,"RBDI":null,"Results":null,"NoSuffix":""},{"Number":"","Street":"jeppson","Suffix":"ave","City":"","State":"","Zip":"01606","StreetName":"Jeppson Ave","Address":null,"StateName":null,"Zip4":null,"MAK":null,"AddressType":null,"RBDI":null,"Results":null,"NoSuffix":""},{"Number":"","Street":"jersey","Suffix":"dr","City":"","State":"","Zip":"01606","StreetName":"Jersey Dr","Address":null,"StateName":null,"Zip4":null,"MAK":null,"AddressType":null,"RBDI":null,"Results":null,"NoSuffix":""},{"Number":"","Street":"juneberry","Suffix":"ln","City":"","State":"","Zip":"01606","StreetName":"Juneberry Ln","Address":null,"StateName":null,"Zip4":null,"MAK":null,"AddressType":null,"RBDI":null,"Results":null,"NoSuffix":""},{"Number":"","Street":"kalmar","Suffix":"st","City":"","State":"","Zip":"01606","StreetName":"Kalmar St","Address":null,"StateName":null,"Zip4":null,"MAK":null,"AddressType":null,"RBDI":null,"Results":null,"NoSuffix":""},{"Number":"","Street":"katahdin","Suffix":"st","City":"","State":"","Zip":"01606","StreetName":"Katahdin St","Address":null,"StateName":null,"Zip4":null,"MAK":null,"AddressType":null,"RBDI":null,"Results":null,"NoSuffix":""},{"Number":"","Street":"kendrick","Suffix":"ave","City":"","State":"","Zip":"01606","StreetName":"Kendrick Ave","Address":null,"StateName":null,"Zip4":null,"MAK":null,"AddressType":null,"RBDI":null,"Results":null,"NoSuffix":""},{"Number":"","Street":"kenmore","Suffix":"st","City":"","State":"","Zip":"01606","StreetName":"Kenmore St","Address":null,"StateName":null,"Zip4":null,"MAK":null,"AddressType":null,"RBDI":null,"Results":null,"NoSuffix":""},{"Number":"","Street":"kennebec","Suffix":"st","City":"","State":"","Zip":"01606","StreetName":"Kennebec St","Address":null,"StateName":null,"Zip4":null,"MAK":null,"AddressType":null,"RBDI":null,"Results":null,"NoSuffix":""},{"Number":"","Street":"king philip","Suffix":"rd","City":"","State":"","Zip":"01606","StreetName":"King Philip Rd","Address":null,"StateName":null,"Zip4":null,"MAK":null,"AddressType":null,"RBDI":null,"Results":null,"NoSuffix":""},{"Number":"","Street":"kingsdale","Suffix":"st","City":"","State":"","Zip":"01606","StreetName":"Kingsdale St","Address":null,"StateName":null,"Zip4":null,"MAK":null,"AddressType":null,"RBDI":null,"Results":null,"NoSuffix":""},{"Number":"","Street":"ladybank","Suffix":"rd","City":"","State":"","Zip":"01606","StreetName":"Ladybank Rd","Address":null,"StateName":null,"Zip4":null,"MAK":null,"AddressType":null,"RBDI":null,"Results":null,"NoSuffix":""},{"Number":"","Street":"lanesboro","Suffix":"rd","City":"","State":"","Zip":"01606","StreetName":"Lanesboro Rd","Address":null,"StateName":null,"Zip4":null,"MAK":null,"AddressType":null,"RBDI":null,"Results":null,"NoSuffix":""},{"Number":"","Street":"leeds","Suffix":"st","City":"","State":"","Zip":"01606","StreetName":"Leeds St","Address":null,"StateName":null,"Zip4":null,"MAK":null,"AddressType":null,"RBDI":null,"Results":null,"NoSuffix":""},{"Number":"","Street":"livermore","Suffix":"st","City":"","State":"","Zip":"01606","StreetName":"Livermore St","Address":null,"StateName":null,"Zip4":null,"MAK":null,"AddressType":null,"RBDI":null,"Results":null,"NoSuffix":""},{"Number":"","Street":"longmeadow","Suffix":"ave","City":"","State":"","Zip":"01606","StreetName":"Longmeadow Ave","Address":null,"StateName":null,"Zip4":null,"MAK":null,"AddressType":null,"RBDI":null,"Results":null,"NoSuffix":""},{"Number":"","Street":"longwood","Suffix":"ave","City":"","State":"","Zip":"01606","StreetName":"Longwood Ave","Address":null,"StateName":null,"Zip4":null,"MAK":null,"AddressType":null,"RBDI":null,"Results":null,"NoSuffix":""},{"Number":"","Street":"loring","Suffix":"st","City":"","State":"","Zip":"01606","StreetName":"Loring St","Address":null,"StateName":null,"Zip4":null,"MAK":null,"AddressType":null,"RBDI":null,"Results":null,"NoSuffix":""},{"Number":"","Street":"lorion","Suffix":"ave","City":"","State":"","Zip":"01606","StreetName":"Lorion Ave","Address":null,"StateName":null,"Zip4":null,"MAK":null,"AddressType":null,"RBDI":null,"Results":null,"NoSuffix":""},{"Number":"","Street":"lulea","Suffix":"st","City":"","State":"","Zip":"01606","StreetName":"Lulea St","Address":null,"StateName":null,"Zip4":null,"MAK":null,"AddressType":null,"RBDI":null,"Results":null,"NoSuffix":""},{"Number":"","Street":"lyndale","Suffix":"rd","City":"","State":"","Zip":"01606","StreetName":"Lyndale Rd","Address":null,"StateName":null,"Zip4":null,"MAK":null,"AddressType":null,"RBDI":null,"Results":null,"NoSuffix":""},{"Number":"","Street":"malden","Suffix":"st","City":"","State":"","Zip":"01606","StreetName":"Malden St","Address":null,"StateName":null,"Zip4":null,"MAK":null,"AddressType":null,"RBDI":null,"Results":null,"NoSuffix":""},{"Number":"","Street":"malden","Suffix":"ter","City":"","State":"","Zip":"01606","StreetName":"Malden Ter","Address":null,"StateName":null,"Zip4":null,"MAK":null,"AddressType":null,"RBDI":null,"Results":null,"NoSuffix":""},{"Number":"","Street":"maplewood","Suffix":"ave","City":"","State":"","Zip":"01606","StreetName":"Maplewood Ave","Address":null,"StateName":null,"Zip4":null,"MAK":null,"AddressType":null,"RBDI":null,"Results":null,"NoSuffix":""},{"Number":"","Street":"maranook","Suffix":"rd","City":"","State":"","Zip":"01606","StreetName":"Maranook Rd","Address":null,"StateName":null,"Zip4":null,"MAK":null,"AddressType":null,"RBDI":null,"Results":null,"NoSuffix":""},{"Number":"","Street":"maravista","Suffix":"rd","City":"","State":"","Zip":"01606","StreetName":"Maravista Rd","Address":null,"StateName":null,"Zip4":null,"MAK":null,"AddressType":null,"RBDI":null,"Results":null,"NoSuffix":""},{"Number":"","Street":"marchen","Suffix":"dr","City":"","State":"","Zip":"01606","StreetName":"Marchen Dr","Address":null,"StateName":null,"Zip4":null,"MAK":null,"AddressType":null,"RBDI":null,"Results":null,"NoSuffix":""},{"Number":"","Street":"marconi","Suffix":"rd","City":"","State":"","Zip":"01606","StreetName":"Marconi Rd","Address":null,"StateName":null,"Zip4":null,"MAK":null,"AddressType":null,"RBDI":null,"Results":null,"NoSuffix":""},{"Number":"","Street":"marden","Suffix":"st","City":"","State":"","Zip":"01606","StreetName":"Marden St","Address":null,"StateName":null,"Zip4":null,"MAK":null,"AddressType":null,"RBDI":null,"Results":null,"NoSuffix":""},{"Number":"","Street":"maria","Suffix":"ln","City":"","State":"","Zip":"01606","StreetName":"Maria Ln","Address":null,"StateName":null,"Zip4":null,"MAK":null,"AddressType":null,"RBDI":null,"Results":null,"NoSuffix":""},{"Number":"","Street":"marland","Suffix":"ct","City":"","State":"","Zip":"01606","StreetName":"Marland Ct","Address":null,"StateName":null,"Zip4":null,"MAK":null,"AddressType":null,"RBDI":null,"Results":null,"NoSuffix":""},{"Number":"","Street":"marland","Suffix":"rd","City":"","State":"","Zip":"01606","StreetName":"Marland Rd","Address":null,"StateName":null,"Zip4":null,"MAK":null,"AddressType":null,"RBDI":null,"Results":null,"NoSuffix":""},{"Number":"","Street":"marmion","Suffix":"ave","City":"","State":"","Zip":"01606","StreetName":"Marmion Ave","Address":null,"StateName":null,"Zip4":null,"MAK":null,"AddressType":null,"RBDI":null,"Results":null,"NoSuffix":""},{"Number":"","Street":"marshfield","Suffix":"st","City":"","State":"","Zip":"01606","StreetName":"Marshfield St","Address":null,"StateName":null,"Zip4":null,"MAK":null,"AddressType":null,"RBDI":null,"Results":null,"NoSuffix":""},{"Number":"","Street":"martha","Suffix":"ave","City":"","State":"","Zip":"01606","StreetName":"Martha Ave","Address":null,"StateName":null,"Zip4":null,"MAK":null,"AddressType":null,"RBDI":null,"Results":null,"NoSuffix":""},{"Number":"","Street":"mary ann","Suffix":"dr","City":"","State":"","Zip":"01606","StreetName":"Mary Ann Dr","Address":null,"StateName":null,"Zip4":null,"MAK":null,"AddressType":null,"RBDI":null,"Results":null,"NoSuffix":""},{"Number":"","Street":"matteo","Suffix":"st","City":"","State":"","Zip":"01606","StreetName":"Matteo St","Address":null,"StateName":null,"Zip4":null,"MAK":null,"AddressType":null,"RBDI":null,"Results":null,"NoSuffix":""},{"Number":"","Street":"mattson","Suffix":"ave","City":"","State":"","Zip":"01606","StreetName":"Mattson Ave","Address":null,"StateName":null,"Zip4":null,"MAK":null,"AddressType":null,"RBDI":null,"Results":null,"NoSuffix":""},{"Number":"","Street":"mayflower","Suffix":"cir","City":"","State":"","Zip":"01606","StreetName":"Mayflower Cir","Address":null,"StateName":null,"Zip4":null,"MAK":null,"AddressType":null,"RBDI":null,"Results":null,"NoSuffix":""},{"Number":"","Street":"medfield","Suffix":"st","City":"","State":"","Zip":"01606","StreetName":"Medfield St","Address":null,"StateName":null,"Zip4":null,"MAK":null,"AddressType":null,"RBDI":null,"Results":null,"NoSuffix":""},{"Number":"","Street":"mellor","Suffix":"ave","City":"","State":"","Zip":"01606","StreetName":"Mellor Ave","Address":null,"StateName":null,"Zip4":null,"MAK":null,"AddressType":null,"RBDI":null,"Results":null,"NoSuffix":""},{"Number":"","Street":"meola","Suffix":"ave","City":"","State":"","Zip":"01606","StreetName":"Meola Ave","Address":null,"StateName":null,"Zip4":null,"MAK":null,"AddressType":null,"RBDI":null,"Results":null,"NoSuffix":""},{"Number":"","Street":"merrill","Suffix":"rd","City":"","State":"","Zip":"01606","StreetName":"Merrill Rd","Address":null,"StateName":null,"Zip4":null,"MAK":null,"AddressType":null,"RBDI":null,"Results":null,"NoSuffix":""},{"Number":"","Street":"michigan","Suffix":"rd","City":"","State":"","Zip":"01606","StreetName":"Michigan Rd","Address":null,"StateName":null,"Zip4":null,"MAK":null,"AddressType":null,"RBDI":null,"Results":null,"NoSuffix":""},{"Number":"","Street":"millbrook","Suffix":"st","City":"","State":"","Zip":"01606","StreetName":"Millbrook St","Address":null,"StateName":null,"Zip4":null,"MAK":null,"AddressType":null,"RBDI":null,"Results":null,"NoSuffix":""},{"Number":"","Street":"milton","Suffix":"st","City":"","State":"","Zip":"01606","StreetName":"Milton St","Address":null,"StateName":null,"Zip4":null,"MAK":null,"AddressType":null,"RBDI":null,"Results":null,"NoSuffix":""},{"Number":"","Street":"mohave","Suffix":"rd","City":"","State":"","Zip":"01606","StreetName":"Mohave Rd","Address":null,"StateName":null,"Zip4":null,"MAK":null,"AddressType":null,"RBDI":null,"Results":null,"NoSuffix":""},{"Number":"","Street":"monmouth","Suffix":"ave","City":"","State":"","Zip":"01606","StreetName":"Monmouth Ave","Address":null,"StateName":null,"Zip4":null,"MAK":null,"AddressType":null,"RBDI":null,"Results":null,"NoSuffix":""},{"Number":"","Street":"monomoy","Suffix":"st","City":"","State":"","Zip":"01606","StreetName":"Monomoy St","Address":null,"StateName":null,"Zip4":null,"MAK":null,"AddressType":null,"RBDI":null,"Results":null,"NoSuffix":""},{"Number":"","Street":"monterey","Suffix":"rd","City":"","State":"","Zip":"01606","StreetName":"Monterey Rd","Address":null,"StateName":null,"Zip4":null,"MAK":null,"AddressType":null,"RBDI":null,"Results":null,"NoSuffix":""},{"Number":"","Street":"moody","Suffix":"st","City":"","State":"","Zip":"01606","StreetName":"Moody St","Address":null,"StateName":null,"Zip4":null,"MAK":null,"AddressType":null,"RBDI":null,"Results":null,"NoSuffix":""},{"Number":"","Street":"morgan","Suffix":"st","City":"","State":"","Zip":"01606","StreetName":"Morgan St","Address":null,"StateName":null,"Zip4":null,"MAK":null,"AddressType":null,"RBDI":null,"Results":null,"NoSuffix":""},{"Number":"","Street":"mount","Suffix":"ave","City":"","State":"","Zip":"01606","StreetName":"Mount Ave","Address":null,"StateName":null,"Zip4":null,"MAK":null,"AddressType":null,"RBDI":null,"Results":null,"NoSuffix":""},{"Number":"","Street":"mountain","Suffix":"st","City":"","State":"","Zip":"01606","StreetName":"Mountain St","Address":null,"StateName":null,"Zip4":null,"MAK":null,"AddressType":null,"RBDI":null,"Results":null,"NoSuffix":""},{"Number":"","Street":"mountainshire","Suffix":"dr","City":"","State":"","Zip":"01606","StreetName":"Mountainshire Dr","Address":null,"StateName":null,"Zip4":null,"MAK":null,"AddressType":null,"RBDI":null,"Results":null,"NoSuffix":""},{"Number":"","Street":"myra","Suffix":"ln","City":"","State":"","Zip":"01606","StreetName":"Myra Ln","Address":null,"StateName":null,"Zip4":null,"MAK":null,"AddressType":null,"RBDI":null,"Results":null,"NoSuffix":""},{"Number":"","Street":"naples","Suffix":"rd","City":"","State":"","Zip":"01606","StreetName":"Naples Rd","Address":null,"StateName":null,"Zip4":null,"MAK":null,"AddressType":null,"RBDI":null,"Results":null,"NoSuffix":""},{"Number":"","Street":"nashoba","Suffix":"pl","City":"","State":"","Zip":"01606","StreetName":"Nashoba Pl","Address":null,"StateName":null,"Zip4":null,"MAK":null,"AddressType":null,"RBDI":null,"Results":null,"NoSuffix":""},{"Number":"","Street":"naumaan","Suffix":"ln","City":"","State":"","Zip":"01606","StreetName":"Naumaan Ln","Address":null,"StateName":null,"Zip4":null,"MAK":null,"AddressType":null,"RBDI":null,"Results":null,"NoSuffix":""},{"Number":"","Street":"navajo","Suffix":"rd","City":"","State":"","Zip":"01606","StreetName":"Navajo Rd","Address":null,"StateName":null,"Zip4":null,"MAK":null,"AddressType":null,"RBDI":null,"Results":null,"NoSuffix":""},{"Number":"","Street":"neponset","Suffix":"st","City":"","State":"","Zip":"01606","StreetName":"Neponset St","Address":null,"StateName":null,"Zip4":null,"MAK":null,"AddressType":null,"RBDI":null,"Results":null,"NoSuffix":""},{"Number":"","Street":"new bond","Suffix":"st","City":"","State":"","Zip":"01606","StreetName":"New Bond St","Address":null,"StateName":null,"Zip4":null,"MAK":null,"AddressType":null,"RBDI":null,"Results":null,"NoSuffix":""},{"Number":"","Street":"norrback","Suffix":"ave","City":"","State":"","Zip":"01606","StreetName":"Norrback Ave","Address":null,"StateName":null,"Zip4":null,"MAK":null,"AddressType":null,"RBDI":null,"Results":null,"NoSuffix":""},{"Number":"","Street":"northgate","Suffix":"cir","City":"","State":"","Zip":"01606","StreetName":"Northgate Cir","Address":null,"StateName":null,"Zip4":null,"MAK":null,"AddressType":null,"RBDI":null,"Results":null,"NoSuffix":""},{"Number":"","Street":"norton","Suffix":"dr","City":"","State":"","Zip":"01606","StreetName":"Norton Dr","Address":null,"StateName":null,"Zip4":null,"MAK":null,"AddressType":null,"RBDI":null,"Results":null,"NoSuffix":""},{"Number":"","Street":"oakmont","Suffix":"rd","City":"","State":"","Zip":"01606","StreetName":"Oakmont Rd","Address":null,"StateName":null,"Zip4":null,"MAK":null,"AddressType":null,"RBDI":null,"Results":null,"NoSuffix":""},{"Number":"","Street":"ogden","Suffix":"ter","City":"","State":"","Zip":"01606","StreetName":"Ogden Ter","Address":null,"StateName":null,"Zip4":null,"MAK":null,"AddressType":null,"RBDI":null,"Results":null,"NoSuffix":""},{"Number":"","Street":"olin","Suffix":"st","City":"","State":"","Zip":"01606","StreetName":"Olin St","Address":null,"StateName":null,"Zip4":null,"MAK":null,"AddressType":null,"RBDI":null,"Results":null,"NoSuffix":""},{"Number":"","Street":"onandaga","Suffix":"st","City":"","State":"","Zip":"01606","StreetName":"Onandaga St","Address":null,"StateName":null,"Zip4":null,"MAK":null,"AddressType":null,"RBDI":null,"Results":null,"NoSuffix":""},{"Number":"","Street":"oneida","Suffix":"ave","City":"","State":"","Zip":"01606","StreetName":"Oneida Ave","Address":null,"StateName":null,"Zip4":null,"MAK":null,"AddressType":null,"RBDI":null,"Results":null,"NoSuffix":""},{"Number":"","Street":"ontario","Suffix":"st","City":"","State":"","Zip":"01606","StreetName":"Ontario St","Address":null,"StateName":null,"Zip4":null,"MAK":null,"AddressType":null,"RBDI":null,"Results":null,"NoSuffix":""},{"Number":"","Street":"orlando","Suffix":"ave","City":"","State":"","Zip":"01606","StreetName":"Orlando Ave","Address":null,"StateName":null,"Zip4":null,"MAK":null,"AddressType":null,"RBDI":null,"Results":null,"NoSuffix":""},{"Number":"","Street":"orono","Suffix":"st","City":"","State":"","Zip":"01606","StreetName":"Orono St","Address":null,"StateName":null,"Zip4":null,"MAK":null,"AddressType":null,"RBDI":null,"Results":null,"NoSuffix":""},{"Number":"","Street":"osceola","Suffix":"ave","City":"","State":"","Zip":"01606","StreetName":"Osceola Ave","Address":null,"StateName":null,"Zip4":null,"MAK":null,"AddressType":null,"RBDI":null,"Results":null,"NoSuffix":""},{"Number":"","Street":"park villa","Suffix":"ave","City":"","State":"","Zip":"01606","StreetName":"Park Villa Ave","Address":null,"StateName":null,"Zip4":null,"MAK":null,"AddressType":null,"RBDI":null,"Results":null,"NoSuffix":""},{"Number":"","Street":"paul","Suffix":"st","City":"","State":"","Zip":"01606","StreetName":"Paul St","Address":null,"StateName":null,"Zip4":null,"MAK":null,"AddressType":null,"RBDI":null,"Results":null,"NoSuffix":""},{"Number":"","Street":"penobscot","Suffix":"st","City":"","State":"","Zip":"01606","StreetName":"Penobscot St","Address":null,"StateName":null,"Zip4":null,"MAK":null,"AddressType":null,"RBDI":null,"Results":null,"NoSuffix":""},{"Number":"","Street":"pershing","Suffix":"st","City":"","State":"","Zip":"01606","StreetName":"Pershing St","Address":null,"StateName":null,"Zip4":null,"MAK":null,"AddressType":null,"RBDI":null,"Results":null,"NoSuffix":""},{"Number":"","Street":"piehl","Suffix":"ave","City":"","State":"","Zip":"01606","StreetName":"Piehl Ave","Address":null,"StateName":null,"Zip4":null,"MAK":null,"AddressType":null,"RBDI":null,"Results":null,"NoSuffix":""},{"Number":"","Street":"po box","Suffix":"","City":"","State":"","Zip":"01606","StreetName":"Po Box","Address":null,"StateName":null,"Zip4":null,"MAK":null,"AddressType":null,"RBDI":null,"Results":null,"NoSuffix":"t"},{"Number":"","Street":"pocasset","Suffix":"ave","City":"","State":"","Zip":"01606","StreetName":"Pocasset Ave","Address":null,"StateName":null,"Zip4":null,"MAK":null,"AddressType":null,"RBDI":null,"Results":null,"NoSuffix":""},{"Number":"","Street":"poniken","Suffix":"rd","City":"","State":"","Zip":"01606","StreetName":"Poniken Rd","Address":null,"StateName":null,"Zip4":null,"MAK":null,"AddressType":null,"RBDI":null,"Results":null,"NoSuffix":""},{"Number":"","Street":"poplar","Suffix":"st","City":"","State":"","Zip":"01606","StreetName":"Poplar St","Address":null,"StateName":null,"Zip4":null,"MAK":null,"AddressType":null,"RBDI":null,"Results":null,"NoSuffix":""},{"Number":"","Street":"pratt","Suffix":"rd","City":"","State":"","Zip":"01606","StreetName":"Pratt Rd","Address":null,"StateName":null,"Zip4":null,"MAK":null,"AddressType":null,"RBDI":null,"Results":null,"NoSuffix":""},{"Number":"","Street":"proctor","Suffix":"st","City":"","State":"","Zip":"01606","StreetName":"Proctor St","Address":null,"StateName":null,"Zip4":null,"MAK":null,"AddressType":null,"RBDI":null,"Results":null,"NoSuffix":""},{"Number":"","Street":"prudence","Suffix":"st","City":"","State":"","Zip":"01606","StreetName":"Prudence St","Address":null,"StateName":null,"Zip4":null,"MAK":null,"AddressType":null,"RBDI":null,"Results":null,"NoSuffix":""},{"Number":"","Street":"prudential","Suffix":"rd","City":"","State":"","Zip":"01606","StreetName":"Prudential Rd","Address":null,"StateName":null,"Zip4":null,"MAK":null,"AddressType":null,"RBDI":null,"Results":null,"NoSuffix":""},{"Number":"","Street":"pullman","Suffix":"st","City":"","State":"","Zip":"01606","StreetName":"Pullman St","Address":null,"StateName":null,"Zip4":null,"MAK":null,"AddressType":null,"RBDI":null,"Results":null,"NoSuffix":""},{"Number":"","Street":"purchase","Suffix":"st","City":"","State":"","Zip":"01606","StreetName":"Purchase St","Address":null,"StateName":null,"Zip4":null,"MAK":null,"AddressType":null,"RBDI":null,"Results":null,"NoSuffix":""},{"Number":"","Street":"quinapoxet","Suffix":"ln","City":"","State":"","Zip":"01606","StreetName":"Quinapoxet Ln","Address":null,"StateName":null,"Zip4":null,"MAK":null,"AddressType":null,"RBDI":null,"Results":null,"NoSuffix":""},{"Number":"","Street":"radcliffe","Suffix":"st","City":"","State":"","Zip":"01606","StreetName":"Radcliffe St","Address":null,"StateName":null,"Zip4":null,"MAK":null,"AddressType":null,"RBDI":null,"Results":null,"NoSuffix":""},{"Number":"","Street":"randall","Suffix":"st","City":"","State":"","Zip":"01606","StreetName":"Randall St","Address":null,"StateName":null,"Zip4":null,"MAK":null,"AddressType":null,"RBDI":null,"Results":null,"NoSuffix":""},{"Number":"","Street":"randolph","Suffix":"rd","City":"","State":"","Zip":"01606","StreetName":"Randolph Rd","Address":null,"StateName":null,"Zip4":null,"MAK":null,"AddressType":null,"RBDI":null,"Results":null,"NoSuffix":""},{"Number":"","Street":"reardon","Suffix":"st","City":"","State":"","Zip":"01606","StreetName":"Reardon St","Address":null,"StateName":null,"Zip4":null,"MAK":null,"AddressType":null,"RBDI":null,"Results":null,"NoSuffix":""},{"Number":"","Street":"rexhame","Suffix":"rd","City":"","State":"","Zip":"01606","StreetName":"Rexhame Rd","Address":null,"StateName":null,"Zip4":null,"MAK":null,"AddressType":null,"RBDI":null,"Results":null,"NoSuffix":""},{"Number":"","Street":"reynolds","Suffix":"st","City":"","State":"","Zip":"01606","StreetName":"Reynolds St","Address":null,"StateName":null,"Zip4":null,"MAK":null,"AddressType":null,"RBDI":null,"Results":null,"NoSuffix":""},{"Number":"","Street":"rice","Suffix":"st","City":"","State":"","Zip":"01606","StreetName":"Rice St","Address":null,"StateName":null,"Zip4":null,"MAK":null,"AddressType":null,"RBDI":null,"Results":null,"NoSuffix":""},{"Number":"","Street":"ridgewood","Suffix":"rd","City":"","State":"","Zip":"01606","StreetName":"Ridgewood Rd","Address":null,"StateName":null,"Zip4":null,"MAK":null,"AddressType":null,"RBDI":null,"Results":null,"NoSuffix":""},{"Number":"","Street":"ridgley","Suffix":"st","City":"","State":"","Zip":"01606","StreetName":"Ridgley St","Address":null,"StateName":null,"Zip4":null,"MAK":null,"AddressType":null,"RBDI":null,"Results":null,"NoSuffix":""},{"Number":"","Street":"rochelle","Suffix":"st","City":"","State":"","Zip":"01606","StreetName":"Rochelle St","Address":null,"StateName":null,"Zip4":null,"MAK":null,"AddressType":null,"RBDI":null,"Results":null,"NoSuffix":""},{"Number":"","Street":"rockdale","Suffix":"st","City":"","State":"","Zip":"01606","StreetName":"Rockdale St","Address":null,"StateName":null,"Zip4":null,"MAK":null,"AddressType":null,"RBDI":null,"Results":null,"NoSuffix":""},{"Number":"","Street":"rodby","Suffix":"st","City":"","State":"","Zip":"01606","StreetName":"Rodby St","Address":null,"StateName":null,"Zip4":null,"MAK":null,"AddressType":null,"RBDI":null,"Results":null,"NoSuffix":""},{"Number":"","Street":"roland","Suffix":"rd","City":"","State":"","Zip":"01606","StreetName":"Roland Rd","Address":null,"StateName":null,"Zip4":null,"MAK":null,"AddressType":null,"RBDI":null,"Results":null,"NoSuffix":""},{"Number":"","Street":"rollinson","Suffix":"rd","City":"","State":"","Zip":"01606","StreetName":"Rollinson Rd","Address":null,"StateName":null,"Zip4":null,"MAK":null,"AddressType":null,"RBDI":null,"Results":null,"NoSuffix":""},{"Number":"","Street":"rosita","Suffix":"rd","City":"","State":"","Zip":"01606","StreetName":"Rosita Rd","Address":null,"StateName":null,"Zip4":null,"MAK":null,"AddressType":null,"RBDI":null,"Results":null,"NoSuffix":""},{"Number":"","Street":"rowena","Suffix":"st","City":"","State":"","Zip":"01606","StreetName":"Rowena St","Address":null,"StateName":null,"Zip4":null,"MAK":null,"AddressType":null,"RBDI":null,"Results":null,"NoSuffix":""},{"Number":"","Street":"roycroft","Suffix":"rd","City":"","State":"","Zip":"01606","StreetName":"Roycroft Rd","Address":null,"StateName":null,"Zip4":null,"MAK":null,"AddressType":null,"RBDI":null,"Results":null,"NoSuffix":""},{"Number":"","Street":"ruthven","Suffix":"ave","City":"","State":"","Zip":"01606","StreetName":"Ruthven Ave","Address":null,"StateName":null,"Zip4":null,"MAK":null,"AddressType":null,"RBDI":null,"Results":null,"NoSuffix":""},{"Number":"","Street":"sachem","Suffix":"ave","City":"","State":"","Zip":"01606","StreetName":"Sachem Ave","Address":null,"StateName":null,"Zip4":null,"MAK":null,"AddressType":null,"RBDI":null,"Results":null,"NoSuffix":""},{"Number":"","Street":"saint marks","Suffix":"rd","City":"","State":"","Zip":"01606","StreetName":"Saint Marks Rd","Address":null,"StateName":null,"Zip4":null,"MAK":null,"AddressType":null,"RBDI":null,"Results":null,"NoSuffix":""},{"Number":"","Street":"saint nicholas","Suffix":"ave","City":"","State":"","Zip":"01606","StreetName":"Saint Nicholas Ave","Address":null,"StateName":null,"Zip4":null,"MAK":null,"AddressType":null,"RBDI":null,"Results":null,"NoSuffix":""},{"Number":"","Street":"santoro","Suffix":"rd","City":"","State":"","Zip":"01606","StreetName":"Santoro Rd","Address":null,"StateName":null,"Zip4":null,"MAK":null,"AddressType":null,"RBDI":null,"Results":null,"NoSuffix":""},{"Number":"","Street":"sarah","Suffix":"cir","City":"","State":"","Zip":"01606","StreetName":"Sarah Cir","Address":null,"StateName":null,"Zip4":null,"MAK":null,"AddressType":null,"RBDI":null,"Results":null,"NoSuffix":""},{"Number":"","Street":"saratoga","Suffix":"dr","City":"","State":"","Zip":"01606","StreetName":"Saratoga Dr","Address":null,"StateName":null,"Zip4":null,"MAK":null,"AddressType":null,"RBDI":null,"Results":null,"NoSuffix":""},{"Number":"","Street":"scranton","Suffix":"rd","City":"","State":"","Zip":"01606","StreetName":"Scranton Rd","Address":null,"StateName":null,"Zip4":null,"MAK":null,"AddressType":null,"RBDI":null,"Results":null,"NoSuffix":""},{"Number":"","Street":"scrimgeour","Suffix":"rd","City":"","State":"","Zip":"01606","StreetName":"Scrimgeour Rd","Address":null,"StateName":null,"Zip4":null,"MAK":null,"AddressType":null,"RBDI":null,"Results":null,"NoSuffix":""},{"Number":"","Street":"sears island","Suffix":"dr","City":"","State":"","Zip":"01606","StreetName":"Sears Island Dr","Address":null,"StateName":null,"Zip4":null,"MAK":null,"AddressType":null,"RBDI":null,"Results":null,"NoSuffix":""},{"Number":"","Street":"shawnee","Suffix":"rd","City":"","State":"","Zip":"01606","StreetName":"Shawnee Rd","Address":null,"StateName":null,"Zip4":null,"MAK":null,"AddressType":null,"RBDI":null,"Results":null,"NoSuffix":""},{"Number":"","Street":"sherburne","Suffix":"ave","City":"","State":"","Zip":"01606","StreetName":"Sherburne Ave","Address":null,"StateName":null,"Zip4":null,"MAK":null,"AddressType":null,"RBDI":null,"Results":null,"NoSuffix":""},{"Number":"","Street":"smith","Suffix":"ln","City":"","State":"","Zip":"01606","StreetName":"Smith Ln","Address":null,"StateName":null,"Zip4":null,"MAK":null,"AddressType":null,"RBDI":null,"Results":null,"NoSuffix":""},{"Number":"","Street":"snowbell","Suffix":"ln","City":"","State":"","Zip":"01606","StreetName":"Snowbell Ln","Address":null,"StateName":null,"Zip4":null,"MAK":null,"AddressType":null,"RBDI":null,"Results":null,"NoSuffix":""},{"Number":"","Street":"southview","Suffix":"rd","City":"","State":"","Zip":"01606","StreetName":"Southview Rd","Address":null,"StateName":null,"Zip4":null,"MAK":null,"AddressType":null,"RBDI":null,"Results":null,"NoSuffix":""},{"Number":"","Street":"sprucewood","Suffix":"ln","City":"","State":"","Zip":"01606","StreetName":"Sprucewood Ln","Address":null,"StateName":null,"Zip4":null,"MAK":null,"AddressType":null,"RBDI":null,"Results":null,"NoSuffix":""},{"Number":"","Street":"squantum","Suffix":"st","City":"","State":"","Zip":"01606","StreetName":"Squantum St","Address":null,"StateName":null,"Zip4":null,"MAK":null,"AddressType":null,"RBDI":null,"Results":null,"NoSuffix":""},{"Number":"","Street":"stanley","Suffix":"rd","City":"","State":"","Zip":"01606","StreetName":"Stanley Rd","Address":null,"StateName":null,"Zip4":null,"MAK":null,"AddressType":null,"RBDI":null,"Results":null,"NoSuffix":""},{"Number":"","Street":"state","Suffix":"rd","City":"","State":"","Zip":"01606","StreetName":"State Rd","Address":null,"StateName":null,"Zip4":null,"MAK":null,"AddressType":null,"RBDI":null,"Results":null,"NoSuffix":""},{"Number":"","Street":"stoneleigh","Suffix":"rd","City":"","State":"","Zip":"01606","StreetName":"Stoneleigh Rd","Address":null,"StateName":null,"Zip4":null,"MAK":null,"AddressType":null,"RBDI":null,"Results":null,"NoSuffix":""},{"Number":"","Street":"stowell","Suffix":"ave","City":"","State":"","Zip":"01606","StreetName":"Stowell Ave","Address":null,"StateName":null,"Zip4":null,"MAK":null,"AddressType":null,"RBDI":null,"Results":null,"NoSuffix":""},{"Number":"","Street":"stratton","Suffix":"rd","City":"","State":"","Zip":"01606","StreetName":"Stratton Rd","Address":null,"StateName":null,"Zip4":null,"MAK":null,"AddressType":null,"RBDI":null,"Results":null,"NoSuffix":""},{"Number":"","Street":"summerhill","Suffix":"ave","City":"","State":"","Zip":"01606","StreetName":"Summerhill Ave","Address":null,"StateName":null,"Zip4":null,"MAK":null,"AddressType":null,"RBDI":null,"Results":null,"NoSuffix":""},{"Number":"","Street":"sunrise","Suffix":"ave","City":"","State":"","Zip":"01606","StreetName":"Sunrise Ave","Address":null,"StateName":null,"Zip4":null,"MAK":null,"AddressType":null,"RBDI":null,"Results":null,"NoSuffix":""},{"Number":"","Street":"tara","Suffix":"ln","City":"","State":"","Zip":"01606","StreetName":"Tara Ln","Address":null,"StateName":null,"Zip4":null,"MAK":null,"AddressType":null,"RBDI":null,"Results":null,"NoSuffix":""},{"Number":"","Street":"thorndyke","Suffix":"rd","City":"","State":"","Zip":"01606","StreetName":"Thorndyke Rd","Address":null,"StateName":null,"Zip4":null,"MAK":null,"AddressType":null,"RBDI":null,"Results":null,"NoSuffix":""},{"Number":"","Street":"thornton","Suffix":"rd","City":"","State":"","Zip":"01606","StreetName":"Thornton Rd","Address":null,"StateName":null,"Zip4":null,"MAK":null,"AddressType":null,"RBDI":null,"Results":null,"NoSuffix":""},{"Number":"","Street":"tower","Suffix":"st","City":"","State":"","Zip":"01606","StreetName":"Tower St","Address":null,"StateName":null,"Zip4":null,"MAK":null,"AddressType":null,"RBDI":null,"Results":null,"NoSuffix":""},{"Number":"","Street":"triangle","Suffix":"st","City":"","State":"","Zip":"01606","StreetName":"Triangle St","Address":null,"StateName":null,"Zip4":null,"MAK":null,"AddressType":null,"RBDI":null,"Results":null,"NoSuffix":""},{"Number":"","Street":"trottier","Suffix":"st","City":"","State":"","Zip":"01606","StreetName":"Trottier St","Address":null,"StateName":null,"Zip4":null,"MAK":null,"AddressType":null,"RBDI":null,"Results":null,"NoSuffix":""},{"Number":"","Street":"tucker","Suffix":"st","City":"","State":"","Zip":"01606","StreetName":"Tucker St","Address":null,"StateName":null,"Zip4":null,"MAK":null,"AddressType":null,"RBDI":null,"Results":null,"NoSuffix":""},{"Number":"","Street":"tunis","Suffix":"rd","City":"","State":"","Zip":"01606","StreetName":"Tunis Rd","Address":null,"StateName":null,"Zip4":null,"MAK":null,"AddressType":null,"RBDI":null,"Results":null,"NoSuffix":""},{"Number":"","Street":"tupelo","Suffix":"rd","City":"","State":"","Zip":"01606","StreetName":"Tupelo Rd","Address":null,"StateName":null,"Zip4":null,"MAK":null,"AddressType":null,"RBDI":null,"Results":null,"NoSuffix":""},{"Number":"","Street":"turner","Suffix":"ave","City":"","State":"","Zip":"01606","StreetName":"Turner Ave","Address":null,"StateName":null,"Zip4":null,"MAK":null,"AddressType":null,"RBDI":null,"Results":null,"NoSuffix":""},{"Number":"","Street":"tuxedo","Suffix":"rd","City":"","State":"","Zip":"01606","StreetName":"Tuxedo Rd","Address":null,"StateName":null,"Zip4":null,"MAK":null,"AddressType":null,"RBDI":null,"Results":null,"NoSuffix":""},{"Number":"","Street":"tyson","Suffix":"rd","City":"","State":"","Zip":"01606","StreetName":"Tyson Rd","Address":null,"StateName":null,"Zip4":null,"MAK":null,"AddressType":null,"RBDI":null,"Results":null,"NoSuffix":""},{"Number":"","Street":"tyson","Suffix":"ter","City":"","State":"","Zip":"01606","StreetName":"Tyson Ter","Address":null,"StateName":null,"Zip4":null,"MAK":null,"AddressType":null,"RBDI":null,"Results":null,"NoSuffix":""},{"Number":"","Street":"uncatena","Suffix":"ave","City":"","State":"","Zip":"01606","StreetName":"Uncatena Ave","Address":null,"StateName":null,"Zip4":null,"MAK":null,"AddressType":null,"RBDI":null,"Results":null,"NoSuffix":""},{"Number":"","Street":"vendora","Suffix":"rd","City":"","State":"","Zip":"01606","StreetName":"Vendora Rd","Address":null,"StateName":null,"Zip4":null,"MAK":null,"AddressType":null,"RBDI":null,"Results":null,"NoSuffix":""},{"Number":"","Street":"volkmar","Suffix":"rd","City":"","State":"","Zip":"01606","StreetName":"Volkmar Rd","Address":null,"StateName":null,"Zip4":null,"MAK":null,"AddressType":null,"RBDI":null,"Results":null,"NoSuffix":""},{"Number":"","Street":"wahnita","Suffix":"rd","City":"","State":"","Zip":"01606","StreetName":"Wahnita Rd","Address":null,"StateName":null,"Zip4":null,"MAK":null,"AddressType":null,"RBDI":null,"Results":null,"NoSuffix":""},{"Number":"","Street":"watson","Suffix":"ave","City":"","State":"","Zip":"01606","StreetName":"Watson Ave","Address":null,"StateName":null,"Zip4":null,"MAK":null,"AddressType":null,"RBDI":null,"Results":null,"NoSuffix":""},{"Number":"","Street":"watt","Suffix":"rd","City":"","State":"","Zip":"01606","StreetName":"Watt Rd","Address":null,"StateName":null,"Zip4":null,"MAK":null,"AddressType":null,"RBDI":null,"Results":null,"NoSuffix":""},{"Number":"","Street":"waucantuck","Suffix":"rd","City":"","State":"","Zip":"01606","StreetName":"Waucantuck Rd","Address":null,"StateName":null,"Zip4":null,"MAK":null,"AddressType":null,"RBDI":null,"Results":null,"NoSuffix":""},{"Number":"","Street":"welcome","Suffix":"st","City":"","State":"","Zip":"01606","StreetName":"Welcome St","Address":null,"StateName":null,"Zip4":null,"MAK":null,"AddressType":null,"RBDI":null,"Results":null,"NoSuffix":""},{"Number":"","Street":"wendover","Suffix":"rd","City":"","State":"","Zip":"01606","StreetName":"Wendover Rd","Address":null,"StateName":null,"Zip4":null,"MAK":null,"AddressType":null,"RBDI":null,"Results":null,"NoSuffix":""},{"Number":"","Street":"westinghouse","Suffix":"pkwy","City":"","State":"","Zip":"01606","StreetName":"Westinghouse Pkwy","Address":null,"StateName":null,"Zip4":null,"MAK":null,"AddressType":null,"RBDI":null,"Results":null,"NoSuffix":""},{"Number":"","Street":"westover","Suffix":"rd","City":"","State":"","Zip":"01606","StreetName":"Westover Rd","Address":null,"StateName":null,"Zip4":null,"MAK":null,"AddressType":null,"RBDI":null,"Results":null,"NoSuffix":""},{"Number":"","Street":"whippoorwill","Suffix":"dr","City":"","State":"","Zip":"01606","StreetName":"Whippoorwill Dr","Address":null,"StateName":null,"Zip4":null,"MAK":null,"AddressType":null,"RBDI":null,"Results":null,"NoSuffix":""},{"Number":"","Street":"whispering pine","Suffix":"cir","City":"","State":"","Zip":"01606","StreetName":"Whispering Pine Cir","Address":null,"StateName":null,"Zip4":null,"MAK":null,"AddressType":null,"RBDI":null,"Results":null,"NoSuffix":""},{"Number":"","Street":"whitmarsh","Suffix":"ave","City":"","State":"","Zip":"01606","StreetName":"Whitmarsh Ave","Address":null,"StateName":null,"Zip4":null,"MAK":null,"AddressType":null,"RBDI":null,"Results":null,"NoSuffix":""},{"Number":"","Street":"wilbur","Suffix":"st","City":"","State":"","Zip":"01606","StreetName":"Wilbur St","Address":null,"StateName":null,"Zip4":null,"MAK":null,"AddressType":null,"RBDI":null,"Results":null,"NoSuffix":""},{"Number":"","Street":"wildey","Suffix":"ave","City":"","State":"","Zip":"01606","StreetName":"Wildey Ave","Address":null,"StateName":null,"Zip4":null,"MAK":null,"AddressType":null,"RBDI":null,"Results":null,"NoSuffix":""},{"Number":"","Street":"wilkinson","Suffix":"st","City":"","State":"","Zip":"01606","StreetName":"Wilkinson St","Address":null,"StateName":null,"Zip4":null,"MAK":null,"AddressType":null,"RBDI":null,"Results":null,"NoSuffix":""},{"Number":"","Street":"winston","Suffix":"rd","City":"","State":"","Zip":"01606","StreetName":"Winston Rd","Address":null,"StateName":null,"Zip4":null,"MAK":null,"AddressType":null,"RBDI":null,"Results":null,"NoSuffix":""},{"Number":"","Street":"woburn","Suffix":"st","City":"","State":"","Zip":"01606","StreetName":"Woburn St","Address":null,"StateName":null,"Zip4":null,"MAK":null,"AddressType":null,"RBDI":null,"Results":null,"NoSuffix":""},{"Number":"","Street":"woodridge","Suffix":"rd","City":"","State":"","Zip":"01606","StreetName":"Woodridge Rd","Address":null,"StateName":null,"Zip4":null,"MAK":null,"AddressType":null,"RBDI":null,"Results":null,"NoSuffix":""},{"Number":"","Street":"woods","Suffix":"ave","City":"","State":"","Zip":"01606","StreetName":"Woods Ave","Address":null,"StateName":null,"Zip4":null,"MAK":null,"AddressType":null,"RBDI":null,"Results":null,"NoSuffix":""},{"Number":"","Street":"worcester","Suffix":"ave","City":"","State":"","Zip":"01606","StreetName":"Worcester Ave","Address":null,"StateName":null,"Zip4":null,"MAK":null,"AddressType":null,"RBDI":null,"Results":null,"NoSuffix":""}]