[{"Number":"","Street":"antin","Suffix":"rd","City":"","State":"","Zip":"01012","StreetName":"Antin Rd","Address":null,"StateName":null,"Zip4":null,"MAK":null,"AddressType":null,"RBDI":null,"Results":null,"NoSuffix":""},{"Number":"","Street":"bagg","Suffix":"rd","City":"","State":"","Zip":"01012","StreetName":"Bagg Rd","Address":null,"StateName":null,"Zip4":null,"MAK":null,"AddressType":null,"RBDI":null,"Results":null,"NoSuffix":""},{"Number":"","Street":"bisbee","Suffix":"rd","City":"","State":"","Zip":"01012","StreetName":"Bisbee Rd","Address":null,"StateName":null,"Zip4":null,"MAK":null,"AddressType":null,"RBDI":null,"Results":null,"NoSuffix":""},{"Number":"","Street":"bray","Suffix":"rd","City":"","State":"","Zip":"01012","StreetName":"Bray Rd","Address":null,"StateName":null,"Zip4":null,"MAK":null,"AddressType":null,"RBDI":null,"Results":null,"NoSuffix":""},{"Number":"","Street":"bryant","Suffix":"st","City":"","State":"","Zip":"01012","StreetName":"Bryant St","Address":null,"StateName":null,"Zip4":null,"MAK":null,"AddressType":null,"RBDI":null,"Results":null,"NoSuffix":""},{"Number":"","Street":"buck","Suffix":"rd","City":"","State":"","Zip":"01012","StreetName":"Buck Rd","Address":null,"StateName":null,"Zip4":null,"MAK":null,"AddressType":null,"RBDI":null,"Results":null,"NoSuffix":""},{"Number":"","Street":"cowper","Suffix":"rd","City":"","State":"","Zip":"01012","StreetName":"Cowper Rd","Address":null,"StateName":null,"Zip4":null,"MAK":null,"AddressType":null,"RBDI":null,"Results":null,"NoSuffix":""},{"Number":"","Street":"damon pond","Suffix":"rd","City":"","State":"","Zip":"01012","StreetName":"Damon Pond Rd","Address":null,"StateName":null,"Zip4":null,"MAK":null,"AddressType":null,"RBDI":null,"Results":null,"NoSuffix":""},{"Number":"","Street":"don emerson","Suffix":"rd","City":"","State":"","Zip":"01012","StreetName":"Don Emerson Rd","Address":null,"StateName":null,"Zip4":null,"MAK":null,"AddressType":null,"RBDI":null,"Results":null,"NoSuffix":""},{"Number":"","Street":"east","Suffix":"st","City":"","State":"","Zip":"01012","StreetName":"East St","Address":null,"StateName":null,"Zip4":null,"MAK":null,"AddressType":null,"RBDI":null,"Results":null,"NoSuffix":""},{"Number":"","Street":"farmhouse","Suffix":"rd","City":"","State":"","Zip":"01012","StreetName":"Farmhouse Rd","Address":null,"StateName":null,"Zip4":null,"MAK":null,"AddressType":null,"RBDI":null,"Results":null,"NoSuffix":""},{"Number":"","Street":"goose","Suffix":"ln","City":"","State":"","Zip":"01012","StreetName":"Goose Ln","Address":null,"StateName":null,"Zip4":null,"MAK":null,"AddressType":null,"RBDI":null,"Results":null,"NoSuffix":""},{"Number":"","Street":"hendricks","Suffix":"rd","City":"","State":"","Zip":"01012","StreetName":"Hendricks Rd","Address":null,"StateName":null,"Zip4":null,"MAK":null,"AddressType":null,"RBDI":null,"Results":null,"NoSuffix":""},{"Number":"","Street":"indian hollow","Suffix":"rd","City":"","State":"","Zip":"01012","StreetName":"Indian Hollow Rd","Address":null,"StateName":null,"Zip4":null,"MAK":null,"AddressType":null,"RBDI":null,"Results":null,"NoSuffix":""},{"Number":"","Street":"main","Suffix":"rd","City":"","State":"","Zip":"01012","StreetName":"Main Rd","Address":null,"StateName":null,"Zip4":null,"MAK":null,"AddressType":null,"RBDI":null,"Results":null,"NoSuffix":""},{"Number":"","Street":"munson","Suffix":"rd","City":"","State":"","Zip":"01012","StreetName":"Munson Rd","Address":null,"StateName":null,"Zip4":null,"MAK":null,"AddressType":null,"RBDI":null,"Results":null,"NoSuffix":""},{"Number":"","Street":"north","Suffix":"rd","City":"","State":"","Zip":"01012","StreetName":"North Rd","Address":null,"StateName":null,"Zip4":null,"MAK":null,"AddressType":null,"RBDI":null,"Results":null,"NoSuffix":""},{"Number":"","Street":"old chesterfield","Suffix":"rd","City":"","State":"","Zip":"01012","StreetName":"Old Chesterfield Rd","Address":null,"StateName":null,"Zip4":null,"MAK":null,"AddressType":null,"RBDI":null,"Results":null,"NoSuffix":""},{"Number":"","Street":"po box","Suffix":"","City":"","State":"","Zip":"01012","StreetName":"Po Box","Address":null,"StateName":null,"Zip4":null,"MAK":null,"AddressType":null,"RBDI":null,"Results":null,"NoSuffix":"t"},{"Number":"","Street":"pynchon","Suffix":"rd","City":"","State":"","Zip":"01012","StreetName":"Pynchon Rd","Address":null,"StateName":null,"Zip4":null,"MAK":null,"AddressType":null,"RBDI":null,"Results":null,"NoSuffix":""},{"Number":"","Street":"river","Suffix":"rd","City":"","State":"","Zip":"01012","StreetName":"River Rd","Address":null,"StateName":null,"Zip4":null,"MAK":null,"AddressType":null,"RBDI":null,"Results":null,"NoSuffix":""},{"Number":"","Street":"smith","Suffix":"rd","City":"","State":"","Zip":"01012","StreetName":"Smith Rd","Address":null,"StateName":null,"Zip4":null,"MAK":null,"AddressType":null,"RBDI":null,"Results":null,"NoSuffix":""},{"Number":"","Street":"south","Suffix":"st","City":"","State":"","Zip":"01012","StreetName":"South St","Address":null,"StateName":null,"Zip4":null,"MAK":null,"AddressType":null,"RBDI":null,"Results":null,"NoSuffix":""},{"Number":"","Street":"sweeney","Suffix":"rd","City":"","State":"","Zip":"01012","StreetName":"Sweeney Rd","Address":null,"StateName":null,"Zip4":null,"MAK":null,"AddressType":null,"RBDI":null,"Results":null,"NoSuffix":""},{"Number":"","Street":"willcutt","Suffix":"rd","City":"","State":"","Zip":"01012","StreetName":"Willcutt Rd","Address":null,"StateName":null,"Zip4":null,"MAK":null,"AddressType":null,"RBDI":null,"Results":null,"NoSuffix":""},{"Number":"","Street":"willicutt","Suffix":"rd","City":"","State":"","Zip":"01012","StreetName":"Willicutt Rd","Address":null,"StateName":null,"Zip4":null,"MAK":null,"AddressType":null,"RBDI":null,"Results":null,"NoSuffix":""},{"Number":"","Street":"windy","Suffix":"ln","City":"","State":"","Zip":"01012","StreetName":"Windy Ln","Address":null,"StateName":null,"Zip4":null,"MAK":null,"AddressType":null,"RBDI":null,"Results":null,"NoSuffix":""}]