[{"Number":"","Street":"1st","Suffix":"st","City":"","State":"","Zip":"02769","StreetName":"1St St","Address":null,"StateName":null,"Zip4":null,"MAK":null,"AddressType":null,"RBDI":null,"Results":null,"NoSuffix":""},{"Number":"","Street":"abbey","Suffix":"ln","City":"","State":"","Zip":"02769","StreetName":"Abbey Ln","Address":null,"StateName":null,"Zip4":null,"MAK":null,"AddressType":null,"RBDI":null,"Results":null,"NoSuffix":""},{"Number":"","Street":"adams","Suffix":"cir","City":"","State":"","Zip":"02769","StreetName":"Adams Cir","Address":null,"StateName":null,"Zip4":null,"MAK":null,"AddressType":null,"RBDI":null,"Results":null,"NoSuffix":""},{"Number":"","Street":"agricultural","Suffix":"ave","City":"","State":"","Zip":"02769","StreetName":"Agricultural Ave","Address":null,"StateName":null,"Zip4":null,"MAK":null,"AddressType":null,"RBDI":null,"Results":null,"NoSuffix":""},{"Number":"","Street":"allens","Suffix":"ln","City":"","State":"","Zip":"02769","StreetName":"Allens Ln","Address":null,"StateName":null,"Zip4":null,"MAK":null,"AddressType":null,"RBDI":null,"Results":null,"NoSuffix":""},{"Number":"","Street":"almeida","Suffix":"rd","City":"","State":"","Zip":"02769","StreetName":"Almeida Rd","Address":null,"StateName":null,"Zip4":null,"MAK":null,"AddressType":null,"RBDI":null,"Results":null,"NoSuffix":""},{"Number":"","Street":"anawan","Suffix":"st","City":"","State":"","Zip":"02769","StreetName":"Anawan St","Address":null,"StateName":null,"Zip4":null,"MAK":null,"AddressType":null,"RBDI":null,"Results":null,"NoSuffix":""},{"Number":"","Street":"apple valley","Suffix":"dr","City":"","State":"","Zip":"02769","StreetName":"Apple Valley Dr","Address":null,"StateName":null,"Zip4":null,"MAK":null,"AddressType":null,"RBDI":null,"Results":null,"NoSuffix":""},{"Number":"","Street":"ash","Suffix":"st","City":"","State":"","Zip":"02769","StreetName":"Ash St","Address":null,"StateName":null,"Zip4":null,"MAK":null,"AddressType":null,"RBDI":null,"Results":null,"NoSuffix":""},{"Number":"","Street":"ashlynn","Suffix":"way","City":"","State":"","Zip":"02769","StreetName":"Ashlynn Way","Address":null,"StateName":null,"Zip4":null,"MAK":null,"AddressType":null,"RBDI":null,"Results":null,"NoSuffix":""},{"Number":"","Street":"aspen","Suffix":"way","City":"","State":"","Zip":"02769","StreetName":"Aspen Way","Address":null,"StateName":null,"Zip4":null,"MAK":null,"AddressType":null,"RBDI":null,"Results":null,"NoSuffix":""},{"Number":"","Street":"augusta","Suffix":"cir","City":"","State":"","Zip":"02769","StreetName":"Augusta Cir","Address":null,"StateName":null,"Zip4":null,"MAK":null,"AddressType":null,"RBDI":null,"Results":null,"NoSuffix":""},{"Number":"","Street":"ava","Suffix":"ln","City":"","State":"","Zip":"02769","StreetName":"Ava Ln","Address":null,"StateName":null,"Zip4":null,"MAK":null,"AddressType":null,"RBDI":null,"Results":null,"NoSuffix":""},{"Number":"","Street":"baker","Suffix":"st","City":"","State":"","Zip":"02769","StreetName":"Baker St","Address":null,"StateName":null,"Zip4":null,"MAK":null,"AddressType":null,"RBDI":null,"Results":null,"NoSuffix":""},{"Number":"","Street":"barney","Suffix":"ave","City":"","State":"","Zip":"02769","StreetName":"Barney Ave","Address":null,"StateName":null,"Zip4":null,"MAK":null,"AddressType":null,"RBDI":null,"Results":null,"NoSuffix":""},{"Number":"","Street":"bassam","Suffix":"dr","City":"","State":"","Zip":"02769","StreetName":"Bassam Dr","Address":null,"StateName":null,"Zip4":null,"MAK":null,"AddressType":null,"RBDI":null,"Results":null,"NoSuffix":""},{"Number":"","Street":"bay state","Suffix":"rd","City":"","State":"","Zip":"02769","StreetName":"Bay State Rd","Address":null,"StateName":null,"Zip4":null,"MAK":null,"AddressType":null,"RBDI":null,"Results":null,"NoSuffix":""},{"Number":"","Street":"bayberry","Suffix":"st","City":"","State":"","Zip":"02769","StreetName":"Bayberry St","Address":null,"StateName":null,"Zip4":null,"MAK":null,"AddressType":null,"RBDI":null,"Results":null,"NoSuffix":""},{"Number":"","Street":"bella woods","Suffix":"dr","City":"","State":"","Zip":"02769","StreetName":"Bella Woods Dr","Address":null,"StateName":null,"Zip4":null,"MAK":null,"AddressType":null,"RBDI":null,"Results":null,"NoSuffix":""},{"Number":"","Street":"benjamin","Suffix":"rd","City":"","State":"","Zip":"02769","StreetName":"Benjamin Rd","Address":null,"StateName":null,"Zip4":null,"MAK":null,"AddressType":null,"RBDI":null,"Results":null,"NoSuffix":""},{"Number":"","Street":"billings","Suffix":"rd","City":"","State":"","Zip":"02769","StreetName":"Billings Rd","Address":null,"StateName":null,"Zip4":null,"MAK":null,"AddressType":null,"RBDI":null,"Results":null,"NoSuffix":""},{"Number":"","Street":"birchwood","Suffix":"dr","City":"","State":"","Zip":"02769","StreetName":"Birchwood Dr","Address":null,"StateName":null,"Zip4":null,"MAK":null,"AddressType":null,"RBDI":null,"Results":null,"NoSuffix":""},{"Number":"","Street":"blanding","Suffix":"rd","City":"","State":"","Zip":"02769","StreetName":"Blanding Rd","Address":null,"StateName":null,"Zip4":null,"MAK":null,"AddressType":null,"RBDI":null,"Results":null,"NoSuffix":""},{"Number":"","Street":"bliss","Suffix":"st","City":"","State":"","Zip":"02769","StreetName":"Bliss St","Address":null,"StateName":null,"Zip4":null,"MAK":null,"AddressType":null,"RBDI":null,"Results":null,"NoSuffix":""},{"Number":"","Street":"bowen","Suffix":"pl","City":"","State":"","Zip":"02769","StreetName":"Bowen Pl","Address":null,"StateName":null,"Zip4":null,"MAK":null,"AddressType":null,"RBDI":null,"Results":null,"NoSuffix":""},{"Number":"","Street":"brander","Suffix":"rd","City":"","State":"","Zip":"02769","StreetName":"Brander Rd","Address":null,"StateName":null,"Zip4":null,"MAK":null,"AddressType":null,"RBDI":null,"Results":null,"NoSuffix":""},{"Number":"","Street":"brayton woods","Suffix":"dr","City":"","State":"","Zip":"02769","StreetName":"Brayton Woods Dr","Address":null,"StateName":null,"Zip4":null,"MAK":null,"AddressType":null,"RBDI":null,"Results":null,"NoSuffix":""},{"Number":"","Street":"brennan","Suffix":"cir","City":"","State":"","Zip":"02769","StreetName":"Brennan Cir","Address":null,"StateName":null,"Zip4":null,"MAK":null,"AddressType":null,"RBDI":null,"Results":null,"NoSuffix":""},{"Number":"","Street":"briggs","Suffix":"ln","City":"","State":"","Zip":"02769","StreetName":"Briggs Ln","Address":null,"StateName":null,"Zip4":null,"MAK":null,"AddressType":null,"RBDI":null,"Results":null,"NoSuffix":""},{"Number":"","Street":"broad","Suffix":"st","City":"","State":"","Zip":"02769","StreetName":"Broad St","Address":null,"StateName":null,"Zip4":null,"MAK":null,"AddressType":null,"RBDI":null,"Results":null,"NoSuffix":""},{"Number":"","Street":"brook","Suffix":"st","City":"","State":"","Zip":"02769","StreetName":"Brook St","Address":null,"StateName":null,"Zip4":null,"MAK":null,"AddressType":null,"RBDI":null,"Results":null,"NoSuffix":""},{"Number":"","Street":"calisto","Suffix":"dr","City":"","State":"","Zip":"02769","StreetName":"Calisto Dr","Address":null,"StateName":null,"Zip4":null,"MAK":null,"AddressType":null,"RBDI":null,"Results":null,"NoSuffix":""},{"Number":"","Street":"cameron","Suffix":"way","City":"","State":"","Zip":"02769","StreetName":"Cameron Way","Address":null,"StateName":null,"Zip4":null,"MAK":null,"AddressType":null,"RBDI":null,"Results":null,"NoSuffix":""},{"Number":"","Street":"carpenter","Suffix":"st","City":"","State":"","Zip":"02769","StreetName":"Carpenter St","Address":null,"StateName":null,"Zip4":null,"MAK":null,"AddressType":null,"RBDI":null,"Results":null,"NoSuffix":""},{"Number":"","Street":"cedar","Suffix":"st","City":"","State":"","Zip":"02769","StreetName":"Cedar St","Address":null,"StateName":null,"Zip4":null,"MAK":null,"AddressType":null,"RBDI":null,"Results":null,"NoSuffix":""},{"Number":"","Street":"cedar hill","Suffix":"rd","City":"","State":"","Zip":"02769","StreetName":"Cedar Hill Rd","Address":null,"StateName":null,"Zip4":null,"MAK":null,"AddressType":null,"RBDI":null,"Results":null,"NoSuffix":""},{"Number":"","Street":"cherry","Suffix":"ln","City":"","State":"","Zip":"02769","StreetName":"Cherry Ln","Address":null,"StateName":null,"Zip4":null,"MAK":null,"AddressType":null,"RBDI":null,"Results":null,"NoSuffix":""},{"Number":"","Street":"chestnut","Suffix":"st","City":"","State":"","Zip":"02769","StreetName":"Chestnut St","Address":null,"StateName":null,"Zip4":null,"MAK":null,"AddressType":null,"RBDI":null,"Results":null,"NoSuffix":""},{"Number":"","Street":"chris","Suffix":"dr","City":"","State":"","Zip":"02769","StreetName":"Chris Dr","Address":null,"StateName":null,"Zip4":null,"MAK":null,"AddressType":null,"RBDI":null,"Results":null,"NoSuffix":""},{"Number":"","Street":"circuit","Suffix":"dr","City":"","State":"","Zip":"02769","StreetName":"Circuit Dr","Address":null,"StateName":null,"Zip4":null,"MAK":null,"AddressType":null,"RBDI":null,"Results":null,"NoSuffix":""},{"Number":"","Street":"clinton","Suffix":"dr","City":"","State":"","Zip":"02769","StreetName":"Clinton Dr","Address":null,"StateName":null,"Zip4":null,"MAK":null,"AddressType":null,"RBDI":null,"Results":null,"NoSuffix":""},{"Number":"","Street":"clouds","Suffix":"way","City":"","State":"","Zip":"02769","StreetName":"Clouds Way","Address":null,"StateName":null,"Zip4":null,"MAK":null,"AddressType":null,"RBDI":null,"Results":null,"NoSuffix":""},{"Number":"","Street":"colonial","Suffix":"way","City":"","State":"","Zip":"02769","StreetName":"Colonial Way","Address":null,"StateName":null,"Zip4":null,"MAK":null,"AddressType":null,"RBDI":null,"Results":null,"NoSuffix":""},{"Number":"","Street":"columbine","Suffix":"rd","City":"","State":"","Zip":"02769","StreetName":"Columbine Rd","Address":null,"StateName":null,"Zip4":null,"MAK":null,"AddressType":null,"RBDI":null,"Results":null,"NoSuffix":""},{"Number":"","Street":"county","Suffix":"st","City":"","State":"","Zip":"02769","StreetName":"County St","Address":null,"StateName":null,"Zip4":null,"MAK":null,"AddressType":null,"RBDI":null,"Results":null,"NoSuffix":""},{"Number":"","Street":"cross","Suffix":"st","City":"","State":"","Zip":"02769","StreetName":"Cross St","Address":null,"StateName":null,"Zip4":null,"MAK":null,"AddressType":null,"RBDI":null,"Results":null,"NoSuffix":""},{"Number":"","Street":"damascus","Suffix":"rd","City":"","State":"","Zip":"02769","StreetName":"Damascus Rd","Address":null,"StateName":null,"Zip4":null,"MAK":null,"AddressType":null,"RBDI":null,"Results":null,"NoSuffix":""},{"Number":"","Street":"danforth","Suffix":"st","City":"","State":"","Zip":"02769","StreetName":"Danforth St","Address":null,"StateName":null,"Zip4":null,"MAK":null,"AddressType":null,"RBDI":null,"Results":null,"NoSuffix":""},{"Number":"","Street":"davis","Suffix":"st","City":"","State":"","Zip":"02769","StreetName":"Davis St","Address":null,"StateName":null,"Zip4":null,"MAK":null,"AddressType":null,"RBDI":null,"Results":null,"NoSuffix":""},{"Number":"","Street":"dean","Suffix":"st","City":"","State":"","Zip":"02769","StreetName":"Dean St","Address":null,"StateName":null,"Zip4":null,"MAK":null,"AddressType":null,"RBDI":null,"Results":null,"NoSuffix":""},{"Number":"","Street":"deborah ann","Suffix":"dr","City":"","State":"","Zip":"02769","StreetName":"Deborah Ann Dr","Address":null,"StateName":null,"Zip4":null,"MAK":null,"AddressType":null,"RBDI":null,"Results":null,"NoSuffix":""},{"Number":"","Street":"deirdre","Suffix":"cir","City":"","State":"","Zip":"02769","StreetName":"Deirdre Cir","Address":null,"StateName":null,"Zip4":null,"MAK":null,"AddressType":null,"RBDI":null,"Results":null,"NoSuffix":""},{"Number":"","Street":"dewey","Suffix":"ave","City":"","State":"","Zip":"02769","StreetName":"Dewey Ave","Address":null,"StateName":null,"Zip4":null,"MAK":null,"AddressType":null,"RBDI":null,"Results":null,"NoSuffix":""},{"Number":"","Street":"duval","Suffix":"st","City":"","State":"","Zip":"02769","StreetName":"Duval St","Address":null,"StateName":null,"Zip4":null,"MAK":null,"AddressType":null,"RBDI":null,"Results":null,"NoSuffix":""},{"Number":"","Street":"elm","Suffix":"st","City":"","State":"","Zip":"02769","StreetName":"Elm St","Address":null,"StateName":null,"Zip4":null,"MAK":null,"AddressType":null,"RBDI":null,"Results":null,"NoSuffix":""},{"Number":"","Street":"emmaus","Suffix":"rd","City":"","State":"","Zip":"02769","StreetName":"Emmaus Rd","Address":null,"StateName":null,"Zip4":null,"MAK":null,"AddressType":null,"RBDI":null,"Results":null,"NoSuffix":""},{"Number":"","Street":"esbjurn","Suffix":"dr","City":"","State":"","Zip":"02769","StreetName":"Esbjurn Dr","Address":null,"StateName":null,"Zip4":null,"MAK":null,"AddressType":null,"RBDI":null,"Results":null,"NoSuffix":""},{"Number":"","Street":"fair","Suffix":"ln","City":"","State":"","Zip":"02769","StreetName":"Fair Ln","Address":null,"StateName":null,"Zip4":null,"MAK":null,"AddressType":null,"RBDI":null,"Results":null,"NoSuffix":""},{"Number":"","Street":"fairfield","Suffix":"st","City":"","State":"","Zip":"02769","StreetName":"Fairfield St","Address":null,"StateName":null,"Zip4":null,"MAK":null,"AddressType":null,"RBDI":null,"Results":null,"NoSuffix":""},{"Number":"","Street":"fairview","Suffix":"ave","City":"","State":"","Zip":"02769","StreetName":"Fairview Ave","Address":null,"StateName":null,"Zip4":null,"MAK":null,"AddressType":null,"RBDI":null,"Results":null,"NoSuffix":""},{"Number":"","Street":"fall river","Suffix":"ave","City":"","State":"","Zip":"02769","StreetName":"Fall River Ave","Address":null,"StateName":null,"Zip4":null,"MAK":null,"AddressType":null,"RBDI":null,"Results":null,"NoSuffix":""},{"Number":"","Street":"falls","Suffix":"st","City":"","State":"","Zip":"02769","StreetName":"Falls St","Address":null,"StateName":null,"Zip4":null,"MAK":null,"AddressType":null,"RBDI":null,"Results":null,"NoSuffix":""},{"Number":"","Street":"farm","Suffix":"rd","City":"","State":"","Zip":"02769","StreetName":"Farm Rd","Address":null,"StateName":null,"Zip4":null,"MAK":null,"AddressType":null,"RBDI":null,"Results":null,"NoSuffix":""},{"Number":"","Street":"finnegans","Suffix":"way","City":"","State":"","Zip":"02769","StreetName":"Finnegans Way","Address":null,"StateName":null,"Zip4":null,"MAK":null,"AddressType":null,"RBDI":null,"Results":null,"NoSuffix":""},{"Number":"","Street":"firetower","Suffix":"rd","City":"","State":"","Zip":"02769","StreetName":"Firetower Rd","Address":null,"StateName":null,"Zip4":null,"MAK":null,"AddressType":null,"RBDI":null,"Results":null,"NoSuffix":""},{"Number":"","Street":"francis","Suffix":"st","City":"","State":"","Zip":"02769","StreetName":"Francis St","Address":null,"StateName":null,"Zip4":null,"MAK":null,"AddressType":null,"RBDI":null,"Results":null,"NoSuffix":""},{"Number":"","Street":"francis farm","Suffix":"rd","City":"","State":"","Zip":"02769","StreetName":"Francis Farm Rd","Address":null,"StateName":null,"Zip4":null,"MAK":null,"AddressType":null,"RBDI":null,"Results":null,"NoSuffix":""},{"Number":"","Street":"franlee","Suffix":"dr","City":"","State":"","Zip":"02769","StreetName":"Franlee Dr","Address":null,"StateName":null,"Zip4":null,"MAK":null,"AddressType":null,"RBDI":null,"Results":null,"NoSuffix":""},{"Number":"","Street":"french","Suffix":"st","City":"","State":"","Zip":"02769","StreetName":"French St","Address":null,"StateName":null,"Zip4":null,"MAK":null,"AddressType":null,"RBDI":null,"Results":null,"NoSuffix":""},{"Number":"","Street":"fuller","Suffix":"st","City":"","State":"","Zip":"02769","StreetName":"Fuller St","Address":null,"StateName":null,"Zip4":null,"MAK":null,"AddressType":null,"RBDI":null,"Results":null,"NoSuffix":""},{"Number":"","Street":"glenmore","Suffix":"dr","City":"","State":"","Zip":"02769","StreetName":"Glenmore Dr","Address":null,"StateName":null,"Zip4":null,"MAK":null,"AddressType":null,"RBDI":null,"Results":null,"NoSuffix":""},{"Number":"","Street":"gorham","Suffix":"st","City":"","State":"","Zip":"02769","StreetName":"Gorham St","Address":null,"StateName":null,"Zip4":null,"MAK":null,"AddressType":null,"RBDI":null,"Results":null,"NoSuffix":""},{"Number":"","Street":"great cedar swamp","Suffix":"rd","City":"","State":"","Zip":"02769","StreetName":"Great Cedar Swamp Rd","Address":null,"StateName":null,"Zip4":null,"MAK":null,"AddressType":null,"RBDI":null,"Results":null,"NoSuffix":""},{"Number":"","Street":"green","Suffix":"ln","City":"","State":"","Zip":"02769","StreetName":"Green Ln","Address":null,"StateName":null,"Zip4":null,"MAK":null,"AddressType":null,"RBDI":null,"Results":null,"NoSuffix":""},{"Number":"","Street":"greenwood","Suffix":"dr","City":"","State":"","Zip":"02769","StreetName":"Greenwood Dr","Address":null,"StateName":null,"Zip4":null,"MAK":null,"AddressType":null,"RBDI":null,"Results":null,"NoSuffix":""},{"Number":"","Street":"harvest","Suffix":"rd","City":"","State":"","Zip":"02769","StreetName":"Harvest Rd","Address":null,"StateName":null,"Zip4":null,"MAK":null,"AddressType":null,"RBDI":null,"Results":null,"NoSuffix":""},{"Number":"","Street":"heritage","Suffix":"rd","City":"","State":"","Zip":"02769","StreetName":"Heritage Rd","Address":null,"StateName":null,"Zip4":null,"MAK":null,"AddressType":null,"RBDI":null,"Results":null,"NoSuffix":""},{"Number":"","Street":"hickory ridge","Suffix":"rd","City":"","State":"","Zip":"02769","StreetName":"Hickory Ridge Rd","Address":null,"StateName":null,"Zip4":null,"MAK":null,"AddressType":null,"RBDI":null,"Results":null,"NoSuffix":""},{"Number":"","Street":"hillside","Suffix":"ave","City":"","State":"","Zip":"02769","StreetName":"Hillside Ave","Address":null,"StateName":null,"Zip4":null,"MAK":null,"AddressType":null,"RBDI":null,"Results":null,"NoSuffix":""},{"Number":"","Street":"hobson","Suffix":"rd","City":"","State":"","Zip":"02769","StreetName":"Hobson Rd","Address":null,"StateName":null,"Zip4":null,"MAK":null,"AddressType":null,"RBDI":null,"Results":null,"NoSuffix":""},{"Number":"","Street":"holly","Suffix":"ln","City":"","State":"","Zip":"02769","StreetName":"Holly Ln","Address":null,"StateName":null,"Zip4":null,"MAK":null,"AddressType":null,"RBDI":null,"Results":null,"NoSuffix":""},{"Number":"","Street":"holmes","Suffix":"st","City":"","State":"","Zip":"02769","StreetName":"Holmes St","Address":null,"StateName":null,"Zip4":null,"MAK":null,"AddressType":null,"RBDI":null,"Results":null,"NoSuffix":""},{"Number":"","Street":"homestead","Suffix":"ave","City":"","State":"","Zip":"02769","StreetName":"Homestead Ave","Address":null,"StateName":null,"Zip4":null,"MAK":null,"AddressType":null,"RBDI":null,"Results":null,"NoSuffix":""},{"Number":"","Street":"honeysuckle","Suffix":"rd","City":"","State":"","Zip":"02769","StreetName":"Honeysuckle Rd","Address":null,"StateName":null,"Zip4":null,"MAK":null,"AddressType":null,"RBDI":null,"Results":null,"NoSuffix":""},{"Number":"","Street":"hornbine","Suffix":"rd","City":"","State":"","Zip":"02769","StreetName":"Hornbine Rd","Address":null,"StateName":null,"Zip4":null,"MAK":null,"AddressType":null,"RBDI":null,"Results":null,"NoSuffix":""},{"Number":"","Street":"horton","Suffix":"way","City":"","State":"","Zip":"02769","StreetName":"Horton Way","Address":null,"StateName":null,"Zip4":null,"MAK":null,"AddressType":null,"RBDI":null,"Results":null,"NoSuffix":""},{"Number":"","Street":"hunt","Suffix":"dr","City":"","State":"","Zip":"02769","StreetName":"Hunt Dr","Address":null,"StateName":null,"Zip4":null,"MAK":null,"AddressType":null,"RBDI":null,"Results":null,"NoSuffix":""},{"Number":"","Street":"idlewoods","Suffix":"dr","City":"","State":"","Zip":"02769","StreetName":"Idlewoods Dr","Address":null,"StateName":null,"Zip4":null,"MAK":null,"AddressType":null,"RBDI":null,"Results":null,"NoSuffix":""},{"Number":"","Street":"indian","Suffix":"ln","City":"","State":"","Zip":"02769","StreetName":"Indian Ln","Address":null,"StateName":null,"Zip4":null,"MAK":null,"AddressType":null,"RBDI":null,"Results":null,"NoSuffix":""},{"Number":"","Street":"jameson","Suffix":"dr","City":"","State":"","Zip":"02769","StreetName":"Jameson Dr","Address":null,"StateName":null,"Zip4":null,"MAK":null,"AddressType":null,"RBDI":null,"Results":null,"NoSuffix":""},{"Number":"","Street":"jennifer","Suffix":"cir","City":"","State":"","Zip":"02769","StreetName":"Jennifer Cir","Address":null,"StateName":null,"Zip4":null,"MAK":null,"AddressType":null,"RBDI":null,"Results":null,"NoSuffix":""},{"Number":"","Street":"johnnies","Suffix":"way","City":"","State":"","Zip":"02769","StreetName":"Johnnies Way","Address":null,"StateName":null,"Zip4":null,"MAK":null,"AddressType":null,"RBDI":null,"Results":null,"NoSuffix":""},{"Number":"","Street":"judith ann","Suffix":"cir","City":"","State":"","Zip":"02769","StreetName":"Judith Ann Cir","Address":null,"StateName":null,"Zip4":null,"MAK":null,"AddressType":null,"RBDI":null,"Results":null,"NoSuffix":""},{"Number":"","Street":"juniper","Suffix":"ln","City":"","State":"","Zip":"02769","StreetName":"Juniper Ln","Address":null,"StateName":null,"Zip4":null,"MAK":null,"AddressType":null,"RBDI":null,"Results":null,"NoSuffix":""},{"Number":"","Street":"justice","Suffix":"way","City":"","State":"","Zip":"02769","StreetName":"Justice Way","Address":null,"StateName":null,"Zip4":null,"MAK":null,"AddressType":null,"RBDI":null,"Results":null,"NoSuffix":""},{"Number":"","Street":"katherine","Suffix":"rd","City":"","State":"","Zip":"02769","StreetName":"Katherine Rd","Address":null,"StateName":null,"Zip4":null,"MAK":null,"AddressType":null,"RBDI":null,"Results":null,"NoSuffix":""},{"Number":"","Street":"katie","Suffix":"dr","City":"","State":"","Zip":"02769","StreetName":"Katie Dr","Address":null,"StateName":null,"Zip4":null,"MAK":null,"AddressType":null,"RBDI":null,"Results":null,"NoSuffix":""},{"Number":"","Street":"kaylee","Suffix":"dr","City":"","State":"","Zip":"02769","StreetName":"Kaylee Dr","Address":null,"StateName":null,"Zip4":null,"MAK":null,"AddressType":null,"RBDI":null,"Results":null,"NoSuffix":""},{"Number":"","Street":"kelton","Suffix":"st","City":"","State":"","Zip":"02769","StreetName":"Kelton St","Address":null,"StateName":null,"Zip4":null,"MAK":null,"AddressType":null,"RBDI":null,"Results":null,"NoSuffix":""},{"Number":"","Street":"key west","Suffix":"blvd","City":"","State":"","Zip":"02769","StreetName":"Key West Blvd","Address":null,"StateName":null,"Zip4":null,"MAK":null,"AddressType":null,"RBDI":null,"Results":null,"NoSuffix":""},{"Number":"","Street":"kimberly","Suffix":"cir","City":"","State":"","Zip":"02769","StreetName":"Kimberly Cir","Address":null,"StateName":null,"Zip4":null,"MAK":null,"AddressType":null,"RBDI":null,"Results":null,"NoSuffix":""},{"Number":"","Street":"king philip","Suffix":"dr","City":"","State":"","Zip":"02769","StreetName":"King Philip Dr","Address":null,"StateName":null,"Zip4":null,"MAK":null,"AddressType":null,"RBDI":null,"Results":null,"NoSuffix":""},{"Number":"","Street":"kingsley","Suffix":"way","City":"","State":"","Zip":"02769","StreetName":"Kingsley Way","Address":null,"StateName":null,"Zip4":null,"MAK":null,"AddressType":null,"RBDI":null,"Results":null,"NoSuffix":""},{"Number":"","Street":"lake","Suffix":"st","City":"","State":"","Zip":"02769","StreetName":"Lake St","Address":null,"StateName":null,"Zip4":null,"MAK":null,"AddressType":null,"RBDI":null,"Results":null,"NoSuffix":""},{"Number":"","Street":"liberty","Suffix":"ln","City":"","State":"","Zip":"02769","StreetName":"Liberty Ln","Address":null,"StateName":null,"Zip4":null,"MAK":null,"AddressType":null,"RBDI":null,"Results":null,"NoSuffix":""},{"Number":"","Street":"linden","Suffix":"ln","City":"","State":"","Zip":"02769","StreetName":"Linden Ln","Address":null,"StateName":null,"Zip4":null,"MAK":null,"AddressType":null,"RBDI":null,"Results":null,"NoSuffix":""},{"Number":"","Street":"locust","Suffix":"ave","City":"","State":"","Zip":"02769","StreetName":"Locust Ave","Address":null,"StateName":null,"Zip4":null,"MAK":null,"AddressType":null,"RBDI":null,"Results":null,"NoSuffix":""},{"Number":"","Street":"lorimar","Suffix":"ln","City":"","State":"","Zip":"02769","StreetName":"Lorimar Ln","Address":null,"StateName":null,"Zip4":null,"MAK":null,"AddressType":null,"RBDI":null,"Results":null,"NoSuffix":""},{"Number":"","Street":"lorson","Suffix":"ln","City":"","State":"","Zip":"02769","StreetName":"Lorson Ln","Address":null,"StateName":null,"Zip4":null,"MAK":null,"AddressType":null,"RBDI":null,"Results":null,"NoSuffix":""},{"Number":"","Street":"madison","Suffix":"cir","City":"","State":"","Zip":"02769","StreetName":"Madison Cir","Address":null,"StateName":null,"Zip4":null,"MAK":null,"AddressType":null,"RBDI":null,"Results":null,"NoSuffix":""},{"Number":"","Street":"maple","Suffix":"ln","City":"","State":"","Zip":"02769","StreetName":"Maple Ln","Address":null,"StateName":null,"Zip4":null,"MAK":null,"AddressType":null,"RBDI":null,"Results":null,"NoSuffix":""},{"Number":"","Street":"maple swamp","Suffix":"rd","City":"","State":"","Zip":"02769","StreetName":"Maple Swamp Rd","Address":null,"StateName":null,"Zip4":null,"MAK":null,"AddressType":null,"RBDI":null,"Results":null,"NoSuffix":""},{"Number":"","Street":"marion","Suffix":"st","City":"","State":"","Zip":"02769","StreetName":"Marion St","Address":null,"StateName":null,"Zip4":null,"MAK":null,"AddressType":null,"RBDI":null,"Results":null,"NoSuffix":""},{"Number":"","Street":"marshall","Suffix":"way","City":"","State":"","Zip":"02769","StreetName":"Marshall Way","Address":null,"StateName":null,"Zip4":null,"MAK":null,"AddressType":null,"RBDI":null,"Results":null,"NoSuffix":""},{"Number":"","Street":"martin","Suffix":"st","City":"","State":"","Zip":"02769","StreetName":"Martin St","Address":null,"StateName":null,"Zip4":null,"MAK":null,"AddressType":null,"RBDI":null,"Results":null,"NoSuffix":""},{"Number":"","Street":"mason","Suffix":"st","City":"","State":"","Zip":"02769","StreetName":"Mason St","Address":null,"StateName":null,"Zip4":null,"MAK":null,"AddressType":null,"RBDI":null,"Results":null,"NoSuffix":""},{"Number":"","Street":"mayflower","Suffix":"ln","City":"","State":"","Zip":"02769","StreetName":"Mayflower Ln","Address":null,"StateName":null,"Zip4":null,"MAK":null,"AddressType":null,"RBDI":null,"Results":null,"NoSuffix":""},{"Number":"","Street":"meadowlark","Suffix":"dr","City":"","State":"","Zip":"02769","StreetName":"Meadowlark Dr","Address":null,"StateName":null,"Zip4":null,"MAK":null,"AddressType":null,"RBDI":null,"Results":null,"NoSuffix":""},{"Number":"","Street":"medalist","Suffix":"dr","City":"","State":"","Zip":"02769","StreetName":"Medalist Dr","Address":null,"StateName":null,"Zip4":null,"MAK":null,"AddressType":null,"RBDI":null,"Results":null,"NoSuffix":""},{"Number":"","Street":"medberry","Suffix":"ln","City":"","State":"","Zip":"02769","StreetName":"Medberry Ln","Address":null,"StateName":null,"Zip4":null,"MAK":null,"AddressType":null,"RBDI":null,"Results":null,"NoSuffix":""},{"Number":"","Street":"mikayla ann","Suffix":"dr","City":"","State":"","Zip":"02769","StreetName":"Mikayla Ann Dr","Address":null,"StateName":null,"Zip4":null,"MAK":null,"AddressType":null,"RBDI":null,"Results":null,"NoSuffix":""},{"Number":"","Street":"miller","Suffix":"st","City":"","State":"","Zip":"02769","StreetName":"Miller St","Address":null,"StateName":null,"Zip4":null,"MAK":null,"AddressType":null,"RBDI":null,"Results":null,"NoSuffix":""},{"Number":"","Street":"mine brook","Suffix":"rd","City":"","State":"","Zip":"02769","StreetName":"Mine Brook Rd","Address":null,"StateName":null,"Zip4":null,"MAK":null,"AddressType":null,"RBDI":null,"Results":null,"NoSuffix":""},{"Number":"","Street":"mohegan","Suffix":"way","City":"","State":"","Zip":"02769","StreetName":"Mohegan Way","Address":null,"StateName":null,"Zip4":null,"MAK":null,"AddressType":null,"RBDI":null,"Results":null,"NoSuffix":""},{"Number":"","Street":"moulton","Suffix":"st","City":"","State":"","Zip":"02769","StreetName":"Moulton St","Address":null,"StateName":null,"Zip4":null,"MAK":null,"AddressType":null,"RBDI":null,"Results":null,"NoSuffix":""},{"Number":"","Street":"myla","Suffix":"way","City":"","State":"","Zip":"02769","StreetName":"Myla Way","Address":null,"StateName":null,"Zip4":null,"MAK":null,"AddressType":null,"RBDI":null,"Results":null,"NoSuffix":""},{"Number":"","Street":"nancy","Suffix":"cir","City":"","State":"","Zip":"02769","StreetName":"Nancy Cir","Address":null,"StateName":null,"Zip4":null,"MAK":null,"AddressType":null,"RBDI":null,"Results":null,"NoSuffix":""},{"Number":"","Street":"nelson","Suffix":"ln","City":"","State":"","Zip":"02769","StreetName":"Nelson Ln","Address":null,"StateName":null,"Zip4":null,"MAK":null,"AddressType":null,"RBDI":null,"Results":null,"NoSuffix":""},{"Number":"","Street":"new","Suffix":"st","City":"","State":"","Zip":"02769","StreetName":"New St","Address":null,"StateName":null,"Zip4":null,"MAK":null,"AddressType":null,"RBDI":null,"Results":null,"NoSuffix":""},{"Number":"","Street":"nichols","Suffix":"st","City":"","State":"","Zip":"02769","StreetName":"Nichols St","Address":null,"StateName":null,"Zip4":null,"MAK":null,"AddressType":null,"RBDI":null,"Results":null,"NoSuffix":""},{"Number":"","Street":"nicole","Suffix":"way","City":"","State":"","Zip":"02769","StreetName":"Nicole Way","Address":null,"StateName":null,"Zip4":null,"MAK":null,"AddressType":null,"RBDI":null,"Results":null,"NoSuffix":""},{"Number":"","Street":"oak","Suffix":"st","City":"","State":"","Zip":"02769","StreetName":"Oak St","Address":null,"StateName":null,"Zip4":null,"MAK":null,"AddressType":null,"RBDI":null,"Results":null,"NoSuffix":""},{"Number":"","Street":"old anawan","Suffix":"rd","City":"","State":"","Zip":"02769","StreetName":"Old Anawan Rd","Address":null,"StateName":null,"Zip4":null,"MAK":null,"AddressType":null,"RBDI":null,"Results":null,"NoSuffix":""},{"Number":"","Street":"old barney","Suffix":"ave","City":"","State":"","Zip":"02769","StreetName":"Old Barney Ave","Address":null,"StateName":null,"Zip4":null,"MAK":null,"AddressType":null,"RBDI":null,"Results":null,"NoSuffix":""},{"Number":"","Street":"old bliss","Suffix":"st","City":"","State":"","Zip":"02769","StreetName":"Old Bliss St","Address":null,"StateName":null,"Zip4":null,"MAK":null,"AddressType":null,"RBDI":null,"Results":null,"NoSuffix":""},{"Number":"","Street":"old fall river","Suffix":"rd","City":"","State":"","Zip":"02769","StreetName":"Old Fall River Rd","Address":null,"StateName":null,"Zip4":null,"MAK":null,"AddressType":null,"RBDI":null,"Results":null,"NoSuffix":""},{"Number":"","Street":"old pine","Suffix":"st","City":"","State":"","Zip":"02769","StreetName":"Old Pine St","Address":null,"StateName":null,"Zip4":null,"MAK":null,"AddressType":null,"RBDI":null,"Results":null,"NoSuffix":""},{"Number":"","Street":"old providence","Suffix":"rd","City":"","State":"","Zip":"02769","StreetName":"Old Providence Rd","Address":null,"StateName":null,"Zip4":null,"MAK":null,"AddressType":null,"RBDI":null,"Results":null,"NoSuffix":""},{"Number":"","Street":"old reynolds","Suffix":"rd","City":"","State":"","Zip":"02769","StreetName":"Old Reynolds Rd","Address":null,"StateName":null,"Zip4":null,"MAK":null,"AddressType":null,"RBDI":null,"Results":null,"NoSuffix":""},{"Number":"","Street":"old spring","Suffix":"st","City":"","State":"","Zip":"02769","StreetName":"Old Spring St","Address":null,"StateName":null,"Zip4":null,"MAK":null,"AddressType":null,"RBDI":null,"Results":null,"NoSuffix":""},{"Number":"","Street":"orleans","Suffix":"way","City":"","State":"","Zip":"02769","StreetName":"Orleans Way","Address":null,"StateName":null,"Zip4":null,"MAK":null,"AddressType":null,"RBDI":null,"Results":null,"NoSuffix":""},{"Number":"","Street":"osprey","Suffix":"cir","City":"","State":"","Zip":"02769","StreetName":"Osprey Cir","Address":null,"StateName":null,"Zip4":null,"MAK":null,"AddressType":null,"RBDI":null,"Results":null,"NoSuffix":""},{"Number":"","Street":"palmer meadow","Suffix":"ln","City":"","State":"","Zip":"02769","StreetName":"Palmer Meadow Ln","Address":null,"StateName":null,"Zip4":null,"MAK":null,"AddressType":null,"RBDI":null,"Results":null,"NoSuffix":""},{"Number":"","Street":"park","Suffix":"st","City":"","State":"","Zip":"02769","StreetName":"Park St","Address":null,"StateName":null,"Zip4":null,"MAK":null,"AddressType":null,"RBDI":null,"Results":null,"NoSuffix":""},{"Number":"","Street":"peck","Suffix":"st","City":"","State":"","Zip":"02769","StreetName":"Peck St","Address":null,"StateName":null,"Zip4":null,"MAK":null,"AddressType":null,"RBDI":null,"Results":null,"NoSuffix":""},{"Number":"","Street":"peckham","Suffix":"st","City":"","State":"","Zip":"02769","StreetName":"Peckham St","Address":null,"StateName":null,"Zip4":null,"MAK":null,"AddressType":null,"RBDI":null,"Results":null,"NoSuffix":""},{"Number":"","Street":"perryville","Suffix":"rd","City":"","State":"","Zip":"02769","StreetName":"Perryville Rd","Address":null,"StateName":null,"Zip4":null,"MAK":null,"AddressType":null,"RBDI":null,"Results":null,"NoSuffix":""},{"Number":"","Street":"pierce","Suffix":"ln","City":"","State":"","Zip":"02769","StreetName":"Pierce Ln","Address":null,"StateName":null,"Zip4":null,"MAK":null,"AddressType":null,"RBDI":null,"Results":null,"NoSuffix":""},{"Number":"","Street":"pimental","Suffix":"dr","City":"","State":"","Zip":"02769","StreetName":"Pimental Dr","Address":null,"StateName":null,"Zip4":null,"MAK":null,"AddressType":null,"RBDI":null,"Results":null,"NoSuffix":""},{"Number":"","Street":"pine","Suffix":"st","City":"","State":"","Zip":"02769","StreetName":"Pine St","Address":null,"StateName":null,"Zip4":null,"MAK":null,"AddressType":null,"RBDI":null,"Results":null,"NoSuffix":""},{"Number":"","Street":"pine grove","Suffix":"rd","City":"","State":"","Zip":"02769","StreetName":"Pine Grove Rd","Address":null,"StateName":null,"Zip4":null,"MAK":null,"AddressType":null,"RBDI":null,"Results":null,"NoSuffix":""},{"Number":"","Street":"plain","Suffix":"st","City":"","State":"","Zip":"02769","StreetName":"Plain St","Address":null,"StateName":null,"Zip4":null,"MAK":null,"AddressType":null,"RBDI":null,"Results":null,"NoSuffix":""},{"Number":"","Street":"pleasant","Suffix":"st","City":"","State":"","Zip":"02769","StreetName":"Pleasant St","Address":null,"StateName":null,"Zip4":null,"MAK":null,"AddressType":null,"RBDI":null,"Results":null,"NoSuffix":""},{"Number":"","Street":"po box","Suffix":"","City":"","State":"","Zip":"02769","StreetName":"Po Box","Address":null,"StateName":null,"Zip4":null,"MAK":null,"AddressType":null,"RBDI":null,"Results":null,"NoSuffix":"t"},{"Number":"","Street":"pond","Suffix":"st","City":"","State":"","Zip":"02769","StreetName":"Pond St","Address":null,"StateName":null,"Zip4":null,"MAK":null,"AddressType":null,"RBDI":null,"Results":null,"NoSuffix":""},{"Number":"","Street":"primrose","Suffix":"ln","City":"","State":"","Zip":"02769","StreetName":"Primrose Ln","Address":null,"StateName":null,"Zip4":null,"MAK":null,"AddressType":null,"RBDI":null,"Results":null,"NoSuffix":""},{"Number":"","Street":"princess pine","Suffix":"dr","City":"","State":"","Zip":"02769","StreetName":"Princess Pine Dr","Address":null,"StateName":null,"Zip4":null,"MAK":null,"AddressType":null,"RBDI":null,"Results":null,"NoSuffix":""},{"Number":"","Street":"providence","Suffix":"st","City":"","State":"","Zip":"02769","StreetName":"Providence St","Address":null,"StateName":null,"Zip4":null,"MAK":null,"AddressType":null,"RBDI":null,"Results":null,"NoSuffix":""},{"Number":"","Street":"purchase","Suffix":"st","City":"","State":"","Zip":"02769","StreetName":"Purchase St","Address":null,"StateName":null,"Zip4":null,"MAK":null,"AddressType":null,"RBDI":null,"Results":null,"NoSuffix":""},{"Number":"","Street":"quint","Suffix":"rd","City":"","State":"","Zip":"02769","StreetName":"Quint Rd","Address":null,"StateName":null,"Zip4":null,"MAK":null,"AddressType":null,"RBDI":null,"Results":null,"NoSuffix":""},{"Number":"","Street":"rachel","Suffix":"dr","City":"","State":"","Zip":"02769","StreetName":"Rachel Dr","Address":null,"StateName":null,"Zip4":null,"MAK":null,"AddressType":null,"RBDI":null,"Results":null,"NoSuffix":""},{"Number":"","Street":"ralsie","Suffix":"rd","City":"","State":"","Zip":"02769","StreetName":"Ralsie Rd","Address":null,"StateName":null,"Zip4":null,"MAK":null,"AddressType":null,"RBDI":null,"Results":null,"NoSuffix":""},{"Number":"","Street":"red fox","Suffix":"rd","City":"","State":"","Zip":"02769","StreetName":"Red Fox Rd","Address":null,"StateName":null,"Zip4":null,"MAK":null,"AddressType":null,"RBDI":null,"Results":null,"NoSuffix":""},{"Number":"","Street":"reed","Suffix":"st","City":"","State":"","Zip":"02769","StreetName":"Reed St","Address":null,"StateName":null,"Zip4":null,"MAK":null,"AddressType":null,"RBDI":null,"Results":null,"NoSuffix":""},{"Number":"","Street":"reservoir","Suffix":"ave","City":"","State":"","Zip":"02769","StreetName":"Reservoir Ave","Address":null,"StateName":null,"Zip4":null,"MAK":null,"AddressType":null,"RBDI":null,"Results":null,"NoSuffix":""},{"Number":"","Street":"reynolds","Suffix":"ave","City":"","State":"","Zip":"02769","StreetName":"Reynolds Ave","Address":null,"StateName":null,"Zip4":null,"MAK":null,"AddressType":null,"RBDI":null,"Results":null,"NoSuffix":""},{"Number":"","Street":"river","Suffix":"st","City":"","State":"","Zip":"02769","StreetName":"River St","Address":null,"StateName":null,"Zip4":null,"MAK":null,"AddressType":null,"RBDI":null,"Results":null,"NoSuffix":""},{"Number":"","Street":"roberts","Suffix":"rd","City":"","State":"","Zip":"02769","StreetName":"Roberts Rd","Address":null,"StateName":null,"Zip4":null,"MAK":null,"AddressType":null,"RBDI":null,"Results":null,"NoSuffix":""},{"Number":"","Street":"rocky hill","Suffix":"rd","City":"","State":"","Zip":"02769","StreetName":"Rocky Hill Rd","Address":null,"StateName":null,"Zip4":null,"MAK":null,"AddressType":null,"RBDI":null,"Results":null,"NoSuffix":""},{"Number":"","Street":"round farm","Suffix":"rd","City":"","State":"","Zip":"02769","StreetName":"Round Farm Rd","Address":null,"StateName":null,"Zip4":null,"MAK":null,"AddressType":null,"RBDI":null,"Results":null,"NoSuffix":""},{"Number":"","Street":"running stream","Suffix":"rd","City":"","State":"","Zip":"02769","StreetName":"Running Stream Rd","Address":null,"StateName":null,"Zip4":null,"MAK":null,"AddressType":null,"RBDI":null,"Results":null,"NoSuffix":""},{"Number":"","Street":"ruth anna","Suffix":"dr","City":"","State":"","Zip":"02769","StreetName":"Ruth Anna Dr","Address":null,"StateName":null,"Zip4":null,"MAK":null,"AddressType":null,"RBDI":null,"Results":null,"NoSuffix":""},{"Number":"","Street":"salisbury","Suffix":"st","City":"","State":"","Zip":"02769","StreetName":"Salisbury St","Address":null,"StateName":null,"Zip4":null,"MAK":null,"AddressType":null,"RBDI":null,"Results":null,"NoSuffix":""},{"Number":"","Street":"samantha","Suffix":"ln","City":"","State":"","Zip":"02769","StreetName":"Samantha Ln","Address":null,"StateName":null,"Zip4":null,"MAK":null,"AddressType":null,"RBDI":null,"Results":null,"NoSuffix":""},{"Number":"","Street":"sassafras","Suffix":"rd","City":"","State":"","Zip":"02769","StreetName":"Sassafras Rd","Address":null,"StateName":null,"Zip4":null,"MAK":null,"AddressType":null,"RBDI":null,"Results":null,"NoSuffix":""},{"Number":"","Street":"school","Suffix":"st","City":"","State":"","Zip":"02769","StreetName":"School St","Address":null,"StateName":null,"Zip4":null,"MAK":null,"AddressType":null,"RBDI":null,"Results":null,"NoSuffix":""},{"Number":"","Street":"shad pond","Suffix":"dr","City":"","State":"","Zip":"02769","StreetName":"Shad Pond Dr","Address":null,"StateName":null,"Zip4":null,"MAK":null,"AddressType":null,"RBDI":null,"Results":null,"NoSuffix":""},{"Number":"","Street":"short","Suffix":"st","City":"","State":"","Zip":"02769","StreetName":"Short St","Address":null,"StateName":null,"Zip4":null,"MAK":null,"AddressType":null,"RBDI":null,"Results":null,"NoSuffix":""},{"Number":"","Street":"simmons","Suffix":"st","City":"","State":"","Zip":"02769","StreetName":"Simmons St","Address":null,"StateName":null,"Zip4":null,"MAK":null,"AddressType":null,"RBDI":null,"Results":null,"NoSuffix":""},{"Number":"","Street":"skyla","Suffix":"way","City":"","State":"","Zip":"02769","StreetName":"Skyla Way","Address":null,"StateName":null,"Zip4":null,"MAK":null,"AddressType":null,"RBDI":null,"Results":null,"NoSuffix":""},{"Number":"","Street":"slater","Suffix":"st","City":"","State":"","Zip":"02769","StreetName":"Slater St","Address":null,"StateName":null,"Zip4":null,"MAK":null,"AddressType":null,"RBDI":null,"Results":null,"NoSuffix":""},{"Number":"","Street":"smith","Suffix":"st","City":"","State":"","Zip":"02769","StreetName":"Smith St","Address":null,"StateName":null,"Zip4":null,"MAK":null,"AddressType":null,"RBDI":null,"Results":null,"NoSuffix":""},{"Number":"","Street":"sophia","Suffix":"dr","City":"","State":"","Zip":"02769","StreetName":"Sophia Dr","Address":null,"StateName":null,"Zip4":null,"MAK":null,"AddressType":null,"RBDI":null,"Results":null,"NoSuffix":""},{"Number":"","Street":"spring","Suffix":"st","City":"","State":"","Zip":"02769","StreetName":"Spring St","Address":null,"StateName":null,"Zip4":null,"MAK":null,"AddressType":null,"RBDI":null,"Results":null,"NoSuffix":""},{"Number":"","Street":"stagecoach","Suffix":"rd","City":"","State":"","Zip":"02769","StreetName":"Stagecoach Rd","Address":null,"StateName":null,"Zip4":null,"MAK":null,"AddressType":null,"RBDI":null,"Results":null,"NoSuffix":""},{"Number":"","Street":"starr","Suffix":"ln","City":"","State":"","Zip":"02769","StreetName":"Starr Ln","Address":null,"StateName":null,"Zip4":null,"MAK":null,"AddressType":null,"RBDI":null,"Results":null,"NoSuffix":""},{"Number":"","Street":"steber","Suffix":"way","City":"","State":"","Zip":"02769","StreetName":"Steber Way","Address":null,"StateName":null,"Zip4":null,"MAK":null,"AddressType":null,"RBDI":null,"Results":null,"NoSuffix":""},{"Number":"","Street":"stoney brook","Suffix":"rd","City":"","State":"","Zip":"02769","StreetName":"Stoney Brook Rd","Address":null,"StateName":null,"Zip4":null,"MAK":null,"AddressType":null,"RBDI":null,"Results":null,"NoSuffix":""},{"Number":"","Street":"summer","Suffix":"st","City":"","State":"","Zip":"02769","StreetName":"Summer St","Address":null,"StateName":null,"Zip4":null,"MAK":null,"AddressType":null,"RBDI":null,"Results":null,"NoSuffix":""},{"Number":"","Street":"sweeney","Suffix":"rd","City":"","State":"","Zip":"02769","StreetName":"Sweeney Rd","Address":null,"StateName":null,"Zip4":null,"MAK":null,"AddressType":null,"RBDI":null,"Results":null,"NoSuffix":""},{"Number":"","Street":"talbot","Suffix":"dr","City":"","State":"","Zip":"02769","StreetName":"Talbot Dr","Address":null,"StateName":null,"Zip4":null,"MAK":null,"AddressType":null,"RBDI":null,"Results":null,"NoSuffix":""},{"Number":"","Street":"taylor","Suffix":"dr","City":"","State":"","Zip":"02769","StreetName":"Taylor Dr","Address":null,"StateName":null,"Zip4":null,"MAK":null,"AddressType":null,"RBDI":null,"Results":null,"NoSuffix":""},{"Number":"","Street":"terry diddle","Suffix":"ln","City":"","State":"","Zip":"02769","StreetName":"Terry Diddle Ln","Address":null,"StateName":null,"Zip4":null,"MAK":null,"AddressType":null,"RBDI":null,"Results":null,"NoSuffix":""},{"Number":"","Street":"terrybrook","Suffix":"rd","City":"","State":"","Zip":"02769","StreetName":"Terrybrook Rd","Address":null,"StateName":null,"Zip4":null,"MAK":null,"AddressType":null,"RBDI":null,"Results":null,"NoSuffix":""},{"Number":"","Street":"tiger lily","Suffix":"trl","City":"","State":"","Zip":"02769","StreetName":"Tiger Lily Trl","Address":null,"StateName":null,"Zip4":null,"MAK":null,"AddressType":null,"RBDI":null,"Results":null,"NoSuffix":""},{"Number":"","Street":"tori leigh","Suffix":"ln","City":"","State":"","Zip":"02769","StreetName":"Tori Leigh Ln","Address":null,"StateName":null,"Zip4":null,"MAK":null,"AddressType":null,"RBDI":null,"Results":null,"NoSuffix":""},{"Number":"","Street":"tremont","Suffix":"st","City":"","State":"","Zip":"02769","StreetName":"Tremont St","Address":null,"StateName":null,"Zip4":null,"MAK":null,"AddressType":null,"RBDI":null,"Results":null,"NoSuffix":""},{"Number":"","Street":"trim","Suffix":"st","City":"","State":"","Zip":"02769","StreetName":"Trim St","Address":null,"StateName":null,"Zip4":null,"MAK":null,"AddressType":null,"RBDI":null,"Results":null,"NoSuffix":""},{"Number":"","Street":"turner","Suffix":"ct","City":"","State":"","Zip":"02769","StreetName":"Turner Ct","Address":null,"StateName":null,"Zip4":null,"MAK":null,"AddressType":null,"RBDI":null,"Results":null,"NoSuffix":""},{"Number":"","Street":"two rod","Suffix":"way","City":"","State":"","Zip":"02769","StreetName":"Two Rod Way","Address":null,"StateName":null,"Zip4":null,"MAK":null,"AddressType":null,"RBDI":null,"Results":null,"NoSuffix":""},{"Number":"","Street":"valeda","Suffix":"rd","City":"","State":"","Zip":"02769","StreetName":"Valeda Rd","Address":null,"StateName":null,"Zip4":null,"MAK":null,"AddressType":null,"RBDI":null,"Results":null,"NoSuffix":""},{"Number":"","Street":"vickery","Suffix":"ln","City":"","State":"","Zip":"02769","StreetName":"Vickery Ln","Address":null,"StateName":null,"Zip4":null,"MAK":null,"AddressType":null,"RBDI":null,"Results":null,"NoSuffix":""},{"Number":"","Street":"victoria","Suffix":"ln","City":"","State":"","Zip":"02769","StreetName":"Victoria Ln","Address":null,"StateName":null,"Zip4":null,"MAK":null,"AddressType":null,"RBDI":null,"Results":null,"NoSuffix":""},{"Number":"","Street":"walker","Suffix":"st","City":"","State":"","Zip":"02769","StreetName":"Walker St","Address":null,"StateName":null,"Zip4":null,"MAK":null,"AddressType":null,"RBDI":null,"Results":null,"NoSuffix":""},{"Number":"","Street":"walnut","Suffix":"st","City":"","State":"","Zip":"02769","StreetName":"Walnut St","Address":null,"StateName":null,"Zip4":null,"MAK":null,"AddressType":null,"RBDI":null,"Results":null,"NoSuffix":""},{"Number":"","Street":"water","Suffix":"st","City":"","State":"","Zip":"02769","StreetName":"Water St","Address":null,"StateName":null,"Zip4":null,"MAK":null,"AddressType":null,"RBDI":null,"Results":null,"NoSuffix":""},{"Number":"","Street":"waterman","Suffix":"st","City":"","State":"","Zip":"02769","StreetName":"Waterman St","Address":null,"StateName":null,"Zip4":null,"MAK":null,"AddressType":null,"RBDI":null,"Results":null,"NoSuffix":""},{"Number":"","Street":"wedge","Suffix":"way","City":"","State":"","Zip":"02769","StreetName":"Wedge Way","Address":null,"StateName":null,"Zip4":null,"MAK":null,"AddressType":null,"RBDI":null,"Results":null,"NoSuffix":""},{"Number":"","Street":"wheaton","Suffix":"ave","City":"","State":"","Zip":"02769","StreetName":"Wheaton Ave","Address":null,"StateName":null,"Zip4":null,"MAK":null,"AddressType":null,"RBDI":null,"Results":null,"NoSuffix":""},{"Number":"","Street":"wheeler","Suffix":"st","City":"","State":"","Zip":"02769","StreetName":"Wheeler St","Address":null,"StateName":null,"Zip4":null,"MAK":null,"AddressType":null,"RBDI":null,"Results":null,"NoSuffix":""},{"Number":"","Street":"willard","Suffix":"ave","City":"","State":"","Zip":"02769","StreetName":"Willard Ave","Address":null,"StateName":null,"Zip4":null,"MAK":null,"AddressType":null,"RBDI":null,"Results":null,"NoSuffix":""},{"Number":"","Street":"williams","Suffix":"st","City":"","State":"","Zip":"02769","StreetName":"Williams St","Address":null,"StateName":null,"Zip4":null,"MAK":null,"AddressType":null,"RBDI":null,"Results":null,"NoSuffix":""},{"Number":"","Street":"williamsfield","Suffix":"ln","City":"","State":"","Zip":"02769","StreetName":"Williamsfield Ln","Address":null,"StateName":null,"Zip4":null,"MAK":null,"AddressType":null,"RBDI":null,"Results":null,"NoSuffix":""},{"Number":"","Street":"willow","Suffix":"way","City":"","State":"","Zip":"02769","StreetName":"Willow Way","Address":null,"StateName":null,"Zip4":null,"MAK":null,"AddressType":null,"RBDI":null,"Results":null,"NoSuffix":""},{"Number":"","Street":"wilmarth bridge","Suffix":"rd","City":"","State":"","Zip":"02769","StreetName":"Wilmarth Bridge Rd","Address":null,"StateName":null,"Zip4":null,"MAK":null,"AddressType":null,"RBDI":null,"Results":null,"NoSuffix":""},{"Number":"","Street":"winter","Suffix":"st","City":"","State":"","Zip":"02769","StreetName":"Winter St","Address":null,"StateName":null,"Zip4":null,"MAK":null,"AddressType":null,"RBDI":null,"Results":null,"NoSuffix":""},{"Number":"","Street":"winterberry","Suffix":"ln","City":"","State":"","Zip":"02769","StreetName":"Winterberry Ln","Address":null,"StateName":null,"Zip4":null,"MAK":null,"AddressType":null,"RBDI":null,"Results":null,"NoSuffix":""},{"Number":"","Street":"winthrop","Suffix":"st","City":"","State":"","Zip":"02769","StreetName":"Winthrop St","Address":null,"StateName":null,"Zip4":null,"MAK":null,"AddressType":null,"RBDI":null,"Results":null,"NoSuffix":""},{"Number":"","Street":"wood","Suffix":"st","City":"","State":"","Zip":"02769","StreetName":"Wood St","Address":null,"StateName":null,"Zip4":null,"MAK":null,"AddressType":null,"RBDI":null,"Results":null,"NoSuffix":""},{"Number":"","Street":"woodland","Suffix":"way","City":"","State":"","Zip":"02769","StreetName":"Woodland Way","Address":null,"StateName":null,"Zip4":null,"MAK":null,"AddressType":null,"RBDI":null,"Results":null,"NoSuffix":""},{"Number":"","Street":"wright","Suffix":"st","City":"","State":"","Zip":"02769","StreetName":"Wright St","Address":null,"StateName":null,"Zip4":null,"MAK":null,"AddressType":null,"RBDI":null,"Results":null,"NoSuffix":""}]