[{"Number":"","Street":"1st","Suffix":"st","City":"","State":"","Zip":"01938","StreetName":"1St St","Address":null,"StateName":null,"Zip4":null,"MAK":null,"AddressType":null,"RBDI":null,"Results":null,"NoSuffix":""},{"Number":"","Street":"2nd","Suffix":"st","City":"","State":"","Zip":"01938","StreetName":"2Nd St","Address":null,"StateName":null,"Zip4":null,"MAK":null,"AddressType":null,"RBDI":null,"Results":null,"NoSuffix":""},{"Number":"","Street":"4th","Suffix":"st","City":"","State":"","Zip":"01938","StreetName":"4Th St","Address":null,"StateName":null,"Zip4":null,"MAK":null,"AddressType":null,"RBDI":null,"Results":null,"NoSuffix":""},{"Number":"","Street":"5th","Suffix":"st","City":"","State":"","Zip":"01938","StreetName":"5Th St","Address":null,"StateName":null,"Zip4":null,"MAK":null,"AddressType":null,"RBDI":null,"Results":null,"NoSuffix":""},{"Number":"","Street":"6th","Suffix":"st","City":"","State":"","Zip":"01938","StreetName":"6Th St","Address":null,"StateName":null,"Zip4":null,"MAK":null,"AddressType":null,"RBDI":null,"Results":null,"NoSuffix":""},{"Number":"","Street":"abbott","Suffix":"ln","City":"","State":"","Zip":"01938","StreetName":"Abbott Ln","Address":null,"StateName":null,"Zip4":null,"MAK":null,"AddressType":null,"RBDI":null,"Results":null,"NoSuffix":""},{"Number":"","Street":"abell","Suffix":"ave","City":"","State":"","Zip":"01938","StreetName":"Abell Ave","Address":null,"StateName":null,"Zip4":null,"MAK":null,"AddressType":null,"RBDI":null,"Results":null,"NoSuffix":""},{"Number":"","Street":"adeline","Suffix":"rd","City":"","State":"","Zip":"01938","StreetName":"Adeline Rd","Address":null,"StateName":null,"Zip4":null,"MAK":null,"AddressType":null,"RBDI":null,"Results":null,"NoSuffix":""},{"Number":"","Street":"agawam","Suffix":"ave","City":"","State":"","Zip":"01938","StreetName":"Agawam Ave","Address":null,"StateName":null,"Zip4":null,"MAK":null,"AddressType":null,"RBDI":null,"Results":null,"NoSuffix":""},{"Number":"","Street":"agawam","Suffix":"vlg","City":"","State":"","Zip":"01938","StreetName":"Agawam Vlg","Address":null,"StateName":null,"Zip4":null,"MAK":null,"AddressType":null,"RBDI":null,"Results":null,"NoSuffix":""},{"Number":"","Street":"alamo","Suffix":"rd","City":"","State":"","Zip":"01938","StreetName":"Alamo Rd","Address":null,"StateName":null,"Zip4":null,"MAK":null,"AddressType":null,"RBDI":null,"Results":null,"NoSuffix":""},{"Number":"","Street":"alderson","Suffix":"rd","City":"","State":"","Zip":"01938","StreetName":"Alderson Rd","Address":null,"StateName":null,"Zip4":null,"MAK":null,"AddressType":null,"RBDI":null,"Results":null,"NoSuffix":""},{"Number":"","Street":"allen","Suffix":"ln","City":"","State":"","Zip":"01938","StreetName":"Allen Ln","Address":null,"StateName":null,"Zip4":null,"MAK":null,"AddressType":null,"RBDI":null,"Results":null,"NoSuffix":""},{"Number":"","Street":"appleton","Suffix":"park","City":"","State":"","Zip":"01938","StreetName":"Appleton Park","Address":null,"StateName":null,"Zip4":null,"MAK":null,"AddressType":null,"RBDI":null,"Results":null,"NoSuffix":""},{"Number":"","Street":"applewood","Suffix":"dr","City":"","State":"","Zip":"01938","StreetName":"Applewood Dr","Address":null,"StateName":null,"Zip4":null,"MAK":null,"AddressType":null,"RBDI":null,"Results":null,"NoSuffix":""},{"Number":"","Street":"appomattox","Suffix":"rd","City":"","State":"","Zip":"01938","StreetName":"Appomattox Rd","Address":null,"StateName":null,"Zip4":null,"MAK":null,"AddressType":null,"RBDI":null,"Results":null,"NoSuffix":""},{"Number":"","Street":"argilla","Suffix":"rd","City":"","State":"","Zip":"01938","StreetName":"Argilla Rd","Address":null,"StateName":null,"Zip4":null,"MAK":null,"AddressType":null,"RBDI":null,"Results":null,"NoSuffix":""},{"Number":"","Street":"arrowhead","Suffix":"trl","City":"","State":"","Zip":"01938","StreetName":"Arrowhead Trl","Address":null,"StateName":null,"Zip4":null,"MAK":null,"AddressType":null,"RBDI":null,"Results":null,"NoSuffix":""},{"Number":"","Street":"ashley","Suffix":"ln","City":"","State":"","Zip":"01938","StreetName":"Ashley Ln","Address":null,"StateName":null,"Zip4":null,"MAK":null,"AddressType":null,"RBDI":null,"Results":null,"NoSuffix":""},{"Number":"","Street":"avery","Suffix":"st","City":"","State":"","Zip":"01938","StreetName":"Avery St","Address":null,"StateName":null,"Zip4":null,"MAK":null,"AddressType":null,"RBDI":null,"Results":null,"NoSuffix":""},{"Number":"","Street":"bailey","Suffix":"st","City":"","State":"","Zip":"01938","StreetName":"Bailey St","Address":null,"StateName":null,"Zip4":null,"MAK":null,"AddressType":null,"RBDI":null,"Results":null,"NoSuffix":""},{"Number":"","Street":"barnside","Suffix":"dr","City":"","State":"","Zip":"01938","StreetName":"Barnside Dr","Address":null,"StateName":null,"Zip4":null,"MAK":null,"AddressType":null,"RBDI":null,"Results":null,"NoSuffix":""},{"Number":"","Street":"bay","Suffix":"rd","City":"","State":"","Zip":"01938","StreetName":"Bay Rd","Address":null,"StateName":null,"Zip4":null,"MAK":null,"AddressType":null,"RBDI":null,"Results":null,"NoSuffix":""},{"Number":"","Street":"baycrest","Suffix":"rd","City":"","State":"","Zip":"01938","StreetName":"Baycrest Rd","Address":null,"StateName":null,"Zip4":null,"MAK":null,"AddressType":null,"RBDI":null,"Results":null,"NoSuffix":""},{"Number":"","Street":"bayview","Suffix":"rd","City":"","State":"","Zip":"01938","StreetName":"Bayview Rd","Address":null,"StateName":null,"Zip4":null,"MAK":null,"AddressType":null,"RBDI":null,"Results":null,"NoSuffix":""},{"Number":"","Street":"beachview","Suffix":"ln","City":"","State":"","Zip":"01938","StreetName":"Beachview Ln","Address":null,"StateName":null,"Zip4":null,"MAK":null,"AddressType":null,"RBDI":null,"Results":null,"NoSuffix":""},{"Number":"","Street":"beaulieu","Suffix":"ln","City":"","State":"","Zip":"01938","StreetName":"Beaulieu Ln","Address":null,"StateName":null,"Zip4":null,"MAK":null,"AddressType":null,"RBDI":null,"Results":null,"NoSuffix":""},{"Number":"","Street":"beechwood","Suffix":"rd","City":"","State":"","Zip":"01938","StreetName":"Beechwood Rd","Address":null,"StateName":null,"Zip4":null,"MAK":null,"AddressType":null,"RBDI":null,"Results":null,"NoSuffix":""},{"Number":"","Street":"belle","Suffix":"st","City":"","State":"","Zip":"01938","StreetName":"Belle St","Address":null,"StateName":null,"Zip4":null,"MAK":null,"AddressType":null,"RBDI":null,"Results":null,"NoSuffix":""},{"Number":"","Street":"birch","Suffix":"ln","City":"","State":"","Zip":"01938","StreetName":"Birch Ln","Address":null,"StateName":null,"Zip4":null,"MAK":null,"AddressType":null,"RBDI":null,"Results":null,"NoSuffix":""},{"Number":"","Street":"blair","Suffix":"rd","City":"","State":"","Zip":"01938","StreetName":"Blair Rd","Address":null,"StateName":null,"Zip4":null,"MAK":null,"AddressType":null,"RBDI":null,"Results":null,"NoSuffix":""},{"Number":"","Street":"blaisdell","Suffix":"ter","City":"","State":"","Zip":"01938","StreetName":"Blaisdell Ter","Address":null,"StateName":null,"Zip4":null,"MAK":null,"AddressType":null,"RBDI":null,"Results":null,"NoSuffix":""},{"Number":"","Street":"booth","Suffix":"ct","City":"","State":"","Zip":"01938","StreetName":"Booth Ct","Address":null,"StateName":null,"Zip4":null,"MAK":null,"AddressType":null,"RBDI":null,"Results":null,"NoSuffix":""},{"Number":"","Street":"bowdoin","Suffix":"rd","City":"","State":"","Zip":"01938","StreetName":"Bowdoin Rd","Address":null,"StateName":null,"Zip4":null,"MAK":null,"AddressType":null,"RBDI":null,"Results":null,"NoSuffix":""},{"Number":"","Street":"boxford","Suffix":"rd","City":"","State":"","Zip":"01938","StreetName":"Boxford Rd","Address":null,"StateName":null,"Zip4":null,"MAK":null,"AddressType":null,"RBDI":null,"Results":null,"NoSuffix":""},{"Number":"","Street":"brady","Suffix":"dr","City":"","State":"","Zip":"01938","StreetName":"Brady Dr","Address":null,"StateName":null,"Zip4":null,"MAK":null,"AddressType":null,"RBDI":null,"Results":null,"NoSuffix":""},{"Number":"","Street":"brentwood","Suffix":"way","City":"","State":"","Zip":"01938","StreetName":"Brentwood Way","Address":null,"StateName":null,"Zip4":null,"MAK":null,"AddressType":null,"RBDI":null,"Results":null,"NoSuffix":""},{"Number":"","Street":"brewery","Suffix":"pl","City":"","State":"","Zip":"01938","StreetName":"Brewery Pl","Address":null,"StateName":null,"Zip4":null,"MAK":null,"AddressType":null,"RBDI":null,"Results":null,"NoSuffix":""},{"Number":"","Street":"broadway","Suffix":"ave","City":"","State":"","Zip":"01938","StreetName":"Broadway Ave","Address":null,"StateName":null,"Zip4":null,"MAK":null,"AddressType":null,"RBDI":null,"Results":null,"NoSuffix":""},{"Number":"","Street":"broadway avenue","Suffix":"ext","City":"","State":"","Zip":"01938","StreetName":"Broadway Avenue Ext","Address":null,"StateName":null,"Zip4":null,"MAK":null,"AddressType":null,"RBDI":null,"Results":null,"NoSuffix":""},{"Number":"","Street":"brown","Suffix":"sq","City":"","State":"","Zip":"01938","StreetName":"Brown Sq","Address":null,"StateName":null,"Zip4":null,"MAK":null,"AddressType":null,"RBDI":null,"Results":null,"NoSuffix":""},{"Number":"","Street":"brown","Suffix":"st","City":"","State":"","Zip":"01938","StreetName":"Brown St","Address":null,"StateName":null,"Zip4":null,"MAK":null,"AddressType":null,"RBDI":null,"Results":null,"NoSuffix":""},{"Number":"","Street":"brownville","Suffix":"ave","City":"","State":"","Zip":"01938","StreetName":"Brownville Ave","Address":null,"StateName":null,"Zip4":null,"MAK":null,"AddressType":null,"RBDI":null,"Results":null,"NoSuffix":""},{"Number":"","Street":"bull brook","Suffix":"ln","City":"","State":"","Zip":"01938","StreetName":"Bull Brook Ln","Address":null,"StateName":null,"Zip4":null,"MAK":null,"AddressType":null,"RBDI":null,"Results":null,"NoSuffix":""},{"Number":"","Street":"bulls eye","Suffix":"rd","City":"","State":"","Zip":"01938","StreetName":"Bulls Eye Rd","Address":null,"StateName":null,"Zip4":null,"MAK":null,"AddressType":null,"RBDI":null,"Results":null,"NoSuffix":""},{"Number":"","Street":"bunker hill","Suffix":"rd","City":"","State":"","Zip":"01938","StreetName":"Bunker Hill Rd","Address":null,"StateName":null,"Zip4":null,"MAK":null,"AddressType":null,"RBDI":null,"Results":null,"NoSuffix":""},{"Number":"","Street":"burleigh","Suffix":"ave","City":"","State":"","Zip":"01938","StreetName":"Burleigh Ave","Address":null,"StateName":null,"Zip4":null,"MAK":null,"AddressType":null,"RBDI":null,"Results":null,"NoSuffix":""},{"Number":"","Street":"burley","Suffix":"pl","City":"","State":"","Zip":"01938","StreetName":"Burley Pl","Address":null,"StateName":null,"Zip4":null,"MAK":null,"AddressType":null,"RBDI":null,"Results":null,"NoSuffix":""},{"Number":"","Street":"burrage","Suffix":"ln","City":"","State":"","Zip":"01938","StreetName":"Burrage Ln","Address":null,"StateName":null,"Zip4":null,"MAK":null,"AddressType":null,"RBDI":null,"Results":null,"NoSuffix":""},{"Number":"","Street":"burton","Suffix":"rd","City":"","State":"","Zip":"01938","StreetName":"Burton Rd","Address":null,"StateName":null,"Zip4":null,"MAK":null,"AddressType":null,"RBDI":null,"Results":null,"NoSuffix":""},{"Number":"","Street":"bush hill","Suffix":"rd","City":"","State":"","Zip":"01938","StreetName":"Bush Hill Rd","Address":null,"StateName":null,"Zip4":null,"MAK":null,"AddressType":null,"RBDI":null,"Results":null,"NoSuffix":""},{"Number":"","Street":"buttonwood","Suffix":"ln","City":"","State":"","Zip":"01938","StreetName":"Buttonwood Ln","Address":null,"StateName":null,"Zip4":null,"MAK":null,"AddressType":null,"RBDI":null,"Results":null,"NoSuffix":""},{"Number":"","Street":"cameron","Suffix":"ave","City":"","State":"","Zip":"01938","StreetName":"Cameron Ave","Address":null,"StateName":null,"Zip4":null,"MAK":null,"AddressType":null,"RBDI":null,"Results":null,"NoSuffix":""},{"Number":"","Street":"candlewood","Suffix":"rd","City":"","State":"","Zip":"01938","StreetName":"Candlewood Rd","Address":null,"StateName":null,"Zip4":null,"MAK":null,"AddressType":null,"RBDI":null,"Results":null,"NoSuffix":""},{"Number":"","Street":"cape ann","Suffix":"cir","City":"","State":"","Zip":"01938","StreetName":"Cape Ann Cir","Address":null,"StateName":null,"Zip4":null,"MAK":null,"AddressType":null,"RBDI":null,"Results":null,"NoSuffix":""},{"Number":"","Street":"capeview","Suffix":"rd","City":"","State":"","Zip":"01938","StreetName":"Capeview Rd","Address":null,"StateName":null,"Zip4":null,"MAK":null,"AddressType":null,"RBDI":null,"Results":null,"NoSuffix":""},{"Number":"","Street":"caroline","Suffix":"ave","City":"","State":"","Zip":"01938","StreetName":"Caroline Ave","Address":null,"StateName":null,"Zip4":null,"MAK":null,"AddressType":null,"RBDI":null,"Results":null,"NoSuffix":""},{"Number":"","Street":"cayer","Suffix":"way","City":"","State":"","Zip":"01938","StreetName":"Cayer Way","Address":null,"StateName":null,"Zip4":null,"MAK":null,"AddressType":null,"RBDI":null,"Results":null,"NoSuffix":""},{"Number":"","Street":"cedarview","Suffix":"rd","City":"","State":"","Zip":"01938","StreetName":"Cedarview Rd","Address":null,"StateName":null,"Zip4":null,"MAK":null,"AddressType":null,"RBDI":null,"Results":null,"NoSuffix":""},{"Number":"","Street":"central","Suffix":"st","City":"","State":"","Zip":"01938","StreetName":"Central St","Address":null,"StateName":null,"Zip4":null,"MAK":null,"AddressType":null,"RBDI":null,"Results":null,"NoSuffix":""},{"Number":"","Street":"charlotte","Suffix":"rd","City":"","State":"","Zip":"01938","StreetName":"Charlotte Rd","Address":null,"StateName":null,"Zip4":null,"MAK":null,"AddressType":null,"RBDI":null,"Results":null,"NoSuffix":""},{"Number":"","Street":"chattanooga","Suffix":"rd","City":"","State":"","Zip":"01938","StreetName":"Chattanooga Rd","Address":null,"StateName":null,"Zip4":null,"MAK":null,"AddressType":null,"RBDI":null,"Results":null,"NoSuffix":""},{"Number":"","Street":"chebacco","Suffix":"rd","City":"","State":"","Zip":"01938","StreetName":"Chebacco Rd","Address":null,"StateName":null,"Zip4":null,"MAK":null,"AddressType":null,"RBDI":null,"Results":null,"NoSuffix":""},{"Number":"","Street":"cherry","Suffix":"st","City":"","State":"","Zip":"01938","StreetName":"Cherry St","Address":null,"StateName":null,"Zip4":null,"MAK":null,"AddressType":null,"RBDI":null,"Results":null,"NoSuffix":""},{"Number":"","Street":"chestnut","Suffix":"st","City":"","State":"","Zip":"01938","StreetName":"Chestnut St","Address":null,"StateName":null,"Zip4":null,"MAK":null,"AddressType":null,"RBDI":null,"Results":null,"NoSuffix":""},{"Number":"","Street":"chickadee","Suffix":"rd","City":"","State":"","Zip":"01938","StreetName":"Chickadee Rd","Address":null,"StateName":null,"Zip4":null,"MAK":null,"AddressType":null,"RBDI":null,"Results":null,"NoSuffix":""},{"Number":"","Street":"choate","Suffix":"ln","City":"","State":"","Zip":"01938","StreetName":"Choate Ln","Address":null,"StateName":null,"Zip4":null,"MAK":null,"AddressType":null,"RBDI":null,"Results":null,"NoSuffix":""},{"Number":"","Street":"circle","Suffix":"dr","City":"","State":"","Zip":"01938","StreetName":"Circle Dr","Address":null,"StateName":null,"Zip4":null,"MAK":null,"AddressType":null,"RBDI":null,"Results":null,"NoSuffix":""},{"Number":"","Street":"clark","Suffix":"rd","City":"","State":"","Zip":"01938","StreetName":"Clark Rd","Address":null,"StateName":null,"Zip4":null,"MAK":null,"AddressType":null,"RBDI":null,"Results":null,"NoSuffix":""},{"Number":"","Street":"cleveland","Suffix":"ave","City":"","State":"","Zip":"01938","StreetName":"Cleveland Ave","Address":null,"StateName":null,"Zip4":null,"MAK":null,"AddressType":null,"RBDI":null,"Results":null,"NoSuffix":""},{"Number":"","Street":"cliff","Suffix":"rd","City":"","State":"","Zip":"01938","StreetName":"Cliff Rd","Address":null,"StateName":null,"Zip4":null,"MAK":null,"AddressType":null,"RBDI":null,"Results":null,"NoSuffix":""},{"Number":"","Street":"cobblers","Suffix":"ln","City":"","State":"","Zip":"01938","StreetName":"Cobblers Ln","Address":null,"StateName":null,"Zip4":null,"MAK":null,"AddressType":null,"RBDI":null,"Results":null,"NoSuffix":""},{"Number":"","Street":"cogswell","Suffix":"st","City":"","State":"","Zip":"01938","StreetName":"Cogswell St","Address":null,"StateName":null,"Zip4":null,"MAK":null,"AddressType":null,"RBDI":null,"Results":null,"NoSuffix":""},{"Number":"","Street":"colby","Suffix":"rd","City":"","State":"","Zip":"01938","StreetName":"Colby Rd","Address":null,"StateName":null,"Zip4":null,"MAK":null,"AddressType":null,"RBDI":null,"Results":null,"NoSuffix":""},{"Number":"","Street":"colonial","Suffix":"dr","City":"","State":"","Zip":"01938","StreetName":"Colonial Dr","Address":null,"StateName":null,"Zip4":null,"MAK":null,"AddressType":null,"RBDI":null,"Results":null,"NoSuffix":""},{"Number":"","Street":"congress","Suffix":"st","City":"","State":"","Zip":"01938","StreetName":"Congress St","Address":null,"StateName":null,"Zip4":null,"MAK":null,"AddressType":null,"RBDI":null,"Results":null,"NoSuffix":""},{"Number":"","Street":"cottage","Suffix":"st","City":"","State":"","Zip":"01938","StreetName":"Cottage St","Address":null,"StateName":null,"Zip4":null,"MAK":null,"AddressType":null,"RBDI":null,"Results":null,"NoSuffix":""},{"Number":"","Street":"country club","Suffix":"way","City":"","State":"","Zip":"01938","StreetName":"Country Club Way","Address":null,"StateName":null,"Zip4":null,"MAK":null,"AddressType":null,"RBDI":null,"Results":null,"NoSuffix":""},{"Number":"","Street":"county","Suffix":"rd","City":"","State":"","Zip":"01938","StreetName":"County Rd","Address":null,"StateName":null,"Zip4":null,"MAK":null,"AddressType":null,"RBDI":null,"Results":null,"NoSuffix":""},{"Number":"","Street":"county","Suffix":"st","City":"","State":"","Zip":"01938","StreetName":"County St","Address":null,"StateName":null,"Zip4":null,"MAK":null,"AddressType":null,"RBDI":null,"Results":null,"NoSuffix":""},{"Number":"","Street":"court","Suffix":"ln","City":"","State":"","Zip":"01938","StreetName":"Court Ln","Address":null,"StateName":null,"Zip4":null,"MAK":null,"AddressType":null,"RBDI":null,"Results":null,"NoSuffix":""},{"Number":"","Street":"courtland","Suffix":"way","City":"","State":"","Zip":"01938","StreetName":"Courtland Way","Address":null,"StateName":null,"Zip4":null,"MAK":null,"AddressType":null,"RBDI":null,"Results":null,"NoSuffix":""},{"Number":"","Street":"cove","Suffix":"rd","City":"","State":"","Zip":"01938","StreetName":"Cove Rd","Address":null,"StateName":null,"Zip4":null,"MAK":null,"AddressType":null,"RBDI":null,"Results":null,"NoSuffix":""},{"Number":"","Street":"crestwood","Suffix":"rd","City":"","State":"","Zip":"01938","StreetName":"Crestwood Rd","Address":null,"StateName":null,"Zip4":null,"MAK":null,"AddressType":null,"RBDI":null,"Results":null,"NoSuffix":""},{"Number":"","Street":"currier","Suffix":"park","City":"","State":"","Zip":"01938","StreetName":"Currier Park","Address":null,"StateName":null,"Zip4":null,"MAK":null,"AddressType":null,"RBDI":null,"Results":null,"NoSuffix":""},{"Number":"","Street":"damon","Suffix":"ave","City":"","State":"","Zip":"01938","StreetName":"Damon Ave","Address":null,"StateName":null,"Zip4":null,"MAK":null,"AddressType":null,"RBDI":null,"Results":null,"NoSuffix":""},{"Number":"","Street":"dartmouth","Suffix":"rd","City":"","State":"","Zip":"01938","StreetName":"Dartmouth Rd","Address":null,"StateName":null,"Zip4":null,"MAK":null,"AddressType":null,"RBDI":null,"Results":null,"NoSuffix":""},{"Number":"","Street":"depot","Suffix":"sq","City":"","State":"","Zip":"01938","StreetName":"Depot Sq","Address":null,"StateName":null,"Zip4":null,"MAK":null,"AddressType":null,"RBDI":null,"Results":null,"NoSuffix":""},{"Number":"","Street":"dix","Suffix":"rd","City":"","State":"","Zip":"01938","StreetName":"Dix Rd","Address":null,"StateName":null,"Zip4":null,"MAK":null,"AddressType":null,"RBDI":null,"Results":null,"NoSuffix":""},{"Number":"","Street":"dornell","Suffix":"rd","City":"","State":"","Zip":"01938","StreetName":"Dornell Rd","Address":null,"StateName":null,"Zip4":null,"MAK":null,"AddressType":null,"RBDI":null,"Results":null,"NoSuffix":""},{"Number":"","Street":"dorr","Suffix":"ct","City":"","State":"","Zip":"01938","StreetName":"Dorr Ct","Address":null,"StateName":null,"Zip4":null,"MAK":null,"AddressType":null,"RBDI":null,"Results":null,"NoSuffix":""},{"Number":"","Street":"drumlin","Suffix":"rd","City":"","State":"","Zip":"01938","StreetName":"Drumlin Rd","Address":null,"StateName":null,"Zip4":null,"MAK":null,"AddressType":null,"RBDI":null,"Results":null,"NoSuffix":""},{"Number":"","Street":"dudley","Suffix":"way","City":"","State":"","Zip":"01938","StreetName":"Dudley Way","Address":null,"StateName":null,"Zip4":null,"MAK":null,"AddressType":null,"RBDI":null,"Results":null,"NoSuffix":""},{"Number":"","Street":"dunkirk","Suffix":"rd","City":"","State":"","Zip":"01938","StreetName":"Dunkirk Rd","Address":null,"StateName":null,"Zip4":null,"MAK":null,"AddressType":null,"RBDI":null,"Results":null,"NoSuffix":""},{"Number":"","Street":"eagle","Suffix":"ct","City":"","State":"","Zip":"01938","StreetName":"Eagle Ct","Address":null,"StateName":null,"Zip4":null,"MAK":null,"AddressType":null,"RBDI":null,"Results":null,"NoSuffix":""},{"Number":"","Street":"eagle hill","Suffix":"rd","City":"","State":"","Zip":"01938","StreetName":"Eagle Hill Rd","Address":null,"StateName":null,"Zip4":null,"MAK":null,"AddressType":null,"RBDI":null,"Results":null,"NoSuffix":""},{"Number":"","Street":"east","Suffix":"st","City":"","State":"","Zip":"01938","StreetName":"East St","Address":null,"StateName":null,"Zip4":null,"MAK":null,"AddressType":null,"RBDI":null,"Results":null,"NoSuffix":""},{"Number":"","Street":"echo","Suffix":"ct","City":"","State":"","Zip":"01938","StreetName":"Echo Ct","Address":null,"StateName":null,"Zip4":null,"MAK":null,"AddressType":null,"RBDI":null,"Results":null,"NoSuffix":""},{"Number":"","Street":"edge","Suffix":"st","City":"","State":"","Zip":"01938","StreetName":"Edge St","Address":null,"StateName":null,"Zip4":null,"MAK":null,"AddressType":null,"RBDI":null,"Results":null,"NoSuffix":""},{"Number":"","Street":"elm","Suffix":"st","City":"","State":"","Zip":"01938","StreetName":"Elm St","Address":null,"StateName":null,"Zip4":null,"MAK":null,"AddressType":null,"RBDI":null,"Results":null,"NoSuffix":""},{"Number":"","Street":"emery","Suffix":"ln","City":"","State":"","Zip":"01938","StreetName":"Emery Ln","Address":null,"StateName":null,"Zip4":null,"MAK":null,"AddressType":null,"RBDI":null,"Results":null,"NoSuffix":""},{"Number":"","Street":"essex","Suffix":"rd","City":"","State":"","Zip":"01938","StreetName":"Essex Rd","Address":null,"StateName":null,"Zip4":null,"MAK":null,"AddressType":null,"RBDI":null,"Results":null,"NoSuffix":""},{"Number":"","Street":"estes","Suffix":"st","City":"","State":"","Zip":"01938","StreetName":"Estes St","Address":null,"StateName":null,"Zip4":null,"MAK":null,"AddressType":null,"RBDI":null,"Results":null,"NoSuffix":""},{"Number":"","Street":"fairview","Suffix":"ave","City":"","State":"","Zip":"01938","StreetName":"Fairview Ave","Address":null,"StateName":null,"Zip4":null,"MAK":null,"AddressType":null,"RBDI":null,"Results":null,"NoSuffix":""},{"Number":"","Street":"farley","Suffix":"ave","City":"","State":"","Zip":"01938","StreetName":"Farley Ave","Address":null,"StateName":null,"Zip4":null,"MAK":null,"AddressType":null,"RBDI":null,"Results":null,"NoSuffix":""},{"Number":"","Street":"farragut","Suffix":"rd","City":"","State":"","Zip":"01938","StreetName":"Farragut Rd","Address":null,"StateName":null,"Zip4":null,"MAK":null,"AddressType":null,"RBDI":null,"Results":null,"NoSuffix":""},{"Number":"","Street":"fellows","Suffix":"rd","City":"","State":"","Zip":"01938","StreetName":"Fellows Rd","Address":null,"StateName":null,"Zip4":null,"MAK":null,"AddressType":null,"RBDI":null,"Results":null,"NoSuffix":""},{"Number":"","Street":"fille","Suffix":"st","City":"","State":"","Zip":"01938","StreetName":"Fille St","Address":null,"StateName":null,"Zip4":null,"MAK":null,"AddressType":null,"RBDI":null,"Results":null,"NoSuffix":""},{"Number":"","Street":"fordham","Suffix":"rd","City":"","State":"","Zip":"01938","StreetName":"Fordham Rd","Address":null,"StateName":null,"Zip4":null,"MAK":null,"AddressType":null,"RBDI":null,"Results":null,"NoSuffix":""},{"Number":"","Street":"fowlers","Suffix":"ln","City":"","State":"","Zip":"01938","StreetName":"Fowlers Ln","Address":null,"StateName":null,"Zip4":null,"MAK":null,"AddressType":null,"RBDI":null,"Results":null,"NoSuffix":""},{"Number":"","Street":"fox creek","Suffix":"rd","City":"","State":"","Zip":"01938","StreetName":"Fox Creek Rd","Address":null,"StateName":null,"Zip4":null,"MAK":null,"AddressType":null,"RBDI":null,"Results":null,"NoSuffix":""},{"Number":"","Street":"fox run","Suffix":"rd","City":"","State":"","Zip":"01938","StreetName":"Fox Run Rd","Address":null,"StateName":null,"Zip4":null,"MAK":null,"AddressType":null,"RBDI":null,"Results":null,"NoSuffix":""},{"Number":"","Street":"gala","Suffix":"way","City":"","State":"","Zip":"01938","StreetName":"Gala Way","Address":null,"StateName":null,"Zip4":null,"MAK":null,"AddressType":null,"RBDI":null,"Results":null,"NoSuffix":""},{"Number":"","Street":"goldfinch","Suffix":"rd","City":"","State":"","Zip":"01938","StreetName":"Goldfinch Rd","Address":null,"StateName":null,"Zip4":null,"MAK":null,"AddressType":null,"RBDI":null,"Results":null,"NoSuffix":""},{"Number":"","Street":"goodhue","Suffix":"st","City":"","State":"","Zip":"01938","StreetName":"Goodhue St","Address":null,"StateName":null,"Zip4":null,"MAK":null,"AddressType":null,"RBDI":null,"Results":null,"NoSuffix":""},{"Number":"","Street":"granite","Suffix":"ct","City":"","State":"","Zip":"01938","StreetName":"Granite Ct","Address":null,"StateName":null,"Zip4":null,"MAK":null,"AddressType":null,"RBDI":null,"Results":null,"NoSuffix":""},{"Number":"","Street":"grant","Suffix":"ct","City":"","State":"","Zip":"01938","StreetName":"Grant Ct","Address":null,"StateName":null,"Zip4":null,"MAK":null,"AddressType":null,"RBDI":null,"Results":null,"NoSuffix":""},{"Number":"","Street":"grasshopper","Suffix":"ln","City":"","State":"","Zip":"01938","StreetName":"Grasshopper Ln","Address":null,"StateName":null,"Zip4":null,"MAK":null,"AddressType":null,"RBDI":null,"Results":null,"NoSuffix":""},{"Number":"","Street":"green","Suffix":"st","City":"","State":"","Zip":"01938","StreetName":"Green St","Address":null,"StateName":null,"Zip4":null,"MAK":null,"AddressType":null,"RBDI":null,"Results":null,"NoSuffix":""},{"Number":"","Street":"greens point","Suffix":"rd","City":"","State":"","Zip":"01938","StreetName":"Greens Point Rd","Address":null,"StateName":null,"Zip4":null,"MAK":null,"AddressType":null,"RBDI":null,"Results":null,"NoSuffix":""},{"Number":"","Street":"haddington","Suffix":"fld","City":"","State":"","Zip":"01938","StreetName":"Haddington Fld","Address":null,"StateName":null,"Zip4":null,"MAK":null,"AddressType":null,"RBDI":null,"Results":null,"NoSuffix":""},{"Number":"","Street":"hammatt","Suffix":"st","City":"","State":"","Zip":"01938","StreetName":"Hammatt St","Address":null,"StateName":null,"Zip4":null,"MAK":null,"AddressType":null,"RBDI":null,"Results":null,"NoSuffix":""},{"Number":"","Street":"harbor view","Suffix":"rd","City":"","State":"","Zip":"01938","StreetName":"Harbor View Rd","Address":null,"StateName":null,"Zip4":null,"MAK":null,"AddressType":null,"RBDI":null,"Results":null,"NoSuffix":""},{"Number":"","Street":"hawk hill","Suffix":"ln","City":"","State":"","Zip":"01938","StreetName":"Hawk Hill Ln","Address":null,"StateName":null,"Zip4":null,"MAK":null,"AddressType":null,"RBDI":null,"Results":null,"NoSuffix":""},{"Number":"","Street":"hayward","Suffix":"st","City":"","State":"","Zip":"01938","StreetName":"Hayward St","Address":null,"StateName":null,"Zip4":null,"MAK":null,"AddressType":null,"RBDI":null,"Results":null,"NoSuffix":""},{"Number":"","Street":"heard","Suffix":"dr","City":"","State":"","Zip":"01938","StreetName":"Heard Dr","Address":null,"StateName":null,"Zip4":null,"MAK":null,"AddressType":null,"RBDI":null,"Results":null,"NoSuffix":""},{"Number":"","Street":"heartbreak","Suffix":"hl","City":"","State":"","Zip":"01938","StreetName":"Heartbreak Hl","Address":null,"StateName":null,"Zip4":null,"MAK":null,"AddressType":null,"RBDI":null,"Results":null,"NoSuffix":""},{"Number":"","Street":"heartbreak","Suffix":"rd","City":"","State":"","Zip":"01938","StreetName":"Heartbreak Rd","Address":null,"StateName":null,"Zip4":null,"MAK":null,"AddressType":null,"RBDI":null,"Results":null,"NoSuffix":""},{"Number":"","Street":"heatherside","Suffix":"ln","City":"","State":"","Zip":"01938","StreetName":"Heatherside Ln","Address":null,"StateName":null,"Zip4":null,"MAK":null,"AddressType":null,"RBDI":null,"Results":null,"NoSuffix":""},{"Number":"","Street":"hemlock","Suffix":"dr","City":"","State":"","Zip":"01938","StreetName":"Hemlock Dr","Address":null,"StateName":null,"Zip4":null,"MAK":null,"AddressType":null,"RBDI":null,"Results":null,"NoSuffix":""},{"Number":"","Street":"herrick","Suffix":"dr","City":"","State":"","Zip":"01938","StreetName":"Herrick Dr","Address":null,"StateName":null,"Zip4":null,"MAK":null,"AddressType":null,"RBDI":null,"Results":null,"NoSuffix":""},{"Number":"","Street":"herring","Suffix":"way","City":"","State":"","Zip":"01938","StreetName":"Herring Way","Address":null,"StateName":null,"Zip4":null,"MAK":null,"AddressType":null,"RBDI":null,"Results":null,"NoSuffix":""},{"Number":"","Street":"hickory","Suffix":"ln","City":"","State":"","Zip":"01938","StreetName":"Hickory Ln","Address":null,"StateName":null,"Zip4":null,"MAK":null,"AddressType":null,"RBDI":null,"Results":null,"NoSuffix":""},{"Number":"","Street":"high","Suffix":"st","City":"","State":"","Zip":"01938","StreetName":"High St","Address":null,"StateName":null,"Zip4":null,"MAK":null,"AddressType":null,"RBDI":null,"Results":null,"NoSuffix":""},{"Number":"","Street":"highland","Suffix":"ave","City":"","State":"","Zip":"01938","StreetName":"Highland Ave","Address":null,"StateName":null,"Zip4":null,"MAK":null,"AddressType":null,"RBDI":null,"Results":null,"NoSuffix":""},{"Number":"","Street":"highland","Suffix":"st","City":"","State":"","Zip":"01938","StreetName":"Highland St","Address":null,"StateName":null,"Zip4":null,"MAK":null,"AddressType":null,"RBDI":null,"Results":null,"NoSuffix":""},{"Number":"","Street":"highwood","Suffix":"ln","City":"","State":"","Zip":"01938","StreetName":"Highwood Ln","Address":null,"StateName":null,"Zip4":null,"MAK":null,"AddressType":null,"RBDI":null,"Results":null,"NoSuffix":""},{"Number":"","Street":"hillside","Suffix":"rd","City":"","State":"","Zip":"01938","StreetName":"Hillside Rd","Address":null,"StateName":null,"Zip4":null,"MAK":null,"AddressType":null,"RBDI":null,"Results":null,"NoSuffix":""},{"Number":"","Street":"hilltop","Suffix":"rd","City":"","State":"","Zip":"01938","StreetName":"Hilltop Rd","Address":null,"StateName":null,"Zip4":null,"MAK":null,"AddressType":null,"RBDI":null,"Results":null,"NoSuffix":""},{"Number":"","Street":"hodges","Suffix":"way","City":"","State":"","Zip":"01938","StreetName":"Hodges Way","Address":null,"StateName":null,"Zip4":null,"MAK":null,"AddressType":null,"RBDI":null,"Results":null,"NoSuffix":""},{"Number":"","Street":"hodgkins","Suffix":"dr","City":"","State":"","Zip":"01938","StreetName":"Hodgkins Dr","Address":null,"StateName":null,"Zip4":null,"MAK":null,"AddressType":null,"RBDI":null,"Results":null,"NoSuffix":""},{"Number":"","Street":"hood farm","Suffix":"rd","City":"","State":"","Zip":"01938","StreetName":"Hood Farm Rd","Address":null,"StateName":null,"Zip4":null,"MAK":null,"AddressType":null,"RBDI":null,"Results":null,"NoSuffix":""},{"Number":"","Street":"hovey","Suffix":"st","City":"","State":"","Zip":"01938","StreetName":"Hovey St","Address":null,"StateName":null,"Zip4":null,"MAK":null,"AddressType":null,"RBDI":null,"Results":null,"NoSuffix":""},{"Number":"","Street":"howard","Suffix":"st","City":"","State":"","Zip":"01938","StreetName":"Howard St","Address":null,"StateName":null,"Zip4":null,"MAK":null,"AddressType":null,"RBDI":null,"Results":null,"NoSuffix":""},{"Number":"","Street":"howe","Suffix":"st","City":"","State":"","Zip":"01938","StreetName":"Howe St","Address":null,"StateName":null,"Zip4":null,"MAK":null,"AddressType":null,"RBDI":null,"Results":null,"NoSuffix":""},{"Number":"","Street":"intervale","Suffix":"way","City":"","State":"","Zip":"01938","StreetName":"Intervale Way","Address":null,"StateName":null,"Zip4":null,"MAK":null,"AddressType":null,"RBDI":null,"Results":null,"NoSuffix":""},{"Number":"","Street":"ipswich woods","Suffix":"dr","City":"","State":"","Zip":"01938","StreetName":"Ipswich Woods Dr","Address":null,"StateName":null,"Zip4":null,"MAK":null,"AddressType":null,"RBDI":null,"Results":null,"NoSuffix":""},{"Number":"","Street":"island park","Suffix":"rd","City":"","State":"","Zip":"01938","StreetName":"Island Park Rd","Address":null,"StateName":null,"Zip4":null,"MAK":null,"AddressType":null,"RBDI":null,"Results":null,"NoSuffix":""},{"Number":"","Street":"james","Suffix":"rd","City":"","State":"","Zip":"01938","StreetName":"James Rd","Address":null,"StateName":null,"Zip4":null,"MAK":null,"AddressType":null,"RBDI":null,"Results":null,"NoSuffix":""},{"Number":"","Street":"jay","Suffix":"rd","City":"","State":"","Zip":"01938","StreetName":"Jay Rd","Address":null,"StateName":null,"Zip4":null,"MAK":null,"AddressType":null,"RBDI":null,"Results":null,"NoSuffix":""},{"Number":"","Street":"jeffreys neck","Suffix":"rd","City":"","State":"","Zip":"01938","StreetName":"Jeffreys Neck Rd","Address":null,"StateName":null,"Zip4":null,"MAK":null,"AddressType":null,"RBDI":null,"Results":null,"NoSuffix":""},{"Number":"","Street":"jewett hill","Suffix":"rd","City":"","State":"","Zip":"01938","StreetName":"Jewett Hill Rd","Address":null,"StateName":null,"Zip4":null,"MAK":null,"AddressType":null,"RBDI":null,"Results":null,"NoSuffix":""},{"Number":"","Street":"jones","Suffix":"ct","City":"","State":"","Zip":"01938","StreetName":"Jones Ct","Address":null,"StateName":null,"Zip4":null,"MAK":null,"AddressType":null,"RBDI":null,"Results":null,"NoSuffix":""},{"Number":"","Street":"juniper","Suffix":"st","City":"","State":"","Zip":"01938","StreetName":"Juniper St","Address":null,"StateName":null,"Zip4":null,"MAK":null,"AddressType":null,"RBDI":null,"Results":null,"NoSuffix":""},{"Number":"","Street":"jurdins hill","Suffix":"rd","City":"","State":"","Zip":"01938","StreetName":"Jurdins Hill Rd","Address":null,"StateName":null,"Zip4":null,"MAK":null,"AddressType":null,"RBDI":null,"Results":null,"NoSuffix":""},{"Number":"","Street":"jutland","Suffix":"way","City":"","State":"","Zip":"01938","StreetName":"Jutland Way","Address":null,"StateName":null,"Zip4":null,"MAK":null,"AddressType":null,"RBDI":null,"Results":null,"NoSuffix":""},{"Number":"","Street":"kennedy","Suffix":"dr","City":"","State":"","Zip":"01938","StreetName":"Kennedy Dr","Address":null,"StateName":null,"Zip4":null,"MAK":null,"AddressType":null,"RBDI":null,"Results":null,"NoSuffix":""},{"Number":"","Street":"kimball","Suffix":"ave","City":"","State":"","Zip":"01938","StreetName":"Kimball Ave","Address":null,"StateName":null,"Zip4":null,"MAK":null,"AddressType":null,"RBDI":null,"Results":null,"NoSuffix":""},{"Number":"","Street":"kimball","Suffix":"st","City":"","State":"","Zip":"01938","StreetName":"Kimball St","Address":null,"StateName":null,"Zip4":null,"MAK":null,"AddressType":null,"RBDI":null,"Results":null,"NoSuffix":""},{"Number":"","Street":"kingfisher","Suffix":"rd","City":"","State":"","Zip":"01938","StreetName":"Kingfisher Rd","Address":null,"StateName":null,"Zip4":null,"MAK":null,"AddressType":null,"RBDI":null,"Results":null,"NoSuffix":""},{"Number":"","Street":"kings","Suffix":"way","City":"","State":"","Zip":"01938","StreetName":"Kings Way","Address":null,"StateName":null,"Zip4":null,"MAK":null,"AddressType":null,"RBDI":null,"Results":null,"NoSuffix":""},{"Number":"","Street":"kinsman","Suffix":"ct","City":"","State":"","Zip":"01938","StreetName":"Kinsman Ct","Address":null,"StateName":null,"Zip4":null,"MAK":null,"AddressType":null,"RBDI":null,"Results":null,"NoSuffix":""},{"Number":"","Street":"labor in vain","Suffix":"rd","City":"","State":"","Zip":"01938","StreetName":"Labor In Vain Rd","Address":null,"StateName":null,"Zip4":null,"MAK":null,"AddressType":null,"RBDI":null,"Results":null,"NoSuffix":""},{"Number":"","Street":"lafayette","Suffix":"rd","City":"","State":"","Zip":"01938","StreetName":"Lafayette Rd","Address":null,"StateName":null,"Zip4":null,"MAK":null,"AddressType":null,"RBDI":null,"Results":null,"NoSuffix":""},{"Number":"","Street":"lakemans","Suffix":"ln","City":"","State":"","Zip":"01938","StreetName":"Lakemans Ln","Address":null,"StateName":null,"Zip4":null,"MAK":null,"AddressType":null,"RBDI":null,"Results":null,"NoSuffix":""},{"Number":"","Street":"lanes end","Suffix":"","City":"","State":"","Zip":"01938","StreetName":"Lanes End","Address":null,"StateName":null,"Zip4":null,"MAK":null,"AddressType":null,"RBDI":null,"Results":null,"NoSuffix":"t"},{"Number":"","Street":"leblanc","Suffix":"dr","City":"","State":"","Zip":"01938","StreetName":"Leblanc Dr","Address":null,"StateName":null,"Zip4":null,"MAK":null,"AddressType":null,"RBDI":null,"Results":null,"NoSuffix":""},{"Number":"","Street":"leslie","Suffix":"rd","City":"","State":"","Zip":"01938","StreetName":"Leslie Rd","Address":null,"StateName":null,"Zip4":null,"MAK":null,"AddressType":null,"RBDI":null,"Results":null,"NoSuffix":""},{"Number":"","Street":"liberty","Suffix":"st","City":"","State":"","Zip":"01938","StreetName":"Liberty St","Address":null,"StateName":null,"Zip4":null,"MAK":null,"AddressType":null,"RBDI":null,"Results":null,"NoSuffix":""},{"Number":"","Street":"lilac meadows","Suffix":"way","City":"","State":"","Zip":"01938","StreetName":"Lilac Meadows Way","Address":null,"StateName":null,"Zip4":null,"MAK":null,"AddressType":null,"RBDI":null,"Results":null,"NoSuffix":""},{"Number":"","Street":"lillian","Suffix":"dr","City":"","State":"","Zip":"01938","StreetName":"Lillian Dr","Address":null,"StateName":null,"Zip4":null,"MAK":null,"AddressType":null,"RBDI":null,"Results":null,"NoSuffix":""},{"Number":"","Street":"lincoln","Suffix":"way","City":"","State":"","Zip":"01938","StreetName":"Lincoln Way","Address":null,"StateName":null,"Zip4":null,"MAK":null,"AddressType":null,"RBDI":null,"Results":null,"NoSuffix":""},{"Number":"","Street":"linden","Suffix":"st","City":"","State":"","Zip":"01938","StreetName":"Linden St","Address":null,"StateName":null,"Zip4":null,"MAK":null,"AddressType":null,"RBDI":null,"Results":null,"NoSuffix":""},{"Number":"","Street":"linebrook","Suffix":"rd","City":"","State":"","Zip":"01938","StreetName":"Linebrook Rd","Address":null,"StateName":null,"Zip4":null,"MAK":null,"AddressType":null,"RBDI":null,"Results":null,"NoSuffix":""},{"Number":"","Street":"little neck","Suffix":"rd","City":"","State":"","Zip":"01938","StreetName":"Little Neck Rd","Address":null,"StateName":null,"Zip4":null,"MAK":null,"AddressType":null,"RBDI":null,"Results":null,"NoSuffix":""},{"Number":"","Street":"locust","Suffix":"rd","City":"","State":"","Zip":"01938","StreetName":"Locust Rd","Address":null,"StateName":null,"Zip4":null,"MAK":null,"AddressType":null,"RBDI":null,"Results":null,"NoSuffix":""},{"Number":"","Street":"loneys","Suffix":"ln","City":"","State":"","Zip":"01938","StreetName":"Loneys Ln","Address":null,"StateName":null,"Zip4":null,"MAK":null,"AddressType":null,"RBDI":null,"Results":null,"NoSuffix":""},{"Number":"","Street":"long ridge","Suffix":"ln","City":"","State":"","Zip":"01938","StreetName":"Long Ridge Ln","Address":null,"StateName":null,"Zip4":null,"MAK":null,"AddressType":null,"RBDI":null,"Results":null,"NoSuffix":""},{"Number":"","Street":"longmeadow","Suffix":"dr","City":"","State":"","Zip":"01938","StreetName":"Longmeadow Dr","Address":null,"StateName":null,"Zip4":null,"MAK":null,"AddressType":null,"RBDI":null,"Results":null,"NoSuffix":""},{"Number":"","Street":"longspur","Suffix":"rd","City":"","State":"","Zip":"01938","StreetName":"Longspur Rd","Address":null,"StateName":null,"Zip4":null,"MAK":null,"AddressType":null,"RBDI":null,"Results":null,"NoSuffix":""},{"Number":"","Street":"lord","Suffix":"sq","City":"","State":"","Zip":"01938","StreetName":"Lord Sq","Address":null,"StateName":null,"Zip4":null,"MAK":null,"AddressType":null,"RBDI":null,"Results":null,"NoSuffix":""},{"Number":"","Street":"lowes","Suffix":"ln","City":"","State":"","Zip":"01938","StreetName":"Lowes Ln","Address":null,"StateName":null,"Zip4":null,"MAK":null,"AddressType":null,"RBDI":null,"Results":null,"NoSuffix":""},{"Number":"","Street":"macy","Suffix":"ln","City":"","State":"","Zip":"01938","StreetName":"Macy Ln","Address":null,"StateName":null,"Zip4":null,"MAK":null,"AddressType":null,"RBDI":null,"Results":null,"NoSuffix":""},{"Number":"","Street":"main","Suffix":"st","City":"","State":"","Zip":"01938","StreetName":"Main St","Address":null,"StateName":null,"Zip4":null,"MAK":null,"AddressType":null,"RBDI":null,"Results":null,"NoSuffix":""},{"Number":"","Street":"manning","Suffix":"st","City":"","State":"","Zip":"01938","StreetName":"Manning St","Address":null,"StateName":null,"Zip4":null,"MAK":null,"AddressType":null,"RBDI":null,"Results":null,"NoSuffix":""},{"Number":"","Street":"manor house","Suffix":"ln","City":"","State":"","Zip":"01938","StreetName":"Manor House Ln","Address":null,"StateName":null,"Zip4":null,"MAK":null,"AddressType":null,"RBDI":null,"Results":null,"NoSuffix":""},{"Number":"","Street":"maple","Suffix":"ave","City":"","State":"","Zip":"01938","StreetName":"Maple Ave","Address":null,"StateName":null,"Zip4":null,"MAK":null,"AddressType":null,"RBDI":null,"Results":null,"NoSuffix":""},{"Number":"","Street":"maplecroft","Suffix":"ln","City":"","State":"","Zip":"01938","StreetName":"Maplecroft Ln","Address":null,"StateName":null,"Zip4":null,"MAK":null,"AddressType":null,"RBDI":null,"Results":null,"NoSuffix":""},{"Number":"","Street":"maria","Suffix":"dr","City":"","State":"","Zip":"01938","StreetName":"Maria Dr","Address":null,"StateName":null,"Zip4":null,"MAK":null,"AddressType":null,"RBDI":null,"Results":null,"NoSuffix":""},{"Number":"","Street":"market","Suffix":"st","City":"","State":"","Zip":"01938","StreetName":"Market St","Address":null,"StateName":null,"Zip4":null,"MAK":null,"AddressType":null,"RBDI":null,"Results":null,"NoSuffix":""},{"Number":"","Street":"marshview","Suffix":"rd","City":"","State":"","Zip":"01938","StreetName":"Marshview Rd","Address":null,"StateName":null,"Zip4":null,"MAK":null,"AddressType":null,"RBDI":null,"Results":null,"NoSuffix":""},{"Number":"","Street":"marys","Suffix":"way","City":"","State":"","Zip":"01938","StreetName":"Marys Way","Address":null,"StateName":null,"Zip4":null,"MAK":null,"AddressType":null,"RBDI":null,"Results":null,"NoSuffix":""},{"Number":"","Street":"masconomet","Suffix":"rd","City":"","State":"","Zip":"01938","StreetName":"Masconomet Rd","Address":null,"StateName":null,"Zip4":null,"MAK":null,"AddressType":null,"RBDI":null,"Results":null,"NoSuffix":""},{"Number":"","Street":"mayfair","Suffix":"ct","City":"","State":"","Zip":"01938","StreetName":"Mayfair Ct","Address":null,"StateName":null,"Zip4":null,"MAK":null,"AddressType":null,"RBDI":null,"Results":null,"NoSuffix":""},{"Number":"","Street":"meadowview","Suffix":"ln","City":"","State":"","Zip":"01938","StreetName":"Meadowview Ln","Address":null,"StateName":null,"Zip4":null,"MAK":null,"AddressType":null,"RBDI":null,"Results":null,"NoSuffix":""},{"Number":"","Street":"meetinghouse","Suffix":"grn","City":"","State":"","Zip":"01938","StreetName":"Meetinghouse Grn","Address":null,"StateName":null,"Zip4":null,"MAK":null,"AddressType":null,"RBDI":null,"Results":null,"NoSuffix":""},{"Number":"","Street":"merganser","Suffix":"rd","City":"","State":"","Zip":"01938","StreetName":"Merganser Rd","Address":null,"StateName":null,"Zip4":null,"MAK":null,"AddressType":null,"RBDI":null,"Results":null,"NoSuffix":""},{"Number":"","Street":"middle","Suffix":"rd","City":"","State":"","Zip":"01938","StreetName":"Middle Rd","Address":null,"StateName":null,"Zip4":null,"MAK":null,"AddressType":null,"RBDI":null,"Results":null,"NoSuffix":""},{"Number":"","Street":"mile","Suffix":"ln","City":"","State":"","Zip":"01938","StreetName":"Mile Ln","Address":null,"StateName":null,"Zip4":null,"MAK":null,"AddressType":null,"RBDI":null,"Results":null,"NoSuffix":""},{"Number":"","Street":"mill","Suffix":"rd","City":"","State":"","Zip":"01938","StreetName":"Mill Rd","Address":null,"StateName":null,"Zip4":null,"MAK":null,"AddressType":null,"RBDI":null,"Results":null,"NoSuffix":""},{"Number":"","Street":"mineral","Suffix":"st","City":"","State":"","Zip":"01938","StreetName":"Mineral St","Address":null,"StateName":null,"Zip4":null,"MAK":null,"AddressType":null,"RBDI":null,"Results":null,"NoSuffix":""},{"Number":"","Street":"mitchell","Suffix":"rd","City":"","State":"","Zip":"01938","StreetName":"Mitchell Rd","Address":null,"StateName":null,"Zip4":null,"MAK":null,"AddressType":null,"RBDI":null,"Results":null,"NoSuffix":""},{"Number":"","Street":"moray","Suffix":"ln","City":"","State":"","Zip":"01938","StreetName":"Moray Ln","Address":null,"StateName":null,"Zip4":null,"MAK":null,"AddressType":null,"RBDI":null,"Results":null,"NoSuffix":""},{"Number":"","Street":"mount pleasant","Suffix":"ave","City":"","State":"","Zip":"01938","StreetName":"Mount Pleasant Ave","Address":null,"StateName":null,"Zip4":null,"MAK":null,"AddressType":null,"RBDI":null,"Results":null,"NoSuffix":""},{"Number":"","Street":"muddy river","Suffix":"rd","City":"","State":"","Zip":"01938","StreetName":"Muddy River Rd","Address":null,"StateName":null,"Zip4":null,"MAK":null,"AddressType":null,"RBDI":null,"Results":null,"NoSuffix":""},{"Number":"","Street":"mulholland","Suffix":"dr","City":"","State":"","Zip":"01938","StreetName":"Mulholland Dr","Address":null,"StateName":null,"Zip4":null,"MAK":null,"AddressType":null,"RBDI":null,"Results":null,"NoSuffix":""},{"Number":"","Street":"nabbys point","Suffix":"rd","City":"","State":"","Zip":"01938","StreetName":"Nabbys Point Rd","Address":null,"StateName":null,"Zip4":null,"MAK":null,"AddressType":null,"RBDI":null,"Results":null,"NoSuffix":""},{"Number":"","Street":"nags head","Suffix":"rd","City":"","State":"","Zip":"01938","StreetName":"Nags Head Rd","Address":null,"StateName":null,"Zip4":null,"MAK":null,"AddressType":null,"RBDI":null,"Results":null,"NoSuffix":""},{"Number":"","Street":"new mill","Suffix":"pl","City":"","State":"","Zip":"01938","StreetName":"New Mill Pl","Address":null,"StateName":null,"Zip4":null,"MAK":null,"AddressType":null,"RBDI":null,"Results":null,"NoSuffix":""},{"Number":"","Street":"newbury","Suffix":"rd","City":"","State":"","Zip":"01938","StreetName":"Newbury Rd","Address":null,"StateName":null,"Zip4":null,"MAK":null,"AddressType":null,"RBDI":null,"Results":null,"NoSuffix":""},{"Number":"","Street":"newmarch","Suffix":"st","City":"","State":"","Zip":"01938","StreetName":"Newmarch St","Address":null,"StateName":null,"Zip4":null,"MAK":null,"AddressType":null,"RBDI":null,"Results":null,"NoSuffix":""},{"Number":"","Street":"northgate","Suffix":"rd","City":"","State":"","Zip":"01938","StreetName":"Northgate Rd","Address":null,"StateName":null,"Zip4":null,"MAK":null,"AddressType":null,"RBDI":null,"Results":null,"NoSuffix":""},{"Number":"","Street":"northridge","Suffix":"rd","City":"","State":"","Zip":"01938","StreetName":"Northridge Rd","Address":null,"StateName":null,"Zip4":null,"MAK":null,"AddressType":null,"RBDI":null,"Results":null,"NoSuffix":""},{"Number":"","Street":"nuthatch","Suffix":"rd","City":"","State":"","Zip":"01938","StreetName":"Nuthatch Rd","Address":null,"StateName":null,"Zip4":null,"MAK":null,"AddressType":null,"RBDI":null,"Results":null,"NoSuffix":""},{"Number":"","Street":"oakhurst","Suffix":"ave","City":"","State":"","Zip":"01938","StreetName":"Oakhurst Ave","Address":null,"StateName":null,"Zip4":null,"MAK":null,"AddressType":null,"RBDI":null,"Results":null,"NoSuffix":""},{"Number":"","Street":"oakwood knoll","Suffix":"rd","City":"","State":"","Zip":"01938","StreetName":"Oakwood Knoll Rd","Address":null,"StateName":null,"Zip4":null,"MAK":null,"AddressType":null,"RBDI":null,"Results":null,"NoSuffix":""},{"Number":"","Street":"ocean","Suffix":"dr","City":"","State":"","Zip":"01938","StreetName":"Ocean Dr","Address":null,"StateName":null,"Zip4":null,"MAK":null,"AddressType":null,"RBDI":null,"Results":null,"NoSuffix":""},{"Number":"","Street":"old england","Suffix":"rd","City":"","State":"","Zip":"01938","StreetName":"Old England Rd","Address":null,"StateName":null,"Zip4":null,"MAK":null,"AddressType":null,"RBDI":null,"Results":null,"NoSuffix":""},{"Number":"","Street":"old essex","Suffix":"rd","City":"","State":"","Zip":"01938","StreetName":"Old Essex Rd","Address":null,"StateName":null,"Zip4":null,"MAK":null,"AddressType":null,"RBDI":null,"Results":null,"NoSuffix":""},{"Number":"","Street":"old ipswich","Suffix":"way","City":"","State":"","Zip":"01938","StreetName":"Old Ipswich Way","Address":null,"StateName":null,"Zip4":null,"MAK":null,"AddressType":null,"RBDI":null,"Results":null,"NoSuffix":""},{"Number":"","Street":"old right","Suffix":"rd","City":"","State":"","Zip":"01938","StreetName":"Old Right Rd","Address":null,"StateName":null,"Zip4":null,"MAK":null,"AddressType":null,"RBDI":null,"Results":null,"NoSuffix":""},{"Number":"","Street":"palamino","Suffix":"way","City":"","State":"","Zip":"01938","StreetName":"Palamino Way","Address":null,"StateName":null,"Zip4":null,"MAK":null,"AddressType":null,"RBDI":null,"Results":null,"NoSuffix":""},{"Number":"","Street":"paradise","Suffix":"rd","City":"","State":"","Zip":"01938","StreetName":"Paradise Rd","Address":null,"StateName":null,"Zip4":null,"MAK":null,"AddressType":null,"RBDI":null,"Results":null,"NoSuffix":""},{"Number":"","Street":"partridgeberry","Suffix":"pl","City":"","State":"","Zip":"01938","StreetName":"Partridgeberry Pl","Address":null,"StateName":null,"Zip4":null,"MAK":null,"AddressType":null,"RBDI":null,"Results":null,"NoSuffix":""},{"Number":"","Street":"payne","Suffix":"st","City":"","State":"","Zip":"01938","StreetName":"Payne St","Address":null,"StateName":null,"Zip4":null,"MAK":null,"AddressType":null,"RBDI":null,"Results":null,"NoSuffix":""},{"Number":"","Street":"peabody","Suffix":"st","City":"","State":"","Zip":"01938","StreetName":"Peabody St","Address":null,"StateName":null,"Zip4":null,"MAK":null,"AddressType":null,"RBDI":null,"Results":null,"NoSuffix":""},{"Number":"","Street":"peatfield","Suffix":"st","City":"","State":"","Zip":"01938","StreetName":"Peatfield St","Address":null,"StateName":null,"Zip4":null,"MAK":null,"AddressType":null,"RBDI":null,"Results":null,"NoSuffix":""},{"Number":"","Street":"periwinkle","Suffix":"ln","City":"","State":"","Zip":"01938","StreetName":"Periwinkle Ln","Address":null,"StateName":null,"Zip4":null,"MAK":null,"AddressType":null,"RBDI":null,"Results":null,"NoSuffix":""},{"Number":"","Street":"perkins","Suffix":"ln","City":"","State":"","Zip":"01938","StreetName":"Perkins Ln","Address":null,"StateName":null,"Zip4":null,"MAK":null,"AddressType":null,"RBDI":null,"Results":null,"NoSuffix":""},{"Number":"","Street":"perley","Suffix":"ave","City":"","State":"","Zip":"01938","StreetName":"Perley Ave","Address":null,"StateName":null,"Zip4":null,"MAK":null,"AddressType":null,"RBDI":null,"Results":null,"NoSuffix":""},{"Number":"","Street":"pillow lace","Suffix":"ln","City":"","State":"","Zip":"01938","StreetName":"Pillow Lace Ln","Address":null,"StateName":null,"Zip4":null,"MAK":null,"AddressType":null,"RBDI":null,"Results":null,"NoSuffix":""},{"Number":"","Street":"pine","Suffix":"st","City":"","State":"","Zip":"01938","StreetName":"Pine St","Address":null,"StateName":null,"Zip4":null,"MAK":null,"AddressType":null,"RBDI":null,"Results":null,"NoSuffix":""},{"Number":"","Street":"pineswamp","Suffix":"rd","City":"","State":"","Zip":"01938","StreetName":"Pineswamp Rd","Address":null,"StateName":null,"Zip4":null,"MAK":null,"AddressType":null,"RBDI":null,"Results":null,"NoSuffix":""},{"Number":"","Street":"pintail","Suffix":"rd","City":"","State":"","Zip":"01938","StreetName":"Pintail Rd","Address":null,"StateName":null,"Zip4":null,"MAK":null,"AddressType":null,"RBDI":null,"Results":null,"NoSuffix":""},{"Number":"","Street":"pitcairn","Suffix":"way","City":"","State":"","Zip":"01938","StreetName":"Pitcairn Way","Address":null,"StateName":null,"Zip4":null,"MAK":null,"AddressType":null,"RBDI":null,"Results":null,"NoSuffix":""},{"Number":"","Street":"plains","Suffix":"rd","City":"","State":"","Zip":"01938","StreetName":"Plains Rd","Address":null,"StateName":null,"Zip4":null,"MAK":null,"AddressType":null,"RBDI":null,"Results":null,"NoSuffix":""},{"Number":"","Street":"pleasant","Suffix":"st","City":"","State":"","Zip":"01938","StreetName":"Pleasant St","Address":null,"StateName":null,"Zip4":null,"MAK":null,"AddressType":null,"RBDI":null,"Results":null,"NoSuffix":""},{"Number":"","Street":"plover hill","Suffix":"rd","City":"","State":"","Zip":"01938","StreetName":"Plover Hill Rd","Address":null,"StateName":null,"Zip4":null,"MAK":null,"AddressType":null,"RBDI":null,"Results":null,"NoSuffix":""},{"Number":"","Street":"ploverhill","Suffix":"rd","City":"","State":"","Zip":"01938","StreetName":"Ploverhill Rd","Address":null,"StateName":null,"Zip4":null,"MAK":null,"AddressType":null,"RBDI":null,"Results":null,"NoSuffix":""},{"Number":"","Street":"plum sound","Suffix":"rd","City":"","State":"","Zip":"01938","StreetName":"Plum Sound Rd","Address":null,"StateName":null,"Zip4":null,"MAK":null,"AddressType":null,"RBDI":null,"Results":null,"NoSuffix":""},{"Number":"","Street":"po box","Suffix":"","City":"","State":"","Zip":"01938","StreetName":"Po Box","Address":null,"StateName":null,"Zip4":null,"MAK":null,"AddressType":null,"RBDI":null,"Results":null,"NoSuffix":"t"},{"Number":"","Street":"pond edge","Suffix":"ln","City":"","State":"","Zip":"01938","StreetName":"Pond Edge Ln","Address":null,"StateName":null,"Zip4":null,"MAK":null,"AddressType":null,"RBDI":null,"Results":null,"NoSuffix":""},{"Number":"","Street":"poplar","Suffix":"st","City":"","State":"","Zip":"01938","StreetName":"Poplar St","Address":null,"StateName":null,"Zip4":null,"MAK":null,"AddressType":null,"RBDI":null,"Results":null,"NoSuffix":""},{"Number":"","Street":"post road","Suffix":"ln","City":"","State":"","Zip":"01938","StreetName":"Post Road Ln","Address":null,"StateName":null,"Zip4":null,"MAK":null,"AddressType":null,"RBDI":null,"Results":null,"NoSuffix":""},{"Number":"","Street":"prescott","Suffix":"rd","City":"","State":"","Zip":"01938","StreetName":"Prescott Rd","Address":null,"StateName":null,"Zip4":null,"MAK":null,"AddressType":null,"RBDI":null,"Results":null,"NoSuffix":""},{"Number":"","Street":"prospect","Suffix":"st","City":"","State":"","Zip":"01938","StreetName":"Prospect St","Address":null,"StateName":null,"Zip4":null,"MAK":null,"AddressType":null,"RBDI":null,"Results":null,"NoSuffix":""},{"Number":"","Street":"putnam","Suffix":"rd","City":"","State":"","Zip":"01938","StreetName":"Putnam Rd","Address":null,"StateName":null,"Zip4":null,"MAK":null,"AddressType":null,"RBDI":null,"Results":null,"NoSuffix":""},{"Number":"","Street":"quay","Suffix":"rd","City":"","State":"","Zip":"01938","StreetName":"Quay Rd","Address":null,"StateName":null,"Zip4":null,"MAK":null,"AddressType":null,"RBDI":null,"Results":null,"NoSuffix":""},{"Number":"","Street":"randall","Suffix":"rd","City":"","State":"","Zip":"01938","StreetName":"Randall Rd","Address":null,"StateName":null,"Zip4":null,"MAK":null,"AddressType":null,"RBDI":null,"Results":null,"NoSuffix":""},{"Number":"","Street":"ready marsh","Suffix":"way","City":"","State":"","Zip":"01938","StreetName":"Ready Marsh Way","Address":null,"StateName":null,"Zip4":null,"MAK":null,"AddressType":null,"RBDI":null,"Results":null,"NoSuffix":""},{"Number":"","Street":"redwood","Suffix":"dr","City":"","State":"","Zip":"01938","StreetName":"Redwood Dr","Address":null,"StateName":null,"Zip4":null,"MAK":null,"AddressType":null,"RBDI":null,"Results":null,"NoSuffix":""},{"Number":"","Street":"riley","Suffix":"ave","City":"","State":"","Zip":"01938","StreetName":"Riley Ave","Address":null,"StateName":null,"Zip4":null,"MAK":null,"AddressType":null,"RBDI":null,"Results":null,"NoSuffix":""},{"Number":"","Street":"river","Suffix":"ct","City":"","State":"","Zip":"01938","StreetName":"River Ct","Address":null,"StateName":null,"Zip4":null,"MAK":null,"AddressType":null,"RBDI":null,"Results":null,"NoSuffix":""},{"Number":"","Street":"river","Suffix":"rd","City":"","State":"","Zip":"01938","StreetName":"River Rd","Address":null,"StateName":null,"Zip4":null,"MAK":null,"AddressType":null,"RBDI":null,"Results":null,"NoSuffix":""},{"Number":"","Street":"river point","Suffix":"dr","City":"","State":"","Zip":"01938","StreetName":"River Point Dr","Address":null,"StateName":null,"Zip4":null,"MAK":null,"AddressType":null,"RBDI":null,"Results":null,"NoSuffix":""},{"Number":"","Street":"riverbank","Suffix":"rd","City":"","State":"","Zip":"01938","StreetName":"Riverbank Rd","Address":null,"StateName":null,"Zip4":null,"MAK":null,"AddressType":null,"RBDI":null,"Results":null,"NoSuffix":""},{"Number":"","Street":"riverside","Suffix":"dr","City":"","State":"","Zip":"01938","StreetName":"Riverside Dr","Address":null,"StateName":null,"Zip4":null,"MAK":null,"AddressType":null,"RBDI":null,"Results":null,"NoSuffix":""},{"Number":"","Street":"roberts","Suffix":"rd","City":"","State":"","Zip":"01938","StreetName":"Roberts Rd","Address":null,"StateName":null,"Zip4":null,"MAK":null,"AddressType":null,"RBDI":null,"Results":null,"NoSuffix":""},{"Number":"","Street":"rogers","Suffix":"way","City":"","State":"","Zip":"01938","StreetName":"Rogers Way","Address":null,"StateName":null,"Zip4":null,"MAK":null,"AddressType":null,"RBDI":null,"Results":null,"NoSuffix":""},{"Number":"","Street":"rose","Suffix":"ct","City":"","State":"","Zip":"01938","StreetName":"Rose Ct","Address":null,"StateName":null,"Zip4":null,"MAK":null,"AddressType":null,"RBDI":null,"Results":null,"NoSuffix":""},{"Number":"","Street":"rosewood","Suffix":"dr","City":"","State":"","Zip":"01938","StreetName":"Rosewood Dr","Address":null,"StateName":null,"Zip4":null,"MAK":null,"AddressType":null,"RBDI":null,"Results":null,"NoSuffix":""},{"Number":"","Street":"ruths","Suffix":"way","City":"","State":"","Zip":"01938","StreetName":"Ruths Way","Address":null,"StateName":null,"Zip4":null,"MAK":null,"AddressType":null,"RBDI":null,"Results":null,"NoSuffix":""},{"Number":"","Street":"ryan","Suffix":"ave","City":"","State":"","Zip":"01938","StreetName":"Ryan Ave","Address":null,"StateName":null,"Zip4":null,"MAK":null,"AddressType":null,"RBDI":null,"Results":null,"NoSuffix":""},{"Number":"","Street":"safford","Suffix":"st","City":"","State":"","Zip":"01938","StreetName":"Safford St","Address":null,"StateName":null,"Zip4":null,"MAK":null,"AddressType":null,"RBDI":null,"Results":null,"NoSuffix":""},{"Number":"","Street":"sagamore","Suffix":"rd","City":"","State":"","Zip":"01938","StreetName":"Sagamore Rd","Address":null,"StateName":null,"Zip4":null,"MAK":null,"AddressType":null,"RBDI":null,"Results":null,"NoSuffix":""},{"Number":"","Street":"saltmarsh","Suffix":"rd","City":"","State":"","Zip":"01938","StreetName":"Saltmarsh Rd","Address":null,"StateName":null,"Zip4":null,"MAK":null,"AddressType":null,"RBDI":null,"Results":null,"NoSuffix":""},{"Number":"","Street":"saltonstall","Suffix":"st","City":"","State":"","Zip":"01938","StreetName":"Saltonstall St","Address":null,"StateName":null,"Zip4":null,"MAK":null,"AddressType":null,"RBDI":null,"Results":null,"NoSuffix":""},{"Number":"","Street":"sand pebble","Suffix":"dr","City":"","State":"","Zip":"01938","StreetName":"Sand Pebble Dr","Address":null,"StateName":null,"Zip4":null,"MAK":null,"AddressType":null,"RBDI":null,"Results":null,"NoSuffix":""},{"Number":"","Street":"sawyer","Suffix":"st","City":"","State":"","Zip":"01938","StreetName":"Sawyer St","Address":null,"StateName":null,"Zip4":null,"MAK":null,"AddressType":null,"RBDI":null,"Results":null,"NoSuffix":""},{"Number":"","Street":"school","Suffix":"st","City":"","State":"","Zip":"01938","StreetName":"School St","Address":null,"StateName":null,"Zip4":null,"MAK":null,"AddressType":null,"RBDI":null,"Results":null,"NoSuffix":""},{"Number":"","Street":"scott hill","Suffix":"rd","City":"","State":"","Zip":"01938","StreetName":"Scott Hill Rd","Address":null,"StateName":null,"Zip4":null,"MAK":null,"AddressType":null,"RBDI":null,"Results":null,"NoSuffix":""},{"Number":"","Street":"scottons","Suffix":"ln","City":"","State":"","Zip":"01938","StreetName":"Scottons Ln","Address":null,"StateName":null,"Zip4":null,"MAK":null,"AddressType":null,"RBDI":null,"Results":null,"NoSuffix":""},{"Number":"","Street":"seaview","Suffix":"rd","City":"","State":"","Zip":"01938","StreetName":"Seaview Rd","Address":null,"StateName":null,"Zip4":null,"MAK":null,"AddressType":null,"RBDI":null,"Results":null,"NoSuffix":""},{"Number":"","Street":"shagbark woods","Suffix":"","City":"","State":"","Zip":"01938","StreetName":"Shagbark Woods","Address":null,"StateName":null,"Zip4":null,"MAK":null,"AddressType":null,"RBDI":null,"Results":null,"NoSuffix":"t"},{"Number":"","Street":"short","Suffix":"st","City":"","State":"","Zip":"01938","StreetName":"Short St","Address":null,"StateName":null,"Zip4":null,"MAK":null,"AddressType":null,"RBDI":null,"Results":null,"NoSuffix":""},{"Number":"","Street":"skytop","Suffix":"rd","City":"","State":"","Zip":"01938","StreetName":"Skytop Rd","Address":null,"StateName":null,"Zip4":null,"MAK":null,"AddressType":null,"RBDI":null,"Results":null,"NoSuffix":""},{"Number":"","Street":"soffron","Suffix":"ln","City":"","State":"","Zip":"01938","StreetName":"Soffron Ln","Address":null,"StateName":null,"Zip4":null,"MAK":null,"AddressType":null,"RBDI":null,"Results":null,"NoSuffix":""},{"Number":"","Street":"southern","Suffix":"hts","City":"","State":"","Zip":"01938","StreetName":"Southern Hts","Address":null,"StateName":null,"Zip4":null,"MAK":null,"AddressType":null,"RBDI":null,"Results":null,"NoSuffix":""},{"Number":"","Street":"southern","Suffix":"mnr","City":"","State":"","Zip":"01938","StreetName":"Southern Mnr","Address":null,"StateName":null,"Zip4":null,"MAK":null,"AddressType":null,"RBDI":null,"Results":null,"NoSuffix":""},{"Number":"","Street":"southpoint","Suffix":"ln","City":"","State":"","Zip":"01938","StreetName":"Southpoint Ln","Address":null,"StateName":null,"Zip4":null,"MAK":null,"AddressType":null,"RBDI":null,"Results":null,"NoSuffix":""},{"Number":"","Street":"spillers","Suffix":"ln","City":"","State":"","Zip":"01938","StreetName":"Spillers Ln","Address":null,"StateName":null,"Zip4":null,"MAK":null,"AddressType":null,"RBDI":null,"Results":null,"NoSuffix":""},{"Number":"","Street":"spring","Suffix":"st","City":"","State":"","Zip":"01938","StreetName":"Spring St","Address":null,"StateName":null,"Zip4":null,"MAK":null,"AddressType":null,"RBDI":null,"Results":null,"NoSuffix":""},{"Number":"","Street":"stagehill","Suffix":"rd","City":"","State":"","Zip":"01938","StreetName":"Stagehill Rd","Address":null,"StateName":null,"Zip4":null,"MAK":null,"AddressType":null,"RBDI":null,"Results":null,"NoSuffix":""},{"Number":"","Street":"stone hill","Suffix":"dr","City":"","State":"","Zip":"01938","StreetName":"Stone Hill Dr","Address":null,"StateName":null,"Zip4":null,"MAK":null,"AddressType":null,"RBDI":null,"Results":null,"NoSuffix":""},{"Number":"","Street":"stonebridge","Suffix":"rd","City":"","State":"","Zip":"01938","StreetName":"Stonebridge Rd","Address":null,"StateName":null,"Zip4":null,"MAK":null,"AddressType":null,"RBDI":null,"Results":null,"NoSuffix":""},{"Number":"","Street":"summer","Suffix":"st","City":"","State":"","Zip":"01938","StreetName":"Summer St","Address":null,"StateName":null,"Zip4":null,"MAK":null,"AddressType":null,"RBDI":null,"Results":null,"NoSuffix":""},{"Number":"","Street":"sunset","Suffix":"dr","City":"","State":"","Zip":"01938","StreetName":"Sunset Dr","Address":null,"StateName":null,"Zip4":null,"MAK":null,"AddressType":null,"RBDI":null,"Results":null,"NoSuffix":""},{"Number":"","Street":"tansey","Suffix":"ln","City":"","State":"","Zip":"01938","StreetName":"Tansey Ln","Address":null,"StateName":null,"Zip4":null,"MAK":null,"AddressType":null,"RBDI":null,"Results":null,"NoSuffix":""},{"Number":"","Street":"the fairways","Suffix":"","City":"","State":"","Zip":"01938","StreetName":"The Fairways","Address":null,"StateName":null,"Zip4":null,"MAK":null,"AddressType":null,"RBDI":null,"Results":null,"NoSuffix":"t"},{"Number":"","Street":"topsfield","Suffix":"rd","City":"","State":"","Zip":"01938","StreetName":"Topsfield Rd","Address":null,"StateName":null,"Zip4":null,"MAK":null,"AddressType":null,"RBDI":null,"Results":null,"NoSuffix":""},{"Number":"","Street":"town farm","Suffix":"rd","City":"","State":"","Zip":"01938","StreetName":"Town Farm Rd","Address":null,"StateName":null,"Zip4":null,"MAK":null,"AddressType":null,"RBDI":null,"Results":null,"NoSuffix":""},{"Number":"","Street":"turkey shore","Suffix":"rd","City":"","State":"","Zip":"01938","StreetName":"Turkey Shore Rd","Address":null,"StateName":null,"Zip4":null,"MAK":null,"AddressType":null,"RBDI":null,"Results":null,"NoSuffix":""},{"Number":"","Street":"turnpike","Suffix":"rd","City":"","State":"","Zip":"01938","StreetName":"Turnpike Rd","Address":null,"StateName":null,"Zip4":null,"MAK":null,"AddressType":null,"RBDI":null,"Results":null,"NoSuffix":""},{"Number":"","Street":"union","Suffix":"st","City":"","State":"","Zip":"01938","StreetName":"Union St","Address":null,"StateName":null,"Zip4":null,"MAK":null,"AddressType":null,"RBDI":null,"Results":null,"NoSuffix":""},{"Number":"","Street":"upland","Suffix":"rd","City":"","State":"","Zip":"01938","StreetName":"Upland Rd","Address":null,"StateName":null,"Zip4":null,"MAK":null,"AddressType":null,"RBDI":null,"Results":null,"NoSuffix":""},{"Number":"","Street":"upper river","Suffix":"rd","City":"","State":"","Zip":"01938","StreetName":"Upper River Rd","Address":null,"StateName":null,"Zip4":null,"MAK":null,"AddressType":null,"RBDI":null,"Results":null,"NoSuffix":""},{"Number":"","Street":"valley","Suffix":"dr","City":"","State":"","Zip":"01938","StreetName":"Valley Dr","Address":null,"StateName":null,"Zip4":null,"MAK":null,"AddressType":null,"RBDI":null,"Results":null,"NoSuffix":""},{"Number":"","Street":"vermette","Suffix":"ct","City":"","State":"","Zip":"01938","StreetName":"Vermette Ct","Address":null,"StateName":null,"Zip4":null,"MAK":null,"AddressType":null,"RBDI":null,"Results":null,"NoSuffix":""},{"Number":"","Street":"village","Suffix":"grn","City":"","State":"","Zip":"01938","StreetName":"Village Grn","Address":null,"StateName":null,"Zip4":null,"MAK":null,"AddressType":null,"RBDI":null,"Results":null,"NoSuffix":""},{"Number":"","Street":"vincent","Suffix":"rd","City":"","State":"","Zip":"01938","StreetName":"Vincent Rd","Address":null,"StateName":null,"Zip4":null,"MAK":null,"AddressType":null,"RBDI":null,"Results":null,"NoSuffix":""},{"Number":"","Street":"wainwright","Suffix":"st","City":"","State":"","Zip":"01938","StreetName":"Wainwright St","Address":null,"StateName":null,"Zip4":null,"MAK":null,"AddressType":null,"RBDI":null,"Results":null,"NoSuffix":""},{"Number":"","Street":"waldingfield","Suffix":"rd","City":"","State":"","Zip":"01938","StreetName":"Waldingfield Rd","Address":null,"StateName":null,"Zip4":null,"MAK":null,"AddressType":null,"RBDI":null,"Results":null,"NoSuffix":""},{"Number":"","Street":"ward","Suffix":"st","City":"","State":"","Zip":"01938","StreetName":"Ward St","Address":null,"StateName":null,"Zip4":null,"MAK":null,"AddressType":null,"RBDI":null,"Results":null,"NoSuffix":""},{"Number":"","Street":"warner","Suffix":"rd","City":"","State":"","Zip":"01938","StreetName":"Warner Rd","Address":null,"StateName":null,"Zip4":null,"MAK":null,"AddressType":null,"RBDI":null,"Results":null,"NoSuffix":""},{"Number":"","Street":"warren","Suffix":"st","City":"","State":"","Zip":"01938","StreetName":"Warren St","Address":null,"StateName":null,"Zip4":null,"MAK":null,"AddressType":null,"RBDI":null,"Results":null,"NoSuffix":""},{"Number":"","Street":"washington","Suffix":"st","City":"","State":"","Zip":"01938","StreetName":"Washington St","Address":null,"StateName":null,"Zip4":null,"MAK":null,"AddressType":null,"RBDI":null,"Results":null,"NoSuffix":""},{"Number":"","Street":"water","Suffix":"st","City":"","State":"","Zip":"01938","StreetName":"Water St","Address":null,"StateName":null,"Zip4":null,"MAK":null,"AddressType":null,"RBDI":null,"Results":null,"NoSuffix":""},{"Number":"","Street":"wayne","Suffix":"ave","City":"","State":"","Zip":"01938","StreetName":"Wayne Ave","Address":null,"StateName":null,"Zip4":null,"MAK":null,"AddressType":null,"RBDI":null,"Results":null,"NoSuffix":""},{"Number":"","Street":"west","Suffix":"st","City":"","State":"","Zip":"01938","StreetName":"West St","Address":null,"StateName":null,"Zip4":null,"MAK":null,"AddressType":null,"RBDI":null,"Results":null,"NoSuffix":""},{"Number":"","Street":"wildes","Suffix":"ct","City":"","State":"","Zip":"01938","StreetName":"Wildes Ct","Address":null,"StateName":null,"Zip4":null,"MAK":null,"AddressType":null,"RBDI":null,"Results":null,"NoSuffix":""},{"Number":"","Street":"willowdale","Suffix":"cir","City":"","State":"","Zip":"01938","StreetName":"Willowdale Cir","Address":null,"StateName":null,"Zip4":null,"MAK":null,"AddressType":null,"RBDI":null,"Results":null,"NoSuffix":""},{"Number":"","Street":"wimbledon","Suffix":"ct","City":"","State":"","Zip":"01938","StreetName":"Wimbledon Ct","Address":null,"StateName":null,"Zip4":null,"MAK":null,"AddressType":null,"RBDI":null,"Results":null,"NoSuffix":""},{"Number":"","Street":"winter","Suffix":"st","City":"","State":"","Zip":"01938","StreetName":"Winter St","Address":null,"StateName":null,"Zip4":null,"MAK":null,"AddressType":null,"RBDI":null,"Results":null,"NoSuffix":""},{"Number":"","Street":"winthrop","Suffix":"st","City":"","State":"","Zip":"01938","StreetName":"Winthrop St","Address":null,"StateName":null,"Zip4":null,"MAK":null,"AddressType":null,"RBDI":null,"Results":null,"NoSuffix":""},{"Number":"","Street":"woods","Suffix":"ln","City":"","State":"","Zip":"01938","StreetName":"Woods Ln","Address":null,"StateName":null,"Zip4":null,"MAK":null,"AddressType":null,"RBDI":null,"Results":null,"NoSuffix":""}]