[{"Number":"","Street":"1st","Suffix":"st","City":"","State":"","Zip":"01754","StreetName":"1St St","Address":null,"StateName":null,"Zip4":null,"MAK":null,"AddressType":null,"RBDI":null,"Results":null,"NoSuffix":""},{"Number":"","Street":"2nd","Suffix":"st","City":"","State":"","Zip":"01754","StreetName":"2Nd St","Address":null,"StateName":null,"Zip4":null,"MAK":null,"AddressType":null,"RBDI":null,"Results":null,"NoSuffix":""},{"Number":"","Street":"3rd","Suffix":"st","City":"","State":"","Zip":"01754","StreetName":"3Rd St","Address":null,"StateName":null,"Zip4":null,"MAK":null,"AddressType":null,"RBDI":null,"Results":null,"NoSuffix":""},{"Number":"","Street":"5th","Suffix":"st","City":"","State":"","Zip":"01754","StreetName":"5Th St","Address":null,"StateName":null,"Zip4":null,"MAK":null,"AddressType":null,"RBDI":null,"Results":null,"NoSuffix":""},{"Number":"","Street":"abbott","Suffix":"rd","City":"","State":"","Zip":"01754","StreetName":"Abbott Rd","Address":null,"StateName":null,"Zip4":null,"MAK":null,"AddressType":null,"RBDI":null,"Results":null,"NoSuffix":""},{"Number":"","Street":"acton","Suffix":"ct","City":"","State":"","Zip":"01754","StreetName":"Acton Ct","Address":null,"StateName":null,"Zip4":null,"MAK":null,"AddressType":null,"RBDI":null,"Results":null,"NoSuffix":""},{"Number":"","Street":"acton","Suffix":"st","City":"","State":"","Zip":"01754","StreetName":"Acton St","Address":null,"StateName":null,"Zip4":null,"MAK":null,"AddressType":null,"RBDI":null,"Results":null,"NoSuffix":""},{"Number":"","Street":"allan","Suffix":"dr","City":"","State":"","Zip":"01754","StreetName":"Allan Dr","Address":null,"StateName":null,"Zip4":null,"MAK":null,"AddressType":null,"RBDI":null,"Results":null,"NoSuffix":""},{"Number":"","Street":"amory","Suffix":"ave","City":"","State":"","Zip":"01754","StreetName":"Amory Ave","Address":null,"StateName":null,"Zip4":null,"MAK":null,"AddressType":null,"RBDI":null,"Results":null,"NoSuffix":""},{"Number":"","Street":"amy lynn","Suffix":"way","City":"","State":"","Zip":"01754","StreetName":"Amy Lynn Way","Address":null,"StateName":null,"Zip4":null,"MAK":null,"AddressType":null,"RBDI":null,"Results":null,"NoSuffix":""},{"Number":"","Street":"apple","Suffix":"rdg","City":"","State":"","Zip":"01754","StreetName":"Apple Rdg","Address":null,"StateName":null,"Zip4":null,"MAK":null,"AddressType":null,"RBDI":null,"Results":null,"NoSuffix":""},{"Number":"","Street":"arthur","Suffix":"st","City":"","State":"","Zip":"01754","StreetName":"Arthur St","Address":null,"StateName":null,"Zip4":null,"MAK":null,"AddressType":null,"RBDI":null,"Results":null,"NoSuffix":""},{"Number":"","Street":"assabet","Suffix":"st","City":"","State":"","Zip":"01754","StreetName":"Assabet St","Address":null,"StateName":null,"Zip4":null,"MAK":null,"AddressType":null,"RBDI":null,"Results":null,"NoSuffix":""},{"Number":"","Street":"b","Suffix":"st","City":"","State":"","Zip":"01754","StreetName":"B St","Address":null,"StateName":null,"Zip4":null,"MAK":null,"AddressType":null,"RBDI":null,"Results":null,"NoSuffix":""},{"Number":"","Street":"balcom","Suffix":"ln","City":"","State":"","Zip":"01754","StreetName":"Balcom Ln","Address":null,"StateName":null,"Zip4":null,"MAK":null,"AddressType":null,"RBDI":null,"Results":null,"NoSuffix":""},{"Number":"","Street":"bancroft","Suffix":"st","City":"","State":"","Zip":"01754","StreetName":"Bancroft St","Address":null,"StateName":null,"Zip4":null,"MAK":null,"AddressType":null,"RBDI":null,"Results":null,"NoSuffix":""},{"Number":"","Street":"barilone","Suffix":"cir","City":"","State":"","Zip":"01754","StreetName":"Barilone Cir","Address":null,"StateName":null,"Zip4":null,"MAK":null,"AddressType":null,"RBDI":null,"Results":null,"NoSuffix":""},{"Number":"","Street":"bates","Suffix":"ave","City":"","State":"","Zip":"01754","StreetName":"Bates Ave","Address":null,"StateName":null,"Zip4":null,"MAK":null,"AddressType":null,"RBDI":null,"Results":null,"NoSuffix":""},{"Number":"","Street":"bellevue","Suffix":"ter","City":"","State":"","Zip":"01754","StreetName":"Bellevue Ter","Address":null,"StateName":null,"Zip4":null,"MAK":null,"AddressType":null,"RBDI":null,"Results":null,"NoSuffix":""},{"Number":"","Street":"bent","Suffix":"ave","City":"","State":"","Zip":"01754","StreetName":"Bent Ave","Address":null,"StateName":null,"Zip4":null,"MAK":null,"AddressType":null,"RBDI":null,"Results":null,"NoSuffix":""},{"Number":"","Street":"birch","Suffix":"ter","City":"","State":"","Zip":"01754","StreetName":"Birch Ter","Address":null,"StateName":null,"Zip4":null,"MAK":null,"AddressType":null,"RBDI":null,"Results":null,"NoSuffix":""},{"Number":"","Street":"blue jay","Suffix":"way","City":"","State":"","Zip":"01754","StreetName":"Blue Jay Way","Address":null,"StateName":null,"Zip4":null,"MAK":null,"AddressType":null,"RBDI":null,"Results":null,"NoSuffix":""},{"Number":"","Street":"boeske","Suffix":"ave","City":"","State":"","Zip":"01754","StreetName":"Boeske Ave","Address":null,"StateName":null,"Zip4":null,"MAK":null,"AddressType":null,"RBDI":null,"Results":null,"NoSuffix":""},{"Number":"","Street":"brian","Suffix":"way","City":"","State":"","Zip":"01754","StreetName":"Brian Way","Address":null,"StateName":null,"Zip4":null,"MAK":null,"AddressType":null,"RBDI":null,"Results":null,"NoSuffix":""},{"Number":"","Street":"brigham","Suffix":"st","City":"","State":"","Zip":"01754","StreetName":"Brigham St","Address":null,"StateName":null,"Zip4":null,"MAK":null,"AddressType":null,"RBDI":null,"Results":null,"NoSuffix":""},{"Number":"","Street":"brooks","Suffix":"st","City":"","State":"","Zip":"01754","StreetName":"Brooks St","Address":null,"StateName":null,"Zip4":null,"MAK":null,"AddressType":null,"RBDI":null,"Results":null,"NoSuffix":""},{"Number":"","Street":"brown","Suffix":"st","City":"","State":"","Zip":"01754","StreetName":"Brown St","Address":null,"StateName":null,"Zip4":null,"MAK":null,"AddressType":null,"RBDI":null,"Results":null,"NoSuffix":""},{"Number":"","Street":"burns","Suffix":"ct","City":"","State":"","Zip":"01754","StreetName":"Burns Ct","Address":null,"StateName":null,"Zip4":null,"MAK":null,"AddressType":null,"RBDI":null,"Results":null,"NoSuffix":""},{"Number":"","Street":"burnside","Suffix":"st","City":"","State":"","Zip":"01754","StreetName":"Burnside St","Address":null,"StateName":null,"Zip4":null,"MAK":null,"AddressType":null,"RBDI":null,"Results":null,"NoSuffix":""},{"Number":"","Street":"butler","Suffix":"ave","City":"","State":"","Zip":"01754","StreetName":"Butler Ave","Address":null,"StateName":null,"Zip4":null,"MAK":null,"AddressType":null,"RBDI":null,"Results":null,"NoSuffix":""},{"Number":"","Street":"carbone","Suffix":"cir","City":"","State":"","Zip":"01754","StreetName":"Carbone Cir","Address":null,"StateName":null,"Zip4":null,"MAK":null,"AddressType":null,"RBDI":null,"Results":null,"NoSuffix":""},{"Number":"","Street":"carriage","Suffix":"ln","City":"","State":"","Zip":"01754","StreetName":"Carriage Ln","Address":null,"StateName":null,"Zip4":null,"MAK":null,"AddressType":null,"RBDI":null,"Results":null,"NoSuffix":""},{"Number":"","Street":"chance farm","Suffix":"ln","City":"","State":"","Zip":"01754","StreetName":"Chance Farm Ln","Address":null,"StateName":null,"Zip4":null,"MAK":null,"AddressType":null,"RBDI":null,"Results":null,"NoSuffix":""},{"Number":"","Street":"chandler","Suffix":"st","City":"","State":"","Zip":"01754","StreetName":"Chandler St","Address":null,"StateName":null,"Zip4":null,"MAK":null,"AddressType":null,"RBDI":null,"Results":null,"NoSuffix":""},{"Number":"","Street":"charles","Suffix":"st","City":"","State":"","Zip":"01754","StreetName":"Charles St","Address":null,"StateName":null,"Zip4":null,"MAK":null,"AddressType":null,"RBDI":null,"Results":null,"NoSuffix":""},{"Number":"","Street":"church","Suffix":"ct","City":"","State":"","Zip":"01754","StreetName":"Church Ct","Address":null,"StateName":null,"Zip4":null,"MAK":null,"AddressType":null,"RBDI":null,"Results":null,"NoSuffix":""},{"Number":"","Street":"cindy","Suffix":"ln","City":"","State":"","Zip":"01754","StreetName":"Cindy Ln","Address":null,"StateName":null,"Zip4":null,"MAK":null,"AddressType":null,"RBDI":null,"Results":null,"NoSuffix":""},{"Number":"","Street":"clock tower","Suffix":"pl","City":"","State":"","Zip":"01754","StreetName":"Clock Tower Pl","Address":null,"StateName":null,"Zip4":null,"MAK":null,"AddressType":null,"RBDI":null,"Results":null,"NoSuffix":""},{"Number":"","Street":"colbert","Suffix":"ave","City":"","State":"","Zip":"01754","StreetName":"Colbert Ave","Address":null,"StateName":null,"Zip4":null,"MAK":null,"AddressType":null,"RBDI":null,"Results":null,"NoSuffix":""},{"Number":"","Street":"conant","Suffix":"st","City":"","State":"","Zip":"01754","StreetName":"Conant St","Address":null,"StateName":null,"Zip4":null,"MAK":null,"AddressType":null,"RBDI":null,"Results":null,"NoSuffix":""},{"Number":"","Street":"concord","Suffix":"st","City":"","State":"","Zip":"01754","StreetName":"Concord St","Address":null,"StateName":null,"Zip4":null,"MAK":null,"AddressType":null,"RBDI":null,"Results":null,"NoSuffix":""},{"Number":"","Street":"concord street","Suffix":"cir","City":"","State":"","Zip":"01754","StreetName":"Concord Street Cir","Address":null,"StateName":null,"Zip4":null,"MAK":null,"AddressType":null,"RBDI":null,"Results":null,"NoSuffix":""},{"Number":"","Street":"country","Suffix":"ln","City":"","State":"","Zip":"01754","StreetName":"Country Ln","Address":null,"StateName":null,"Zip4":null,"MAK":null,"AddressType":null,"RBDI":null,"Results":null,"NoSuffix":""},{"Number":"","Street":"crane","Suffix":"ave","City":"","State":"","Zip":"01754","StreetName":"Crane Ave","Address":null,"StateName":null,"Zip4":null,"MAK":null,"AddressType":null,"RBDI":null,"Results":null,"NoSuffix":""},{"Number":"","Street":"cutting","Suffix":"dr","City":"","State":"","Zip":"01754","StreetName":"Cutting Dr","Address":null,"StateName":null,"Zip4":null,"MAK":null,"AddressType":null,"RBDI":null,"Results":null,"NoSuffix":""},{"Number":"","Street":"dana","Suffix":"rd","City":"","State":"","Zip":"01754","StreetName":"Dana Rd","Address":null,"StateName":null,"Zip4":null,"MAK":null,"AddressType":null,"RBDI":null,"Results":null,"NoSuffix":""},{"Number":"","Street":"dartmouth","Suffix":"ct","City":"","State":"","Zip":"01754","StreetName":"Dartmouth Ct","Address":null,"StateName":null,"Zip4":null,"MAK":null,"AddressType":null,"RBDI":null,"Results":null,"NoSuffix":""},{"Number":"","Street":"dartmouth","Suffix":"st","City":"","State":"","Zip":"01754","StreetName":"Dartmouth St","Address":null,"StateName":null,"Zip4":null,"MAK":null,"AddressType":null,"RBDI":null,"Results":null,"NoSuffix":""},{"Number":"","Street":"dawn","Suffix":"rd","City":"","State":"","Zip":"01754","StreetName":"Dawn Rd","Address":null,"StateName":null,"Zip4":null,"MAK":null,"AddressType":null,"RBDI":null,"Results":null,"NoSuffix":""},{"Number":"","Street":"deane","Suffix":"st","City":"","State":"","Zip":"01754","StreetName":"Deane St","Address":null,"StateName":null,"Zip4":null,"MAK":null,"AddressType":null,"RBDI":null,"Results":null,"NoSuffix":""},{"Number":"","Street":"deer","Suffix":"path","City":"","State":"","Zip":"01754","StreetName":"Deer Path","Address":null,"StateName":null,"Zip4":null,"MAK":null,"AddressType":null,"RBDI":null,"Results":null,"NoSuffix":""},{"Number":"","Street":"demars","Suffix":"st","City":"","State":"","Zip":"01754","StreetName":"Demars St","Address":null,"StateName":null,"Zip4":null,"MAK":null,"AddressType":null,"RBDI":null,"Results":null,"NoSuffix":""},{"Number":"","Street":"dettling","Suffix":"rd","City":"","State":"","Zip":"01754","StreetName":"Dettling Rd","Address":null,"StateName":null,"Zip4":null,"MAK":null,"AddressType":null,"RBDI":null,"Results":null,"NoSuffix":""},{"Number":"","Street":"dewey","Suffix":"st","City":"","State":"","Zip":"01754","StreetName":"Dewey St","Address":null,"StateName":null,"Zip4":null,"MAK":null,"AddressType":null,"RBDI":null,"Results":null,"NoSuffix":""},{"Number":"","Street":"digital","Suffix":"way","City":"","State":"","Zip":"01754","StreetName":"Digital Way","Address":null,"StateName":null,"Zip4":null,"MAK":null,"AddressType":null,"RBDI":null,"Results":null,"NoSuffix":""},{"Number":"","Street":"dineen","Suffix":"cir","City":"","State":"","Zip":"01754","StreetName":"Dineen Cir","Address":null,"StateName":null,"Zip4":null,"MAK":null,"AddressType":null,"RBDI":null,"Results":null,"NoSuffix":""},{"Number":"","Street":"dix","Suffix":"rd","City":"","State":"","Zip":"01754","StreetName":"Dix Rd","Address":null,"StateName":null,"Zip4":null,"MAK":null,"AddressType":null,"RBDI":null,"Results":null,"NoSuffix":""},{"Number":"","Street":"douglas","Suffix":"ave","City":"","State":"","Zip":"01754","StreetName":"Douglas Ave","Address":null,"StateName":null,"Zip4":null,"MAK":null,"AddressType":null,"RBDI":null,"Results":null,"NoSuffix":""},{"Number":"","Street":"driscoll","Suffix":"ave","City":"","State":"","Zip":"01754","StreetName":"Driscoll Ave","Address":null,"StateName":null,"Zip4":null,"MAK":null,"AddressType":null,"RBDI":null,"Results":null,"NoSuffix":""},{"Number":"","Street":"durant","Suffix":"ave","City":"","State":"","Zip":"01754","StreetName":"Durant Ave","Address":null,"StateName":null,"Zip4":null,"MAK":null,"AddressType":null,"RBDI":null,"Results":null,"NoSuffix":""},{"Number":"","Street":"east","Suffix":"st","City":"","State":"","Zip":"01754","StreetName":"East St","Address":null,"StateName":null,"Zip4":null,"MAK":null,"AddressType":null,"RBDI":null,"Results":null,"NoSuffix":""},{"Number":"","Street":"elaine","Suffix":"ave","City":"","State":"","Zip":"01754","StreetName":"Elaine Ave","Address":null,"StateName":null,"Zip4":null,"MAK":null,"AddressType":null,"RBDI":null,"Results":null,"NoSuffix":""},{"Number":"","Street":"elm","Suffix":"ct","City":"","State":"","Zip":"01754","StreetName":"Elm Ct","Address":null,"StateName":null,"Zip4":null,"MAK":null,"AddressType":null,"RBDI":null,"Results":null,"NoSuffix":""},{"Number":"","Street":"elm","Suffix":"st","City":"","State":"","Zip":"01754","StreetName":"Elm St","Address":null,"StateName":null,"Zip4":null,"MAK":null,"AddressType":null,"RBDI":null,"Results":null,"NoSuffix":""},{"Number":"","Street":"elmhurst","Suffix":"rd","City":"","State":"","Zip":"01754","StreetName":"Elmhurst Rd","Address":null,"StateName":null,"Zip4":null,"MAK":null,"AddressType":null,"RBDI":null,"Results":null,"NoSuffix":""},{"Number":"","Street":"elmwood","Suffix":"st","City":"","State":"","Zip":"01754","StreetName":"Elmwood St","Address":null,"StateName":null,"Zip4":null,"MAK":null,"AddressType":null,"RBDI":null,"Results":null,"NoSuffix":""},{"Number":"","Street":"espie","Suffix":"ave","City":"","State":"","Zip":"01754","StreetName":"Espie Ave","Address":null,"StateName":null,"Zip4":null,"MAK":null,"AddressType":null,"RBDI":null,"Results":null,"NoSuffix":""},{"Number":"","Street":"ethelyn","Suffix":"cir","City":"","State":"","Zip":"01754","StreetName":"Ethelyn Cir","Address":null,"StateName":null,"Zip4":null,"MAK":null,"AddressType":null,"RBDI":null,"Results":null,"NoSuffix":""},{"Number":"","Street":"euclid","Suffix":"ave","City":"","State":"","Zip":"01754","StreetName":"Euclid Ave","Address":null,"StateName":null,"Zip4":null,"MAK":null,"AddressType":null,"RBDI":null,"Results":null,"NoSuffix":""},{"Number":"","Street":"everett","Suffix":"st","City":"","State":"","Zip":"01754","StreetName":"Everett St","Address":null,"StateName":null,"Zip4":null,"MAK":null,"AddressType":null,"RBDI":null,"Results":null,"NoSuffix":""},{"Number":"","Street":"fairfield","Suffix":"st","City":"","State":"","Zip":"01754","StreetName":"Fairfield St","Address":null,"StateName":null,"Zip4":null,"MAK":null,"AddressType":null,"RBDI":null,"Results":null,"NoSuffix":""},{"Number":"","Street":"field","Suffix":"st","City":"","State":"","Zip":"01754","StreetName":"Field St","Address":null,"StateName":null,"Zip4":null,"MAK":null,"AddressType":null,"RBDI":null,"Results":null,"NoSuffix":""},{"Number":"","Street":"fletcher","Suffix":"st","City":"","State":"","Zip":"01754","StreetName":"Fletcher St","Address":null,"StateName":null,"Zip4":null,"MAK":null,"AddressType":null,"RBDI":null,"Results":null,"NoSuffix":""},{"Number":"","Street":"florida","Suffix":"ct","City":"","State":"","Zip":"01754","StreetName":"Florida Ct","Address":null,"StateName":null,"Zip4":null,"MAK":null,"AddressType":null,"RBDI":null,"Results":null,"NoSuffix":""},{"Number":"","Street":"florida","Suffix":"rd","City":"","State":"","Zip":"01754","StreetName":"Florida Rd","Address":null,"StateName":null,"Zip4":null,"MAK":null,"AddressType":null,"RBDI":null,"Results":null,"NoSuffix":""},{"Number":"","Street":"forest","Suffix":"st","City":"","State":"","Zip":"01754","StreetName":"Forest St","Address":null,"StateName":null,"Zip4":null,"MAK":null,"AddressType":null,"RBDI":null,"Results":null,"NoSuffix":""},{"Number":"","Street":"fowler","Suffix":"st","City":"","State":"","Zip":"01754","StreetName":"Fowler St","Address":null,"StateName":null,"Zip4":null,"MAK":null,"AddressType":null,"RBDI":null,"Results":null,"NoSuffix":""},{"Number":"","Street":"front","Suffix":"st","City":"","State":"","Zip":"01754","StreetName":"Front St","Address":null,"StateName":null,"Zip4":null,"MAK":null,"AddressType":null,"RBDI":null,"Results":null,"NoSuffix":""},{"Number":"","Street":"gabrielle","Suffix":"cir","City":"","State":"","Zip":"01754","StreetName":"Gabrielle Cir","Address":null,"StateName":null,"Zip4":null,"MAK":null,"AddressType":null,"RBDI":null,"Results":null,"NoSuffix":""},{"Number":"","Street":"garden","Suffix":"way","City":"","State":"","Zip":"01754","StreetName":"Garden Way","Address":null,"StateName":null,"Zip4":null,"MAK":null,"AddressType":null,"RBDI":null,"Results":null,"NoSuffix":""},{"Number":"","Street":"garfield","Suffix":"ave","City":"","State":"","Zip":"01754","StreetName":"Garfield Ave","Address":null,"StateName":null,"Zip4":null,"MAK":null,"AddressType":null,"RBDI":null,"Results":null,"NoSuffix":""},{"Number":"","Street":"garfield","Suffix":"st","City":"","State":"","Zip":"01754","StreetName":"Garfield St","Address":null,"StateName":null,"Zip4":null,"MAK":null,"AddressType":null,"RBDI":null,"Results":null,"NoSuffix":""},{"Number":"","Street":"george","Suffix":"rd","City":"","State":"","Zip":"01754","StreetName":"George Rd","Address":null,"StateName":null,"Zip4":null,"MAK":null,"AddressType":null,"RBDI":null,"Results":null,"NoSuffix":""},{"Number":"","Street":"glendale","Suffix":"st","City":"","State":"","Zip":"01754","StreetName":"Glendale St","Address":null,"StateName":null,"Zip4":null,"MAK":null,"AddressType":null,"RBDI":null,"Results":null,"NoSuffix":""},{"Number":"","Street":"glenhill","Suffix":"ter","City":"","State":"","Zip":"01754","StreetName":"Glenhill Ter","Address":null,"StateName":null,"Zip4":null,"MAK":null,"AddressType":null,"RBDI":null,"Results":null,"NoSuffix":""},{"Number":"","Street":"glenn","Suffix":"dr","City":"","State":"","Zip":"01754","StreetName":"Glenn Dr","Address":null,"StateName":null,"Zip4":null,"MAK":null,"AddressType":null,"RBDI":null,"Results":null,"NoSuffix":""},{"Number":"","Street":"glenview","Suffix":"ter","City":"","State":"","Zip":"01754","StreetName":"Glenview Ter","Address":null,"StateName":null,"Zip4":null,"MAK":null,"AddressType":null,"RBDI":null,"Results":null,"NoSuffix":""},{"Number":"","Street":"grant","Suffix":"st","City":"","State":"","Zip":"01754","StreetName":"Grant St","Address":null,"StateName":null,"Zip4":null,"MAK":null,"AddressType":null,"RBDI":null,"Results":null,"NoSuffix":""},{"Number":"","Street":"great","Suffix":"rd","City":"","State":"","Zip":"01754","StreetName":"Great Rd","Address":null,"StateName":null,"Zip4":null,"MAK":null,"AddressType":null,"RBDI":null,"Results":null,"NoSuffix":""},{"Number":"","Street":"guyer","Suffix":"rd","City":"","State":"","Zip":"01754","StreetName":"Guyer Rd","Address":null,"StateName":null,"Zip4":null,"MAK":null,"AddressType":null,"RBDI":null,"Results":null,"NoSuffix":""},{"Number":"","Street":"harriman","Suffix":"ct","City":"","State":"","Zip":"01754","StreetName":"Harriman Ct","Address":null,"StateName":null,"Zip4":null,"MAK":null,"AddressType":null,"RBDI":null,"Results":null,"NoSuffix":""},{"Number":"","Street":"harrison","Suffix":"st","City":"","State":"","Zip":"01754","StreetName":"Harrison St","Address":null,"StateName":null,"Zip4":null,"MAK":null,"AddressType":null,"RBDI":null,"Results":null,"NoSuffix":""},{"Number":"","Street":"hayes","Suffix":"st","City":"","State":"","Zip":"01754","StreetName":"Hayes St","Address":null,"StateName":null,"Zip4":null,"MAK":null,"AddressType":null,"RBDI":null,"Results":null,"NoSuffix":""},{"Number":"","Street":"haynes","Suffix":"st","City":"","State":"","Zip":"01754","StreetName":"Haynes St","Address":null,"StateName":null,"Zip4":null,"MAK":null,"AddressType":null,"RBDI":null,"Results":null,"NoSuffix":""},{"Number":"","Street":"hazelwood","Suffix":"rd","City":"","State":"","Zip":"01754","StreetName":"Hazelwood Rd","Address":null,"StateName":null,"Zip4":null,"MAK":null,"AddressType":null,"RBDI":null,"Results":null,"NoSuffix":""},{"Number":"","Street":"heights","Suffix":"ter","City":"","State":"","Zip":"01754","StreetName":"Heights Ter","Address":null,"StateName":null,"Zip4":null,"MAK":null,"AddressType":null,"RBDI":null,"Results":null,"NoSuffix":""},{"Number":"","Street":"high","Suffix":"st","City":"","State":"","Zip":"01754","StreetName":"High St","Address":null,"StateName":null,"Zip4":null,"MAK":null,"AddressType":null,"RBDI":null,"Results":null,"NoSuffix":""},{"Number":"","Street":"hillside","Suffix":"st","City":"","State":"","Zip":"01754","StreetName":"Hillside St","Address":null,"StateName":null,"Zip4":null,"MAK":null,"AddressType":null,"RBDI":null,"Results":null,"NoSuffix":""},{"Number":"","Street":"hird","Suffix":"st","City":"","State":"","Zip":"01754","StreetName":"Hird St","Address":null,"StateName":null,"Zip4":null,"MAK":null,"AddressType":null,"RBDI":null,"Results":null,"NoSuffix":""},{"Number":"","Street":"howard","Suffix":"rd","City":"","State":"","Zip":"01754","StreetName":"Howard Rd","Address":null,"StateName":null,"Zip4":null,"MAK":null,"AddressType":null,"RBDI":null,"Results":null,"NoSuffix":""},{"Number":"","Street":"jethro","Suffix":"st","City":"","State":"","Zip":"01754","StreetName":"Jethro St","Address":null,"StateName":null,"Zip4":null,"MAK":null,"AddressType":null,"RBDI":null,"Results":null,"NoSuffix":""},{"Number":"","Street":"karlee","Suffix":"dr","City":"","State":"","Zip":"01754","StreetName":"Karlee Dr","Address":null,"StateName":null,"Zip4":null,"MAK":null,"AddressType":null,"RBDI":null,"Results":null,"NoSuffix":""},{"Number":"","Street":"keene","Suffix":"ave","City":"","State":"","Zip":"01754","StreetName":"Keene Ave","Address":null,"StateName":null,"Zip4":null,"MAK":null,"AddressType":null,"RBDI":null,"Results":null,"NoSuffix":""},{"Number":"","Street":"king","Suffix":"st","City":"","State":"","Zip":"01754","StreetName":"King St","Address":null,"StateName":null,"Zip4":null,"MAK":null,"AddressType":null,"RBDI":null,"Results":null,"NoSuffix":""},{"Number":"","Street":"kitty cat","Suffix":"ln","City":"","State":"","Zip":"01754","StreetName":"Kitty Cat Ln","Address":null,"StateName":null,"Zip4":null,"MAK":null,"AddressType":null,"RBDI":null,"Results":null,"NoSuffix":""},{"Number":"","Street":"kristen","Suffix":"ln","City":"","State":"","Zip":"01754","StreetName":"Kristen Ln","Address":null,"StateName":null,"Zip4":null,"MAK":null,"AddressType":null,"RBDI":null,"Results":null,"NoSuffix":""},{"Number":"","Street":"lantern","Suffix":"ln","City":"","State":"","Zip":"01754","StreetName":"Lantern Ln","Address":null,"StateName":null,"Zip4":null,"MAK":null,"AddressType":null,"RBDI":null,"Results":null,"NoSuffix":""},{"Number":"","Street":"latta","Suffix":"ln","City":"","State":"","Zip":"01754","StreetName":"Latta Ln","Address":null,"StateName":null,"Zip4":null,"MAK":null,"AddressType":null,"RBDI":null,"Results":null,"NoSuffix":""},{"Number":"","Street":"lewis","Suffix":"st","City":"","State":"","Zip":"01754","StreetName":"Lewis St","Address":null,"StateName":null,"Zip4":null,"MAK":null,"AddressType":null,"RBDI":null,"Results":null,"NoSuffix":""},{"Number":"","Street":"lincoln","Suffix":"st","City":"","State":"","Zip":"01754","StreetName":"Lincoln St","Address":null,"StateName":null,"Zip4":null,"MAK":null,"AddressType":null,"RBDI":null,"Results":null,"NoSuffix":""},{"Number":"","Street":"lindberg","Suffix":"st","City":"","State":"","Zip":"01754","StreetName":"Lindberg St","Address":null,"StateName":null,"Zip4":null,"MAK":null,"AddressType":null,"RBDI":null,"Results":null,"NoSuffix":""},{"Number":"","Street":"linden","Suffix":"st","City":"","State":"","Zip":"01754","StreetName":"Linden St","Address":null,"StateName":null,"Zip4":null,"MAK":null,"AddressType":null,"RBDI":null,"Results":null,"NoSuffix":""},{"Number":"","Street":"little","Suffix":"rd","City":"","State":"","Zip":"01754","StreetName":"Little Rd","Address":null,"StateName":null,"Zip4":null,"MAK":null,"AddressType":null,"RBDI":null,"Results":null,"NoSuffix":""},{"Number":"","Street":"loring","Suffix":"ave","City":"","State":"","Zip":"01754","StreetName":"Loring Ave","Address":null,"StateName":null,"Zip4":null,"MAK":null,"AddressType":null,"RBDI":null,"Results":null,"NoSuffix":""},{"Number":"","Street":"louise","Suffix":"st","City":"","State":"","Zip":"01754","StreetName":"Louise St","Address":null,"StateName":null,"Zip4":null,"MAK":null,"AddressType":null,"RBDI":null,"Results":null,"NoSuffix":""},{"Number":"","Street":"lovell","Suffix":"ct","City":"","State":"","Zip":"01754","StreetName":"Lovell Ct","Address":null,"StateName":null,"Zip4":null,"MAK":null,"AddressType":null,"RBDI":null,"Results":null,"NoSuffix":""},{"Number":"","Street":"lower beacon","Suffix":"st","City":"","State":"","Zip":"01754","StreetName":"Lower Beacon St","Address":null,"StateName":null,"Zip4":null,"MAK":null,"AddressType":null,"RBDI":null,"Results":null,"NoSuffix":""},{"Number":"","Street":"main","Suffix":"st","City":"","State":"","Zip":"01754","StreetName":"Main St","Address":null,"StateName":null,"Zip4":null,"MAK":null,"AddressType":null,"RBDI":null,"Results":null,"NoSuffix":""},{"Number":"","Street":"maple","Suffix":"ct","City":"","State":"","Zip":"01754","StreetName":"Maple Ct","Address":null,"StateName":null,"Zip4":null,"MAK":null,"AddressType":null,"RBDI":null,"Results":null,"NoSuffix":""},{"Number":"","Street":"maple","Suffix":"st","City":"","State":"","Zip":"01754","StreetName":"Maple St","Address":null,"StateName":null,"Zip4":null,"MAK":null,"AddressType":null,"RBDI":null,"Results":null,"NoSuffix":""},{"Number":"","Street":"marble farm","Suffix":"rd","City":"","State":"","Zip":"01754","StreetName":"Marble Farm Rd","Address":null,"StateName":null,"Zip4":null,"MAK":null,"AddressType":null,"RBDI":null,"Results":null,"NoSuffix":""},{"Number":"","Street":"marks","Suffix":"way","City":"","State":"","Zip":"01754","StreetName":"Marks Way","Address":null,"StateName":null,"Zip4":null,"MAK":null,"AddressType":null,"RBDI":null,"Results":null,"NoSuffix":""},{"Number":"","Street":"marlboro","Suffix":"st","City":"","State":"","Zip":"01754","StreetName":"Marlboro St","Address":null,"StateName":null,"Zip4":null,"MAK":null,"AddressType":null,"RBDI":null,"Results":null,"NoSuffix":""},{"Number":"","Street":"martin","Suffix":"st","City":"","State":"","Zip":"01754","StreetName":"Martin St","Address":null,"StateName":null,"Zip4":null,"MAK":null,"AddressType":null,"RBDI":null,"Results":null,"NoSuffix":""},{"Number":"","Street":"maybury","Suffix":"rd","City":"","State":"","Zip":"01754","StreetName":"Maybury Rd","Address":null,"StateName":null,"Zip4":null,"MAK":null,"AddressType":null,"RBDI":null,"Results":null,"NoSuffix":""},{"Number":"","Street":"mayfield","Suffix":"st","City":"","State":"","Zip":"01754","StreetName":"Mayfield St","Address":null,"StateName":null,"Zip4":null,"MAK":null,"AddressType":null,"RBDI":null,"Results":null,"NoSuffix":""},{"Number":"","Street":"mckinley","Suffix":"st","City":"","State":"","Zip":"01754","StreetName":"Mckinley St","Address":null,"StateName":null,"Zip4":null,"MAK":null,"AddressType":null,"RBDI":null,"Results":null,"NoSuffix":""},{"Number":"","Street":"meadow","Suffix":"ln","City":"","State":"","Zip":"01754","StreetName":"Meadow Ln","Address":null,"StateName":null,"Zip4":null,"MAK":null,"AddressType":null,"RBDI":null,"Results":null,"NoSuffix":""},{"Number":"","Street":"michael","Suffix":"rd","City":"","State":"","Zip":"01754","StreetName":"Michael Rd","Address":null,"StateName":null,"Zip4":null,"MAK":null,"AddressType":null,"RBDI":null,"Results":null,"NoSuffix":""},{"Number":"","Street":"mill","Suffix":"st","City":"","State":"","Zip":"01754","StreetName":"Mill St","Address":null,"StateName":null,"Zip4":null,"MAK":null,"AddressType":null,"RBDI":null,"Results":null,"NoSuffix":""},{"Number":"","Street":"mill and main","Suffix":"pl","City":"","State":"","Zip":"01754","StreetName":"Mill And Main Pl","Address":null,"StateName":null,"Zip4":null,"MAK":null,"AddressType":null,"RBDI":null,"Results":null,"NoSuffix":""},{"Number":"","Street":"mockingbird","Suffix":"ln","City":"","State":"","Zip":"01754","StreetName":"Mockingbird Ln","Address":null,"StateName":null,"Zip4":null,"MAK":null,"AddressType":null,"RBDI":null,"Results":null,"NoSuffix":""},{"Number":"","Street":"nancy","Suffix":"cir","City":"","State":"","Zip":"01754","StreetName":"Nancy Cir","Address":null,"StateName":null,"Zip4":null,"MAK":null,"AddressType":null,"RBDI":null,"Results":null,"NoSuffix":""},{"Number":"","Street":"nason","Suffix":"st","City":"","State":"","Zip":"01754","StreetName":"Nason St","Address":null,"StateName":null,"Zip4":null,"MAK":null,"AddressType":null,"RBDI":null,"Results":null,"NoSuffix":""},{"Number":"","Street":"nason st","Suffix":"","City":"","State":"","Zip":"01754","StreetName":"Nason St","Address":null,"StateName":null,"Zip4":null,"MAK":null,"AddressType":null,"RBDI":null,"Results":null,"NoSuffix":"t"},{"Number":"","Street":"naylor","Suffix":"ct","City":"","State":"","Zip":"01754","StreetName":"Naylor Ct","Address":null,"StateName":null,"Zip4":null,"MAK":null,"AddressType":null,"RBDI":null,"Results":null,"NoSuffix":""},{"Number":"","Street":"newton","Suffix":"dr","City":"","State":"","Zip":"01754","StreetName":"Newton Dr","Address":null,"StateName":null,"Zip4":null,"MAK":null,"AddressType":null,"RBDI":null,"Results":null,"NoSuffix":""},{"Number":"","Street":"nick","Suffix":"ln","City":"","State":"","Zip":"01754","StreetName":"Nick Ln","Address":null,"StateName":null,"Zip4":null,"MAK":null,"AddressType":null,"RBDI":null,"Results":null,"NoSuffix":""},{"Number":"","Street":"noble","Suffix":"park","City":"","State":"","Zip":"01754","StreetName":"Noble Park","Address":null,"StateName":null,"Zip4":null,"MAK":null,"AddressType":null,"RBDI":null,"Results":null,"NoSuffix":""},{"Number":"","Street":"north","Suffix":"st","City":"","State":"","Zip":"01754","StreetName":"North St","Address":null,"StateName":null,"Zip4":null,"MAK":null,"AddressType":null,"RBDI":null,"Results":null,"NoSuffix":""},{"Number":"","Street":"oak","Suffix":"st","City":"","State":"","Zip":"01754","StreetName":"Oak St","Address":null,"StateName":null,"Zip4":null,"MAK":null,"AddressType":null,"RBDI":null,"Results":null,"NoSuffix":""},{"Number":"","Street":"oak ridge","Suffix":"dr","City":"","State":"","Zip":"01754","StreetName":"Oak Ridge Dr","Address":null,"StateName":null,"Zip4":null,"MAK":null,"AddressType":null,"RBDI":null,"Results":null,"NoSuffix":""},{"Number":"","Street":"old marlboro","Suffix":"rd","City":"","State":"","Zip":"01754","StreetName":"Old Marlboro Rd","Address":null,"StateName":null,"Zip4":null,"MAK":null,"AddressType":null,"RBDI":null,"Results":null,"NoSuffix":""},{"Number":"","Street":"old mill","Suffix":"rd","City":"","State":"","Zip":"01754","StreetName":"Old Mill Rd","Address":null,"StateName":null,"Zip4":null,"MAK":null,"AddressType":null,"RBDI":null,"Results":null,"NoSuffix":""},{"Number":"","Street":"old sudbury","Suffix":"rd","City":"","State":"","Zip":"01754","StreetName":"Old Sudbury Rd","Address":null,"StateName":null,"Zip4":null,"MAK":null,"AddressType":null,"RBDI":null,"Results":null,"NoSuffix":""},{"Number":"","Street":"omoore","Suffix":"ave","City":"","State":"","Zip":"01754","StreetName":"Omoore Ave","Address":null,"StateName":null,"Zip4":null,"MAK":null,"AddressType":null,"RBDI":null,"Results":null,"NoSuffix":""},{"Number":"","Street":"orchard","Suffix":"ter","City":"","State":"","Zip":"01754","StreetName":"Orchard Ter","Address":null,"StateName":null,"Zip4":null,"MAK":null,"AddressType":null,"RBDI":null,"Results":null,"NoSuffix":""},{"Number":"","Street":"orren","Suffix":"st","City":"","State":"","Zip":"01754","StreetName":"Orren St","Address":null,"StateName":null,"Zip4":null,"MAK":null,"AddressType":null,"RBDI":null,"Results":null,"NoSuffix":""},{"Number":"","Street":"oscars","Suffix":"way","City":"","State":"","Zip":"01754","StreetName":"Oscars Way","Address":null,"StateName":null,"Zip4":null,"MAK":null,"AddressType":null,"RBDI":null,"Results":null,"NoSuffix":""},{"Number":"","Street":"park","Suffix":"st","City":"","State":"","Zip":"01754","StreetName":"Park St","Address":null,"StateName":null,"Zip4":null,"MAK":null,"AddressType":null,"RBDI":null,"Results":null,"NoSuffix":""},{"Number":"","Street":"parker","Suffix":"pl","City":"","State":"","Zip":"01754","StreetName":"Parker Pl","Address":null,"StateName":null,"Zip4":null,"MAK":null,"AddressType":null,"RBDI":null,"Results":null,"NoSuffix":""},{"Number":"","Street":"parker","Suffix":"st","City":"","State":"","Zip":"01754","StreetName":"Parker St","Address":null,"StateName":null,"Zip4":null,"MAK":null,"AddressType":null,"RBDI":null,"Results":null,"NoSuffix":""},{"Number":"","Street":"parmenter","Suffix":"ave","City":"","State":"","Zip":"01754","StreetName":"Parmenter Ave","Address":null,"StateName":null,"Zip4":null,"MAK":null,"AddressType":null,"RBDI":null,"Results":null,"NoSuffix":""},{"Number":"","Street":"patti","Suffix":"ln","City":"","State":"","Zip":"01754","StreetName":"Patti Ln","Address":null,"StateName":null,"Zip4":null,"MAK":null,"AddressType":null,"RBDI":null,"Results":null,"NoSuffix":""},{"Number":"","Street":"paul","Suffix":"rd","City":"","State":"","Zip":"01754","StreetName":"Paul Rd","Address":null,"StateName":null,"Zip4":null,"MAK":null,"AddressType":null,"RBDI":null,"Results":null,"NoSuffix":""},{"Number":"","Street":"percival","Suffix":"st","City":"","State":"","Zip":"01754","StreetName":"Percival St","Address":null,"StateName":null,"Zip4":null,"MAK":null,"AddressType":null,"RBDI":null,"Results":null,"NoSuffix":""},{"Number":"","Street":"pine","Suffix":"st","City":"","State":"","Zip":"01754","StreetName":"Pine St","Address":null,"StateName":null,"Zip4":null,"MAK":null,"AddressType":null,"RBDI":null,"Results":null,"NoSuffix":""},{"Number":"","Street":"pine hill","Suffix":"rd","City":"","State":"","Zip":"01754","StreetName":"Pine Hill Rd","Address":null,"StateName":null,"Zip4":null,"MAK":null,"AddressType":null,"RBDI":null,"Results":null,"NoSuffix":""},{"Number":"","Street":"pinecrest","Suffix":"ter","City":"","State":"","Zip":"01754","StreetName":"Pinecrest Ter","Address":null,"StateName":null,"Zip4":null,"MAK":null,"AddressType":null,"RBDI":null,"Results":null,"NoSuffix":""},{"Number":"","Street":"pleasant","Suffix":"st","City":"","State":"","Zip":"01754","StreetName":"Pleasant St","Address":null,"StateName":null,"Zip4":null,"MAK":null,"AddressType":null,"RBDI":null,"Results":null,"NoSuffix":""},{"Number":"","Street":"po box","Suffix":"","City":"","State":"","Zip":"01754","StreetName":"Po Box","Address":null,"StateName":null,"Zip4":null,"MAK":null,"AddressType":null,"RBDI":null,"Results":null,"NoSuffix":"t"},{"Number":"","Street":"pomciticut","Suffix":"ave","City":"","State":"","Zip":"01754","StreetName":"Pomciticut Ave","Address":null,"StateName":null,"Zip4":null,"MAK":null,"AddressType":null,"RBDI":null,"Results":null,"NoSuffix":""},{"Number":"","Street":"powder mill","Suffix":"cir","City":"","State":"","Zip":"01754","StreetName":"Powder Mill Cir","Address":null,"StateName":null,"Zip4":null,"MAK":null,"AddressType":null,"RBDI":null,"Results":null,"NoSuffix":""},{"Number":"","Street":"powder mill","Suffix":"rd","City":"","State":"","Zip":"01754","StreetName":"Powder Mill Rd","Address":null,"StateName":null,"Zip4":null,"MAK":null,"AddressType":null,"RBDI":null,"Results":null,"NoSuffix":""},{"Number":"","Street":"prospect","Suffix":"st","City":"","State":"","Zip":"01754","StreetName":"Prospect St","Address":null,"StateName":null,"Zip4":null,"MAK":null,"AddressType":null,"RBDI":null,"Results":null,"NoSuffix":""},{"Number":"","Street":"railroad","Suffix":"st","City":"","State":"","Zip":"01754","StreetName":"Railroad St","Address":null,"StateName":null,"Zip4":null,"MAK":null,"AddressType":null,"RBDI":null,"Results":null,"NoSuffix":""},{"Number":"","Street":"randall","Suffix":"rd","City":"","State":"","Zip":"01754","StreetName":"Randall Rd","Address":null,"StateName":null,"Zip4":null,"MAK":null,"AddressType":null,"RBDI":null,"Results":null,"NoSuffix":""},{"Number":"","Street":"reeves","Suffix":"rd","City":"","State":"","Zip":"01754","StreetName":"Reeves Rd","Address":null,"StateName":null,"Zip4":null,"MAK":null,"AddressType":null,"RBDI":null,"Results":null,"NoSuffix":""},{"Number":"","Street":"reo","Suffix":"rd","City":"","State":"","Zip":"01754","StreetName":"Reo Rd","Address":null,"StateName":null,"Zip4":null,"MAK":null,"AddressType":null,"RBDI":null,"Results":null,"NoSuffix":""},{"Number":"","Street":"rice","Suffix":"rd","City":"","State":"","Zip":"01754","StreetName":"Rice Rd","Address":null,"StateName":null,"Zip4":null,"MAK":null,"AddressType":null,"RBDI":null,"Results":null,"NoSuffix":""},{"Number":"","Street":"rickey","Suffix":"dr","City":"","State":"","Zip":"01754","StreetName":"Rickey Dr","Address":null,"StateName":null,"Zip4":null,"MAK":null,"AddressType":null,"RBDI":null,"Results":null,"NoSuffix":""},{"Number":"","Street":"river","Suffix":"st","City":"","State":"","Zip":"01754","StreetName":"River St","Address":null,"StateName":null,"Zip4":null,"MAK":null,"AddressType":null,"RBDI":null,"Results":null,"NoSuffix":""},{"Number":"","Street":"riverbank","Suffix":"rd","City":"","State":"","Zip":"01754","StreetName":"Riverbank Rd","Address":null,"StateName":null,"Zip4":null,"MAK":null,"AddressType":null,"RBDI":null,"Results":null,"NoSuffix":""},{"Number":"","Street":"riverside","Suffix":"park","City":"","State":"","Zip":"01754","StreetName":"Riverside Park","Address":null,"StateName":null,"Zip4":null,"MAK":null,"AddressType":null,"RBDI":null,"Results":null,"NoSuffix":""},{"Number":"","Street":"riverview","Suffix":"ave","City":"","State":"","Zip":"01754","StreetName":"Riverview Ave","Address":null,"StateName":null,"Zip4":null,"MAK":null,"AddressType":null,"RBDI":null,"Results":null,"NoSuffix":""},{"Number":"","Street":"rockland","Suffix":"ave","City":"","State":"","Zip":"01754","StreetName":"Rockland Ave","Address":null,"StateName":null,"Zip4":null,"MAK":null,"AddressType":null,"RBDI":null,"Results":null,"NoSuffix":""},{"Number":"","Street":"roosevelt","Suffix":"st","City":"","State":"","Zip":"01754","StreetName":"Roosevelt St","Address":null,"StateName":null,"Zip4":null,"MAK":null,"AddressType":null,"RBDI":null,"Results":null,"NoSuffix":""},{"Number":"","Street":"russell","Suffix":"ave","City":"","State":"","Zip":"01754","StreetName":"Russell Ave","Address":null,"StateName":null,"Zip4":null,"MAK":null,"AddressType":null,"RBDI":null,"Results":null,"NoSuffix":""},{"Number":"","Street":"sarah","Suffix":"ln","City":"","State":"","Zip":"01754","StreetName":"Sarah Ln","Address":null,"StateName":null,"Zip4":null,"MAK":null,"AddressType":null,"RBDI":null,"Results":null,"NoSuffix":""},{"Number":"","Street":"school","Suffix":"st","City":"","State":"","Zip":"01754","StreetName":"School St","Address":null,"StateName":null,"Zip4":null,"MAK":null,"AddressType":null,"RBDI":null,"Results":null,"NoSuffix":""},{"Number":"","Street":"sheridan","Suffix":"ave","City":"","State":"","Zip":"01754","StreetName":"Sheridan Ave","Address":null,"StateName":null,"Zip4":null,"MAK":null,"AddressType":null,"RBDI":null,"Results":null,"NoSuffix":""},{"Number":"","Street":"sherman","Suffix":"st","City":"","State":"","Zip":"01754","StreetName":"Sherman St","Address":null,"StateName":null,"Zip4":null,"MAK":null,"AddressType":null,"RBDI":null,"Results":null,"NoSuffix":""},{"Number":"","Street":"shore","Suffix":"ave","City":"","State":"","Zip":"01754","StreetName":"Shore Ave","Address":null,"StateName":null,"Zip4":null,"MAK":null,"AddressType":null,"RBDI":null,"Results":null,"NoSuffix":""},{"Number":"","Street":"silver hill","Suffix":"rd","City":"","State":"","Zip":"01754","StreetName":"Silver Hill Rd","Address":null,"StateName":null,"Zip4":null,"MAK":null,"AddressType":null,"RBDI":null,"Results":null,"NoSuffix":""},{"Number":"","Street":"south","Suffix":"st","City":"","State":"","Zip":"01754","StreetName":"South St","Address":null,"StateName":null,"Zip4":null,"MAK":null,"AddressType":null,"RBDI":null,"Results":null,"NoSuffix":""},{"Number":"","Street":"spring","Suffix":"ln","City":"","State":"","Zip":"01754","StreetName":"Spring Ln","Address":null,"StateName":null,"Zip4":null,"MAK":null,"AddressType":null,"RBDI":null,"Results":null,"NoSuffix":""},{"Number":"","Street":"sudbury","Suffix":"ct","City":"","State":"","Zip":"01754","StreetName":"Sudbury Ct","Address":null,"StateName":null,"Zip4":null,"MAK":null,"AddressType":null,"RBDI":null,"Results":null,"NoSuffix":""},{"Number":"","Street":"sudbury","Suffix":"st","City":"","State":"","Zip":"01754","StreetName":"Sudbury St","Address":null,"StateName":null,"Zip4":null,"MAK":null,"AddressType":null,"RBDI":null,"Results":null,"NoSuffix":""},{"Number":"","Street":"summer","Suffix":"st","City":"","State":"","Zip":"01754","StreetName":"Summer St","Address":null,"StateName":null,"Zip4":null,"MAK":null,"AddressType":null,"RBDI":null,"Results":null,"NoSuffix":""},{"Number":"","Street":"summer hill","Suffix":"gln","City":"","State":"","Zip":"01754","StreetName":"Summer Hill Gln","Address":null,"StateName":null,"Zip4":null,"MAK":null,"AddressType":null,"RBDI":null,"Results":null,"NoSuffix":""},{"Number":"","Street":"summer hill","Suffix":"rd","City":"","State":"","Zip":"01754","StreetName":"Summer Hill Rd","Address":null,"StateName":null,"Zip4":null,"MAK":null,"AddressType":null,"RBDI":null,"Results":null,"NoSuffix":""},{"Number":"","Street":"summit","Suffix":"st","City":"","State":"","Zip":"01754","StreetName":"Summit St","Address":null,"StateName":null,"Zip4":null,"MAK":null,"AddressType":null,"RBDI":null,"Results":null,"NoSuffix":""},{"Number":"","Street":"sunset","Suffix":"rd","City":"","State":"","Zip":"01754","StreetName":"Sunset Rd","Address":null,"StateName":null,"Zip4":null,"MAK":null,"AddressType":null,"RBDI":null,"Results":null,"NoSuffix":""},{"Number":"","Street":"taft","Suffix":"ave","City":"","State":"","Zip":"01754","StreetName":"Taft Ave","Address":null,"StateName":null,"Zip4":null,"MAK":null,"AddressType":null,"RBDI":null,"Results":null,"NoSuffix":""},{"Number":"","Street":"taylor","Suffix":"rd","City":"","State":"","Zip":"01754","StreetName":"Taylor Rd","Address":null,"StateName":null,"Zip4":null,"MAK":null,"AddressType":null,"RBDI":null,"Results":null,"NoSuffix":""},{"Number":"","Street":"thomas","Suffix":"st","City":"","State":"","Zip":"01754","StreetName":"Thomas St","Address":null,"StateName":null,"Zip4":null,"MAK":null,"AddressType":null,"RBDI":null,"Results":null,"NoSuffix":""},{"Number":"","Street":"thompson","Suffix":"st","City":"","State":"","Zip":"01754","StreetName":"Thompson St","Address":null,"StateName":null,"Zip4":null,"MAK":null,"AddressType":null,"RBDI":null,"Results":null,"NoSuffix":""},{"Number":"","Street":"tiger","Suffix":"dr","City":"","State":"","Zip":"01754","StreetName":"Tiger Dr","Address":null,"StateName":null,"Zip4":null,"MAK":null,"AddressType":null,"RBDI":null,"Results":null,"NoSuffix":""},{"Number":"","Street":"tobin","Suffix":"dr","City":"","State":"","Zip":"01754","StreetName":"Tobin Dr","Address":null,"StateName":null,"Zip4":null,"MAK":null,"AddressType":null,"RBDI":null,"Results":null,"NoSuffix":""},{"Number":"","Street":"tower","Suffix":"rd","City":"","State":"","Zip":"01754","StreetName":"Tower Rd","Address":null,"StateName":null,"Zip4":null,"MAK":null,"AddressType":null,"RBDI":null,"Results":null,"NoSuffix":""},{"Number":"","Street":"tremont","Suffix":"st","City":"","State":"","Zip":"01754","StreetName":"Tremont St","Address":null,"StateName":null,"Zip4":null,"MAK":null,"AddressType":null,"RBDI":null,"Results":null,"NoSuffix":""},{"Number":"","Street":"turner","Suffix":"rd","City":"","State":"","Zip":"01754","StreetName":"Turner Rd","Address":null,"StateName":null,"Zip4":null,"MAK":null,"AddressType":null,"RBDI":null,"Results":null,"NoSuffix":""},{"Number":"","Street":"upper beacon","Suffix":"st","City":"","State":"","Zip":"01754","StreetName":"Upper Beacon St","Address":null,"StateName":null,"Zip4":null,"MAK":null,"AddressType":null,"RBDI":null,"Results":null,"NoSuffix":""},{"Number":"","Street":"vernon","Suffix":"st","City":"","State":"","Zip":"01754","StreetName":"Vernon St","Address":null,"StateName":null,"Zip4":null,"MAK":null,"AddressType":null,"RBDI":null,"Results":null,"NoSuffix":""},{"Number":"","Street":"virginia","Suffix":"rd","City":"","State":"","Zip":"01754","StreetName":"Virginia Rd","Address":null,"StateName":null,"Zip4":null,"MAK":null,"AddressType":null,"RBDI":null,"Results":null,"NoSuffix":""},{"Number":"","Street":"vose hill","Suffix":"rd","City":"","State":"","Zip":"01754","StreetName":"Vose Hill Rd","Address":null,"StateName":null,"Zip4":null,"MAK":null,"AddressType":null,"RBDI":null,"Results":null,"NoSuffix":""},{"Number":"","Street":"walcott","Suffix":"ave","City":"","State":"","Zip":"01754","StreetName":"Walcott Ave","Address":null,"StateName":null,"Zip4":null,"MAK":null,"AddressType":null,"RBDI":null,"Results":null,"NoSuffix":""},{"Number":"","Street":"walcott","Suffix":"st","City":"","State":"","Zip":"01754","StreetName":"Walcott St","Address":null,"StateName":null,"Zip4":null,"MAK":null,"AddressType":null,"RBDI":null,"Results":null,"NoSuffix":""},{"Number":"","Street":"walker","Suffix":"st","City":"","State":"","Zip":"01754","StreetName":"Walker St","Address":null,"StateName":null,"Zip4":null,"MAK":null,"AddressType":null,"RBDI":null,"Results":null,"NoSuffix":""},{"Number":"","Street":"wall","Suffix":"ct","City":"","State":"","Zip":"01754","StreetName":"Wall Ct","Address":null,"StateName":null,"Zip4":null,"MAK":null,"AddressType":null,"RBDI":null,"Results":null,"NoSuffix":""},{"Number":"","Street":"walnut","Suffix":"st","City":"","State":"","Zip":"01754","StreetName":"Walnut St","Address":null,"StateName":null,"Zip4":null,"MAK":null,"AddressType":null,"RBDI":null,"Results":null,"NoSuffix":""},{"Number":"","Street":"waltham","Suffix":"st","City":"","State":"","Zip":"01754","StreetName":"Waltham St","Address":null,"StateName":null,"Zip4":null,"MAK":null,"AddressType":null,"RBDI":null,"Results":null,"NoSuffix":""},{"Number":"","Street":"warren","Suffix":"ave","City":"","State":"","Zip":"01754","StreetName":"Warren Ave","Address":null,"StateName":null,"Zip4":null,"MAK":null,"AddressType":null,"RBDI":null,"Results":null,"NoSuffix":""},{"Number":"","Street":"warren","Suffix":"st","City":"","State":"","Zip":"01754","StreetName":"Warren St","Address":null,"StateName":null,"Zip4":null,"MAK":null,"AddressType":null,"RBDI":null,"Results":null,"NoSuffix":""},{"Number":"","Street":"west","Suffix":"st","City":"","State":"","Zip":"01754","StreetName":"West St","Address":null,"StateName":null,"Zip4":null,"MAK":null,"AddressType":null,"RBDI":null,"Results":null,"NoSuffix":""},{"Number":"","Street":"white","Suffix":"ave","City":"","State":"","Zip":"01754","StreetName":"White Ave","Address":null,"StateName":null,"Zip4":null,"MAK":null,"AddressType":null,"RBDI":null,"Results":null,"NoSuffix":""},{"Number":"","Street":"whitney","Suffix":"ave","City":"","State":"","Zip":"01754","StreetName":"Whitney Ave","Address":null,"StateName":null,"Zip4":null,"MAK":null,"AddressType":null,"RBDI":null,"Results":null,"NoSuffix":""},{"Number":"","Street":"wilder","Suffix":"st","City":"","State":"","Zip":"01754","StreetName":"Wilder St","Address":null,"StateName":null,"Zip4":null,"MAK":null,"AddressType":null,"RBDI":null,"Results":null,"NoSuffix":""},{"Number":"","Street":"wilson","Suffix":"cir","City":"","State":"","Zip":"01754","StreetName":"Wilson Cir","Address":null,"StateName":null,"Zip4":null,"MAK":null,"AddressType":null,"RBDI":null,"Results":null,"NoSuffix":""},{"Number":"","Street":"windmill","Suffix":"dr","City":"","State":"","Zip":"01754","StreetName":"Windmill Dr","Address":null,"StateName":null,"Zip4":null,"MAK":null,"AddressType":null,"RBDI":null,"Results":null,"NoSuffix":""},{"Number":"","Street":"winter","Suffix":"st","City":"","State":"","Zip":"01754","StreetName":"Winter St","Address":null,"StateName":null,"Zip4":null,"MAK":null,"AddressType":null,"RBDI":null,"Results":null,"NoSuffix":""},{"Number":"","Street":"winthrop","Suffix":"ave","City":"","State":"","Zip":"01754","StreetName":"Winthrop Ave","Address":null,"StateName":null,"Zip4":null,"MAK":null,"AddressType":null,"RBDI":null,"Results":null,"NoSuffix":""},{"Number":"","Street":"wood","Suffix":"ln","City":"","State":"","Zip":"01754","StreetName":"Wood Ln","Address":null,"StateName":null,"Zip4":null,"MAK":null,"AddressType":null,"RBDI":null,"Results":null,"NoSuffix":""},{"Number":"","Street":"woodbine","Suffix":"ter","City":"","State":"","Zip":"01754","StreetName":"Woodbine Ter","Address":null,"StateName":null,"Zip4":null,"MAK":null,"AddressType":null,"RBDI":null,"Results":null,"NoSuffix":""},{"Number":"","Street":"woodridge","Suffix":"rd","City":"","State":"","Zip":"01754","StreetName":"Woodridge Rd","Address":null,"StateName":null,"Zip4":null,"MAK":null,"AddressType":null,"RBDI":null,"Results":null,"NoSuffix":""}]