[{"Number":"","Street":"aarons","Suffix":"ct","City":"","State":"","Zip":"01905","StreetName":"Aarons Ct","Address":null,"StateName":null,"Zip4":null,"MAK":null,"AddressType":null,"RBDI":null,"Results":null,"NoSuffix":""},{"Number":"","Street":"abbott","Suffix":"st","City":"","State":"","Zip":"01905","StreetName":"Abbott St","Address":null,"StateName":null,"Zip4":null,"MAK":null,"AddressType":null,"RBDI":null,"Results":null,"NoSuffix":""},{"Number":"","Street":"agganis","Suffix":"sq","City":"","State":"","Zip":"01905","StreetName":"Agganis Sq","Address":null,"StateName":null,"Zip4":null,"MAK":null,"AddressType":null,"RBDI":null,"Results":null,"NoSuffix":""},{"Number":"","Street":"ainsworth","Suffix":"pl","City":"","State":"","Zip":"01905","StreetName":"Ainsworth Pl","Address":null,"StateName":null,"Zip4":null,"MAK":null,"AddressType":null,"RBDI":null,"Results":null,"NoSuffix":""},{"Number":"","Street":"alan","Suffix":"rd","City":"","State":"","Zip":"01905","StreetName":"Alan Rd","Address":null,"StateName":null,"Zip4":null,"MAK":null,"AddressType":null,"RBDI":null,"Results":null,"NoSuffix":""},{"Number":"","Street":"albion","Suffix":"st","City":"","State":"","Zip":"01905","StreetName":"Albion St","Address":null,"StateName":null,"Zip4":null,"MAK":null,"AddressType":null,"RBDI":null,"Results":null,"NoSuffix":""},{"Number":"","Street":"aldworth","Suffix":"st","City":"","State":"","Zip":"01905","StreetName":"Aldworth St","Address":null,"StateName":null,"Zip4":null,"MAK":null,"AddressType":null,"RBDI":null,"Results":null,"NoSuffix":""},{"Number":"","Street":"alley","Suffix":"st","City":"","State":"","Zip":"01905","StreetName":"Alley St","Address":null,"StateName":null,"Zip4":null,"MAK":null,"AddressType":null,"RBDI":null,"Results":null,"NoSuffix":""},{"Number":"","Street":"ames","Suffix":"st","City":"","State":"","Zip":"01905","StreetName":"Ames St","Address":null,"StateName":null,"Zip4":null,"MAK":null,"AddressType":null,"RBDI":null,"Results":null,"NoSuffix":""},{"Number":"","Street":"amory","Suffix":"st","City":"","State":"","Zip":"01905","StreetName":"Amory St","Address":null,"StateName":null,"Zip4":null,"MAK":null,"AddressType":null,"RBDI":null,"Results":null,"NoSuffix":""},{"Number":"","Street":"anoka","Suffix":"pl","City":"","State":"","Zip":"01905","StreetName":"Anoka Pl","Address":null,"StateName":null,"Zip4":null,"MAK":null,"AddressType":null,"RBDI":null,"Results":null,"NoSuffix":""},{"Number":"","Street":"arthur","Suffix":"st","City":"","State":"","Zip":"01905","StreetName":"Arthur St","Address":null,"StateName":null,"Zip4":null,"MAK":null,"AddressType":null,"RBDI":null,"Results":null,"NoSuffix":""},{"Number":"","Street":"ashland","Suffix":"st","City":"","State":"","Zip":"01905","StreetName":"Ashland St","Address":null,"StateName":null,"Zip4":null,"MAK":null,"AddressType":null,"RBDI":null,"Results":null,"NoSuffix":""},{"Number":"","Street":"aspen","Suffix":"st","City":"","State":"","Zip":"01905","StreetName":"Aspen St","Address":null,"StateName":null,"Zip4":null,"MAK":null,"AddressType":null,"RBDI":null,"Results":null,"NoSuffix":""},{"Number":"","Street":"astor","Suffix":"st","City":"","State":"","Zip":"01905","StreetName":"Astor St","Address":null,"StateName":null,"Zip4":null,"MAK":null,"AddressType":null,"RBDI":null,"Results":null,"NoSuffix":""},{"Number":"","Street":"atkinson","Suffix":"st","City":"","State":"","Zip":"01905","StreetName":"Atkinson St","Address":null,"StateName":null,"Zip4":null,"MAK":null,"AddressType":null,"RBDI":null,"Results":null,"NoSuffix":""},{"Number":"","Street":"austin","Suffix":"sq","City":"","State":"","Zip":"01905","StreetName":"Austin Sq","Address":null,"StateName":null,"Zip4":null,"MAK":null,"AddressType":null,"RBDI":null,"Results":null,"NoSuffix":""},{"Number":"","Street":"avon","Suffix":"st","City":"","State":"","Zip":"01905","StreetName":"Avon St","Address":null,"StateName":null,"Zip4":null,"MAK":null,"AddressType":null,"RBDI":null,"Results":null,"NoSuffix":""},{"Number":"","Street":"b","Suffix":"st","City":"","State":"","Zip":"01905","StreetName":"B St","Address":null,"StateName":null,"Zip4":null,"MAK":null,"AddressType":null,"RBDI":null,"Results":null,"NoSuffix":""},{"Number":"","Street":"b street","Suffix":"pl","City":"","State":"","Zip":"01905","StreetName":"B Street Pl","Address":null,"StateName":null,"Zip4":null,"MAK":null,"AddressType":null,"RBDI":null,"Results":null,"NoSuffix":""},{"Number":"","Street":"barrett","Suffix":"ct","City":"","State":"","Zip":"01905","StreetName":"Barrett Ct","Address":null,"StateName":null,"Zip4":null,"MAK":null,"AddressType":null,"RBDI":null,"Results":null,"NoSuffix":""},{"Number":"","Street":"barrett","Suffix":"st","City":"","State":"","Zip":"01905","StreetName":"Barrett St","Address":null,"StateName":null,"Zip4":null,"MAK":null,"AddressType":null,"RBDI":null,"Results":null,"NoSuffix":""},{"Number":"","Street":"basse","Suffix":"cir","City":"","State":"","Zip":"01905","StreetName":"Basse Cir","Address":null,"StateName":null,"Zip4":null,"MAK":null,"AddressType":null,"RBDI":null,"Results":null,"NoSuffix":""},{"Number":"","Street":"basse","Suffix":"rd","City":"","State":"","Zip":"01905","StreetName":"Basse Rd","Address":null,"StateName":null,"Zip4":null,"MAK":null,"AddressType":null,"RBDI":null,"Results":null,"NoSuffix":""},{"Number":"","Street":"batchelders","Suffix":"ct","City":"","State":"","Zip":"01905","StreetName":"Batchelders Ct","Address":null,"StateName":null,"Zip4":null,"MAK":null,"AddressType":null,"RBDI":null,"Results":null,"NoSuffix":""},{"Number":"","Street":"bates","Suffix":"st","City":"","State":"","Zip":"01905","StreetName":"Bates St","Address":null,"StateName":null,"Zip4":null,"MAK":null,"AddressType":null,"RBDI":null,"Results":null,"NoSuffix":""},{"Number":"","Street":"belle","Suffix":"ave","City":"","State":"","Zip":"01905","StreetName":"Belle Ave","Address":null,"StateName":null,"Zip4":null,"MAK":null,"AddressType":null,"RBDI":null,"Results":null,"NoSuffix":""},{"Number":"","Street":"belmont","Suffix":"ave","City":"","State":"","Zip":"01905","StreetName":"Belmont Ave","Address":null,"StateName":null,"Zip4":null,"MAK":null,"AddressType":null,"RBDI":null,"Results":null,"NoSuffix":""},{"Number":"","Street":"belvidere","Suffix":"pl","City":"","State":"","Zip":"01905","StreetName":"Belvidere Pl","Address":null,"StateName":null,"Zip4":null,"MAK":null,"AddressType":null,"RBDI":null,"Results":null,"NoSuffix":""},{"Number":"","Street":"bennett","Suffix":"cir","City":"","State":"","Zip":"01905","StreetName":"Bennett Cir","Address":null,"StateName":null,"Zip4":null,"MAK":null,"AddressType":null,"RBDI":null,"Results":null,"NoSuffix":""},{"Number":"","Street":"bennett","Suffix":"st","City":"","State":"","Zip":"01905","StreetName":"Bennett St","Address":null,"StateName":null,"Zip4":null,"MAK":null,"AddressType":null,"RBDI":null,"Results":null,"NoSuffix":""},{"Number":"","Street":"blair","Suffix":"ct","City":"","State":"","Zip":"01905","StreetName":"Blair Ct","Address":null,"StateName":null,"Zip4":null,"MAK":null,"AddressType":null,"RBDI":null,"Results":null,"NoSuffix":""},{"Number":"","Street":"blakeley","Suffix":"st","City":"","State":"","Zip":"01905","StreetName":"Blakeley St","Address":null,"StateName":null,"Zip4":null,"MAK":null,"AddressType":null,"RBDI":null,"Results":null,"NoSuffix":""},{"Number":"","Street":"bonavesta","Suffix":"st","City":"","State":"","Zip":"01905","StreetName":"Bonavesta St","Address":null,"StateName":null,"Zip4":null,"MAK":null,"AddressType":null,"RBDI":null,"Results":null,"NoSuffix":""},{"Number":"","Street":"bonavesta","Suffix":"ter","City":"","State":"","Zip":"01905","StreetName":"Bonavesta Ter","Address":null,"StateName":null,"Zip4":null,"MAK":null,"AddressType":null,"RBDI":null,"Results":null,"NoSuffix":""},{"Number":"","Street":"border","Suffix":"st","City":"","State":"","Zip":"01905","StreetName":"Border St","Address":null,"StateName":null,"Zip4":null,"MAK":null,"AddressType":null,"RBDI":null,"Results":null,"NoSuffix":""},{"Number":"","Street":"boston","Suffix":"st","City":"","State":"","Zip":"01905","StreetName":"Boston St","Address":null,"StateName":null,"Zip4":null,"MAK":null,"AddressType":null,"RBDI":null,"Results":null,"NoSuffix":""},{"Number":"","Street":"bowley","Suffix":"ave","City":"","State":"","Zip":"01905","StreetName":"Bowley Ave","Address":null,"StateName":null,"Zip4":null,"MAK":null,"AddressType":null,"RBDI":null,"Results":null,"NoSuffix":""},{"Number":"","Street":"bradford","Suffix":"ter","City":"","State":"","Zip":"01905","StreetName":"Bradford Ter","Address":null,"StateName":null,"Zip4":null,"MAK":null,"AddressType":null,"RBDI":null,"Results":null,"NoSuffix":""},{"Number":"","Street":"breed","Suffix":"sq","City":"","State":"","Zip":"01905","StreetName":"Breed Sq","Address":null,"StateName":null,"Zip4":null,"MAK":null,"AddressType":null,"RBDI":null,"Results":null,"NoSuffix":""},{"Number":"","Street":"bridge","Suffix":"st","City":"","State":"","Zip":"01905","StreetName":"Bridge St","Address":null,"StateName":null,"Zip4":null,"MAK":null,"AddressType":null,"RBDI":null,"Results":null,"NoSuffix":""},{"Number":"","Street":"brookvale","Suffix":"st","City":"","State":"","Zip":"01905","StreetName":"Brookvale St","Address":null,"StateName":null,"Zip4":null,"MAK":null,"AddressType":null,"RBDI":null,"Results":null,"NoSuffix":""},{"Number":"","Street":"browns","Suffix":"ave","City":"","State":"","Zip":"01905","StreetName":"Browns Ave","Address":null,"StateName":null,"Zip4":null,"MAK":null,"AddressType":null,"RBDI":null,"Results":null,"NoSuffix":""},{"Number":"","Street":"burns","Suffix":"st","City":"","State":"","Zip":"01905","StreetName":"Burns St","Address":null,"StateName":null,"Zip4":null,"MAK":null,"AddressType":null,"RBDI":null,"Results":null,"NoSuffix":""},{"Number":"","Street":"camden","Suffix":"st","City":"","State":"","Zip":"01905","StreetName":"Camden St","Address":null,"StateName":null,"Zip4":null,"MAK":null,"AddressType":null,"RBDI":null,"Results":null,"NoSuffix":""},{"Number":"","Street":"canal","Suffix":"st","City":"","State":"","Zip":"01905","StreetName":"Canal St","Address":null,"StateName":null,"Zip4":null,"MAK":null,"AddressType":null,"RBDI":null,"Results":null,"NoSuffix":""},{"Number":"","Street":"canterbury","Suffix":"ct","City":"","State":"","Zip":"01905","StreetName":"Canterbury Ct","Address":null,"StateName":null,"Zip4":null,"MAK":null,"AddressType":null,"RBDI":null,"Results":null,"NoSuffix":""},{"Number":"","Street":"carnes","Suffix":"st","City":"","State":"","Zip":"01905","StreetName":"Carnes St","Address":null,"StateName":null,"Zip4":null,"MAK":null,"AddressType":null,"RBDI":null,"Results":null,"NoSuffix":""},{"Number":"","Street":"carolyn","Suffix":"rd","City":"","State":"","Zip":"01905","StreetName":"Carolyn Rd","Address":null,"StateName":null,"Zip4":null,"MAK":null,"AddressType":null,"RBDI":null,"Results":null,"NoSuffix":""},{"Number":"","Street":"castle rising","Suffix":"ct","City":"","State":"","Zip":"01905","StreetName":"Castle Rising Ct","Address":null,"StateName":null,"Zip4":null,"MAK":null,"AddressType":null,"RBDI":null,"Results":null,"NoSuffix":""},{"Number":"","Street":"catalina","Suffix":"rd","City":"","State":"","Zip":"01905","StreetName":"Catalina Rd","Address":null,"StateName":null,"Zip4":null,"MAK":null,"AddressType":null,"RBDI":null,"Results":null,"NoSuffix":""},{"Number":"","Street":"cedar","Suffix":"st","City":"","State":"","Zip":"01905","StreetName":"Cedar St","Address":null,"StateName":null,"Zip4":null,"MAK":null,"AddressType":null,"RBDI":null,"Results":null,"NoSuffix":""},{"Number":"","Street":"centre","Suffix":"st","City":"","State":"","Zip":"01905","StreetName":"Centre St","Address":null,"StateName":null,"Zip4":null,"MAK":null,"AddressType":null,"RBDI":null,"Results":null,"NoSuffix":""},{"Number":"","Street":"chadwell","Suffix":"ct","City":"","State":"","Zip":"01905","StreetName":"Chadwell Ct","Address":null,"StateName":null,"Zip4":null,"MAK":null,"AddressType":null,"RBDI":null,"Results":null,"NoSuffix":""},{"Number":"","Street":"childs","Suffix":"st","City":"","State":"","Zip":"01905","StreetName":"Childs St","Address":null,"StateName":null,"Zip4":null,"MAK":null,"AddressType":null,"RBDI":null,"Results":null,"NoSuffix":""},{"Number":"","Street":"circle","Suffix":"ave","City":"","State":"","Zip":"01905","StreetName":"Circle Ave","Address":null,"StateName":null,"Zip4":null,"MAK":null,"AddressType":null,"RBDI":null,"Results":null,"NoSuffix":""},{"Number":"","Street":"clark","Suffix":"cir","City":"","State":"","Zip":"01905","StreetName":"Clark Cir","Address":null,"StateName":null,"Zip4":null,"MAK":null,"AddressType":null,"RBDI":null,"Results":null,"NoSuffix":""},{"Number":"","Street":"cleveland","Suffix":"ave","City":"","State":"","Zip":"01905","StreetName":"Cleveland Ave","Address":null,"StateName":null,"Zip4":null,"MAK":null,"AddressType":null,"RBDI":null,"Results":null,"NoSuffix":""},{"Number":"","Street":"cliff","Suffix":"st","City":"","State":"","Zip":"01905","StreetName":"Cliff St","Address":null,"StateName":null,"Zip4":null,"MAK":null,"AddressType":null,"RBDI":null,"Results":null,"NoSuffix":""},{"Number":"","Street":"commercial","Suffix":"st","City":"","State":"","Zip":"01905","StreetName":"Commercial St","Address":null,"StateName":null,"Zip4":null,"MAK":null,"AddressType":null,"RBDI":null,"Results":null,"NoSuffix":""},{"Number":"","Street":"commercial street","Suffix":"pl","City":"","State":"","Zip":"01905","StreetName":"Commercial Street Pl","Address":null,"StateName":null,"Zip4":null,"MAK":null,"AddressType":null,"RBDI":null,"Results":null,"NoSuffix":""},{"Number":"","Street":"common","Suffix":"st","City":"","State":"","Zip":"01905","StreetName":"Common St","Address":null,"StateName":null,"Zip4":null,"MAK":null,"AddressType":null,"RBDI":null,"Results":null,"NoSuffix":""},{"Number":"","Street":"cooper","Suffix":"st","City":"","State":"","Zip":"01905","StreetName":"Cooper St","Address":null,"StateName":null,"Zip4":null,"MAK":null,"AddressType":null,"RBDI":null,"Results":null,"NoSuffix":""},{"Number":"","Street":"cottage","Suffix":"st","City":"","State":"","Zip":"01905","StreetName":"Cottage St","Address":null,"StateName":null,"Zip4":null,"MAK":null,"AddressType":null,"RBDI":null,"Results":null,"NoSuffix":""},{"Number":"","Street":"court","Suffix":"st","City":"","State":"","Zip":"01905","StreetName":"Court St","Address":null,"StateName":null,"Zip4":null,"MAK":null,"AddressType":null,"RBDI":null,"Results":null,"NoSuffix":""},{"Number":"","Street":"coyle","Suffix":"rd","City":"","State":"","Zip":"01905","StreetName":"Coyle Rd","Address":null,"StateName":null,"Zip4":null,"MAK":null,"AddressType":null,"RBDI":null,"Results":null,"NoSuffix":""},{"Number":"","Street":"coyle","Suffix":"ter","City":"","State":"","Zip":"01905","StreetName":"Coyle Ter","Address":null,"StateName":null,"Zip4":null,"MAK":null,"AddressType":null,"RBDI":null,"Results":null,"NoSuffix":""},{"Number":"","Street":"crestwood","Suffix":"cir","City":"","State":"","Zip":"01905","StreetName":"Crestwood Cir","Address":null,"StateName":null,"Zip4":null,"MAK":null,"AddressType":null,"RBDI":null,"Results":null,"NoSuffix":""},{"Number":"","Street":"cropley","Suffix":"ter","City":"","State":"","Zip":"01905","StreetName":"Cropley Ter","Address":null,"StateName":null,"Zip4":null,"MAK":null,"AddressType":null,"RBDI":null,"Results":null,"NoSuffix":""},{"Number":"","Street":"curran","Suffix":"rd","City":"","State":"","Zip":"01905","StreetName":"Curran Rd","Address":null,"StateName":null,"Zip4":null,"MAK":null,"AddressType":null,"RBDI":null,"Results":null,"NoSuffix":""},{"Number":"","Street":"curtis","Suffix":"st","City":"","State":"","Zip":"01905","StreetName":"Curtis St","Address":null,"StateName":null,"Zip4":null,"MAK":null,"AddressType":null,"RBDI":null,"Results":null,"NoSuffix":""},{"Number":"","Street":"curwin","Suffix":"cir","City":"","State":"","Zip":"01905","StreetName":"Curwin Cir","Address":null,"StateName":null,"Zip4":null,"MAK":null,"AddressType":null,"RBDI":null,"Results":null,"NoSuffix":""},{"Number":"","Street":"curwin","Suffix":"ter","City":"","State":"","Zip":"01905","StreetName":"Curwin Ter","Address":null,"StateName":null,"Zip4":null,"MAK":null,"AddressType":null,"RBDI":null,"Results":null,"NoSuffix":""},{"Number":"","Street":"day","Suffix":"st","City":"","State":"","Zip":"01905","StreetName":"Day St","Address":null,"StateName":null,"Zip4":null,"MAK":null,"AddressType":null,"RBDI":null,"Results":null,"NoSuffix":""},{"Number":"","Street":"dearborn","Suffix":"ave","City":"","State":"","Zip":"01905","StreetName":"Dearborn Ave","Address":null,"StateName":null,"Zip4":null,"MAK":null,"AddressType":null,"RBDI":null,"Results":null,"NoSuffix":""},{"Number":"","Street":"debra","Suffix":"ln","City":"","State":"","Zip":"01905","StreetName":"Debra Ln","Address":null,"StateName":null,"Zip4":null,"MAK":null,"AddressType":null,"RBDI":null,"Results":null,"NoSuffix":""},{"Number":"","Street":"deer","Suffix":"park","City":"","State":"","Zip":"01905","StreetName":"Deer Park","Address":null,"StateName":null,"Zip4":null,"MAK":null,"AddressType":null,"RBDI":null,"Results":null,"NoSuffix":""},{"Number":"","Street":"dell","Suffix":"ct","City":"","State":"","Zip":"01905","StreetName":"Dell Ct","Address":null,"StateName":null,"Zip4":null,"MAK":null,"AddressType":null,"RBDI":null,"Results":null,"NoSuffix":""},{"Number":"","Street":"devlin","Suffix":"way","City":"","State":"","Zip":"01905","StreetName":"Devlin Way","Address":null,"StateName":null,"Zip4":null,"MAK":null,"AddressType":null,"RBDI":null,"Results":null,"NoSuffix":""},{"Number":"","Street":"drexel","Suffix":"ter","City":"","State":"","Zip":"01905","StreetName":"Drexel Ter","Address":null,"StateName":null,"Zip4":null,"MAK":null,"AddressType":null,"RBDI":null,"Results":null,"NoSuffix":""},{"Number":"","Street":"dungeon","Suffix":"ave","City":"","State":"","Zip":"01905","StreetName":"Dungeon Ave","Address":null,"StateName":null,"Zip4":null,"MAK":null,"AddressType":null,"RBDI":null,"Results":null,"NoSuffix":""},{"Number":"","Street":"echo","Suffix":"pl","City":"","State":"","Zip":"01905","StreetName":"Echo Pl","Address":null,"StateName":null,"Zip4":null,"MAK":null,"AddressType":null,"RBDI":null,"Results":null,"NoSuffix":""},{"Number":"","Street":"echo grove","Suffix":"ave","City":"","State":"","Zip":"01905","StreetName":"Echo Grove Ave","Address":null,"StateName":null,"Zip4":null,"MAK":null,"AddressType":null,"RBDI":null,"Results":null,"NoSuffix":""},{"Number":"","Street":"edwards","Suffix":"ct","City":"","State":"","Zip":"01905","StreetName":"Edwards Ct","Address":null,"StateName":null,"Zip4":null,"MAK":null,"AddressType":null,"RBDI":null,"Results":null,"NoSuffix":""},{"Number":"","Street":"elizabeth","Suffix":"st","City":"","State":"","Zip":"01905","StreetName":"Elizabeth St","Address":null,"StateName":null,"Zip4":null,"MAK":null,"AddressType":null,"RBDI":null,"Results":null,"NoSuffix":""},{"Number":"","Street":"elm","Suffix":"st","City":"","State":"","Zip":"01905","StreetName":"Elm St","Address":null,"StateName":null,"Zip4":null,"MAK":null,"AddressType":null,"RBDI":null,"Results":null,"NoSuffix":""},{"Number":"","Street":"elmwood","Suffix":"ave","City":"","State":"","Zip":"01905","StreetName":"Elmwood Ave","Address":null,"StateName":null,"Zip4":null,"MAK":null,"AddressType":null,"RBDI":null,"Results":null,"NoSuffix":""},{"Number":"","Street":"etna","Suffix":"pl","City":"","State":"","Zip":"01905","StreetName":"Etna Pl","Address":null,"StateName":null,"Zip4":null,"MAK":null,"AddressType":null,"RBDI":null,"Results":null,"NoSuffix":""},{"Number":"","Street":"fairmount","Suffix":"ave","City":"","State":"","Zip":"01905","StreetName":"Fairmount Ave","Address":null,"StateName":null,"Zip4":null,"MAK":null,"AddressType":null,"RBDI":null,"Results":null,"NoSuffix":""},{"Number":"","Street":"farrell","Suffix":"rd","City":"","State":"","Zip":"01905","StreetName":"Farrell Rd","Address":null,"StateName":null,"Zip4":null,"MAK":null,"AddressType":null,"RBDI":null,"Results":null,"NoSuffix":""},{"Number":"","Street":"federal","Suffix":"st","City":"","State":"","Zip":"01905","StreetName":"Federal St","Address":null,"StateName":null,"Zip4":null,"MAK":null,"AddressType":null,"RBDI":null,"Results":null,"NoSuffix":""},{"Number":"","Street":"fenton","Suffix":"ave","City":"","State":"","Zip":"01905","StreetName":"Fenton Ave","Address":null,"StateName":null,"Zip4":null,"MAK":null,"AddressType":null,"RBDI":null,"Results":null,"NoSuffix":""},{"Number":"","Street":"flint","Suffix":"st","City":"","State":"","Zip":"01905","StreetName":"Flint St","Address":null,"StateName":null,"Zip4":null,"MAK":null,"AddressType":null,"RBDI":null,"Results":null,"NoSuffix":""},{"Number":"","Street":"florence","Suffix":"st","City":"","State":"","Zip":"01905","StreetName":"Florence St","Address":null,"StateName":null,"Zip4":null,"MAK":null,"AddressType":null,"RBDI":null,"Results":null,"NoSuffix":""},{"Number":"","Street":"forest","Suffix":"st","City":"","State":"","Zip":"01905","StreetName":"Forest St","Address":null,"StateName":null,"Zip4":null,"MAK":null,"AddressType":null,"RBDI":null,"Results":null,"NoSuffix":""},{"Number":"","Street":"fuller","Suffix":"st","City":"","State":"","Zip":"01905","StreetName":"Fuller St","Address":null,"StateName":null,"Zip4":null,"MAK":null,"AddressType":null,"RBDI":null,"Results":null,"NoSuffix":""},{"Number":"","Street":"fuller street","Suffix":"ct","City":"","State":"","Zip":"01905","StreetName":"Fuller Street Ct","Address":null,"StateName":null,"Zip4":null,"MAK":null,"AddressType":null,"RBDI":null,"Results":null,"NoSuffix":""},{"Number":"","Street":"gardiner","Suffix":"st","City":"","State":"","Zip":"01905","StreetName":"Gardiner St","Address":null,"StateName":null,"Zip4":null,"MAK":null,"AddressType":null,"RBDI":null,"Results":null,"NoSuffix":""},{"Number":"","Street":"garfield","Suffix":"ave","City":"","State":"","Zip":"01905","StreetName":"Garfield Ave","Address":null,"StateName":null,"Zip4":null,"MAK":null,"AddressType":null,"RBDI":null,"Results":null,"NoSuffix":""},{"Number":"","Street":"garfield","Suffix":"ter","City":"","State":"","Zip":"01905","StreetName":"Garfield Ter","Address":null,"StateName":null,"Zip4":null,"MAK":null,"AddressType":null,"RBDI":null,"Results":null,"NoSuffix":""},{"Number":"","Street":"gateway","Suffix":"ln","City":"","State":"","Zip":"01905","StreetName":"Gateway Ln","Address":null,"StateName":null,"Zip4":null,"MAK":null,"AddressType":null,"RBDI":null,"Results":null,"NoSuffix":""},{"Number":"","Street":"gayron","Suffix":"way","City":"","State":"","Zip":"01905","StreetName":"Gayron Way","Address":null,"StateName":null,"Zip4":null,"MAK":null,"AddressType":null,"RBDI":null,"Results":null,"NoSuffix":""},{"Number":"","Street":"geneva","Suffix":"ave","City":"","State":"","Zip":"01905","StreetName":"Geneva Ave","Address":null,"StateName":null,"Zip4":null,"MAK":null,"AddressType":null,"RBDI":null,"Results":null,"NoSuffix":""},{"Number":"","Street":"george","Suffix":"st","City":"","State":"","Zip":"01905","StreetName":"George St","Address":null,"StateName":null,"Zip4":null,"MAK":null,"AddressType":null,"RBDI":null,"Results":null,"NoSuffix":""},{"Number":"","Street":"glen","Suffix":"ave","City":"","State":"","Zip":"01905","StreetName":"Glen Ave","Address":null,"StateName":null,"Zip4":null,"MAK":null,"AddressType":null,"RBDI":null,"Results":null,"NoSuffix":""},{"Number":"","Street":"glen","Suffix":"ct","City":"","State":"","Zip":"01905","StreetName":"Glen Ct","Address":null,"StateName":null,"Zip4":null,"MAK":null,"AddressType":null,"RBDI":null,"Results":null,"NoSuffix":""},{"Number":"","Street":"glen","Suffix":"ter","City":"","State":"","Zip":"01905","StreetName":"Glen Ter","Address":null,"StateName":null,"Zip4":null,"MAK":null,"AddressType":null,"RBDI":null,"Results":null,"NoSuffix":""},{"Number":"","Street":"goss","Suffix":"ave","City":"","State":"","Zip":"01905","StreetName":"Goss Ave","Address":null,"StateName":null,"Zip4":null,"MAK":null,"AddressType":null,"RBDI":null,"Results":null,"NoSuffix":""},{"Number":"","Street":"grace","Suffix":"rd","City":"","State":"","Zip":"01905","StreetName":"Grace Rd","Address":null,"StateName":null,"Zip4":null,"MAK":null,"AddressType":null,"RBDI":null,"Results":null,"NoSuffix":""},{"Number":"","Street":"greenwood","Suffix":"ave","City":"","State":"","Zip":"01905","StreetName":"Greenwood Ave","Address":null,"StateName":null,"Zip4":null,"MAK":null,"AddressType":null,"RBDI":null,"Results":null,"NoSuffix":""},{"Number":"","Street":"greenwood","Suffix":"cir","City":"","State":"","Zip":"01905","StreetName":"Greenwood Cir","Address":null,"StateName":null,"Zip4":null,"MAK":null,"AddressType":null,"RBDI":null,"Results":null,"NoSuffix":""},{"Number":"","Street":"greg","Suffix":"rd","City":"","State":"","Zip":"01905","StreetName":"Greg Rd","Address":null,"StateName":null,"Zip4":null,"MAK":null,"AddressType":null,"RBDI":null,"Results":null,"NoSuffix":""},{"Number":"","Street":"grove","Suffix":"st","City":"","State":"","Zip":"01905","StreetName":"Grove St","Address":null,"StateName":null,"Zip4":null,"MAK":null,"AddressType":null,"RBDI":null,"Results":null,"NoSuffix":""},{"Number":"","Street":"haddington","Suffix":"pl","City":"","State":"","Zip":"01905","StreetName":"Haddington Pl","Address":null,"StateName":null,"Zip4":null,"MAK":null,"AddressType":null,"RBDI":null,"Results":null,"NoSuffix":""},{"Number":"","Street":"hamley","Suffix":"st","City":"","State":"","Zip":"01905","StreetName":"Hamley St","Address":null,"StateName":null,"Zip4":null,"MAK":null,"AddressType":null,"RBDI":null,"Results":null,"NoSuffix":""},{"Number":"","Street":"harding","Suffix":"st","City":"","State":"","Zip":"01905","StreetName":"Harding St","Address":null,"StateName":null,"Zip4":null,"MAK":null,"AddressType":null,"RBDI":null,"Results":null,"NoSuffix":""},{"Number":"","Street":"harmon","Suffix":"st","City":"","State":"","Zip":"01905","StreetName":"Harmon St","Address":null,"StateName":null,"Zip4":null,"MAK":null,"AddressType":null,"RBDI":null,"Results":null,"NoSuffix":""},{"Number":"","Street":"harrison","Suffix":"ave","City":"","State":"","Zip":"01905","StreetName":"Harrison Ave","Address":null,"StateName":null,"Zip4":null,"MAK":null,"AddressType":null,"RBDI":null,"Results":null,"NoSuffix":""},{"Number":"","Street":"hart","Suffix":"st","City":"","State":"","Zip":"01905","StreetName":"Hart St","Address":null,"StateName":null,"Zip4":null,"MAK":null,"AddressType":null,"RBDI":null,"Results":null,"NoSuffix":""},{"Number":"","Street":"hathaway","Suffix":"st","City":"","State":"","Zip":"01905","StreetName":"Hathaway St","Address":null,"StateName":null,"Zip4":null,"MAK":null,"AddressType":null,"RBDI":null,"Results":null,"NoSuffix":""},{"Number":"","Street":"hayes","Suffix":"st","City":"","State":"","Zip":"01905","StreetName":"Hayes St","Address":null,"StateName":null,"Zip4":null,"MAK":null,"AddressType":null,"RBDI":null,"Results":null,"NoSuffix":""},{"Number":"","Street":"heaths","Suffix":"ct","City":"","State":"","Zip":"01905","StreetName":"Heaths Ct","Address":null,"StateName":null,"Zip4":null,"MAK":null,"AddressType":null,"RBDI":null,"Results":null,"NoSuffix":""},{"Number":"","Street":"heffernan","Suffix":"ave","City":"","State":"","Zip":"01905","StreetName":"Heffernan Ave","Address":null,"StateName":null,"Zip4":null,"MAK":null,"AddressType":null,"RBDI":null,"Results":null,"NoSuffix":""},{"Number":"","Street":"hesper","Suffix":"st","City":"","State":"","Zip":"01905","StreetName":"Hesper St","Address":null,"StateName":null,"Zip4":null,"MAK":null,"AddressType":null,"RBDI":null,"Results":null,"NoSuffix":""},{"Number":"","Street":"hobson","Suffix":"st","City":"","State":"","Zip":"01905","StreetName":"Hobson St","Address":null,"StateName":null,"Zip4":null,"MAK":null,"AddressType":null,"RBDI":null,"Results":null,"NoSuffix":""},{"Number":"","Street":"holland","Suffix":"ave","City":"","State":"","Zip":"01905","StreetName":"Holland Ave","Address":null,"StateName":null,"Zip4":null,"MAK":null,"AddressType":null,"RBDI":null,"Results":null,"NoSuffix":""},{"Number":"","Street":"holton","Suffix":"pl","City":"","State":"","Zip":"01905","StreetName":"Holton Pl","Address":null,"StateName":null,"Zip4":null,"MAK":null,"AddressType":null,"RBDI":null,"Results":null,"NoSuffix":""},{"Number":"","Street":"holyoke","Suffix":"rd","City":"","State":"","Zip":"01905","StreetName":"Holyoke Rd","Address":null,"StateName":null,"Zip4":null,"MAK":null,"AddressType":null,"RBDI":null,"Results":null,"NoSuffix":""},{"Number":"","Street":"holyoke","Suffix":"st","City":"","State":"","Zip":"01905","StreetName":"Holyoke St","Address":null,"StateName":null,"Zip4":null,"MAK":null,"AddressType":null,"RBDI":null,"Results":null,"NoSuffix":""},{"Number":"","Street":"homesite","Suffix":"st","City":"","State":"","Zip":"01905","StreetName":"Homesite St","Address":null,"StateName":null,"Zip4":null,"MAK":null,"AddressType":null,"RBDI":null,"Results":null,"NoSuffix":""},{"Number":"","Street":"hood","Suffix":"st","City":"","State":"","Zip":"01905","StreetName":"Hood St","Address":null,"StateName":null,"Zip4":null,"MAK":null,"AddressType":null,"RBDI":null,"Results":null,"NoSuffix":""},{"Number":"","Street":"houghton","Suffix":"st","City":"","State":"","Zip":"01905","StreetName":"Houghton St","Address":null,"StateName":null,"Zip4":null,"MAK":null,"AddressType":null,"RBDI":null,"Results":null,"NoSuffix":""},{"Number":"","Street":"houston","Suffix":"pl","City":"","State":"","Zip":"01905","StreetName":"Houston Pl","Address":null,"StateName":null,"Zip4":null,"MAK":null,"AddressType":null,"RBDI":null,"Results":null,"NoSuffix":""},{"Number":"","Street":"houston","Suffix":"st","City":"","State":"","Zip":"01905","StreetName":"Houston St","Address":null,"StateName":null,"Zip4":null,"MAK":null,"AddressType":null,"RBDI":null,"Results":null,"NoSuffix":""},{"Number":"","Street":"hudson","Suffix":"ter","City":"","State":"","Zip":"01905","StreetName":"Hudson Ter","Address":null,"StateName":null,"Zip4":null,"MAK":null,"AddressType":null,"RBDI":null,"Results":null,"NoSuffix":""},{"Number":"","Street":"hurd","Suffix":"st","City":"","State":"","Zip":"01905","StreetName":"Hurd St","Address":null,"StateName":null,"Zip4":null,"MAK":null,"AddressType":null,"RBDI":null,"Results":null,"NoSuffix":""},{"Number":"","Street":"huss","Suffix":"ct","City":"","State":"","Zip":"01905","StreetName":"Huss Ct","Address":null,"StateName":null,"Zip4":null,"MAK":null,"AddressType":null,"RBDI":null,"Results":null,"NoSuffix":""},{"Number":"","Street":"irving","Suffix":"rd","City":"","State":"","Zip":"01905","StreetName":"Irving Rd","Address":null,"StateName":null,"Zip4":null,"MAK":null,"AddressType":null,"RBDI":null,"Results":null,"NoSuffix":""},{"Number":"","Street":"jones","Suffix":"ter","City":"","State":"","Zip":"01905","StreetName":"Jones Ter","Address":null,"StateName":null,"Zip4":null,"MAK":null,"AddressType":null,"RBDI":null,"Results":null,"NoSuffix":""},{"Number":"","Street":"judith","Suffix":"way","City":"","State":"","Zip":"01905","StreetName":"Judith Way","Address":null,"StateName":null,"Zip4":null,"MAK":null,"AddressType":null,"RBDI":null,"Results":null,"NoSuffix":""},{"Number":"","Street":"keslar","Suffix":"ave","City":"","State":"","Zip":"01905","StreetName":"Keslar Ave","Address":null,"StateName":null,"Zip4":null,"MAK":null,"AddressType":null,"RBDI":null,"Results":null,"NoSuffix":""},{"Number":"","Street":"kings hill","Suffix":"dr","City":"","State":"","Zip":"01905","StreetName":"Kings Hill Dr","Address":null,"StateName":null,"Zip4":null,"MAK":null,"AddressType":null,"RBDI":null,"Results":null,"NoSuffix":""},{"Number":"","Street":"kingswood","Suffix":"cir","City":"","State":"","Zip":"01905","StreetName":"Kingswood Cir","Address":null,"StateName":null,"Zip4":null,"MAK":null,"AddressType":null,"RBDI":null,"Results":null,"NoSuffix":""},{"Number":"","Street":"kingswood","Suffix":"ln","City":"","State":"","Zip":"01905","StreetName":"Kingswood Ln","Address":null,"StateName":null,"Zip4":null,"MAK":null,"AddressType":null,"RBDI":null,"Results":null,"NoSuffix":""},{"Number":"","Street":"kirtland","Suffix":"st","City":"","State":"","Zip":"01905","StreetName":"Kirtland St","Address":null,"StateName":null,"Zip4":null,"MAK":null,"AddressType":null,"RBDI":null,"Results":null,"NoSuffix":""},{"Number":"","Street":"laurel","Suffix":"st","City":"","State":"","Zip":"01905","StreetName":"Laurel St","Address":null,"StateName":null,"Zip4":null,"MAK":null,"AddressType":null,"RBDI":null,"Results":null,"NoSuffix":""},{"Number":"","Street":"lendell","Suffix":"rd","City":"","State":"","Zip":"01905","StreetName":"Lendell Rd","Address":null,"StateName":null,"Zip4":null,"MAK":null,"AddressType":null,"RBDI":null,"Results":null,"NoSuffix":""},{"Number":"","Street":"light","Suffix":"st","City":"","State":"","Zip":"01905","StreetName":"Light St","Address":null,"StateName":null,"Zip4":null,"MAK":null,"AddressType":null,"RBDI":null,"Results":null,"NoSuffix":""},{"Number":"","Street":"light street","Suffix":"ct","City":"","State":"","Zip":"01905","StreetName":"Light Street Ct","Address":null,"StateName":null,"Zip4":null,"MAK":null,"AddressType":null,"RBDI":null,"Results":null,"NoSuffix":""},{"Number":"","Street":"linden","Suffix":"st","City":"","State":"","Zip":"01905","StreetName":"Linden St","Address":null,"StateName":null,"Zip4":null,"MAK":null,"AddressType":null,"RBDI":null,"Results":null,"NoSuffix":""},{"Number":"","Street":"linwood","Suffix":"pl","City":"","State":"","Zip":"01905","StreetName":"Linwood Pl","Address":null,"StateName":null,"Zip4":null,"MAK":null,"AddressType":null,"RBDI":null,"Results":null,"NoSuffix":""},{"Number":"","Street":"linwood","Suffix":"rd","City":"","State":"","Zip":"01905","StreetName":"Linwood Rd","Address":null,"StateName":null,"Zip4":null,"MAK":null,"AddressType":null,"RBDI":null,"Results":null,"NoSuffix":""},{"Number":"","Street":"linwood","Suffix":"st","City":"","State":"","Zip":"01905","StreetName":"Linwood St","Address":null,"StateName":null,"Zip4":null,"MAK":null,"AddressType":null,"RBDI":null,"Results":null,"NoSuffix":""},{"Number":"","Street":"lois","Suffix":"ln","City":"","State":"","Zip":"01905","StreetName":"Lois Ln","Address":null,"StateName":null,"Zip4":null,"MAK":null,"AddressType":null,"RBDI":null,"Results":null,"NoSuffix":""},{"Number":"","Street":"lowell","Suffix":"st","City":"","State":"","Zip":"01905","StreetName":"Lowell St","Address":null,"StateName":null,"Zip4":null,"MAK":null,"AddressType":null,"RBDI":null,"Results":null,"NoSuffix":""},{"Number":"","Street":"lowell street","Suffix":"ct","City":"","State":"","Zip":"01905","StreetName":"Lowell Street Ct","Address":null,"StateName":null,"Zip4":null,"MAK":null,"AddressType":null,"RBDI":null,"Results":null,"NoSuffix":""},{"Number":"","Street":"lynnway","Suffix":"","City":"","State":"","Zip":"01905","StreetName":"Lynnway","Address":null,"StateName":null,"Zip4":null,"MAK":null,"AddressType":null,"RBDI":null,"Results":null,"NoSuffix":"t"},{"Number":"","Street":"magner","Suffix":"rd","City":"","State":"","Zip":"01905","StreetName":"Magner Rd","Address":null,"StateName":null,"Zip4":null,"MAK":null,"AddressType":null,"RBDI":null,"Results":null,"NoSuffix":""},{"Number":"","Street":"mall","Suffix":"st","City":"","State":"","Zip":"01905","StreetName":"Mall St","Address":null,"StateName":null,"Zip4":null,"MAK":null,"AddressType":null,"RBDI":null,"Results":null,"NoSuffix":""},{"Number":"","Street":"margin","Suffix":"st","City":"","State":"","Zip":"01905","StreetName":"Margin St","Address":null,"StateName":null,"Zip4":null,"MAK":null,"AddressType":null,"RBDI":null,"Results":null,"NoSuffix":""},{"Number":"","Street":"marine","Suffix":"blvd","City":"","State":"","Zip":"01905","StreetName":"Marine Blvd","Address":null,"StateName":null,"Zip4":null,"MAK":null,"AddressType":null,"RBDI":null,"Results":null,"NoSuffix":""},{"Number":"","Street":"marion","Suffix":"st","City":"","State":"","Zip":"01905","StreetName":"Marion St","Address":null,"StateName":null,"Zip4":null,"MAK":null,"AddressType":null,"RBDI":null,"Results":null,"NoSuffix":""},{"Number":"","Street":"market","Suffix":"sq","City":"","State":"","Zip":"01905","StreetName":"Market Sq","Address":null,"StateName":null,"Zip4":null,"MAK":null,"AddressType":null,"RBDI":null,"Results":null,"NoSuffix":""},{"Number":"","Street":"marsh view","Suffix":"rd","City":"","State":"","Zip":"01905","StreetName":"Marsh View Rd","Address":null,"StateName":null,"Zip4":null,"MAK":null,"AddressType":null,"RBDI":null,"Results":null,"NoSuffix":""},{"Number":"","Street":"mcdonough","Suffix":"sq","City":"","State":"","Zip":"01905","StreetName":"Mcdonough Sq","Address":null,"StateName":null,"Zip4":null,"MAK":null,"AddressType":null,"RBDI":null,"Results":null,"NoSuffix":""},{"Number":"","Street":"meadow brook","Suffix":"rd","City":"","State":"","Zip":"01905","StreetName":"Meadow Brook Rd","Address":null,"StateName":null,"Zip4":null,"MAK":null,"AddressType":null,"RBDI":null,"Results":null,"NoSuffix":""},{"Number":"","Street":"menlo","Suffix":"ave","City":"","State":"","Zip":"01905","StreetName":"Menlo Ave","Address":null,"StateName":null,"Zip4":null,"MAK":null,"AddressType":null,"RBDI":null,"Results":null,"NoSuffix":""},{"Number":"","Street":"menlo","Suffix":"ter","City":"","State":"","Zip":"01905","StreetName":"Menlo Ter","Address":null,"StateName":null,"Zip4":null,"MAK":null,"AddressType":null,"RBDI":null,"Results":null,"NoSuffix":""},{"Number":"","Street":"mildred","Suffix":"st","City":"","State":"","Zip":"01905","StreetName":"Mildred St","Address":null,"StateName":null,"Zip4":null,"MAK":null,"AddressType":null,"RBDI":null,"Results":null,"NoSuffix":""},{"Number":"","Street":"minot","Suffix":"st","City":"","State":"","Zip":"01905","StreetName":"Minot St","Address":null,"StateName":null,"Zip4":null,"MAK":null,"AddressType":null,"RBDI":null,"Results":null,"NoSuffix":""},{"Number":"","Street":"moffett","Suffix":"rd","City":"","State":"","Zip":"01905","StreetName":"Moffett Rd","Address":null,"StateName":null,"Zip4":null,"MAK":null,"AddressType":null,"RBDI":null,"Results":null,"NoSuffix":""},{"Number":"","Street":"morris","Suffix":"st","City":"","State":"","Zip":"01905","StreetName":"Morris St","Address":null,"StateName":null,"Zip4":null,"MAK":null,"AddressType":null,"RBDI":null,"Results":null,"NoSuffix":""},{"Number":"","Street":"moulton","Suffix":"st","City":"","State":"","Zip":"01905","StreetName":"Moulton St","Address":null,"StateName":null,"Zip4":null,"MAK":null,"AddressType":null,"RBDI":null,"Results":null,"NoSuffix":""},{"Number":"","Street":"murphy","Suffix":"ave","City":"","State":"","Zip":"01905","StreetName":"Murphy Ave","Address":null,"StateName":null,"Zip4":null,"MAK":null,"AddressType":null,"RBDI":null,"Results":null,"NoSuffix":""},{"Number":"","Street":"murray","Suffix":"st","City":"","State":"","Zip":"01905","StreetName":"Murray St","Address":null,"StateName":null,"Zip4":null,"MAK":null,"AddressType":null,"RBDI":null,"Results":null,"NoSuffix":""},{"Number":"","Street":"myrtle","Suffix":"st","City":"","State":"","Zip":"01905","StreetName":"Myrtle St","Address":null,"StateName":null,"Zip4":null,"MAK":null,"AddressType":null,"RBDI":null,"Results":null,"NoSuffix":""},{"Number":"","Street":"nash","Suffix":"ter","City":"","State":"","Zip":"01905","StreetName":"Nash Ter","Address":null,"StateName":null,"Zip4":null,"MAK":null,"AddressType":null,"RBDI":null,"Results":null,"NoSuffix":""},{"Number":"","Street":"needhams landing","Suffix":"rd","City":"","State":"","Zip":"01905","StreetName":"Needhams Landing Rd","Address":null,"StateName":null,"Zip4":null,"MAK":null,"AddressType":null,"RBDI":null,"Results":null,"NoSuffix":""},{"Number":"","Street":"nelson","Suffix":"st","City":"","State":"","Zip":"01905","StreetName":"Nelson St","Address":null,"StateName":null,"Zip4":null,"MAK":null,"AddressType":null,"RBDI":null,"Results":null,"NoSuffix":""},{"Number":"","Street":"neptune","Suffix":"blvd","City":"","State":"","Zip":"01905","StreetName":"Neptune Blvd","Address":null,"StateName":null,"Zip4":null,"MAK":null,"AddressType":null,"RBDI":null,"Results":null,"NoSuffix":""},{"Number":"","Street":"neptune","Suffix":"st","City":"","State":"","Zip":"01905","StreetName":"Neptune St","Address":null,"StateName":null,"Zip4":null,"MAK":null,"AddressType":null,"RBDI":null,"Results":null,"NoSuffix":""},{"Number":"","Street":"neptune street","Suffix":"ct","City":"","State":"","Zip":"01905","StreetName":"Neptune Street Ct","Address":null,"StateName":null,"Zip4":null,"MAK":null,"AddressType":null,"RBDI":null,"Results":null,"NoSuffix":""},{"Number":"","Street":"new park","Suffix":"st","City":"","State":"","Zip":"01905","StreetName":"New Park St","Address":null,"StateName":null,"Zip4":null,"MAK":null,"AddressType":null,"RBDI":null,"Results":null,"NoSuffix":""},{"Number":"","Street":"newcastle","Suffix":"ct","City":"","State":"","Zip":"01905","StreetName":"Newcastle Ct","Address":null,"StateName":null,"Zip4":null,"MAK":null,"AddressType":null,"RBDI":null,"Results":null,"NoSuffix":""},{"Number":"","Street":"newcastle","Suffix":"st","City":"","State":"","Zip":"01905","StreetName":"Newcastle St","Address":null,"StateName":null,"Zip4":null,"MAK":null,"AddressType":null,"RBDI":null,"Results":null,"NoSuffix":""},{"Number":"","Street":"newcomb","Suffix":"ave","City":"","State":"","Zip":"01905","StreetName":"Newcomb Ave","Address":null,"StateName":null,"Zip4":null,"MAK":null,"AddressType":null,"RBDI":null,"Results":null,"NoSuffix":""},{"Number":"","Street":"newton","Suffix":"ave","City":"","State":"","Zip":"01905","StreetName":"Newton Ave","Address":null,"StateName":null,"Zip4":null,"MAK":null,"AddressType":null,"RBDI":null,"Results":null,"NoSuffix":""},{"Number":"","Street":"nicholson","Suffix":"st","City":"","State":"","Zip":"01905","StreetName":"Nicholson St","Address":null,"StateName":null,"Zip4":null,"MAK":null,"AddressType":null,"RBDI":null,"Results":null,"NoSuffix":""},{"Number":"","Street":"northside","Suffix":"ave","City":"","State":"","Zip":"01905","StreetName":"Northside Ave","Address":null,"StateName":null,"Zip4":null,"MAK":null,"AddressType":null,"RBDI":null,"Results":null,"NoSuffix":""},{"Number":"","Street":"norton","Suffix":"st","City":"","State":"","Zip":"01905","StreetName":"Norton St","Address":null,"StateName":null,"Zip4":null,"MAK":null,"AddressType":null,"RBDI":null,"Results":null,"NoSuffix":""},{"Number":"","Street":"nottingham","Suffix":"ct","City":"","State":"","Zip":"01905","StreetName":"Nottingham Ct","Address":null,"StateName":null,"Zip4":null,"MAK":null,"AddressType":null,"RBDI":null,"Results":null,"NoSuffix":""},{"Number":"","Street":"oak","Suffix":"st","City":"","State":"","Zip":"01905","StreetName":"Oak St","Address":null,"StateName":null,"Zip4":null,"MAK":null,"AddressType":null,"RBDI":null,"Results":null,"NoSuffix":""},{"Number":"","Street":"oakland","Suffix":"ave","City":"","State":"","Zip":"01905","StreetName":"Oakland Ave","Address":null,"StateName":null,"Zip4":null,"MAK":null,"AddressType":null,"RBDI":null,"Results":null,"NoSuffix":""},{"Number":"","Street":"oakland","Suffix":"ter","City":"","State":"","Zip":"01905","StreetName":"Oakland Ter","Address":null,"StateName":null,"Zip4":null,"MAK":null,"AddressType":null,"RBDI":null,"Results":null,"NoSuffix":""},{"Number":"","Street":"oakville","Suffix":"st","City":"","State":"","Zip":"01905","StreetName":"Oakville St","Address":null,"StateName":null,"Zip4":null,"MAK":null,"AddressType":null,"RBDI":null,"Results":null,"NoSuffix":""},{"Number":"","Street":"ocallaghan","Suffix":"way","City":"","State":"","Zip":"01905","StreetName":"Ocallaghan Way","Address":null,"StateName":null,"Zip4":null,"MAK":null,"AddressType":null,"RBDI":null,"Results":null,"NoSuffix":""},{"Number":"","Street":"oleary","Suffix":"pl","City":"","State":"","Zip":"01905","StreetName":"Oleary Pl","Address":null,"StateName":null,"Zip4":null,"MAK":null,"AddressType":null,"RBDI":null,"Results":null,"NoSuffix":""},{"Number":"","Street":"ontario","Suffix":"st","City":"","State":"","Zip":"01905","StreetName":"Ontario St","Address":null,"StateName":null,"Zip4":null,"MAK":null,"AddressType":null,"RBDI":null,"Results":null,"NoSuffix":""},{"Number":"","Street":"orchard","Suffix":"st","City":"","State":"","Zip":"01905","StreetName":"Orchard St","Address":null,"StateName":null,"Zip4":null,"MAK":null,"AddressType":null,"RBDI":null,"Results":null,"NoSuffix":""},{"Number":"","Street":"osborne","Suffix":"st","City":"","State":"","Zip":"01905","StreetName":"Osborne St","Address":null,"StateName":null,"Zip4":null,"MAK":null,"AddressType":null,"RBDI":null,"Results":null,"NoSuffix":""},{"Number":"","Street":"park","Suffix":"st","City":"","State":"","Zip":"01905","StreetName":"Park St","Address":null,"StateName":null,"Zip4":null,"MAK":null,"AddressType":null,"RBDI":null,"Results":null,"NoSuffix":""},{"Number":"","Street":"parkland","Suffix":"ave","City":"","State":"","Zip":"01905","StreetName":"Parkland Ave","Address":null,"StateName":null,"Zip4":null,"MAK":null,"AddressType":null,"RBDI":null,"Results":null,"NoSuffix":""},{"Number":"","Street":"pennybrook","Suffix":"rd","City":"","State":"","Zip":"01905","StreetName":"Pennybrook Rd","Address":null,"StateName":null,"Zip4":null,"MAK":null,"AddressType":null,"RBDI":null,"Results":null,"NoSuffix":""},{"Number":"","Street":"perkins","Suffix":"st","City":"","State":"","Zip":"01905","StreetName":"Perkins St","Address":null,"StateName":null,"Zip4":null,"MAK":null,"AddressType":null,"RBDI":null,"Results":null,"NoSuffix":""},{"Number":"","Street":"perley","Suffix":"st","City":"","State":"","Zip":"01905","StreetName":"Perley St","Address":null,"StateName":null,"Zip4":null,"MAK":null,"AddressType":null,"RBDI":null,"Results":null,"NoSuffix":""},{"Number":"","Street":"philbrick","Suffix":"ct","City":"","State":"","Zip":"01905","StreetName":"Philbrick Ct","Address":null,"StateName":null,"Zip4":null,"MAK":null,"AddressType":null,"RBDI":null,"Results":null,"NoSuffix":""},{"Number":"","Street":"pine grove","Suffix":"ave","City":"","State":"","Zip":"01905","StreetName":"Pine Grove Ave","Address":null,"StateName":null,"Zip4":null,"MAK":null,"AddressType":null,"RBDI":null,"Results":null,"NoSuffix":""},{"Number":"","Street":"po box","Suffix":"","City":"","State":"","Zip":"01905","StreetName":"Po Box","Address":null,"StateName":null,"Zip4":null,"MAK":null,"AddressType":null,"RBDI":null,"Results":null,"NoSuffix":"t"},{"Number":"","Street":"poplar","Suffix":"st","City":"","State":"","Zip":"01905","StreetName":"Poplar St","Address":null,"StateName":null,"Zip4":null,"MAK":null,"AddressType":null,"RBDI":null,"Results":null,"NoSuffix":""},{"Number":"","Street":"preston","Suffix":"st","City":"","State":"","Zip":"01905","StreetName":"Preston St","Address":null,"StateName":null,"Zip4":null,"MAK":null,"AddressType":null,"RBDI":null,"Results":null,"NoSuffix":""},{"Number":"","Street":"princeton","Suffix":"ter","City":"","State":"","Zip":"01905","StreetName":"Princeton Ter","Address":null,"StateName":null,"Zip4":null,"MAK":null,"AddressType":null,"RBDI":null,"Results":null,"NoSuffix":""},{"Number":"","Street":"prudence","Suffix":"rd","City":"","State":"","Zip":"01905","StreetName":"Prudence Rd","Address":null,"StateName":null,"Zip4":null,"MAK":null,"AddressType":null,"RBDI":null,"Results":null,"NoSuffix":""},{"Number":"","Street":"purdon","Suffix":"ave","City":"","State":"","Zip":"01905","StreetName":"Purdon Ave","Address":null,"StateName":null,"Zip4":null,"MAK":null,"AddressType":null,"RBDI":null,"Results":null,"NoSuffix":""},{"Number":"","Street":"quebec","Suffix":"ct","City":"","State":"","Zip":"01905","StreetName":"Quebec Ct","Address":null,"StateName":null,"Zip4":null,"MAK":null,"AddressType":null,"RBDI":null,"Results":null,"NoSuffix":""},{"Number":"","Street":"raddin","Suffix":"st","City":"","State":"","Zip":"01905","StreetName":"Raddin St","Address":null,"StateName":null,"Zip4":null,"MAK":null,"AddressType":null,"RBDI":null,"Results":null,"NoSuffix":""},{"Number":"","Street":"raddin grove","Suffix":"ave","City":"","State":"","Zip":"01905","StreetName":"Raddin Grove Ave","Address":null,"StateName":null,"Zip4":null,"MAK":null,"AddressType":null,"RBDI":null,"Results":null,"NoSuffix":""},{"Number":"","Street":"ray","Suffix":"st","City":"","State":"","Zip":"01905","StreetName":"Ray St","Address":null,"StateName":null,"Zip4":null,"MAK":null,"AddressType":null,"RBDI":null,"Results":null,"NoSuffix":""},{"Number":"","Street":"reed","Suffix":"st","City":"","State":"","Zip":"01905","StreetName":"Reed St","Address":null,"StateName":null,"Zip4":null,"MAK":null,"AddressType":null,"RBDI":null,"Results":null,"NoSuffix":""},{"Number":"","Street":"regent","Suffix":"pl","City":"","State":"","Zip":"01905","StreetName":"Regent Pl","Address":null,"StateName":null,"Zip4":null,"MAK":null,"AddressType":null,"RBDI":null,"Results":null,"NoSuffix":""},{"Number":"","Street":"reservoir","Suffix":"rd","City":"","State":"","Zip":"01905","StreetName":"Reservoir Rd","Address":null,"StateName":null,"Zip4":null,"MAK":null,"AddressType":null,"RBDI":null,"Results":null,"NoSuffix":""},{"Number":"","Street":"revere","Suffix":"ave","City":"","State":"","Zip":"01905","StreetName":"Revere Ave","Address":null,"StateName":null,"Zip4":null,"MAK":null,"AddressType":null,"RBDI":null,"Results":null,"NoSuffix":""},{"Number":"","Street":"richard","Suffix":"st","City":"","State":"","Zip":"01905","StreetName":"Richard St","Address":null,"StateName":null,"Zip4":null,"MAK":null,"AddressType":null,"RBDI":null,"Results":null,"NoSuffix":""},{"Number":"","Street":"ridge","Suffix":"ave","City":"","State":"","Zip":"01905","StreetName":"Ridge Ave","Address":null,"StateName":null,"Zip4":null,"MAK":null,"AddressType":null,"RBDI":null,"Results":null,"NoSuffix":""},{"Number":"","Street":"riley","Suffix":"way","City":"","State":"","Zip":"01905","StreetName":"Riley Way","Address":null,"StateName":null,"Zip4":null,"MAK":null,"AddressType":null,"RBDI":null,"Results":null,"NoSuffix":""},{"Number":"","Street":"river","Suffix":"st","City":"","State":"","Zip":"01905","StreetName":"River St","Address":null,"StateName":null,"Zip4":null,"MAK":null,"AddressType":null,"RBDI":null,"Results":null,"NoSuffix":""},{"Number":"","Street":"river street","Suffix":"","City":"","State":"","Zip":"01905","StreetName":"River Street","Address":null,"StateName":null,"Zip4":null,"MAK":null,"AddressType":null,"RBDI":null,"Results":null,"NoSuffix":"t"},{"Number":"","Street":"river street","Suffix":"ct","City":"","State":"","Zip":"01905","StreetName":"River Street Ct","Address":null,"StateName":null,"Zip4":null,"MAK":null,"AddressType":null,"RBDI":null,"Results":null,"NoSuffix":""},{"Number":"","Street":"river street","Suffix":"pl","City":"","State":"","Zip":"01905","StreetName":"River Street Pl","Address":null,"StateName":null,"Zip4":null,"MAK":null,"AddressType":null,"RBDI":null,"Results":null,"NoSuffix":""},{"Number":"","Street":"robinson","Suffix":"st","City":"","State":"","Zip":"01905","StreetName":"Robinson St","Address":null,"StateName":null,"Zip4":null,"MAK":null,"AddressType":null,"RBDI":null,"Results":null,"NoSuffix":""},{"Number":"","Street":"rockmere","Suffix":"gdns","City":"","State":"","Zip":"01905","StreetName":"Rockmere Gdns","Address":null,"StateName":null,"Zip4":null,"MAK":null,"AddressType":null,"RBDI":null,"Results":null,"NoSuffix":""},{"Number":"","Street":"rollin","Suffix":"ave","City":"","State":"","Zip":"01905","StreetName":"Rollin Ave","Address":null,"StateName":null,"Zip4":null,"MAK":null,"AddressType":null,"RBDI":null,"Results":null,"NoSuffix":""},{"Number":"","Street":"rollin","Suffix":"ter","City":"","State":"","Zip":"01905","StreetName":"Rollin Ter","Address":null,"StateName":null,"Zip4":null,"MAK":null,"AddressType":null,"RBDI":null,"Results":null,"NoSuffix":""},{"Number":"","Street":"rosalind","Suffix":"ter","City":"","State":"","Zip":"01905","StreetName":"Rosalind Ter","Address":null,"StateName":null,"Zip4":null,"MAK":null,"AddressType":null,"RBDI":null,"Results":null,"NoSuffix":""},{"Number":"","Street":"roy","Suffix":"ter","City":"","State":"","Zip":"01905","StreetName":"Roy Ter","Address":null,"StateName":null,"Zip4":null,"MAK":null,"AddressType":null,"RBDI":null,"Results":null,"NoSuffix":""},{"Number":"","Street":"sadler","Suffix":"st","City":"","State":"","Zip":"01905","StreetName":"Sadler St","Address":null,"StateName":null,"Zip4":null,"MAK":null,"AddressType":null,"RBDI":null,"Results":null,"NoSuffix":""},{"Number":"","Street":"safford","Suffix":"rd","City":"","State":"","Zip":"01905","StreetName":"Safford Rd","Address":null,"StateName":null,"Zip4":null,"MAK":null,"AddressType":null,"RBDI":null,"Results":null,"NoSuffix":""},{"Number":"","Street":"safford","Suffix":"st","City":"","State":"","Zip":"01905","StreetName":"Safford St","Address":null,"StateName":null,"Zip4":null,"MAK":null,"AddressType":null,"RBDI":null,"Results":null,"NoSuffix":""},{"Number":"","Street":"salem","Suffix":"st","City":"","State":"","Zip":"01905","StreetName":"Salem St","Address":null,"StateName":null,"Zip4":null,"MAK":null,"AddressType":null,"RBDI":null,"Results":null,"NoSuffix":""},{"Number":"","Street":"sargents","Suffix":"ct","City":"","State":"","Zip":"01905","StreetName":"Sargents Ct","Address":null,"StateName":null,"Zip4":null,"MAK":null,"AddressType":null,"RBDI":null,"Results":null,"NoSuffix":""},{"Number":"","Street":"shady","Suffix":"ln","City":"","State":"","Zip":"01905","StreetName":"Shady Ln","Address":null,"StateName":null,"Zip4":null,"MAK":null,"AddressType":null,"RBDI":null,"Results":null,"NoSuffix":""},{"Number":"","Street":"shillington","Suffix":"ave","City":"","State":"","Zip":"01905","StreetName":"Shillington Ave","Address":null,"StateName":null,"Zip4":null,"MAK":null,"AddressType":null,"RBDI":null,"Results":null,"NoSuffix":""},{"Number":"","Street":"short","Suffix":"rd","City":"","State":"","Zip":"01905","StreetName":"Short Rd","Address":null,"StateName":null,"Zip4":null,"MAK":null,"AddressType":null,"RBDI":null,"Results":null,"NoSuffix":""},{"Number":"","Street":"sigourney","Suffix":"st","City":"","State":"","Zip":"01905","StreetName":"Sigourney St","Address":null,"StateName":null,"Zip4":null,"MAK":null,"AddressType":null,"RBDI":null,"Results":null,"NoSuffix":""},{"Number":"","Street":"south","Suffix":"st","City":"","State":"","Zip":"01905","StreetName":"South St","Address":null,"StateName":null,"Zip4":null,"MAK":null,"AddressType":null,"RBDI":null,"Results":null,"NoSuffix":""},{"Number":"","Street":"southside","Suffix":"ave","City":"","State":"","Zip":"01905","StreetName":"Southside Ave","Address":null,"StateName":null,"Zip4":null,"MAK":null,"AddressType":null,"RBDI":null,"Results":null,"NoSuffix":""},{"Number":"","Street":"sparhawk","Suffix":"rd","City":"","State":"","Zip":"01905","StreetName":"Sparhawk Rd","Address":null,"StateName":null,"Zip4":null,"MAK":null,"AddressType":null,"RBDI":null,"Results":null,"NoSuffix":""},{"Number":"","Street":"spencer","Suffix":"st","City":"","State":"","Zip":"01905","StreetName":"Spencer St","Address":null,"StateName":null,"Zip4":null,"MAK":null,"AddressType":null,"RBDI":null,"Results":null,"NoSuffix":""},{"Number":"","Street":"spruce","Suffix":"st","City":"","State":"","Zip":"01905","StreetName":"Spruce St","Address":null,"StateName":null,"Zip4":null,"MAK":null,"AddressType":null,"RBDI":null,"Results":null,"NoSuffix":""},{"Number":"","Street":"stangus","Suffix":"rd","City":"","State":"","Zip":"01905","StreetName":"Stangus Rd","Address":null,"StateName":null,"Zip4":null,"MAK":null,"AddressType":null,"RBDI":null,"Results":null,"NoSuffix":""},{"Number":"","Street":"stanley","Suffix":"ter","City":"","State":"","Zip":"01905","StreetName":"Stanley Ter","Address":null,"StateName":null,"Zip4":null,"MAK":null,"AddressType":null,"RBDI":null,"Results":null,"NoSuffix":""},{"Number":"","Street":"starrett","Suffix":"rd","City":"","State":"","Zip":"01905","StreetName":"Starrett Rd","Address":null,"StateName":null,"Zip4":null,"MAK":null,"AddressType":null,"RBDI":null,"Results":null,"NoSuffix":""},{"Number":"","Street":"sterling","Suffix":"st","City":"","State":"","Zip":"01905","StreetName":"Sterling St","Address":null,"StateName":null,"Zip4":null,"MAK":null,"AddressType":null,"RBDI":null,"Results":null,"NoSuffix":""},{"Number":"","Street":"sterling","Suffix":"way","City":"","State":"","Zip":"01905","StreetName":"Sterling Way","Address":null,"StateName":null,"Zip4":null,"MAK":null,"AddressType":null,"RBDI":null,"Results":null,"NoSuffix":""},{"Number":"","Street":"stiles","Suffix":"st","City":"","State":"","Zip":"01905","StreetName":"Stiles St","Address":null,"StateName":null,"Zip4":null,"MAK":null,"AddressType":null,"RBDI":null,"Results":null,"NoSuffix":""},{"Number":"","Street":"strafford","Suffix":"pl","City":"","State":"","Zip":"01905","StreetName":"Strafford Pl","Address":null,"StateName":null,"Zip4":null,"MAK":null,"AddressType":null,"RBDI":null,"Results":null,"NoSuffix":""},{"Number":"","Street":"street","Suffix":"ct","City":"","State":"","Zip":"01905","StreetName":"Street Ct","Address":null,"StateName":null,"Zip4":null,"MAK":null,"AddressType":null,"RBDI":null,"Results":null,"NoSuffix":""},{"Number":"","Street":"street","Suffix":"pl","City":"","State":"","Zip":"01905","StreetName":"Street Pl","Address":null,"StateName":null,"Zip4":null,"MAK":null,"AddressType":null,"RBDI":null,"Results":null,"NoSuffix":""},{"Number":"","Street":"street","Suffix":"ter","City":"","State":"","Zip":"01905","StreetName":"Street Ter","Address":null,"StateName":null,"Zip4":null,"MAK":null,"AddressType":null,"RBDI":null,"Results":null,"NoSuffix":""},{"Number":"","Street":"summer","Suffix":"st","City":"","State":"","Zip":"01905","StreetName":"Summer St","Address":null,"StateName":null,"Zip4":null,"MAK":null,"AddressType":null,"RBDI":null,"Results":null,"NoSuffix":""},{"Number":"","Street":"summer street","Suffix":"pl","City":"","State":"","Zip":"01905","StreetName":"Summer Street Pl","Address":null,"StateName":null,"Zip4":null,"MAK":null,"AddressType":null,"RBDI":null,"Results":null,"NoSuffix":""},{"Number":"","Street":"summerset","Suffix":"ct","City":"","State":"","Zip":"01905","StreetName":"Summerset Ct","Address":null,"StateName":null,"Zip4":null,"MAK":null,"AddressType":null,"RBDI":null,"Results":null,"NoSuffix":""},{"Number":"","Street":"sunnyside","Suffix":"rd","City":"","State":"","Zip":"01905","StreetName":"Sunnyside Rd","Address":null,"StateName":null,"Zip4":null,"MAK":null,"AddressType":null,"RBDI":null,"Results":null,"NoSuffix":""},{"Number":"","Street":"tacoma","Suffix":"st","City":"","State":"","Zip":"01905","StreetName":"Tacoma St","Address":null,"StateName":null,"Zip4":null,"MAK":null,"AddressType":null,"RBDI":null,"Results":null,"NoSuffix":""},{"Number":"","Street":"temple","Suffix":"pl","City":"","State":"","Zip":"01905","StreetName":"Temple Pl","Address":null,"StateName":null,"Zip4":null,"MAK":null,"AddressType":null,"RBDI":null,"Results":null,"NoSuffix":""},{"Number":"","Street":"thistle","Suffix":"st","City":"","State":"","Zip":"01905","StreetName":"Thistle St","Address":null,"StateName":null,"Zip4":null,"MAK":null,"AddressType":null,"RBDI":null,"Results":null,"NoSuffix":""},{"Number":"","Street":"thorpe","Suffix":"rd","City":"","State":"","Zip":"01905","StreetName":"Thorpe Rd","Address":null,"StateName":null,"Zip4":null,"MAK":null,"AddressType":null,"RBDI":null,"Results":null,"NoSuffix":""},{"Number":"","Street":"tontoquon","Suffix":"ave","City":"","State":"","Zip":"01905","StreetName":"Tontoquon Ave","Address":null,"StateName":null,"Zip4":null,"MAK":null,"AddressType":null,"RBDI":null,"Results":null,"NoSuffix":""},{"Number":"","Street":"tower","Suffix":"ave","City":"","State":"","Zip":"01905","StreetName":"Tower Ave","Address":null,"StateName":null,"Zip4":null,"MAK":null,"AddressType":null,"RBDI":null,"Results":null,"NoSuffix":""},{"Number":"","Street":"tower hill","Suffix":"cir","City":"","State":"","Zip":"01905","StreetName":"Tower Hill Cir","Address":null,"StateName":null,"Zip4":null,"MAK":null,"AddressType":null,"RBDI":null,"Results":null,"NoSuffix":""},{"Number":"","Street":"tranfaglia","Suffix":"ave","City":"","State":"","Zip":"01905","StreetName":"Tranfaglia Ave","Address":null,"StateName":null,"Zip4":null,"MAK":null,"AddressType":null,"RBDI":null,"Results":null,"NoSuffix":""},{"Number":"","Street":"tranfaglia","Suffix":"rd","City":"","State":"","Zip":"01905","StreetName":"Tranfaglia Rd","Address":null,"StateName":null,"Zip4":null,"MAK":null,"AddressType":null,"RBDI":null,"Results":null,"NoSuffix":""},{"Number":"","Street":"varney","Suffix":"ter","City":"","State":"","Zip":"01905","StreetName":"Varney Ter","Address":null,"StateName":null,"Zip4":null,"MAK":null,"AddressType":null,"RBDI":null,"Results":null,"NoSuffix":""},{"Number":"","Street":"varnum","Suffix":"ct","City":"","State":"","Zip":"01905","StreetName":"Varnum Ct","Address":null,"StateName":null,"Zip4":null,"MAK":null,"AddressType":null,"RBDI":null,"Results":null,"NoSuffix":""},{"Number":"","Street":"varnum","Suffix":"st","City":"","State":"","Zip":"01905","StreetName":"Varnum St","Address":null,"StateName":null,"Zip4":null,"MAK":null,"AddressType":null,"RBDI":null,"Results":null,"NoSuffix":""},{"Number":"","Street":"vine","Suffix":"st","City":"","State":"","Zip":"01905","StreetName":"Vine St","Address":null,"StateName":null,"Zip4":null,"MAK":null,"AddressType":null,"RBDI":null,"Results":null,"NoSuffix":""},{"Number":"","Street":"walden","Suffix":"pl","City":"","State":"","Zip":"01905","StreetName":"Walden Pl","Address":null,"StateName":null,"Zip4":null,"MAK":null,"AddressType":null,"RBDI":null,"Results":null,"NoSuffix":""},{"Number":"","Street":"walden","Suffix":"st","City":"","State":"","Zip":"01905","StreetName":"Walden St","Address":null,"StateName":null,"Zip4":null,"MAK":null,"AddressType":null,"RBDI":null,"Results":null,"NoSuffix":""},{"Number":"","Street":"walnut","Suffix":"park","City":"","State":"","Zip":"01905","StreetName":"Walnut Park","Address":null,"StateName":null,"Zip4":null,"MAK":null,"AddressType":null,"RBDI":null,"Results":null,"NoSuffix":""},{"Number":"","Street":"walnut","Suffix":"st","City":"","State":"","Zip":"01905","StreetName":"Walnut St","Address":null,"StateName":null,"Zip4":null,"MAK":null,"AddressType":null,"RBDI":null,"Results":null,"NoSuffix":""},{"Number":"","Street":"walnut","Suffix":"way","City":"","State":"","Zip":"01905","StreetName":"Walnut Way","Address":null,"StateName":null,"Zip4":null,"MAK":null,"AddressType":null,"RBDI":null,"Results":null,"NoSuffix":""},{"Number":"","Street":"warren","Suffix":"st","City":"","State":"","Zip":"01905","StreetName":"Warren St","Address":null,"StateName":null,"Zip4":null,"MAK":null,"AddressType":null,"RBDI":null,"Results":null,"NoSuffix":""},{"Number":"","Street":"washington","Suffix":"ave","City":"","State":"","Zip":"01905","StreetName":"Washington Ave","Address":null,"StateName":null,"Zip4":null,"MAK":null,"AddressType":null,"RBDI":null,"Results":null,"NoSuffix":""},{"Number":"","Street":"waterford","Suffix":"st","City":"","State":"","Zip":"01905","StreetName":"Waterford St","Address":null,"StateName":null,"Zip4":null,"MAK":null,"AddressType":null,"RBDI":null,"Results":null,"NoSuffix":""},{"Number":"","Street":"waterhill","Suffix":"st","City":"","State":"","Zip":"01905","StreetName":"Waterhill St","Address":null,"StateName":null,"Zip4":null,"MAK":null,"AddressType":null,"RBDI":null,"Results":null,"NoSuffix":""},{"Number":"","Street":"webbacowitt","Suffix":"ave","City":"","State":"","Zip":"01905","StreetName":"Webbacowitt Ave","Address":null,"StateName":null,"Zip4":null,"MAK":null,"AddressType":null,"RBDI":null,"Results":null,"NoSuffix":""},{"Number":"","Street":"western","Suffix":"ave","City":"","State":"","Zip":"01905","StreetName":"Western Ave","Address":null,"StateName":null,"Zip4":null,"MAK":null,"AddressType":null,"RBDI":null,"Results":null,"NoSuffix":""},{"Number":"","Street":"wilfred","Suffix":"st","City":"","State":"","Zip":"01905","StreetName":"Wilfred St","Address":null,"StateName":null,"Zip4":null,"MAK":null,"AddressType":null,"RBDI":null,"Results":null,"NoSuffix":""},{"Number":"","Street":"willis","Suffix":"ct","City":"","State":"","Zip":"01905","StreetName":"Willis Ct","Address":null,"StateName":null,"Zip4":null,"MAK":null,"AddressType":null,"RBDI":null,"Results":null,"NoSuffix":""},{"Number":"","Street":"winnepurkit","Suffix":"ave","City":"","State":"","Zip":"01905","StreetName":"Winnepurkit Ave","Address":null,"StateName":null,"Zip4":null,"MAK":null,"AddressType":null,"RBDI":null,"Results":null,"NoSuffix":""},{"Number":"","Street":"witt","Suffix":"st","City":"","State":"","Zip":"01905","StreetName":"Witt St","Address":null,"StateName":null,"Zip4":null,"MAK":null,"AddressType":null,"RBDI":null,"Results":null,"NoSuffix":""},{"Number":"","Street":"woodbine","Suffix":"st","City":"","State":"","Zip":"01905","StreetName":"Woodbine St","Address":null,"StateName":null,"Zip4":null,"MAK":null,"AddressType":null,"RBDI":null,"Results":null,"NoSuffix":""},{"Number":"","Street":"woodbury","Suffix":"ave","City":"","State":"","Zip":"01905","StreetName":"Woodbury Ave","Address":null,"StateName":null,"Zip4":null,"MAK":null,"AddressType":null,"RBDI":null,"Results":null,"NoSuffix":""},{"Number":"","Street":"woodman","Suffix":"st","City":"","State":"","Zip":"01905","StreetName":"Woodman St","Address":null,"StateName":null,"Zip4":null,"MAK":null,"AddressType":null,"RBDI":null,"Results":null,"NoSuffix":""},{"Number":"","Street":"woodside","Suffix":"ter","City":"","State":"","Zip":"01905","StreetName":"Woodside Ter","Address":null,"StateName":null,"Zip4":null,"MAK":null,"AddressType":null,"RBDI":null,"Results":null,"NoSuffix":""},{"Number":"","Street":"wright","Suffix":"st","City":"","State":"","Zip":"01905","StreetName":"Wright St","Address":null,"StateName":null,"Zip4":null,"MAK":null,"AddressType":null,"RBDI":null,"Results":null,"NoSuffix":""},{"Number":"","Street":"wyman","Suffix":"st","City":"","State":"","Zip":"01905","StreetName":"Wyman St","Address":null,"StateName":null,"Zip4":null,"MAK":null,"AddressType":null,"RBDI":null,"Results":null,"NoSuffix":""}]