[{"Number":"","Street":"10th","Suffix":"st","City":"","State":"","Zip":"01952","StreetName":"10Th St","Address":null,"StateName":null,"Zip4":null,"MAK":null,"AddressType":null,"RBDI":null,"Results":null,"NoSuffix":""},{"Number":"","Street":"11th","Suffix":"st","City":"","State":"","Zip":"01952","StreetName":"11Th St","Address":null,"StateName":null,"Zip4":null,"MAK":null,"AddressType":null,"RBDI":null,"Results":null,"NoSuffix":""},{"Number":"","Street":"12th","Suffix":"st","City":"","State":"","Zip":"01952","StreetName":"12Th St","Address":null,"StateName":null,"Zip4":null,"MAK":null,"AddressType":null,"RBDI":null,"Results":null,"NoSuffix":""},{"Number":"","Street":"16th","Suffix":"st","City":"","State":"","Zip":"01952","StreetName":"16Th St","Address":null,"StateName":null,"Zip4":null,"MAK":null,"AddressType":null,"RBDI":null,"Results":null,"NoSuffix":""},{"Number":"","Street":"17th","Suffix":"st","City":"","State":"","Zip":"01952","StreetName":"17Th St","Address":null,"StateName":null,"Zip4":null,"MAK":null,"AddressType":null,"RBDI":null,"Results":null,"NoSuffix":""},{"Number":"","Street":"18th","Suffix":"st","City":"","State":"","Zip":"01952","StreetName":"18Th St","Address":null,"StateName":null,"Zip4":null,"MAK":null,"AddressType":null,"RBDI":null,"Results":null,"NoSuffix":""},{"Number":"","Street":"1st","Suffix":"st","City":"","State":"","Zip":"01952","StreetName":"1St St","Address":null,"StateName":null,"Zip4":null,"MAK":null,"AddressType":null,"RBDI":null,"Results":null,"NoSuffix":""},{"Number":"","Street":"2nd","Suffix":"st","City":"","State":"","Zip":"01952","StreetName":"2Nd St","Address":null,"StateName":null,"Zip4":null,"MAK":null,"AddressType":null,"RBDI":null,"Results":null,"NoSuffix":""},{"Number":"","Street":"3rd","Suffix":"st","City":"","State":"","Zip":"01952","StreetName":"3Rd St","Address":null,"StateName":null,"Zip4":null,"MAK":null,"AddressType":null,"RBDI":null,"Results":null,"NoSuffix":""},{"Number":"","Street":"4th","Suffix":"st","City":"","State":"","Zip":"01952","StreetName":"4Th St","Address":null,"StateName":null,"Zip4":null,"MAK":null,"AddressType":null,"RBDI":null,"Results":null,"NoSuffix":""},{"Number":"","Street":"5th","Suffix":"st","City":"","State":"","Zip":"01952","StreetName":"5Th St","Address":null,"StateName":null,"Zip4":null,"MAK":null,"AddressType":null,"RBDI":null,"Results":null,"NoSuffix":""},{"Number":"","Street":"6th","Suffix":"st","City":"","State":"","Zip":"01952","StreetName":"6Th St","Address":null,"StateName":null,"Zip4":null,"MAK":null,"AddressType":null,"RBDI":null,"Results":null,"NoSuffix":""},{"Number":"","Street":"7th","Suffix":"st","City":"","State":"","Zip":"01952","StreetName":"7Th St","Address":null,"StateName":null,"Zip4":null,"MAK":null,"AddressType":null,"RBDI":null,"Results":null,"NoSuffix":""},{"Number":"","Street":"9th","Suffix":"st","City":"","State":"","Zip":"01952","StreetName":"9Th St","Address":null,"StateName":null,"Zip4":null,"MAK":null,"AddressType":null,"RBDI":null,"Results":null,"NoSuffix":""},{"Number":"","Street":"adams","Suffix":"st","City":"","State":"","Zip":"01952","StreetName":"Adams St","Address":null,"StateName":null,"Zip4":null,"MAK":null,"AddressType":null,"RBDI":null,"Results":null,"NoSuffix":""},{"Number":"","Street":"allen","Suffix":"dr","City":"","State":"","Zip":"01952","StreetName":"Allen Dr","Address":null,"StateName":null,"Zip4":null,"MAK":null,"AddressType":null,"RBDI":null,"Results":null,"NoSuffix":""},{"Number":"","Street":"atlantic","Suffix":"ave","City":"","State":"","Zip":"01952","StreetName":"Atlantic Ave","Address":null,"StateName":null,"Zip4":null,"MAK":null,"AddressType":null,"RBDI":null,"Results":null,"NoSuffix":""},{"Number":"","Street":"baker","Suffix":"rd","City":"","State":"","Zip":"01952","StreetName":"Baker Rd","Address":null,"StateName":null,"Zip4":null,"MAK":null,"AddressType":null,"RBDI":null,"Results":null,"NoSuffix":""},{"Number":"","Street":"bartlett","Suffix":"st","City":"","State":"","Zip":"01952","StreetName":"Bartlett St","Address":null,"StateName":null,"Zip4":null,"MAK":null,"AddressType":null,"RBDI":null,"Results":null,"NoSuffix":""},{"Number":"","Street":"bayberry","Suffix":"ln","City":"","State":"","Zip":"01952","StreetName":"Bayberry Ln","Address":null,"StateName":null,"Zip4":null,"MAK":null,"AddressType":null,"RBDI":null,"Results":null,"NoSuffix":""},{"Number":"","Street":"beach","Suffix":"rd","City":"","State":"","Zip":"01952","StreetName":"Beach Rd","Address":null,"StateName":null,"Zip4":null,"MAK":null,"AddressType":null,"RBDI":null,"Results":null,"NoSuffix":""},{"Number":"","Street":"black snake","Suffix":"rd","City":"","State":"","Zip":"01952","StreetName":"Black Snake Rd","Address":null,"StateName":null,"Zip4":null,"MAK":null,"AddressType":null,"RBDI":null,"Results":null,"NoSuffix":""},{"Number":"","Street":"blackwater","Suffix":"ln","City":"","State":"","Zip":"01952","StreetName":"Blackwater Ln","Address":null,"StateName":null,"Zip4":null,"MAK":null,"AddressType":null,"RBDI":null,"Results":null,"NoSuffix":""},{"Number":"","Street":"bridge","Suffix":"rd","City":"","State":"","Zip":"01952","StreetName":"Bridge Rd","Address":null,"StateName":null,"Zip4":null,"MAK":null,"AddressType":null,"RBDI":null,"Results":null,"NoSuffix":""},{"Number":"","Street":"brisette","Suffix":"ave","City":"","State":"","Zip":"01952","StreetName":"Brisette Ave","Address":null,"StateName":null,"Zip4":null,"MAK":null,"AddressType":null,"RBDI":null,"Results":null,"NoSuffix":""},{"Number":"","Street":"broadway","Suffix":"","City":"","State":"","Zip":"01952","StreetName":"Broadway","Address":null,"StateName":null,"Zip4":null,"MAK":null,"AddressType":null,"RBDI":null,"Results":null,"NoSuffix":"t"},{"Number":"","Street":"brooks","Suffix":"rd","City":"","State":"","Zip":"01952","StreetName":"Brooks Rd","Address":null,"StateName":null,"Zip4":null,"MAK":null,"AddressType":null,"RBDI":null,"Results":null,"NoSuffix":""},{"Number":"","Street":"cable","Suffix":"ave","City":"","State":"","Zip":"01952","StreetName":"Cable Ave","Address":null,"StateName":null,"Zip4":null,"MAK":null,"AddressType":null,"RBDI":null,"Results":null,"NoSuffix":""},{"Number":"","Street":"caitlin","Suffix":"cir","City":"","State":"","Zip":"01952","StreetName":"Caitlin Cir","Address":null,"StateName":null,"Zip4":null,"MAK":null,"AddressType":null,"RBDI":null,"Results":null,"NoSuffix":""},{"Number":"","Street":"cardinal","Suffix":"way","City":"","State":"","Zip":"01952","StreetName":"Cardinal Way","Address":null,"StateName":null,"Zip4":null,"MAK":null,"AddressType":null,"RBDI":null,"Results":null,"NoSuffix":""},{"Number":"","Street":"caroline","Suffix":"dr","City":"","State":"","Zip":"01952","StreetName":"Caroline Dr","Address":null,"StateName":null,"Zip4":null,"MAK":null,"AddressType":null,"RBDI":null,"Results":null,"NoSuffix":""},{"Number":"","Street":"carter","Suffix":"ave","City":"","State":"","Zip":"01952","StreetName":"Carter Ave","Address":null,"StateName":null,"Zip4":null,"MAK":null,"AddressType":null,"RBDI":null,"Results":null,"NoSuffix":""},{"Number":"","Street":"catherine","Suffix":"way","City":"","State":"","Zip":"01952","StreetName":"Catherine Way","Address":null,"StateName":null,"Zip4":null,"MAK":null,"AddressType":null,"RBDI":null,"Results":null,"NoSuffix":""},{"Number":"","Street":"ccc","Suffix":"rd","City":"","State":"","Zip":"01952","StreetName":"Ccc Rd","Address":null,"StateName":null,"Zip4":null,"MAK":null,"AddressType":null,"RBDI":null,"Results":null,"NoSuffix":""},{"Number":"","Street":"central","Suffix":"ave","City":"","State":"","Zip":"01952","StreetName":"Central Ave","Address":null,"StateName":null,"Zip4":null,"MAK":null,"AddressType":null,"RBDI":null,"Results":null,"NoSuffix":""},{"Number":"","Street":"collins","Suffix":"st","City":"","State":"","Zip":"01952","StreetName":"Collins St","Address":null,"StateName":null,"Zip4":null,"MAK":null,"AddressType":null,"RBDI":null,"Results":null,"NoSuffix":""},{"Number":"","Street":"commonwealth","Suffix":"ave","City":"","State":"","Zip":"01952","StreetName":"Commonwealth Ave","Address":null,"StateName":null,"Zip4":null,"MAK":null,"AddressType":null,"RBDI":null,"Results":null,"NoSuffix":""},{"Number":"","Street":"congress","Suffix":"st","City":"","State":"","Zip":"01952","StreetName":"Congress St","Address":null,"StateName":null,"Zip4":null,"MAK":null,"AddressType":null,"RBDI":null,"Results":null,"NoSuffix":""},{"Number":"","Street":"coral","Suffix":"ln","City":"","State":"","Zip":"01952","StreetName":"Coral Ln","Address":null,"StateName":null,"Zip4":null,"MAK":null,"AddressType":null,"RBDI":null,"Results":null,"NoSuffix":""},{"Number":"","Street":"corporal patten","Suffix":"way","City":"","State":"","Zip":"01952","StreetName":"Corporal Patten Way","Address":null,"StateName":null,"Zip4":null,"MAK":null,"AddressType":null,"RBDI":null,"Results":null,"NoSuffix":""},{"Number":"","Street":"cosco","Suffix":"way","City":"","State":"","Zip":"01952","StreetName":"Cosco Way","Address":null,"StateName":null,"Zip4":null,"MAK":null,"AddressType":null,"RBDI":null,"Results":null,"NoSuffix":""},{"Number":"","Street":"cottage","Suffix":"way","City":"","State":"","Zip":"01952","StreetName":"Cottage Way","Address":null,"StateName":null,"Zip4":null,"MAK":null,"AddressType":null,"RBDI":null,"Results":null,"NoSuffix":""},{"Number":"","Street":"coulson pratt","Suffix":"dr","City":"","State":"","Zip":"01952","StreetName":"Coulson Pratt Dr","Address":null,"StateName":null,"Zip4":null,"MAK":null,"AddressType":null,"RBDI":null,"Results":null,"NoSuffix":""},{"Number":"","Street":"cushing","Suffix":"st","City":"","State":"","Zip":"01952","StreetName":"Cushing St","Address":null,"StateName":null,"Zip4":null,"MAK":null,"AddressType":null,"RBDI":null,"Results":null,"NoSuffix":""},{"Number":"","Street":"daniel","Suffix":"ct","City":"","State":"","Zip":"01952","StreetName":"Daniel Ct","Address":null,"StateName":null,"Zip4":null,"MAK":null,"AddressType":null,"RBDI":null,"Results":null,"NoSuffix":""},{"Number":"","Street":"del logan","Suffix":"dr","City":"","State":"","Zip":"01952","StreetName":"Del Logan Dr","Address":null,"StateName":null,"Zip4":null,"MAK":null,"AddressType":null,"RBDI":null,"Results":null,"NoSuffix":""},{"Number":"","Street":"deluca","Suffix":"dr","City":"","State":"","Zip":"01952","StreetName":"Deluca Dr","Address":null,"StateName":null,"Zip4":null,"MAK":null,"AddressType":null,"RBDI":null,"Results":null,"NoSuffix":""},{"Number":"","Street":"denrael","Suffix":"dr","City":"","State":"","Zip":"01952","StreetName":"Denrael Dr","Address":null,"StateName":null,"Zip4":null,"MAK":null,"AddressType":null,"RBDI":null,"Results":null,"NoSuffix":""},{"Number":"","Street":"derby","Suffix":"ln","City":"","State":"","Zip":"01952","StreetName":"Derby Ln","Address":null,"StateName":null,"Zip4":null,"MAK":null,"AddressType":null,"RBDI":null,"Results":null,"NoSuffix":""},{"Number":"","Street":"dock","Suffix":"ln","City":"","State":"","Zip":"01952","StreetName":"Dock Ln","Address":null,"StateName":null,"Zip4":null,"MAK":null,"AddressType":null,"RBDI":null,"Results":null,"NoSuffix":""},{"Number":"","Street":"douglas","Suffix":"ave","City":"","State":"","Zip":"01952","StreetName":"Douglas Ave","Address":null,"StateName":null,"Zip4":null,"MAK":null,"AddressType":null,"RBDI":null,"Results":null,"NoSuffix":""},{"Number":"","Street":"driftway","Suffix":"","City":"","State":"","Zip":"01952","StreetName":"Driftway","Address":null,"StateName":null,"Zip4":null,"MAK":null,"AddressType":null,"RBDI":null,"Results":null,"NoSuffix":"t"},{"Number":"","Street":"elizabeth","Suffix":"way","City":"","State":"","Zip":"01952","StreetName":"Elizabeth Way","Address":null,"StateName":null,"Zip4":null,"MAK":null,"AddressType":null,"RBDI":null,"Results":null,"NoSuffix":""},{"Number":"","Street":"elm","Suffix":"st","City":"","State":"","Zip":"01952","StreetName":"Elm St","Address":null,"StateName":null,"Zip4":null,"MAK":null,"AddressType":null,"RBDI":null,"Results":null,"NoSuffix":""},{"Number":"","Street":"elmwood","Suffix":"st","City":"","State":"","Zip":"01952","StreetName":"Elmwood St","Address":null,"StateName":null,"Zip4":null,"MAK":null,"AddressType":null,"RBDI":null,"Results":null,"NoSuffix":""},{"Number":"","Street":"emerald","Suffix":"way","City":"","State":"","Zip":"01952","StreetName":"Emerald Way","Address":null,"StateName":null,"Zip4":null,"MAK":null,"AddressType":null,"RBDI":null,"Results":null,"NoSuffix":""},{"Number":"","Street":"end","Suffix":"blvd","City":"","State":"","Zip":"01952","StreetName":"End Blvd","Address":null,"StateName":null,"Zip4":null,"MAK":null,"AddressType":null,"RBDI":null,"Results":null,"NoSuffix":""},{"Number":"","Street":"erica","Suffix":"way","City":"","State":"","Zip":"01952","StreetName":"Erica Way","Address":null,"StateName":null,"Zip4":null,"MAK":null,"AddressType":null,"RBDI":null,"Results":null,"NoSuffix":""},{"Number":"","Street":"fanaras","Suffix":"dr","City":"","State":"","Zip":"01952","StreetName":"Fanaras Dr","Address":null,"StateName":null,"Zip4":null,"MAK":null,"AddressType":null,"RBDI":null,"Results":null,"NoSuffix":""},{"Number":"","Street":"ferry","Suffix":"rd","City":"","State":"","Zip":"01952","StreetName":"Ferry Rd","Address":null,"StateName":null,"Zip4":null,"MAK":null,"AddressType":null,"RBDI":null,"Results":null,"NoSuffix":""},{"Number":"","Street":"ferry lots","Suffix":"ln","City":"","State":"","Zip":"01952","StreetName":"Ferry Lots Ln","Address":null,"StateName":null,"Zip4":null,"MAK":null,"AddressType":null,"RBDI":null,"Results":null,"NoSuffix":""},{"Number":"","Street":"florence","Suffix":"ave","City":"","State":"","Zip":"01952","StreetName":"Florence Ave","Address":null,"StateName":null,"Zip4":null,"MAK":null,"AddressType":null,"RBDI":null,"Results":null,"NoSuffix":""},{"Number":"","Street":"folly mill","Suffix":"rd","City":"","State":"","Zip":"01952","StreetName":"Folly Mill Rd","Address":null,"StateName":null,"Zip4":null,"MAK":null,"AddressType":null,"RBDI":null,"Results":null,"NoSuffix":""},{"Number":"","Street":"forest","Suffix":"rd","City":"","State":"","Zip":"01952","StreetName":"Forest Rd","Address":null,"StateName":null,"Zip4":null,"MAK":null,"AddressType":null,"RBDI":null,"Results":null,"NoSuffix":""},{"Number":"","Street":"fowler","Suffix":"st","City":"","State":"","Zip":"01952","StreetName":"Fowler St","Address":null,"StateName":null,"Zip4":null,"MAK":null,"AddressType":null,"RBDI":null,"Results":null,"NoSuffix":""},{"Number":"","Street":"francis","Suffix":"way","City":"","State":"","Zip":"01952","StreetName":"Francis Way","Address":null,"StateName":null,"Zip4":null,"MAK":null,"AddressType":null,"RBDI":null,"Results":null,"NoSuffix":""},{"Number":"","Street":"friedenfels","Suffix":"st","City":"","State":"","Zip":"01952","StreetName":"Friedenfels St","Address":null,"StateName":null,"Zip4":null,"MAK":null,"AddressType":null,"RBDI":null,"Results":null,"NoSuffix":""},{"Number":"","Street":"gaelic","Suffix":"way","City":"","State":"","Zip":"01952","StreetName":"Gaelic Way","Address":null,"StateName":null,"Zip4":null,"MAK":null,"AddressType":null,"RBDI":null,"Results":null,"NoSuffix":""},{"Number":"","Street":"garafalo","Suffix":"dr","City":"","State":"","Zip":"01952","StreetName":"Garafalo Dr","Address":null,"StateName":null,"Zip4":null,"MAK":null,"AddressType":null,"RBDI":null,"Results":null,"NoSuffix":""},{"Number":"","Street":"gardner","Suffix":"st","City":"","State":"","Zip":"01952","StreetName":"Gardner St","Address":null,"StateName":null,"Zip4":null,"MAK":null,"AddressType":null,"RBDI":null,"Results":null,"NoSuffix":""},{"Number":"","Street":"garfield","Suffix":"st","City":"","State":"","Zip":"01952","StreetName":"Garfield St","Address":null,"StateName":null,"Zip4":null,"MAK":null,"AddressType":null,"RBDI":null,"Results":null,"NoSuffix":""},{"Number":"","Street":"gerrish","Suffix":"rd","City":"","State":"","Zip":"01952","StreetName":"Gerrish Rd","Address":null,"StateName":null,"Zip4":null,"MAK":null,"AddressType":null,"RBDI":null,"Results":null,"NoSuffix":""},{"Number":"","Street":"glen","Suffix":"ln","City":"","State":"","Zip":"01952","StreetName":"Glen Ln","Address":null,"StateName":null,"Zip4":null,"MAK":null,"AddressType":null,"RBDI":null,"Results":null,"NoSuffix":""},{"Number":"","Street":"glenwood","Suffix":"ave","City":"","State":"","Zip":"01952","StreetName":"Glenwood Ave","Address":null,"StateName":null,"Zip4":null,"MAK":null,"AddressType":null,"RBDI":null,"Results":null,"NoSuffix":""},{"Number":"","Street":"gove","Suffix":"ln","City":"","State":"","Zip":"01952","StreetName":"Gove Ln","Address":null,"StateName":null,"Zip4":null,"MAK":null,"AddressType":null,"RBDI":null,"Results":null,"NoSuffix":""},{"Number":"","Street":"gravel","Suffix":"way","City":"","State":"","Zip":"01952","StreetName":"Gravel Way","Address":null,"StateName":null,"Zip4":null,"MAK":null,"AddressType":null,"RBDI":null,"Results":null,"NoSuffix":""},{"Number":"","Street":"grover","Suffix":"st","City":"","State":"","Zip":"01952","StreetName":"Grover St","Address":null,"StateName":null,"Zip4":null,"MAK":null,"AddressType":null,"RBDI":null,"Results":null,"NoSuffix":""},{"Number":"","Street":"gulf winds","Suffix":"ln","City":"","State":"","Zip":"01952","StreetName":"Gulf Winds Ln","Address":null,"StateName":null,"Zip4":null,"MAK":null,"AddressType":null,"RBDI":null,"Results":null,"NoSuffix":""},{"Number":"","Street":"harrison","Suffix":"ave","City":"","State":"","Zip":"01952","StreetName":"Harrison Ave","Address":null,"StateName":null,"Zip4":null,"MAK":null,"AddressType":null,"RBDI":null,"Results":null,"NoSuffix":""},{"Number":"","Street":"hayes","Suffix":"st","City":"","State":"","Zip":"01952","StreetName":"Hayes St","Address":null,"StateName":null,"Zip4":null,"MAK":null,"AddressType":null,"RBDI":null,"Results":null,"NoSuffix":""},{"Number":"","Street":"heron","Suffix":"way","City":"","State":"","Zip":"01952","StreetName":"Heron Way","Address":null,"StateName":null,"Zip4":null,"MAK":null,"AddressType":null,"RBDI":null,"Results":null,"NoSuffix":""},{"Number":"","Street":"high","Suffix":"st","City":"","State":"","Zip":"01952","StreetName":"High St","Address":null,"StateName":null,"Zip4":null,"MAK":null,"AddressType":null,"RBDI":null,"Results":null,"NoSuffix":""},{"Number":"","Street":"highback","Suffix":"rd","City":"","State":"","Zip":"01952","StreetName":"Highback Rd","Address":null,"StateName":null,"Zip4":null,"MAK":null,"AddressType":null,"RBDI":null,"Results":null,"NoSuffix":""},{"Number":"","Street":"howard george","Suffix":"ct","City":"","State":"","Zip":"01952","StreetName":"Howard George Ct","Address":null,"StateName":null,"Zip4":null,"MAK":null,"AddressType":null,"RBDI":null,"Results":null,"NoSuffix":""},{"Number":"","Street":"island","Suffix":"way","City":"","State":"","Zip":"01952","StreetName":"Island Way","Address":null,"StateName":null,"Zip4":null,"MAK":null,"AddressType":null,"RBDI":null,"Results":null,"NoSuffix":""},{"Number":"","Street":"jak len","Suffix":"dr","City":"","State":"","Zip":"01952","StreetName":"Jak Len Dr","Address":null,"StateName":null,"Zip4":null,"MAK":null,"AddressType":null,"RBDI":null,"Results":null,"NoSuffix":""},{"Number":"","Street":"james","Suffix":"ct","City":"","State":"","Zip":"01952","StreetName":"James Ct","Address":null,"StateName":null,"Zip4":null,"MAK":null,"AddressType":null,"RBDI":null,"Results":null,"NoSuffix":""},{"Number":"","Street":"jon","Suffix":"st","City":"","State":"","Zip":"01952","StreetName":"Jon St","Address":null,"StateName":null,"Zip4":null,"MAK":null,"AddressType":null,"RBDI":null,"Results":null,"NoSuffix":""},{"Number":"","Street":"joy","Suffix":"rd","City":"","State":"","Zip":"01952","StreetName":"Joy Rd","Address":null,"StateName":null,"Zip4":null,"MAK":null,"AddressType":null,"RBDI":null,"Results":null,"NoSuffix":""},{"Number":"","Street":"juno","Suffix":"st","City":"","State":"","Zip":"01952","StreetName":"Juno St","Address":null,"StateName":null,"Zip4":null,"MAK":null,"AddressType":null,"RBDI":null,"Results":null,"NoSuffix":""},{"Number":"","Street":"kairos","Suffix":"way","City":"","State":"","Zip":"01952","StreetName":"Kairos Way","Address":null,"StateName":null,"Zip4":null,"MAK":null,"AddressType":null,"RBDI":null,"Results":null,"NoSuffix":""},{"Number":"","Street":"kel lori","Suffix":"dr","City":"","State":"","Zip":"01952","StreetName":"Kel Lori Dr","Address":null,"StateName":null,"Zip4":null,"MAK":null,"AddressType":null,"RBDI":null,"Results":null,"NoSuffix":""},{"Number":"","Street":"kendell","Suffix":"ln","City":"","State":"","Zip":"01952","StreetName":"Kendell Ln","Address":null,"StateName":null,"Zip4":null,"MAK":null,"AddressType":null,"RBDI":null,"Results":null,"NoSuffix":""},{"Number":"","Street":"lafayette","Suffix":"rd","City":"","State":"","Zip":"01952","StreetName":"Lafayette Rd","Address":null,"StateName":null,"Zip4":null,"MAK":null,"AddressType":null,"RBDI":null,"Results":null,"NoSuffix":""},{"Number":"","Street":"learned","Suffix":"ln","City":"","State":"","Zip":"01952","StreetName":"Learned Ln","Address":null,"StateName":null,"Zip4":null,"MAK":null,"AddressType":null,"RBDI":null,"Results":null,"NoSuffix":""},{"Number":"","Street":"learys","Suffix":"way","City":"","State":"","Zip":"01952","StreetName":"Learys Way","Address":null,"StateName":null,"Zip4":null,"MAK":null,"AddressType":null,"RBDI":null,"Results":null,"NoSuffix":""},{"Number":"","Street":"lena maes","Suffix":"way","City":"","State":"","Zip":"01952","StreetName":"Lena Maes Way","Address":null,"StateName":null,"Zip4":null,"MAK":null,"AddressType":null,"RBDI":null,"Results":null,"NoSuffix":""},{"Number":"","Street":"lewis","Suffix":"ave","City":"","State":"","Zip":"01952","StreetName":"Lewis Ave","Address":null,"StateName":null,"Zip4":null,"MAK":null,"AddressType":null,"RBDI":null,"Results":null,"NoSuffix":""},{"Number":"","Street":"libby","Suffix":"ave","City":"","State":"","Zip":"01952","StreetName":"Libby Ave","Address":null,"StateName":null,"Zip4":null,"MAK":null,"AddressType":null,"RBDI":null,"Results":null,"NoSuffix":""},{"Number":"","Street":"liberty","Suffix":"st","City":"","State":"","Zip":"01952","StreetName":"Liberty St","Address":null,"StateName":null,"Zip4":null,"MAK":null,"AddressType":null,"RBDI":null,"Results":null,"NoSuffix":""},{"Number":"","Street":"lieutenant hines","Suffix":"cir","City":"","State":"","Zip":"01952","StreetName":"Lieutenant Hines Cir","Address":null,"StateName":null,"Zip4":null,"MAK":null,"AddressType":null,"RBDI":null,"Results":null,"NoSuffix":""},{"Number":"","Street":"lighthouse","Suffix":"cir","City":"","State":"","Zip":"01952","StreetName":"Lighthouse Cir","Address":null,"StateName":null,"Zip4":null,"MAK":null,"AddressType":null,"RBDI":null,"Results":null,"NoSuffix":""},{"Number":"","Street":"lincoln","Suffix":"ave","City":"","State":"","Zip":"01952","StreetName":"Lincoln Ave","Address":null,"StateName":null,"Zip4":null,"MAK":null,"AddressType":null,"RBDI":null,"Results":null,"NoSuffix":""},{"Number":"","Street":"linda","Suffix":"ln","City":"","State":"","Zip":"01952","StreetName":"Linda Ln","Address":null,"StateName":null,"Zip4":null,"MAK":null,"AddressType":null,"RBDI":null,"Results":null,"NoSuffix":""},{"Number":"","Street":"lions","Suffix":"way","City":"","State":"","Zip":"01952","StreetName":"Lions Way","Address":null,"StateName":null,"Zip4":null,"MAK":null,"AddressType":null,"RBDI":null,"Results":null,"NoSuffix":""},{"Number":"","Street":"locust","Suffix":"st","City":"","State":"","Zip":"01952","StreetName":"Locust St","Address":null,"StateName":null,"Zip4":null,"MAK":null,"AddressType":null,"RBDI":null,"Results":null,"NoSuffix":""},{"Number":"","Street":"longmeadow","Suffix":"dr","City":"","State":"","Zip":"01952","StreetName":"Longmeadow Dr","Address":null,"StateName":null,"Zip4":null,"MAK":null,"AddressType":null,"RBDI":null,"Results":null,"NoSuffix":""},{"Number":"","Street":"lt hines","Suffix":"cir","City":"","State":"","Zip":"01952","StreetName":"Lt Hines Cir","Address":null,"StateName":null,"Zip4":null,"MAK":null,"AddressType":null,"RBDI":null,"Results":null,"NoSuffix":""},{"Number":"","Street":"lynne","Suffix":"ave","City":"","State":"","Zip":"01952","StreetName":"Lynne Ave","Address":null,"StateName":null,"Zip4":null,"MAK":null,"AddressType":null,"RBDI":null,"Results":null,"NoSuffix":""},{"Number":"","Street":"main","Suffix":"st","City":"","State":"","Zip":"01952","StreetName":"Main St","Address":null,"StateName":null,"Zip4":null,"MAK":null,"AddressType":null,"RBDI":null,"Results":null,"NoSuffix":""},{"Number":"","Street":"maple","Suffix":"st","City":"","State":"","Zip":"01952","StreetName":"Maple St","Address":null,"StateName":null,"Zip4":null,"MAK":null,"AddressType":null,"RBDI":null,"Results":null,"NoSuffix":""},{"Number":"","Street":"march","Suffix":"rd","City":"","State":"","Zip":"01952","StreetName":"March Rd","Address":null,"StateName":null,"Zip4":null,"MAK":null,"AddressType":null,"RBDI":null,"Results":null,"NoSuffix":""},{"Number":"","Street":"mason","Suffix":"ln","City":"","State":"","Zip":"01952","StreetName":"Mason Ln","Address":null,"StateName":null,"Zip4":null,"MAK":null,"AddressType":null,"RBDI":null,"Results":null,"NoSuffix":""},{"Number":"","Street":"mccance","Suffix":"way","City":"","State":"","Zip":"01952","StreetName":"Mccance Way","Address":null,"StateName":null,"Zip4":null,"MAK":null,"AddressType":null,"RBDI":null,"Results":null,"NoSuffix":""},{"Number":"","Street":"meaders","Suffix":"ln","City":"","State":"","Zip":"01952","StreetName":"Meaders Ln","Address":null,"StateName":null,"Zip4":null,"MAK":null,"AddressType":null,"RBDI":null,"Results":null,"NoSuffix":""},{"Number":"","Street":"merrill","Suffix":"st","City":"","State":"","Zip":"01952","StreetName":"Merrill St","Address":null,"StateName":null,"Zip4":null,"MAK":null,"AddressType":null,"RBDI":null,"Results":null,"NoSuffix":""},{"Number":"","Street":"michaels","Suffix":"way","City":"","State":"","Zip":"01952","StreetName":"Michaels Way","Address":null,"StateName":null,"Zip4":null,"MAK":null,"AddressType":null,"RBDI":null,"Results":null,"NoSuffix":""},{"Number":"","Street":"michelle","Suffix":"ln","City":"","State":"","Zip":"01952","StreetName":"Michelle Ln","Address":null,"StateName":null,"Zip4":null,"MAK":null,"AddressType":null,"RBDI":null,"Results":null,"NoSuffix":""},{"Number":"","Street":"morgan","Suffix":"ave","City":"","State":"","Zip":"01952","StreetName":"Morgan Ave","Address":null,"StateName":null,"Zip4":null,"MAK":null,"AddressType":null,"RBDI":null,"Results":null,"NoSuffix":""},{"Number":"","Street":"morning fog","Suffix":"cir","City":"","State":"","Zip":"01952","StreetName":"Morning Fog Cir","Address":null,"StateName":null,"Zip4":null,"MAK":null,"AddressType":null,"RBDI":null,"Results":null,"NoSuffix":""},{"Number":"","Street":"mudnock","Suffix":"rd","City":"","State":"","Zip":"01952","StreetName":"Mudnock Rd","Address":null,"StateName":null,"Zip4":null,"MAK":null,"AddressType":null,"RBDI":null,"Results":null,"NoSuffix":""},{"Number":"","Street":"murray","Suffix":"st","City":"","State":"","Zip":"01952","StreetName":"Murray St","Address":null,"StateName":null,"Zip4":null,"MAK":null,"AddressType":null,"RBDI":null,"Results":null,"NoSuffix":""},{"Number":"","Street":"natowich","Suffix":"way","City":"","State":"","Zip":"01952","StreetName":"Natowich Way","Address":null,"StateName":null,"Zip4":null,"MAK":null,"AddressType":null,"RBDI":null,"Results":null,"NoSuffix":""},{"Number":"","Street":"new elm","Suffix":"st","City":"","State":"","Zip":"01952","StreetName":"New Elm St","Address":null,"StateName":null,"Zip4":null,"MAK":null,"AddressType":null,"RBDI":null,"Results":null,"NoSuffix":""},{"Number":"","Street":"niko","Suffix":"way","City":"","State":"","Zip":"01952","StreetName":"Niko Way","Address":null,"StateName":null,"Zip4":null,"MAK":null,"AddressType":null,"RBDI":null,"Results":null,"NoSuffix":""},{"Number":"","Street":"ocean","Suffix":"st","City":"","State":"","Zip":"01952","StreetName":"Ocean St","Address":null,"StateName":null,"Zip4":null,"MAK":null,"AddressType":null,"RBDI":null,"Results":null,"NoSuffix":""},{"Number":"","Street":"ocean front","Suffix":"","City":"","State":"","Zip":"01952","StreetName":"Ocean Front","Address":null,"StateName":null,"Zip4":null,"MAK":null,"AddressType":null,"RBDI":null,"Results":null,"NoSuffix":"t"},{"Number":"","Street":"odin","Suffix":"st","City":"","State":"","Zip":"01952","StreetName":"Odin St","Address":null,"StateName":null,"Zip4":null,"MAK":null,"AddressType":null,"RBDI":null,"Results":null,"NoSuffix":""},{"Number":"","Street":"old county","Suffix":"rd","City":"","State":"","Zip":"01952","StreetName":"Old County Rd","Address":null,"StateName":null,"Zip4":null,"MAK":null,"AddressType":null,"RBDI":null,"Results":null,"NoSuffix":""},{"Number":"","Street":"old elm","Suffix":"st","City":"","State":"","Zip":"01952","StreetName":"Old Elm St","Address":null,"StateName":null,"Zip4":null,"MAK":null,"AddressType":null,"RBDI":null,"Results":null,"NoSuffix":""},{"Number":"","Street":"old town","Suffix":"way","City":"","State":"","Zip":"01952","StreetName":"Old Town Way","Address":null,"StateName":null,"Zip4":null,"MAK":null,"AddressType":null,"RBDI":null,"Results":null,"NoSuffix":""},{"Number":"","Street":"palis","Suffix":"dr","City":"","State":"","Zip":"01952","StreetName":"Palis Dr","Address":null,"StateName":null,"Zip4":null,"MAK":null,"AddressType":null,"RBDI":null,"Results":null,"NoSuffix":""},{"Number":"","Street":"park","Suffix":"st","City":"","State":"","Zip":"01952","StreetName":"Park St","Address":null,"StateName":null,"Zip4":null,"MAK":null,"AddressType":null,"RBDI":null,"Results":null,"NoSuffix":""},{"Number":"","Street":"partridge","Suffix":"ln","City":"","State":"","Zip":"01952","StreetName":"Partridge Ln","Address":null,"StateName":null,"Zip4":null,"MAK":null,"AddressType":null,"RBDI":null,"Results":null,"NoSuffix":""},{"Number":"","Street":"patriot","Suffix":"way","City":"","State":"","Zip":"01952","StreetName":"Patriot Way","Address":null,"StateName":null,"Zip4":null,"MAK":null,"AddressType":null,"RBDI":null,"Results":null,"NoSuffix":""},{"Number":"","Street":"pike","Suffix":"st","City":"","State":"","Zip":"01952","StreetName":"Pike St","Address":null,"StateName":null,"Zip4":null,"MAK":null,"AddressType":null,"RBDI":null,"Results":null,"NoSuffix":""},{"Number":"","Street":"pine","Suffix":"st","City":"","State":"","Zip":"01952","StreetName":"Pine St","Address":null,"StateName":null,"Zip4":null,"MAK":null,"AddressType":null,"RBDI":null,"Results":null,"NoSuffix":""},{"Number":"","Street":"pleasant","Suffix":"st","City":"","State":"","Zip":"01952","StreetName":"Pleasant St","Address":null,"StateName":null,"Zip4":null,"MAK":null,"AddressType":null,"RBDI":null,"Results":null,"NoSuffix":""},{"Number":"","Street":"po box","Suffix":"","City":"","State":"","Zip":"01952","StreetName":"Po Box","Address":null,"StateName":null,"Zip4":null,"MAK":null,"AddressType":null,"RBDI":null,"Results":null,"NoSuffix":"t"},{"Number":"","Street":"pondview","Suffix":"","City":"","State":"","Zip":"01952","StreetName":"Pondview","Address":null,"StateName":null,"Zip4":null,"MAK":null,"AddressType":null,"RBDI":null,"Results":null,"NoSuffix":"t"},{"Number":"","Street":"poor farm","Suffix":"rd","City":"","State":"","Zip":"01952","StreetName":"Poor Farm Rd","Address":null,"StateName":null,"Zip4":null,"MAK":null,"AddressType":null,"RBDI":null,"Results":null,"NoSuffix":""},{"Number":"","Street":"quail","Suffix":"cir","City":"","State":"","Zip":"01952","StreetName":"Quail Cir","Address":null,"StateName":null,"Zip4":null,"MAK":null,"AddressType":null,"RBDI":null,"Results":null,"NoSuffix":""},{"Number":"","Street":"rabbit","Suffix":"rd","City":"","State":"","Zip":"01952","StreetName":"Rabbit Rd","Address":null,"StateName":null,"Zip4":null,"MAK":null,"AddressType":null,"RBDI":null,"Results":null,"NoSuffix":""},{"Number":"","Street":"railroad","Suffix":"ave","City":"","State":"","Zip":"01952","StreetName":"Railroad Ave","Address":null,"StateName":null,"Zip4":null,"MAK":null,"AddressType":null,"RBDI":null,"Results":null,"NoSuffix":""},{"Number":"","Street":"red penniman","Suffix":"dr","City":"","State":"","Zip":"01952","StreetName":"Red Penniman Dr","Address":null,"StateName":null,"Zip4":null,"MAK":null,"AddressType":null,"RBDI":null,"Results":null,"NoSuffix":""},{"Number":"","Street":"red ridge","Suffix":"rd","City":"","State":"","Zip":"01952","StreetName":"Red Ridge Rd","Address":null,"StateName":null,"Zip4":null,"MAK":null,"AddressType":null,"RBDI":null,"Results":null,"NoSuffix":""},{"Number":"","Street":"robert","Suffix":"rd","City":"","State":"","Zip":"01952","StreetName":"Robert Rd","Address":null,"StateName":null,"Zip4":null,"MAK":null,"AddressType":null,"RBDI":null,"Results":null,"NoSuffix":""},{"Number":"","Street":"sacks","Suffix":"way","City":"","State":"","Zip":"01952","StreetName":"Sacks Way","Address":null,"StateName":null,"Zip4":null,"MAK":null,"AddressType":null,"RBDI":null,"Results":null,"NoSuffix":""},{"Number":"","Street":"salisbury","Suffix":"sq","City":"","State":"","Zip":"01952","StreetName":"Salisbury Sq","Address":null,"StateName":null,"Zip4":null,"MAK":null,"AddressType":null,"RBDI":null,"Results":null,"NoSuffix":""},{"Number":"","Street":"salty tear","Suffix":"ln","City":"","State":"","Zip":"01952","StreetName":"Salty Tear Ln","Address":null,"StateName":null,"Zip4":null,"MAK":null,"AddressType":null,"RBDI":null,"Results":null,"NoSuffix":""},{"Number":"","Street":"samantha","Suffix":"way","City":"","State":"","Zip":"01952","StreetName":"Samantha Way","Address":null,"StateName":null,"Zip4":null,"MAK":null,"AddressType":null,"RBDI":null,"Results":null,"NoSuffix":""},{"Number":"","Street":"sandpiper","Suffix":"way","City":"","State":"","Zip":"01952","StreetName":"Sandpiper Way","Address":null,"StateName":null,"Zip4":null,"MAK":null,"AddressType":null,"RBDI":null,"Results":null,"NoSuffix":""},{"Number":"","Street":"sandy","Suffix":"ln","City":"","State":"","Zip":"01952","StreetName":"Sandy Ln","Address":null,"StateName":null,"Zip4":null,"MAK":null,"AddressType":null,"RBDI":null,"Results":null,"NoSuffix":""},{"Number":"","Street":"sawyer","Suffix":"ln","City":"","State":"","Zip":"01952","StreetName":"Sawyer Ln","Address":null,"StateName":null,"Zip4":null,"MAK":null,"AddressType":null,"RBDI":null,"Results":null,"NoSuffix":""},{"Number":"","Street":"school","Suffix":"st","City":"","State":"","Zip":"01952","StreetName":"School St","Address":null,"StateName":null,"Zip4":null,"MAK":null,"AddressType":null,"RBDI":null,"Results":null,"NoSuffix":""},{"Number":"","Street":"school house","Suffix":"ln","City":"","State":"","Zip":"01952","StreetName":"School House Ln","Address":null,"StateName":null,"Zip4":null,"MAK":null,"AddressType":null,"RBDI":null,"Results":null,"NoSuffix":""},{"Number":"","Street":"sea spray","Suffix":"ln","City":"","State":"","Zip":"01952","StreetName":"Sea Spray Ln","Address":null,"StateName":null,"Zip4":null,"MAK":null,"AddressType":null,"RBDI":null,"Results":null,"NoSuffix":""},{"Number":"","Street":"seabrook","Suffix":"rd","City":"","State":"","Zip":"01952","StreetName":"Seabrook Rd","Address":null,"StateName":null,"Zip4":null,"MAK":null,"AddressType":null,"RBDI":null,"Results":null,"NoSuffix":""},{"Number":"","Street":"shea","Suffix":"st","City":"","State":"","Zip":"01952","StreetName":"Shea St","Address":null,"StateName":null,"Zip4":null,"MAK":null,"AddressType":null,"RBDI":null,"Results":null,"NoSuffix":""},{"Number":"","Street":"sholtz","Suffix":"ter","City":"","State":"","Zip":"01952","StreetName":"Sholtz Ter","Address":null,"StateName":null,"Zip4":null,"MAK":null,"AddressType":null,"RBDI":null,"Results":null,"NoSuffix":""},{"Number":"","Street":"short","Suffix":"ln","City":"","State":"","Zip":"01952","StreetName":"Short Ln","Address":null,"StateName":null,"Zip4":null,"MAK":null,"AddressType":null,"RBDI":null,"Results":null,"NoSuffix":""},{"Number":"","Street":"souther","Suffix":"ln","City":"","State":"","Zip":"01952","StreetName":"Souther Ln","Address":null,"StateName":null,"Zip4":null,"MAK":null,"AddressType":null,"RBDI":null,"Results":null,"NoSuffix":""},{"Number":"","Street":"spring","Suffix":"st","City":"","State":"","Zip":"01952","StreetName":"Spring St","Address":null,"StateName":null,"Zip4":null,"MAK":null,"AddressType":null,"RBDI":null,"Results":null,"NoSuffix":""},{"Number":"","Street":"starfish","Suffix":"way","City":"","State":"","Zip":"01952","StreetName":"Starfish Way","Address":null,"StateName":null,"Zip4":null,"MAK":null,"AddressType":null,"RBDI":null,"Results":null,"NoSuffix":""},{"Number":"","Street":"sunset view","Suffix":"ln","City":"","State":"","Zip":"01952","StreetName":"Sunset View Ln","Address":null,"StateName":null,"Zip4":null,"MAK":null,"AddressType":null,"RBDI":null,"Results":null,"NoSuffix":""},{"Number":"","Street":"sweet apple tree","Suffix":"ln","City":"","State":"","Zip":"01952","StreetName":"Sweet Apple Tree Ln","Address":null,"StateName":null,"Zip4":null,"MAK":null,"AddressType":null,"RBDI":null,"Results":null,"NoSuffix":""},{"Number":"","Street":"sycamore","Suffix":"ln","City":"","State":"","Zip":"01952","StreetName":"Sycamore Ln","Address":null,"StateName":null,"Zip4":null,"MAK":null,"AddressType":null,"RBDI":null,"Results":null,"NoSuffix":""},{"Number":"","Street":"taft","Suffix":"st","City":"","State":"","Zip":"01952","StreetName":"Taft St","Address":null,"StateName":null,"Zip4":null,"MAK":null,"AddressType":null,"RBDI":null,"Results":null,"NoSuffix":""},{"Number":"","Street":"thomas morgan","Suffix":"ln","City":"","State":"","Zip":"01952","StreetName":"Thomas Morgan Ln","Address":null,"StateName":null,"Zip4":null,"MAK":null,"AddressType":null,"RBDI":null,"Results":null,"NoSuffix":""},{"Number":"","Street":"toll","Suffix":"rd","City":"","State":"","Zip":"01952","StreetName":"Toll Rd","Address":null,"StateName":null,"Zip4":null,"MAK":null,"AddressType":null,"RBDI":null,"Results":null,"NoSuffix":""},{"Number":"","Street":"trout","Suffix":"way","City":"","State":"","Zip":"01952","StreetName":"Trout Way","Address":null,"StateName":null,"Zip4":null,"MAK":null,"AddressType":null,"RBDI":null,"Results":null,"NoSuffix":""},{"Number":"","Street":"true","Suffix":"rd","City":"","State":"","Zip":"01952","StreetName":"True Rd","Address":null,"StateName":null,"Zip4":null,"MAK":null,"AddressType":null,"RBDI":null,"Results":null,"NoSuffix":""},{"Number":"","Street":"twin brooks","Suffix":"rd","City":"","State":"","Zip":"01952","StreetName":"Twin Brooks Rd","Address":null,"StateName":null,"Zip4":null,"MAK":null,"AddressType":null,"RBDI":null,"Results":null,"NoSuffix":""},{"Number":"","Street":"vermont","Suffix":"st","City":"","State":"","Zip":"01952","StreetName":"Vermont St","Address":null,"StateName":null,"Zip4":null,"MAK":null,"AddressType":null,"RBDI":null,"Results":null,"NoSuffix":""},{"Number":"","Street":"vic lin","Suffix":"dr","City":"","State":"","Zip":"01952","StreetName":"Vic Lin Dr","Address":null,"StateName":null,"Zip4":null,"MAK":null,"AddressType":null,"RBDI":null,"Results":null,"NoSuffix":""},{"Number":"","Street":"viking","Suffix":"st","City":"","State":"","Zip":"01952","StreetName":"Viking St","Address":null,"StateName":null,"Zip4":null,"MAK":null,"AddressType":null,"RBDI":null,"Results":null,"NoSuffix":""},{"Number":"","Street":"waldot","Suffix":"rd","City":"","State":"","Zip":"01952","StreetName":"Waldot Rd","Address":null,"StateName":null,"Zip4":null,"MAK":null,"AddressType":null,"RBDI":null,"Results":null,"NoSuffix":""},{"Number":"","Street":"warren","Suffix":"ave","City":"","State":"","Zip":"01952","StreetName":"Warren Ave","Address":null,"StateName":null,"Zip4":null,"MAK":null,"AddressType":null,"RBDI":null,"Results":null,"NoSuffix":""},{"Number":"","Street":"washington","Suffix":"st","City":"","State":"","Zip":"01952","StreetName":"Washington St","Address":null,"StateName":null,"Zip4":null,"MAK":null,"AddressType":null,"RBDI":null,"Results":null,"NoSuffix":""},{"Number":"","Street":"wolperts","Suffix":"way","City":"","State":"","Zip":"01952","StreetName":"Wolperts Way","Address":null,"StateName":null,"Zip4":null,"MAK":null,"AddressType":null,"RBDI":null,"Results":null,"NoSuffix":""},{"Number":"","Street":"wyman greely","Suffix":"rd","City":"","State":"","Zip":"01952","StreetName":"Wyman Greely Rd","Address":null,"StateName":null,"Zip4":null,"MAK":null,"AddressType":null,"RBDI":null,"Results":null,"NoSuffix":""}]