[{"Number":"","Street":"1st","Suffix":"ave","City":"","State":"","Zip":"01571","StreetName":"1St Ave","Address":null,"StateName":null,"Zip4":null,"MAK":null,"AddressType":null,"RBDI":null,"Results":null,"NoSuffix":""},{"Number":"","Street":"2nd","Suffix":"ave","City":"","State":"","Zip":"01571","StreetName":"2Nd Ave","Address":null,"StateName":null,"Zip4":null,"MAK":null,"AddressType":null,"RBDI":null,"Results":null,"NoSuffix":""},{"Number":"","Street":"3rd","Suffix":"ave","City":"","State":"","Zip":"01571","StreetName":"3Rd Ave","Address":null,"StateName":null,"Zip4":null,"MAK":null,"AddressType":null,"RBDI":null,"Results":null,"NoSuffix":""},{"Number":"","Street":"4th","Suffix":"ave","City":"","State":"","Zip":"01571","StreetName":"4Th Ave","Address":null,"StateName":null,"Zip4":null,"MAK":null,"AddressType":null,"RBDI":null,"Results":null,"NoSuffix":""},{"Number":"","Street":"5th","Suffix":"ave","City":"","State":"","Zip":"01571","StreetName":"5Th Ave","Address":null,"StateName":null,"Zip4":null,"MAK":null,"AddressType":null,"RBDI":null,"Results":null,"NoSuffix":""},{"Number":"","Street":"6th","Suffix":"ave","City":"","State":"","Zip":"01571","StreetName":"6Th Ave","Address":null,"StateName":null,"Zip4":null,"MAK":null,"AddressType":null,"RBDI":null,"Results":null,"NoSuffix":""},{"Number":"","Street":"airport","Suffix":"rd","City":"","State":"","Zip":"01571","StreetName":"Airport Rd","Address":null,"StateName":null,"Zip4":null,"MAK":null,"AddressType":null,"RBDI":null,"Results":null,"NoSuffix":""},{"Number":"","Street":"albee","Suffix":"rd","City":"","State":"","Zip":"01571","StreetName":"Albee Rd","Address":null,"StateName":null,"Zip4":null,"MAK":null,"AddressType":null,"RBDI":null,"Results":null,"NoSuffix":""},{"Number":"","Street":"aldea","Suffix":"ave","City":"","State":"","Zip":"01571","StreetName":"Aldea Ave","Address":null,"StateName":null,"Zip4":null,"MAK":null,"AddressType":null,"RBDI":null,"Results":null,"NoSuffix":""},{"Number":"","Street":"alton","Suffix":"dr","City":"","State":"","Zip":"01571","StreetName":"Alton Dr","Address":null,"StateName":null,"Zip4":null,"MAK":null,"AddressType":null,"RBDI":null,"Results":null,"NoSuffix":""},{"Number":"","Street":"ardlock","Suffix":"pl","City":"","State":"","Zip":"01571","StreetName":"Ardlock Pl","Address":null,"StateName":null,"Zip4":null,"MAK":null,"AddressType":null,"RBDI":null,"Results":null,"NoSuffix":""},{"Number":"","Street":"ash","Suffix":"ln","City":"","State":"","Zip":"01571","StreetName":"Ash Ln","Address":null,"StateName":null,"Zip4":null,"MAK":null,"AddressType":null,"RBDI":null,"Results":null,"NoSuffix":""},{"Number":"","Street":"baker pond","Suffix":"rd","City":"","State":"","Zip":"01571","StreetName":"Baker Pond Rd","Address":null,"StateName":null,"Zip4":null,"MAK":null,"AddressType":null,"RBDI":null,"Results":null,"NoSuffix":""},{"Number":"","Street":"barrette","Suffix":"rd","City":"","State":"","Zip":"01571","StreetName":"Barrette Rd","Address":null,"StateName":null,"Zip4":null,"MAK":null,"AddressType":null,"RBDI":null,"Results":null,"NoSuffix":""},{"Number":"","Street":"barry","Suffix":"ave","City":"","State":"","Zip":"01571","StreetName":"Barry Ave","Address":null,"StateName":null,"Zip4":null,"MAK":null,"AddressType":null,"RBDI":null,"Results":null,"NoSuffix":""},{"Number":"","Street":"bates","Suffix":"rd","City":"","State":"","Zip":"01571","StreetName":"Bates Rd","Address":null,"StateName":null,"Zip4":null,"MAK":null,"AddressType":null,"RBDI":null,"Results":null,"NoSuffix":""},{"Number":"","Street":"blackmere","Suffix":"rd","City":"","State":"","Zip":"01571","StreetName":"Blackmere Rd","Address":null,"StateName":null,"Zip4":null,"MAK":null,"AddressType":null,"RBDI":null,"Results":null,"NoSuffix":""},{"Number":"","Street":"blue herron","Suffix":"rd","City":"","State":"","Zip":"01571","StreetName":"Blue Herron Rd","Address":null,"StateName":null,"Zip4":null,"MAK":null,"AddressType":null,"RBDI":null,"Results":null,"NoSuffix":""},{"Number":"","Street":"bonnieview","Suffix":"rd","City":"","State":"","Zip":"01571","StreetName":"Bonnieview Rd","Address":null,"StateName":null,"Zip4":null,"MAK":null,"AddressType":null,"RBDI":null,"Results":null,"NoSuffix":""},{"Number":"","Street":"brandon","Suffix":"rd","City":"","State":"","Zip":"01571","StreetName":"Brandon Rd","Address":null,"StateName":null,"Zip4":null,"MAK":null,"AddressType":null,"RBDI":null,"Results":null,"NoSuffix":""},{"Number":"","Street":"brentwood","Suffix":"dr","City":"","State":"","Zip":"01571","StreetName":"Brentwood Dr","Address":null,"StateName":null,"Zip4":null,"MAK":null,"AddressType":null,"RBDI":null,"Results":null,"NoSuffix":""},{"Number":"","Street":"britlees","Suffix":"way","City":"","State":"","Zip":"01571","StreetName":"Britlees Way","Address":null,"StateName":null,"Zip4":null,"MAK":null,"AddressType":null,"RBDI":null,"Results":null,"NoSuffix":""},{"Number":"","Street":"brookside","Suffix":"ave","City":"","State":"","Zip":"01571","StreetName":"Brookside Ave","Address":null,"StateName":null,"Zip4":null,"MAK":null,"AddressType":null,"RBDI":null,"Results":null,"NoSuffix":""},{"Number":"","Street":"brookstone","Suffix":"dr","City":"","State":"","Zip":"01571","StreetName":"Brookstone Dr","Address":null,"StateName":null,"Zip4":null,"MAK":null,"AddressType":null,"RBDI":null,"Results":null,"NoSuffix":""},{"Number":"","Street":"budd","Suffix":"dr","City":"","State":"","Zip":"01571","StreetName":"Budd Dr","Address":null,"StateName":null,"Zip4":null,"MAK":null,"AddressType":null,"RBDI":null,"Results":null,"NoSuffix":""},{"Number":"","Street":"camelot","Suffix":"cir","City":"","State":"","Zip":"01571","StreetName":"Camelot Cir","Address":null,"StateName":null,"Zip4":null,"MAK":null,"AddressType":null,"RBDI":null,"Results":null,"NoSuffix":""},{"Number":"","Street":"cardinal","Suffix":"dr","City":"","State":"","Zip":"01571","StreetName":"Cardinal Dr","Address":null,"StateName":null,"Zip4":null,"MAK":null,"AddressType":null,"RBDI":null,"Results":null,"NoSuffix":""},{"Number":"","Street":"carpenter","Suffix":"rd","City":"","State":"","Zip":"01571","StreetName":"Carpenter Rd","Address":null,"StateName":null,"Zip4":null,"MAK":null,"AddressType":null,"RBDI":null,"Results":null,"NoSuffix":""},{"Number":"","Street":"castle","Suffix":"cir","City":"","State":"","Zip":"01571","StreetName":"Castle Cir","Address":null,"StateName":null,"Zip4":null,"MAK":null,"AddressType":null,"RBDI":null,"Results":null,"NoSuffix":""},{"Number":"","Street":"catherine","Suffix":"st","City":"","State":"","Zip":"01571","StreetName":"Catherine St","Address":null,"StateName":null,"Zip4":null,"MAK":null,"AddressType":null,"RBDI":null,"Results":null,"NoSuffix":""},{"Number":"","Street":"causeway","Suffix":"rd","City":"","State":"","Zip":"01571","StreetName":"Causeway Rd","Address":null,"StateName":null,"Zip4":null,"MAK":null,"AddressType":null,"RBDI":null,"Results":null,"NoSuffix":""},{"Number":"","Street":"causeway","Suffix":"shrs","City":"","State":"","Zip":"01571","StreetName":"Causeway Shrs","Address":null,"StateName":null,"Zip4":null,"MAK":null,"AddressType":null,"RBDI":null,"Results":null,"NoSuffix":""},{"Number":"","Street":"cemetary","Suffix":"rd","City":"","State":"","Zip":"01571","StreetName":"Cemetary Rd","Address":null,"StateName":null,"Zip4":null,"MAK":null,"AddressType":null,"RBDI":null,"Results":null,"NoSuffix":""},{"Number":"","Street":"center","Suffix":"rd","City":"","State":"","Zip":"01571","StreetName":"Center Rd","Address":null,"StateName":null,"Zip4":null,"MAK":null,"AddressType":null,"RBDI":null,"Results":null,"NoSuffix":""},{"Number":"","Street":"central","Suffix":"ave","City":"","State":"","Zip":"01571","StreetName":"Central Ave","Address":null,"StateName":null,"Zip4":null,"MAK":null,"AddressType":null,"RBDI":null,"Results":null,"NoSuffix":""},{"Number":"","Street":"charlton","Suffix":"rd","City":"","State":"","Zip":"01571","StreetName":"Charlton Rd","Address":null,"StateName":null,"Zip4":null,"MAK":null,"AddressType":null,"RBDI":null,"Results":null,"NoSuffix":""},{"Number":"","Street":"chase","Suffix":"ave","City":"","State":"","Zip":"01571","StreetName":"Chase Ave","Address":null,"StateName":null,"Zip4":null,"MAK":null,"AddressType":null,"RBDI":null,"Results":null,"NoSuffix":""},{"Number":"","Street":"chestnut","Suffix":"st","City":"","State":"","Zip":"01571","StreetName":"Chestnut St","Address":null,"StateName":null,"Zip4":null,"MAK":null,"AddressType":null,"RBDI":null,"Results":null,"NoSuffix":""},{"Number":"","Street":"chickering","Suffix":"rd","City":"","State":"","Zip":"01571","StreetName":"Chickering Rd","Address":null,"StateName":null,"Zip4":null,"MAK":null,"AddressType":null,"RBDI":null,"Results":null,"NoSuffix":""},{"Number":"","Street":"circle","Suffix":"dr","City":"","State":"","Zip":"01571","StreetName":"Circle Dr","Address":null,"StateName":null,"Zip4":null,"MAK":null,"AddressType":null,"RBDI":null,"Results":null,"NoSuffix":""},{"Number":"","Street":"clark","Suffix":"st","City":"","State":"","Zip":"01571","StreetName":"Clark St","Address":null,"StateName":null,"Zip4":null,"MAK":null,"AddressType":null,"RBDI":null,"Results":null,"NoSuffix":""},{"Number":"","Street":"conant","Suffix":"ave","City":"","State":"","Zip":"01571","StreetName":"Conant Ave","Address":null,"StateName":null,"Zip4":null,"MAK":null,"AddressType":null,"RBDI":null,"Results":null,"NoSuffix":""},{"Number":"","Street":"corbin","Suffix":"rd","City":"","State":"","Zip":"01571","StreetName":"Corbin Rd","Address":null,"StateName":null,"Zip4":null,"MAK":null,"AddressType":null,"RBDI":null,"Results":null,"NoSuffix":""},{"Number":"","Street":"corinthia","Suffix":"ct","City":"","State":"","Zip":"01571","StreetName":"Corinthia Ct","Address":null,"StateName":null,"Zip4":null,"MAK":null,"AddressType":null,"RBDI":null,"Results":null,"NoSuffix":""},{"Number":"","Street":"cortis","Suffix":"rd","City":"","State":"","Zip":"01571","StreetName":"Cortis Rd","Address":null,"StateName":null,"Zip4":null,"MAK":null,"AddressType":null,"RBDI":null,"Results":null,"NoSuffix":""},{"Number":"","Street":"cottage","Suffix":"rd","City":"","State":"","Zip":"01571","StreetName":"Cottage Rd","Address":null,"StateName":null,"Zip4":null,"MAK":null,"AddressType":null,"RBDI":null,"Results":null,"NoSuffix":""},{"Number":"","Street":"cross","Suffix":"st","City":"","State":"","Zip":"01571","StreetName":"Cross St","Address":null,"StateName":null,"Zip4":null,"MAK":null,"AddressType":null,"RBDI":null,"Results":null,"NoSuffix":""},{"Number":"","Street":"curfew","Suffix":"ln","City":"","State":"","Zip":"01571","StreetName":"Curfew Ln","Address":null,"StateName":null,"Zip4":null,"MAK":null,"AddressType":null,"RBDI":null,"Results":null,"NoSuffix":""},{"Number":"","Street":"dalessandro","Suffix":"ave","City":"","State":"","Zip":"01571","StreetName":"Dalessandro Ave","Address":null,"StateName":null,"Zip4":null,"MAK":null,"AddressType":null,"RBDI":null,"Results":null,"NoSuffix":""},{"Number":"","Street":"daniels","Suffix":"st","City":"","State":"","Zip":"01571","StreetName":"Daniels St","Address":null,"StateName":null,"Zip4":null,"MAK":null,"AddressType":null,"RBDI":null,"Results":null,"NoSuffix":""},{"Number":"","Street":"darling","Suffix":"rd","City":"","State":"","Zip":"01571","StreetName":"Darling Rd","Address":null,"StateName":null,"Zip4":null,"MAK":null,"AddressType":null,"RBDI":null,"Results":null,"NoSuffix":""},{"Number":"","Street":"daves","Suffix":"way","City":"","State":"","Zip":"01571","StreetName":"Daves Way","Address":null,"StateName":null,"Zip4":null,"MAK":null,"AddressType":null,"RBDI":null,"Results":null,"NoSuffix":""},{"Number":"","Street":"day","Suffix":"rd","City":"","State":"","Zip":"01571","StreetName":"Day Rd","Address":null,"StateName":null,"Zip4":null,"MAK":null,"AddressType":null,"RBDI":null,"Results":null,"NoSuffix":""},{"Number":"","Street":"deary","Suffix":"ln","City":"","State":"","Zip":"01571","StreetName":"Deary Ln","Address":null,"StateName":null,"Zip4":null,"MAK":null,"AddressType":null,"RBDI":null,"Results":null,"NoSuffix":""},{"Number":"","Street":"delaney","Suffix":"ave","City":"","State":"","Zip":"01571","StreetName":"Delaney Ave","Address":null,"StateName":null,"Zip4":null,"MAK":null,"AddressType":null,"RBDI":null,"Results":null,"NoSuffix":""},{"Number":"","Street":"didonato","Suffix":"ter","City":"","State":"","Zip":"01571","StreetName":"Didonato Ter","Address":null,"StateName":null,"Zip4":null,"MAK":null,"AddressType":null,"RBDI":null,"Results":null,"NoSuffix":""},{"Number":"","Street":"donna","Suffix":"ln","City":"","State":"","Zip":"01571","StreetName":"Donna Ln","Address":null,"StateName":null,"Zip4":null,"MAK":null,"AddressType":null,"RBDI":null,"Results":null,"NoSuffix":""},{"Number":"","Street":"dresser hill","Suffix":"rd","City":"","State":"","Zip":"01571","StreetName":"Dresser Hill Rd","Address":null,"StateName":null,"Zip4":null,"MAK":null,"AddressType":null,"RBDI":null,"Results":null,"NoSuffix":""},{"Number":"","Street":"dresser hill number 2","Suffix":"rd","City":"","State":"","Zip":"01571","StreetName":"Dresser Hill Number 2 Rd","Address":null,"StateName":null,"Zip4":null,"MAK":null,"AddressType":null,"RBDI":null,"Results":null,"NoSuffix":""},{"Number":"","Street":"dudley","Suffix":"rd","City":"","State":"","Zip":"01571","StreetName":"Dudley Rd","Address":null,"StateName":null,"Zip4":null,"MAK":null,"AddressType":null,"RBDI":null,"Results":null,"NoSuffix":""},{"Number":"","Street":"dudley hill","Suffix":"rd","City":"","State":"","Zip":"01571","StreetName":"Dudley Hill Rd","Address":null,"StateName":null,"Zip4":null,"MAK":null,"AddressType":null,"RBDI":null,"Results":null,"NoSuffix":""},{"Number":"","Street":"dudley oxford","Suffix":"rd","City":"","State":"","Zip":"01571","StreetName":"Dudley Oxford Rd","Address":null,"StateName":null,"Zip4":null,"MAK":null,"AddressType":null,"RBDI":null,"Results":null,"NoSuffix":""},{"Number":"","Street":"dudley southbridge","Suffix":"rd","City":"","State":"","Zip":"01571","StreetName":"Dudley Southbridge Rd","Address":null,"StateName":null,"Zip4":null,"MAK":null,"AddressType":null,"RBDI":null,"Results":null,"NoSuffix":""},{"Number":"","Street":"durfee","Suffix":"rd","City":"","State":"","Zip":"01571","StreetName":"Durfee Rd","Address":null,"StateName":null,"Zip4":null,"MAK":null,"AddressType":null,"RBDI":null,"Results":null,"NoSuffix":""},{"Number":"","Street":"duval","Suffix":"rd","City":"","State":"","Zip":"01571","StreetName":"Duval Rd","Address":null,"StateName":null,"Zip4":null,"MAK":null,"AddressType":null,"RBDI":null,"Results":null,"NoSuffix":""},{"Number":"","Street":"eagle","Suffix":"dr","City":"","State":"","Zip":"01571","StreetName":"Eagle Dr","Address":null,"StateName":null,"Zip4":null,"MAK":null,"AddressType":null,"RBDI":null,"Results":null,"NoSuffix":""},{"Number":"","Street":"edward","Suffix":"rd","City":"","State":"","Zip":"01571","StreetName":"Edward Rd","Address":null,"StateName":null,"Zip4":null,"MAK":null,"AddressType":null,"RBDI":null,"Results":null,"NoSuffix":""},{"Number":"","Street":"eisenhower","Suffix":"dr","City":"","State":"","Zip":"01571","StreetName":"Eisenhower Dr","Address":null,"StateName":null,"Zip4":null,"MAK":null,"AddressType":null,"RBDI":null,"Results":null,"NoSuffix":""},{"Number":"","Street":"elizabeth","Suffix":"st","City":"","State":"","Zip":"01571","StreetName":"Elizabeth St","Address":null,"StateName":null,"Zip4":null,"MAK":null,"AddressType":null,"RBDI":null,"Results":null,"NoSuffix":""},{"Number":"","Street":"ellis","Suffix":"ave","City":"","State":"","Zip":"01571","StreetName":"Ellis Ave","Address":null,"StateName":null,"Zip4":null,"MAK":null,"AddressType":null,"RBDI":null,"Results":null,"NoSuffix":""},{"Number":"","Street":"eric","Suffix":"way","City":"","State":"","Zip":"01571","StreetName":"Eric Way","Address":null,"StateName":null,"Zip4":null,"MAK":null,"AddressType":null,"RBDI":null,"Results":null,"NoSuffix":""},{"Number":"","Street":"fabyan","Suffix":"rd","City":"","State":"","Zip":"01571","StreetName":"Fabyan Rd","Address":null,"StateName":null,"Zip4":null,"MAK":null,"AddressType":null,"RBDI":null,"Results":null,"NoSuffix":""},{"Number":"","Street":"fairfield","Suffix":"dr","City":"","State":"","Zip":"01571","StreetName":"Fairfield Dr","Address":null,"StateName":null,"Zip4":null,"MAK":null,"AddressType":null,"RBDI":null,"Results":null,"NoSuffix":""},{"Number":"","Street":"fairview","Suffix":"ave","City":"","State":"","Zip":"01571","StreetName":"Fairview Ave","Address":null,"StateName":null,"Zip4":null,"MAK":null,"AddressType":null,"RBDI":null,"Results":null,"NoSuffix":""},{"Number":"","Street":"farley","Suffix":"rd","City":"","State":"","Zip":"01571","StreetName":"Farley Rd","Address":null,"StateName":null,"Zip4":null,"MAK":null,"AddressType":null,"RBDI":null,"Results":null,"NoSuffix":""},{"Number":"","Street":"filo","Suffix":"rd","City":"","State":"","Zip":"01571","StreetName":"Filo Rd","Address":null,"StateName":null,"Zip4":null,"MAK":null,"AddressType":null,"RBDI":null,"Results":null,"NoSuffix":""},{"Number":"","Street":"fish","Suffix":"rd","City":"","State":"","Zip":"01571","StreetName":"Fish Rd","Address":null,"StateName":null,"Zip4":null,"MAK":null,"AddressType":null,"RBDI":null,"Results":null,"NoSuffix":""},{"Number":"","Street":"flaxfield","Suffix":"rd","City":"","State":"","Zip":"01571","StreetName":"Flaxfield Rd","Address":null,"StateName":null,"Zip4":null,"MAK":null,"AddressType":null,"RBDI":null,"Results":null,"NoSuffix":""},{"Number":"","Street":"foskett","Suffix":"rd","City":"","State":"","Zip":"01571","StreetName":"Foskett Rd","Address":null,"StateName":null,"Zip4":null,"MAK":null,"AddressType":null,"RBDI":null,"Results":null,"NoSuffix":""},{"Number":"","Street":"francis","Suffix":"dr","City":"","State":"","Zip":"01571","StreetName":"Francis Dr","Address":null,"StateName":null,"Zip4":null,"MAK":null,"AddressType":null,"RBDI":null,"Results":null,"NoSuffix":""},{"Number":"","Street":"franks","Suffix":"ln","City":"","State":"","Zip":"01571","StreetName":"Franks Ln","Address":null,"StateName":null,"Zip4":null,"MAK":null,"AddressType":null,"RBDI":null,"Results":null,"NoSuffix":""},{"Number":"","Street":"french","Suffix":"rd","City":"","State":"","Zip":"01571","StreetName":"French Rd","Address":null,"StateName":null,"Zip4":null,"MAK":null,"AddressType":null,"RBDI":null,"Results":null,"NoSuffix":""},{"Number":"","Street":"g and s","Suffix":"dr","City":"","State":"","Zip":"01571","StreetName":"G And S Dr","Address":null,"StateName":null,"Zip4":null,"MAK":null,"AddressType":null,"RBDI":null,"Results":null,"NoSuffix":""},{"Number":"","Street":"george","Suffix":"st","City":"","State":"","Zip":"01571","StreetName":"George St","Address":null,"StateName":null,"Zip4":null,"MAK":null,"AddressType":null,"RBDI":null,"Results":null,"NoSuffix":""},{"Number":"","Street":"glendale","Suffix":"dr","City":"","State":"","Zip":"01571","StreetName":"Glendale Dr","Address":null,"StateName":null,"Zip4":null,"MAK":null,"AddressType":null,"RBDI":null,"Results":null,"NoSuffix":""},{"Number":"","Street":"grace","Suffix":"ln","City":"","State":"","Zip":"01571","StreetName":"Grace Ln","Address":null,"StateName":null,"Zip4":null,"MAK":null,"AddressType":null,"RBDI":null,"Results":null,"NoSuffix":""},{"Number":"","Street":"green","Suffix":"st","City":"","State":"","Zip":"01571","StreetName":"Green St","Address":null,"StateName":null,"Zip4":null,"MAK":null,"AddressType":null,"RBDI":null,"Results":null,"NoSuffix":""},{"Number":"","Street":"greenwood","Suffix":"ave","City":"","State":"","Zip":"01571","StreetName":"Greenwood Ave","Address":null,"StateName":null,"Zip4":null,"MAK":null,"AddressType":null,"RBDI":null,"Results":null,"NoSuffix":""},{"Number":"","Street":"guenther","Suffix":"dr","City":"","State":"","Zip":"01571","StreetName":"Guenther Dr","Address":null,"StateName":null,"Zip4":null,"MAK":null,"AddressType":null,"RBDI":null,"Results":null,"NoSuffix":""},{"Number":"","Street":"hall","Suffix":"rd","City":"","State":"","Zip":"01571","StreetName":"Hall Rd","Address":null,"StateName":null,"Zip4":null,"MAK":null,"AddressType":null,"RBDI":null,"Results":null,"NoSuffix":""},{"Number":"","Street":"hayden pond","Suffix":"rd","City":"","State":"","Zip":"01571","StreetName":"Hayden Pond Rd","Address":null,"StateName":null,"Zip4":null,"MAK":null,"AddressType":null,"RBDI":null,"Results":null,"NoSuffix":""},{"Number":"","Street":"healy","Suffix":"rd","City":"","State":"","Zip":"01571","StreetName":"Healy Rd","Address":null,"StateName":null,"Zip4":null,"MAK":null,"AddressType":null,"RBDI":null,"Results":null,"NoSuffix":""},{"Number":"","Street":"henry marsh","Suffix":"rd","City":"","State":"","Zip":"01571","StreetName":"Henry Marsh Rd","Address":null,"StateName":null,"Zip4":null,"MAK":null,"AddressType":null,"RBDI":null,"Results":null,"NoSuffix":""},{"Number":"","Street":"hickory","Suffix":"dr","City":"","State":"","Zip":"01571","StreetName":"Hickory Dr","Address":null,"StateName":null,"Zip4":null,"MAK":null,"AddressType":null,"RBDI":null,"Results":null,"NoSuffix":""},{"Number":"","Street":"hill","Suffix":"ct","City":"","State":"","Zip":"01571","StreetName":"Hill Ct","Address":null,"StateName":null,"Zip4":null,"MAK":null,"AddressType":null,"RBDI":null,"Results":null,"NoSuffix":""},{"Number":"","Street":"hillcrest","Suffix":"st","City":"","State":"","Zip":"01571","StreetName":"Hillcrest St","Address":null,"StateName":null,"Zip4":null,"MAK":null,"AddressType":null,"RBDI":null,"Results":null,"NoSuffix":""},{"Number":"","Street":"indian","Suffix":"rd","City":"","State":"","Zip":"01571","StreetName":"Indian Rd","Address":null,"StateName":null,"Zip4":null,"MAK":null,"AddressType":null,"RBDI":null,"Results":null,"NoSuffix":""},{"Number":"","Street":"intervale","Suffix":"cir","City":"","State":"","Zip":"01571","StreetName":"Intervale Cir","Address":null,"StateName":null,"Zip4":null,"MAK":null,"AddressType":null,"RBDI":null,"Results":null,"NoSuffix":""},{"Number":"","Street":"intervale","Suffix":"rd","City":"","State":"","Zip":"01571","StreetName":"Intervale Rd","Address":null,"StateName":null,"Zip4":null,"MAK":null,"AddressType":null,"RBDI":null,"Results":null,"NoSuffix":""},{"Number":"","Street":"james","Suffix":"st","City":"","State":"","Zip":"01571","StreetName":"James St","Address":null,"StateName":null,"Zip4":null,"MAK":null,"AddressType":null,"RBDI":null,"Results":null,"NoSuffix":""},{"Number":"","Street":"jaybee","Suffix":"ave","City":"","State":"","Zip":"01571","StreetName":"Jaybee Ave","Address":null,"StateName":null,"Zip4":null,"MAK":null,"AddressType":null,"RBDI":null,"Results":null,"NoSuffix":""},{"Number":"","Street":"jean","Suffix":"st","City":"","State":"","Zip":"01571","StreetName":"Jean St","Address":null,"StateName":null,"Zip4":null,"MAK":null,"AddressType":null,"RBDI":null,"Results":null,"NoSuffix":""},{"Number":"","Street":"jesse","Suffix":"rd","City":"","State":"","Zip":"01571","StreetName":"Jesse Rd","Address":null,"StateName":null,"Zip4":null,"MAK":null,"AddressType":null,"RBDI":null,"Results":null,"NoSuffix":""},{"Number":"","Street":"jimton","Suffix":"ln","City":"","State":"","Zip":"01571","StreetName":"Jimton Ln","Address":null,"StateName":null,"Zip4":null,"MAK":null,"AddressType":null,"RBDI":null,"Results":null,"NoSuffix":""},{"Number":"","Street":"johnathan","Suffix":"pass","City":"","State":"","Zip":"01571","StreetName":"Johnathan Pass","Address":null,"StateName":null,"Zip4":null,"MAK":null,"AddressType":null,"RBDI":null,"Results":null,"NoSuffix":""},{"Number":"","Street":"jons","Suffix":"way","City":"","State":"","Zip":"01571","StreetName":"Jons Way","Address":null,"StateName":null,"Zip4":null,"MAK":null,"AddressType":null,"RBDI":null,"Results":null,"NoSuffix":""},{"Number":"","Street":"joseph","Suffix":"st","City":"","State":"","Zip":"01571","StreetName":"Joseph St","Address":null,"StateName":null,"Zip4":null,"MAK":null,"AddressType":null,"RBDI":null,"Results":null,"NoSuffix":""},{"Number":"","Street":"joshua","Suffix":"pl","City":"","State":"","Zip":"01571","StreetName":"Joshua Pl","Address":null,"StateName":null,"Zip4":null,"MAK":null,"AddressType":null,"RBDI":null,"Results":null,"NoSuffix":""},{"Number":"","Street":"josiah","Suffix":"blvd","City":"","State":"","Zip":"01571","StreetName":"Josiah Blvd","Address":null,"StateName":null,"Zip4":null,"MAK":null,"AddressType":null,"RBDI":null,"Results":null,"NoSuffix":""},{"Number":"","Street":"june","Suffix":"st","City":"","State":"","Zip":"01571","StreetName":"June St","Address":null,"StateName":null,"Zip4":null,"MAK":null,"AddressType":null,"RBDI":null,"Results":null,"NoSuffix":""},{"Number":"","Street":"juniper","Suffix":"ln","City":"","State":"","Zip":"01571","StreetName":"Juniper Ln","Address":null,"StateName":null,"Zip4":null,"MAK":null,"AddressType":null,"RBDI":null,"Results":null,"NoSuffix":""},{"Number":"","Street":"katie","Suffix":"ln","City":"","State":"","Zip":"01571","StreetName":"Katie Ln","Address":null,"StateName":null,"Zip4":null,"MAK":null,"AddressType":null,"RBDI":null,"Results":null,"NoSuffix":""},{"Number":"","Street":"kayla","Suffix":"ln","City":"","State":"","Zip":"01571","StreetName":"Kayla Ln","Address":null,"StateName":null,"Zip4":null,"MAK":null,"AddressType":null,"RBDI":null,"Results":null,"NoSuffix":""},{"Number":"","Street":"kennedy","Suffix":"dr","City":"","State":"","Zip":"01571","StreetName":"Kennedy Dr","Address":null,"StateName":null,"Zip4":null,"MAK":null,"AddressType":null,"RBDI":null,"Results":null,"NoSuffix":""},{"Number":"","Street":"klondike","Suffix":"rd","City":"","State":"","Zip":"01571","StreetName":"Klondike Rd","Address":null,"StateName":null,"Zip4":null,"MAK":null,"AddressType":null,"RBDI":null,"Results":null,"NoSuffix":""},{"Number":"","Street":"knollwood","Suffix":"rd","City":"","State":"","Zip":"01571","StreetName":"Knollwood Rd","Address":null,"StateName":null,"Zip4":null,"MAK":null,"AddressType":null,"RBDI":null,"Results":null,"NoSuffix":""},{"Number":"","Street":"koebke","Suffix":"rd","City":"","State":"","Zip":"01571","StreetName":"Koebke Rd","Address":null,"StateName":null,"Zip4":null,"MAK":null,"AddressType":null,"RBDI":null,"Results":null,"NoSuffix":""},{"Number":"","Street":"konkel","Suffix":"dr","City":"","State":"","Zip":"01571","StreetName":"Konkel Dr","Address":null,"StateName":null,"Zip4":null,"MAK":null,"AddressType":null,"RBDI":null,"Results":null,"NoSuffix":""},{"Number":"","Street":"korch","Suffix":"ave","City":"","State":"","Zip":"01571","StreetName":"Korch Ave","Address":null,"StateName":null,"Zip4":null,"MAK":null,"AddressType":null,"RBDI":null,"Results":null,"NoSuffix":""},{"Number":"","Street":"lakeside","Suffix":"dr","City":"","State":"","Zip":"01571","StreetName":"Lakeside Dr","Address":null,"StateName":null,"Zip4":null,"MAK":null,"AddressType":null,"RBDI":null,"Results":null,"NoSuffix":""},{"Number":"","Street":"lakeview","Suffix":"ave","City":"","State":"","Zip":"01571","StreetName":"Lakeview Ave","Address":null,"StateName":null,"Zip4":null,"MAK":null,"AddressType":null,"RBDI":null,"Results":null,"NoSuffix":""},{"Number":"","Street":"laprise","Suffix":"ct","City":"","State":"","Zip":"01571","StreetName":"Laprise Ct","Address":null,"StateName":null,"Zip4":null,"MAK":null,"AddressType":null,"RBDI":null,"Results":null,"NoSuffix":""},{"Number":"","Street":"laura","Suffix":"way","City":"","State":"","Zip":"01571","StreetName":"Laura Way","Address":null,"StateName":null,"Zip4":null,"MAK":null,"AddressType":null,"RBDI":null,"Results":null,"NoSuffix":""},{"Number":"","Street":"laurel","Suffix":"ln","City":"","State":"","Zip":"01571","StreetName":"Laurel Ln","Address":null,"StateName":null,"Zip4":null,"MAK":null,"AddressType":null,"RBDI":null,"Results":null,"NoSuffix":""},{"Number":"","Street":"lawrence","Suffix":"rd","City":"","State":"","Zip":"01571","StreetName":"Lawrence Rd","Address":null,"StateName":null,"Zip4":null,"MAK":null,"AddressType":null,"RBDI":null,"Results":null,"NoSuffix":""},{"Number":"","Street":"lempicki","Suffix":"rd","City":"","State":"","Zip":"01571","StreetName":"Lempicki Rd","Address":null,"StateName":null,"Zip4":null,"MAK":null,"AddressType":null,"RBDI":null,"Results":null,"NoSuffix":""},{"Number":"","Street":"leo","Suffix":"ave","City":"","State":"","Zip":"01571","StreetName":"Leo Ave","Address":null,"StateName":null,"Zip4":null,"MAK":null,"AddressType":null,"RBDI":null,"Results":null,"NoSuffix":""},{"Number":"","Street":"leonard","Suffix":"ave","City":"","State":"","Zip":"01571","StreetName":"Leonard Ave","Address":null,"StateName":null,"Zip4":null,"MAK":null,"AddressType":null,"RBDI":null,"Results":null,"NoSuffix":""},{"Number":"","Street":"lerner","Suffix":"dr","City":"","State":"","Zip":"01571","StreetName":"Lerner Dr","Address":null,"StateName":null,"Zip4":null,"MAK":null,"AddressType":null,"RBDI":null,"Results":null,"NoSuffix":""},{"Number":"","Street":"linda vista","Suffix":"ln","City":"","State":"","Zip":"01571","StreetName":"Linda Vista Ln","Address":null,"StateName":null,"Zip4":null,"MAK":null,"AddressType":null,"RBDI":null,"Results":null,"NoSuffix":""},{"Number":"","Street":"lous","Suffix":"dr","City":"","State":"","Zip":"01571","StreetName":"Lous Dr","Address":null,"StateName":null,"Zip4":null,"MAK":null,"AddressType":null,"RBDI":null,"Results":null,"NoSuffix":""},{"Number":"","Street":"luther","Suffix":"ln","City":"","State":"","Zip":"01571","StreetName":"Luther Ln","Address":null,"StateName":null,"Zip4":null,"MAK":null,"AddressType":null,"RBDI":null,"Results":null,"NoSuffix":""},{"Number":"","Street":"lynn","Suffix":"ln","City":"","State":"","Zip":"01571","StreetName":"Lynn Ln","Address":null,"StateName":null,"Zip4":null,"MAK":null,"AddressType":null,"RBDI":null,"Results":null,"NoSuffix":""},{"Number":"","Street":"lyons","Suffix":"rd","City":"","State":"","Zip":"01571","StreetName":"Lyons Rd","Address":null,"StateName":null,"Zip4":null,"MAK":null,"AddressType":null,"RBDI":null,"Results":null,"NoSuffix":""},{"Number":"","Street":"main","Suffix":"st","City":"","State":"","Zip":"01571","StreetName":"Main St","Address":null,"StateName":null,"Zip4":null,"MAK":null,"AddressType":null,"RBDI":null,"Results":null,"NoSuffix":""},{"Number":"","Street":"maple","Suffix":"dr","City":"","State":"","Zip":"01571","StreetName":"Maple Dr","Address":null,"StateName":null,"Zip4":null,"MAK":null,"AddressType":null,"RBDI":null,"Results":null,"NoSuffix":""},{"Number":"","Street":"marsh","Suffix":"rd","City":"","State":"","Zip":"01571","StreetName":"Marsh Rd","Address":null,"StateName":null,"Zip4":null,"MAK":null,"AddressType":null,"RBDI":null,"Results":null,"NoSuffix":""},{"Number":"","Street":"marshall","Suffix":"ter","City":"","State":"","Zip":"01571","StreetName":"Marshall Ter","Address":null,"StateName":null,"Zip4":null,"MAK":null,"AddressType":null,"RBDI":null,"Results":null,"NoSuffix":""},{"Number":"","Street":"mason","Suffix":"rd","City":"","State":"","Zip":"01571","StreetName":"Mason Rd","Address":null,"StateName":null,"Zip4":null,"MAK":null,"AddressType":null,"RBDI":null,"Results":null,"NoSuffix":""},{"Number":"","Street":"mason","Suffix":"ter","City":"","State":"","Zip":"01571","StreetName":"Mason Ter","Address":null,"StateName":null,"Zip4":null,"MAK":null,"AddressType":null,"RBDI":null,"Results":null,"NoSuffix":""},{"Number":"","Street":"mason road","Suffix":"ext","City":"","State":"","Zip":"01571","StreetName":"Mason Road Ext","Address":null,"StateName":null,"Zip4":null,"MAK":null,"AddressType":null,"RBDI":null,"Results":null,"NoSuffix":""},{"Number":"","Street":"maynard","Suffix":"rd","City":"","State":"","Zip":"01571","StreetName":"Maynard Rd","Address":null,"StateName":null,"Zip4":null,"MAK":null,"AddressType":null,"RBDI":null,"Results":null,"NoSuffix":""},{"Number":"","Street":"mcquade","Suffix":"ln","City":"","State":"","Zip":"01571","StreetName":"Mcquade Ln","Address":null,"StateName":null,"Zip4":null,"MAK":null,"AddressType":null,"RBDI":null,"Results":null,"NoSuffix":""},{"Number":"","Street":"meadow","Suffix":"ln","City":"","State":"","Zip":"01571","StreetName":"Meadow Ln","Address":null,"StateName":null,"Zip4":null,"MAK":null,"AddressType":null,"RBDI":null,"Results":null,"NoSuffix":""},{"Number":"","Street":"menzone","Suffix":"dr","City":"","State":"","Zip":"01571","StreetName":"Menzone Dr","Address":null,"StateName":null,"Zip4":null,"MAK":null,"AddressType":null,"RBDI":null,"Results":null,"NoSuffix":""},{"Number":"","Street":"michael","Suffix":"ln","City":"","State":"","Zip":"01571","StreetName":"Michael Ln","Address":null,"StateName":null,"Zip4":null,"MAK":null,"AddressType":null,"RBDI":null,"Results":null,"NoSuffix":""},{"Number":"","Street":"mill","Suffix":"rd","City":"","State":"","Zip":"01571","StreetName":"Mill Rd","Address":null,"StateName":null,"Zip4":null,"MAK":null,"AddressType":null,"RBDI":null,"Results":null,"NoSuffix":""},{"Number":"","Street":"mill","Suffix":"st","City":"","State":"","Zip":"01571","StreetName":"Mill St","Address":null,"StateName":null,"Zip4":null,"MAK":null,"AddressType":null,"RBDI":null,"Results":null,"NoSuffix":""},{"Number":"","Street":"misty meadow","Suffix":"ln","City":"","State":"","Zip":"01571","StreetName":"Misty Meadow Ln","Address":null,"StateName":null,"Zip4":null,"MAK":null,"AddressType":null,"RBDI":null,"Results":null,"NoSuffix":""},{"Number":"","Street":"nelco","Suffix":"ave","City":"","State":"","Zip":"01571","StreetName":"Nelco Ave","Address":null,"StateName":null,"Zip4":null,"MAK":null,"AddressType":null,"RBDI":null,"Results":null,"NoSuffix":""},{"Number":"","Street":"nellies","Suffix":"way","City":"","State":"","Zip":"01571","StreetName":"Nellies Way","Address":null,"StateName":null,"Zip4":null,"MAK":null,"AddressType":null,"RBDI":null,"Results":null,"NoSuffix":""},{"Number":"","Street":"new boston","Suffix":"rd","City":"","State":"","Zip":"01571","StreetName":"New Boston Rd","Address":null,"StateName":null,"Zip4":null,"MAK":null,"AddressType":null,"RBDI":null,"Results":null,"NoSuffix":""},{"Number":"","Street":"noble","Suffix":"st","City":"","State":"","Zip":"01571","StreetName":"Noble St","Address":null,"StateName":null,"Zip4":null,"MAK":null,"AddressType":null,"RBDI":null,"Results":null,"NoSuffix":""},{"Number":"","Street":"norman","Suffix":"ln","City":"","State":"","Zip":"01571","StreetName":"Norman Ln","Address":null,"StateName":null,"Zip4":null,"MAK":null,"AddressType":null,"RBDI":null,"Results":null,"NoSuffix":""},{"Number":"","Street":"oak","Suffix":"st","City":"","State":"","Zip":"01571","StreetName":"Oak St","Address":null,"StateName":null,"Zip4":null,"MAK":null,"AddressType":null,"RBDI":null,"Results":null,"NoSuffix":""},{"Number":"","Street":"oakwood","Suffix":"ave","City":"","State":"","Zip":"01571","StreetName":"Oakwood Ave","Address":null,"StateName":null,"Zip4":null,"MAK":null,"AddressType":null,"RBDI":null,"Results":null,"NoSuffix":""},{"Number":"","Street":"office hill","Suffix":"rd","City":"","State":"","Zip":"01571","StreetName":"Office Hill Rd","Address":null,"StateName":null,"Zip4":null,"MAK":null,"AddressType":null,"RBDI":null,"Results":null,"NoSuffix":""},{"Number":"","Street":"old southbridge","Suffix":"rd","City":"","State":"","Zip":"01571","StreetName":"Old Southbridge Rd","Address":null,"StateName":null,"Zip4":null,"MAK":null,"AddressType":null,"RBDI":null,"Results":null,"NoSuffix":""},{"Number":"","Street":"overlook","Suffix":"dr","City":"","State":"","Zip":"01571","StreetName":"Overlook Dr","Address":null,"StateName":null,"Zip4":null,"MAK":null,"AddressType":null,"RBDI":null,"Results":null,"NoSuffix":""},{"Number":"","Street":"oxford","Suffix":"ave","City":"","State":"","Zip":"01571","StreetName":"Oxford Ave","Address":null,"StateName":null,"Zip4":null,"MAK":null,"AddressType":null,"RBDI":null,"Results":null,"NoSuffix":""},{"Number":"","Street":"packard","Suffix":"dr","City":"","State":"","Zip":"01571","StreetName":"Packard Dr","Address":null,"StateName":null,"Zip4":null,"MAK":null,"AddressType":null,"RBDI":null,"Results":null,"NoSuffix":""},{"Number":"","Street":"page","Suffix":"ln","City":"","State":"","Zip":"01571","StreetName":"Page Ln","Address":null,"StateName":null,"Zip4":null,"MAK":null,"AddressType":null,"RBDI":null,"Results":null,"NoSuffix":""},{"Number":"","Street":"paglione","Suffix":"dr","City":"","State":"","Zip":"01571","StreetName":"Paglione Dr","Address":null,"StateName":null,"Zip4":null,"MAK":null,"AddressType":null,"RBDI":null,"Results":null,"NoSuffix":""},{"Number":"","Street":"partridge hill","Suffix":"rd","City":"","State":"","Zip":"01571","StreetName":"Partridge Hill Rd","Address":null,"StateName":null,"Zip4":null,"MAK":null,"AddressType":null,"RBDI":null,"Results":null,"NoSuffix":""},{"Number":"","Street":"pattison","Suffix":"ave","City":"","State":"","Zip":"01571","StreetName":"Pattison Ave","Address":null,"StateName":null,"Zip4":null,"MAK":null,"AddressType":null,"RBDI":null,"Results":null,"NoSuffix":""},{"Number":"","Street":"paula","Suffix":"ln","City":"","State":"","Zip":"01571","StreetName":"Paula Ln","Address":null,"StateName":null,"Zip4":null,"MAK":null,"AddressType":null,"RBDI":null,"Results":null,"NoSuffix":""},{"Number":"","Street":"peck","Suffix":"ave","City":"","State":"","Zip":"01571","StreetName":"Peck Ave","Address":null,"StateName":null,"Zip4":null,"MAK":null,"AddressType":null,"RBDI":null,"Results":null,"NoSuffix":""},{"Number":"","Street":"perry","Suffix":"ln","City":"","State":"","Zip":"01571","StreetName":"Perry Ln","Address":null,"StateName":null,"Zip4":null,"MAK":null,"AddressType":null,"RBDI":null,"Results":null,"NoSuffix":""},{"Number":"","Street":"peter","Suffix":"st","City":"","State":"","Zip":"01571","StreetName":"Peter St","Address":null,"StateName":null,"Zip4":null,"MAK":null,"AddressType":null,"RBDI":null,"Results":null,"NoSuffix":""},{"Number":"","Street":"piasta","Suffix":"rd","City":"","State":"","Zip":"01571","StreetName":"Piasta Rd","Address":null,"StateName":null,"Zip4":null,"MAK":null,"AddressType":null,"RBDI":null,"Results":null,"NoSuffix":""},{"Number":"","Street":"pierpont","Suffix":"rd","City":"","State":"","Zip":"01571","StreetName":"Pierpont Rd","Address":null,"StateName":null,"Zip4":null,"MAK":null,"AddressType":null,"RBDI":null,"Results":null,"NoSuffix":""},{"Number":"","Street":"pine","Suffix":"st","City":"","State":"","Zip":"01571","StreetName":"Pine St","Address":null,"StateName":null,"Zip4":null,"MAK":null,"AddressType":null,"RBDI":null,"Results":null,"NoSuffix":""},{"Number":"","Street":"pineview","Suffix":"rd","City":"","State":"","Zip":"01571","StreetName":"Pineview Rd","Address":null,"StateName":null,"Zip4":null,"MAK":null,"AddressType":null,"RBDI":null,"Results":null,"NoSuffix":""},{"Number":"","Street":"po box","Suffix":"","City":"","State":"","Zip":"01571","StreetName":"Po Box","Address":null,"StateName":null,"Zip4":null,"MAK":null,"AddressType":null,"RBDI":null,"Results":null,"NoSuffix":"t"},{"Number":"","Street":"pondview","Suffix":"ter","City":"","State":"","Zip":"01571","StreetName":"Pondview Ter","Address":null,"StateName":null,"Zip4":null,"MAK":null,"AddressType":null,"RBDI":null,"Results":null,"NoSuffix":""},{"Number":"","Street":"prince","Suffix":"cir","City":"","State":"","Zip":"01571","StreetName":"Prince Cir","Address":null,"StateName":null,"Zip4":null,"MAK":null,"AddressType":null,"RBDI":null,"Results":null,"NoSuffix":""},{"Number":"","Street":"progress","Suffix":"ave","City":"","State":"","Zip":"01571","StreetName":"Progress Ave","Address":null,"StateName":null,"Zip4":null,"MAK":null,"AddressType":null,"RBDI":null,"Results":null,"NoSuffix":""},{"Number":"","Street":"prospect","Suffix":"ave","City":"","State":"","Zip":"01571","StreetName":"Prospect Ave","Address":null,"StateName":null,"Zip4":null,"MAK":null,"AddressType":null,"RBDI":null,"Results":null,"NoSuffix":""},{"Number":"","Street":"putnam","Suffix":"rd","City":"","State":"","Zip":"01571","StreetName":"Putnam Rd","Address":null,"StateName":null,"Zip4":null,"MAK":null,"AddressType":null,"RBDI":null,"Results":null,"NoSuffix":""},{"Number":"","Street":"queen","Suffix":"cir","City":"","State":"","Zip":"01571","StreetName":"Queen Cir","Address":null,"StateName":null,"Zip4":null,"MAK":null,"AddressType":null,"RBDI":null,"Results":null,"NoSuffix":""},{"Number":"","Street":"quinebaug","Suffix":"rd","City":"","State":"","Zip":"01571","StreetName":"Quinebaug Rd","Address":null,"StateName":null,"Zip4":null,"MAK":null,"AddressType":null,"RBDI":null,"Results":null,"NoSuffix":""},{"Number":"","Street":"railroad","Suffix":"ave","City":"","State":"","Zip":"01571","StreetName":"Railroad Ave","Address":null,"StateName":null,"Zip4":null,"MAK":null,"AddressType":null,"RBDI":null,"Results":null,"NoSuffix":""},{"Number":"","Street":"ramshorn","Suffix":"rd","City":"","State":"","Zip":"01571","StreetName":"Ramshorn Rd","Address":null,"StateName":null,"Zip4":null,"MAK":null,"AddressType":null,"RBDI":null,"Results":null,"NoSuffix":""},{"Number":"","Street":"raymond","Suffix":"st","City":"","State":"","Zip":"01571","StreetName":"Raymond St","Address":null,"StateName":null,"Zip4":null,"MAK":null,"AddressType":null,"RBDI":null,"Results":null,"NoSuffix":""},{"Number":"","Street":"ridge","Suffix":"dr","City":"","State":"","Zip":"01571","StreetName":"Ridge Dr","Address":null,"StateName":null,"Zip4":null,"MAK":null,"AddressType":null,"RBDI":null,"Results":null,"NoSuffix":""},{"Number":"","Street":"river","Suffix":"ct","City":"","State":"","Zip":"01571","StreetName":"River Ct","Address":null,"StateName":null,"Zip4":null,"MAK":null,"AddressType":null,"RBDI":null,"Results":null,"NoSuffix":""},{"Number":"","Street":"river","Suffix":"st","City":"","State":"","Zip":"01571","StreetName":"River St","Address":null,"StateName":null,"Zip4":null,"MAK":null,"AddressType":null,"RBDI":null,"Results":null,"NoSuffix":""},{"Number":"","Street":"roberts","Suffix":"rd","City":"","State":"","Zip":"01571","StreetName":"Roberts Rd","Address":null,"StateName":null,"Zip4":null,"MAK":null,"AddressType":null,"RBDI":null,"Results":null,"NoSuffix":""},{"Number":"","Street":"rocky","Suffix":"rd","City":"","State":"","Zip":"01571","StreetName":"Rocky Rd","Address":null,"StateName":null,"Zip4":null,"MAK":null,"AddressType":null,"RBDI":null,"Results":null,"NoSuffix":""},{"Number":"","Street":"sabaj","Suffix":"way","City":"","State":"","Zip":"01571","StreetName":"Sabaj Way","Address":null,"StateName":null,"Zip4":null,"MAK":null,"AddressType":null,"RBDI":null,"Results":null,"NoSuffix":""},{"Number":"","Street":"saenger","Suffix":"st","City":"","State":"","Zip":"01571","StreetName":"Saenger St","Address":null,"StateName":null,"Zip4":null,"MAK":null,"AddressType":null,"RBDI":null,"Results":null,"NoSuffix":""},{"Number":"","Street":"sanborn","Suffix":"st","City":"","State":"","Zip":"01571","StreetName":"Sanborn St","Address":null,"StateName":null,"Zip4":null,"MAK":null,"AddressType":null,"RBDI":null,"Results":null,"NoSuffix":""},{"Number":"","Street":"sandra","Suffix":"ln","City":"","State":"","Zip":"01571","StreetName":"Sandra Ln","Address":null,"StateName":null,"Zip4":null,"MAK":null,"AddressType":null,"RBDI":null,"Results":null,"NoSuffix":""},{"Number":"","Street":"sawmill","Suffix":"rd","City":"","State":"","Zip":"01571","StreetName":"Sawmill Rd","Address":null,"StateName":null,"Zip4":null,"MAK":null,"AddressType":null,"RBDI":null,"Results":null,"NoSuffix":""},{"Number":"","Street":"sayles","Suffix":"way","City":"","State":"","Zip":"01571","StreetName":"Sayles Way","Address":null,"StateName":null,"Zip4":null,"MAK":null,"AddressType":null,"RBDI":null,"Results":null,"NoSuffix":""},{"Number":"","Street":"schofield","Suffix":"ave","City":"","State":"","Zip":"01571","StreetName":"Schofield Ave","Address":null,"StateName":null,"Zip4":null,"MAK":null,"AddressType":null,"RBDI":null,"Results":null,"NoSuffix":""},{"Number":"","Street":"school","Suffix":"ct","City":"","State":"","Zip":"01571","StreetName":"School Ct","Address":null,"StateName":null,"Zip4":null,"MAK":null,"AddressType":null,"RBDI":null,"Results":null,"NoSuffix":""},{"Number":"","Street":"school","Suffix":"st","City":"","State":"","Zip":"01571","StreetName":"School St","Address":null,"StateName":null,"Zip4":null,"MAK":null,"AddressType":null,"RBDI":null,"Results":null,"NoSuffix":""},{"Number":"","Street":"schoolhouse","Suffix":"rd","City":"","State":"","Zip":"01571","StreetName":"Schoolhouse Rd","Address":null,"StateName":null,"Zip4":null,"MAK":null,"AddressType":null,"RBDI":null,"Results":null,"NoSuffix":""},{"Number":"","Street":"shepherd","Suffix":"ave","City":"","State":"","Zip":"01571","StreetName":"Shepherd Ave","Address":null,"StateName":null,"Zip4":null,"MAK":null,"AddressType":null,"RBDI":null,"Results":null,"NoSuffix":""},{"Number":"","Street":"shine","Suffix":"ave","City":"","State":"","Zip":"01571","StreetName":"Shine Ave","Address":null,"StateName":null,"Zip4":null,"MAK":null,"AddressType":null,"RBDI":null,"Results":null,"NoSuffix":""},{"Number":"","Street":"silvestri","Suffix":"rd","City":"","State":"","Zip":"01571","StreetName":"Silvestri Rd","Address":null,"StateName":null,"Zip4":null,"MAK":null,"AddressType":null,"RBDI":null,"Results":null,"NoSuffix":""},{"Number":"","Street":"southbridge","Suffix":"rd","City":"","State":"","Zip":"01571","StreetName":"Southbridge Rd","Address":null,"StateName":null,"Zip4":null,"MAK":null,"AddressType":null,"RBDI":null,"Results":null,"NoSuffix":""},{"Number":"","Street":"st anthony","Suffix":"st","City":"","State":"","Zip":"01571","StreetName":"St Anthony St","Address":null,"StateName":null,"Zip4":null,"MAK":null,"AddressType":null,"RBDI":null,"Results":null,"NoSuffix":""},{"Number":"","Street":"st mary","Suffix":"ave","City":"","State":"","Zip":"01571","StreetName":"St Mary Ave","Address":null,"StateName":null,"Zip4":null,"MAK":null,"AddressType":null,"RBDI":null,"Results":null,"NoSuffix":""},{"Number":"","Street":"stebbins","Suffix":"dr","City":"","State":"","Zip":"01571","StreetName":"Stebbins Dr","Address":null,"StateName":null,"Zip4":null,"MAK":null,"AddressType":null,"RBDI":null,"Results":null,"NoSuffix":""},{"Number":"","Street":"summer","Suffix":"ln","City":"","State":"","Zip":"01571","StreetName":"Summer Ln","Address":null,"StateName":null,"Zip4":null,"MAK":null,"AddressType":null,"RBDI":null,"Results":null,"NoSuffix":""},{"Number":"","Street":"sunnyside","Suffix":"rd","City":"","State":"","Zip":"01571","StreetName":"Sunnyside Rd","Address":null,"StateName":null,"Zip4":null,"MAK":null,"AddressType":null,"RBDI":null,"Results":null,"NoSuffix":""},{"Number":"","Street":"sunrise","Suffix":"shrs","City":"","State":"","Zip":"01571","StreetName":"Sunrise Shrs","Address":null,"StateName":null,"Zip4":null,"MAK":null,"AddressType":null,"RBDI":null,"Results":null,"NoSuffix":""},{"Number":"","Street":"sunset","Suffix":"dr","City":"","State":"","Zip":"01571","StreetName":"Sunset Dr","Address":null,"StateName":null,"Zip4":null,"MAK":null,"AddressType":null,"RBDI":null,"Results":null,"NoSuffix":""},{"Number":"","Street":"susan","Suffix":"dr","City":"","State":"","Zip":"01571","StreetName":"Susan Dr","Address":null,"StateName":null,"Zip4":null,"MAK":null,"AddressType":null,"RBDI":null,"Results":null,"NoSuffix":""},{"Number":"","Street":"tanyard","Suffix":"rd","City":"","State":"","Zip":"01571","StreetName":"Tanyard Rd","Address":null,"StateName":null,"Zip4":null,"MAK":null,"AddressType":null,"RBDI":null,"Results":null,"NoSuffix":""},{"Number":"","Street":"tobin","Suffix":"dr","City":"","State":"","Zip":"01571","StreetName":"Tobin Dr","Address":null,"StateName":null,"Zip4":null,"MAK":null,"AddressType":null,"RBDI":null,"Results":null,"NoSuffix":""},{"Number":"","Street":"tomahawk","Suffix":"dr","City":"","State":"","Zip":"01571","StreetName":"Tomahawk Dr","Address":null,"StateName":null,"Zip4":null,"MAK":null,"AddressType":null,"RBDI":null,"Results":null,"NoSuffix":""},{"Number":"","Street":"townfarm","Suffix":"rd","City":"","State":"","Zip":"01571","StreetName":"Townfarm Rd","Address":null,"StateName":null,"Zip4":null,"MAK":null,"AddressType":null,"RBDI":null,"Results":null,"NoSuffix":""},{"Number":"","Street":"tracy","Suffix":"rd","City":"","State":"","Zip":"01571","StreetName":"Tracy Rd","Address":null,"StateName":null,"Zip4":null,"MAK":null,"AddressType":null,"RBDI":null,"Results":null,"NoSuffix":""},{"Number":"","Street":"upper perryville","Suffix":"rd","City":"","State":"","Zip":"01571","StreetName":"Upper Perryville Rd","Address":null,"StateName":null,"Zip4":null,"MAK":null,"AddressType":null,"RBDI":null,"Results":null,"NoSuffix":""},{"Number":"","Street":"val go","Suffix":"way","City":"","State":"","Zip":"01571","StreetName":"Val Go Way","Address":null,"StateName":null,"Zip4":null,"MAK":null,"AddressType":null,"RBDI":null,"Results":null,"NoSuffix":""},{"Number":"","Street":"view","Suffix":"st","City":"","State":"","Zip":"01571","StreetName":"View St","Address":null,"StateName":null,"Zip4":null,"MAK":null,"AddressType":null,"RBDI":null,"Results":null,"NoSuffix":""},{"Number":"","Street":"village","Suffix":"st","City":"","State":"","Zip":"01571","StreetName":"Village St","Address":null,"StateName":null,"Zip4":null,"MAK":null,"AddressType":null,"RBDI":null,"Results":null,"NoSuffix":""},{"Number":"","Street":"warsaw","Suffix":"ave","City":"","State":"","Zip":"01571","StreetName":"Warsaw Ave","Address":null,"StateName":null,"Zip4":null,"MAK":null,"AddressType":null,"RBDI":null,"Results":null,"NoSuffix":""},{"Number":"","Street":"wayne","Suffix":"ave","City":"","State":"","Zip":"01571","StreetName":"Wayne Ave","Address":null,"StateName":null,"Zip4":null,"MAK":null,"AddressType":null,"RBDI":null,"Results":null,"NoSuffix":""},{"Number":"","Street":"west","Suffix":"st","City":"","State":"","Zip":"01571","StreetName":"West St","Address":null,"StateName":null,"Zip4":null,"MAK":null,"AddressType":null,"RBDI":null,"Results":null,"NoSuffix":""},{"Number":"","Street":"williams","Suffix":"st","City":"","State":"","Zip":"01571","StreetName":"Williams St","Address":null,"StateName":null,"Zip4":null,"MAK":null,"AddressType":null,"RBDI":null,"Results":null,"NoSuffix":""},{"Number":"","Street":"wooddell","Suffix":"rd","City":"","State":"","Zip":"01571","StreetName":"Wooddell Rd","Address":null,"StateName":null,"Zip4":null,"MAK":null,"AddressType":null,"RBDI":null,"Results":null,"NoSuffix":""},{"Number":"","Street":"woodland","Suffix":"ave","City":"","State":"","Zip":"01571","StreetName":"Woodland Ave","Address":null,"StateName":null,"Zip4":null,"MAK":null,"AddressType":null,"RBDI":null,"Results":null,"NoSuffix":""},{"Number":"","Street":"woodmere","Suffix":"rd","City":"","State":"","Zip":"01571","StreetName":"Woodmere Rd","Address":null,"StateName":null,"Zip4":null,"MAK":null,"AddressType":null,"RBDI":null,"Results":null,"NoSuffix":""},{"Number":"","Street":"wysocki","Suffix":"dr","City":"","State":"","Zip":"01571","StreetName":"Wysocki Dr","Address":null,"StateName":null,"Zip4":null,"MAK":null,"AddressType":null,"RBDI":null,"Results":null,"NoSuffix":""},{"Number":"","Street":"ziemba","Suffix":"rd","City":"","State":"","Zip":"01571","StreetName":"Ziemba Rd","Address":null,"StateName":null,"Zip4":null,"MAK":null,"AddressType":null,"RBDI":null,"Results":null,"NoSuffix":""}]