[{"Number":"","Street":"adams","Suffix":"rd","City":"","State":"","Zip":"01515","StreetName":"Adams Rd","Address":null,"StateName":null,"Zip4":null,"MAK":null,"AddressType":null,"RBDI":null,"Results":null,"NoSuffix":""},{"Number":"","Street":"allen","Suffix":"rd","City":"","State":"","Zip":"01515","StreetName":"Allen Rd","Address":null,"StateName":null,"Zip4":null,"MAK":null,"AddressType":null,"RBDI":null,"Results":null,"NoSuffix":""},{"Number":"","Street":"baker hill","Suffix":"rd","City":"","State":"","Zip":"01515","StreetName":"Baker Hill Rd","Address":null,"StateName":null,"Zip4":null,"MAK":null,"AddressType":null,"RBDI":null,"Results":null,"NoSuffix":""},{"Number":"","Street":"bay path","Suffix":"rd","City":"","State":"","Zip":"01515","StreetName":"Bay Path Rd","Address":null,"StateName":null,"Zip4":null,"MAK":null,"AddressType":null,"RBDI":null,"Results":null,"NoSuffix":""},{"Number":"","Street":"beauregard","Suffix":"rd","City":"","State":"","Zip":"01515","StreetName":"Beauregard Rd","Address":null,"StateName":null,"Zip4":null,"MAK":null,"AddressType":null,"RBDI":null,"Results":null,"NoSuffix":""},{"Number":"","Street":"bennett","Suffix":"st","City":"","State":"","Zip":"01515","StreetName":"Bennett St","Address":null,"StateName":null,"Zip4":null,"MAK":null,"AddressType":null,"RBDI":null,"Results":null,"NoSuffix":""},{"Number":"","Street":"blaine","Suffix":"ave","City":"","State":"","Zip":"01515","StreetName":"Blaine Ave","Address":null,"StateName":null,"Zip4":null,"MAK":null,"AddressType":null,"RBDI":null,"Results":null,"NoSuffix":""},{"Number":"","Street":"blueberry","Suffix":"ln","City":"","State":"","Zip":"01515","StreetName":"Blueberry Ln","Address":null,"StateName":null,"Zip4":null,"MAK":null,"AddressType":null,"RBDI":null,"Results":null,"NoSuffix":""},{"Number":"","Street":"bridge","Suffix":"st","City":"","State":"","Zip":"01515","StreetName":"Bridge St","Address":null,"StateName":null,"Zip4":null,"MAK":null,"AddressType":null,"RBDI":null,"Results":null,"NoSuffix":""},{"Number":"","Street":"brookfield","Suffix":"rd","City":"","State":"","Zip":"01515","StreetName":"Brookfield Rd","Address":null,"StateName":null,"Zip4":null,"MAK":null,"AddressType":null,"RBDI":null,"Results":null,"NoSuffix":""},{"Number":"","Street":"canal","Suffix":"rd","City":"","State":"","Zip":"01515","StreetName":"Canal Rd","Address":null,"StateName":null,"Zip4":null,"MAK":null,"AddressType":null,"RBDI":null,"Results":null,"NoSuffix":""},{"Number":"","Street":"connie mack","Suffix":"dr","City":"","State":"","Zip":"01515","StreetName":"Connie Mack Dr","Address":null,"StateName":null,"Zip4":null,"MAK":null,"AddressType":null,"RBDI":null,"Results":null,"NoSuffix":""},{"Number":"","Street":"cottage","Suffix":"st","City":"","State":"","Zip":"01515","StreetName":"Cottage St","Address":null,"StateName":null,"Zip4":null,"MAK":null,"AddressType":null,"RBDI":null,"Results":null,"NoSuffix":""},{"Number":"","Street":"court","Suffix":"st","City":"","State":"","Zip":"01515","StreetName":"Court St","Address":null,"StateName":null,"Zip4":null,"MAK":null,"AddressType":null,"RBDI":null,"Results":null,"NoSuffix":""},{"Number":"","Street":"cove","Suffix":"st","City":"","State":"","Zip":"01515","StreetName":"Cove St","Address":null,"StateName":null,"Zip4":null,"MAK":null,"AddressType":null,"RBDI":null,"Results":null,"NoSuffix":""},{"Number":"","Street":"daniels","Suffix":"dr","City":"","State":"","Zip":"01515","StreetName":"Daniels Dr","Address":null,"StateName":null,"Zip4":null,"MAK":null,"AddressType":null,"RBDI":null,"Results":null,"NoSuffix":""},{"Number":"","Street":"depot","Suffix":"sq","City":"","State":"","Zip":"01515","StreetName":"Depot Sq","Address":null,"StateName":null,"Zip4":null,"MAK":null,"AddressType":null,"RBDI":null,"Results":null,"NoSuffix":""},{"Number":"","Street":"doane","Suffix":"ave","City":"","State":"","Zip":"01515","StreetName":"Doane Ave","Address":null,"StateName":null,"Zip4":null,"MAK":null,"AddressType":null,"RBDI":null,"Results":null,"NoSuffix":""},{"Number":"","Street":"drake","Suffix":"ln","City":"","State":"","Zip":"01515","StreetName":"Drake Ln","Address":null,"StateName":null,"Zip4":null,"MAK":null,"AddressType":null,"RBDI":null,"Results":null,"NoSuffix":""},{"Number":"","Street":"drake","Suffix":"st","City":"","State":"","Zip":"01515","StreetName":"Drake St","Address":null,"StateName":null,"Zip4":null,"MAK":null,"AddressType":null,"RBDI":null,"Results":null,"NoSuffix":""},{"Number":"","Street":"draper","Suffix":"rd","City":"","State":"","Zip":"01515","StreetName":"Draper Rd","Address":null,"StateName":null,"Zip4":null,"MAK":null,"AddressType":null,"RBDI":null,"Results":null,"NoSuffix":""},{"Number":"","Street":"dunnbrook","Suffix":"rd","City":"","State":"","Zip":"01515","StreetName":"Dunnbrook Rd","Address":null,"StateName":null,"Zip4":null,"MAK":null,"AddressType":null,"RBDI":null,"Results":null,"NoSuffix":""},{"Number":"","Street":"elm","Suffix":"st","City":"","State":"","Zip":"01515","StreetName":"Elm St","Address":null,"StateName":null,"Zip4":null,"MAK":null,"AddressType":null,"RBDI":null,"Results":null,"NoSuffix":""},{"Number":"","Street":"evergreen","Suffix":"st","City":"","State":"","Zip":"01515","StreetName":"Evergreen St","Address":null,"StateName":null,"Zip4":null,"MAK":null,"AddressType":null,"RBDI":null,"Results":null,"NoSuffix":""},{"Number":"","Street":"faith","Suffix":"dr","City":"","State":"","Zip":"01515","StreetName":"Faith Dr","Address":null,"StateName":null,"Zip4":null,"MAK":null,"AddressType":null,"RBDI":null,"Results":null,"NoSuffix":""},{"Number":"","Street":"flagg","Suffix":"rd","City":"","State":"","Zip":"01515","StreetName":"Flagg Rd","Address":null,"StateName":null,"Zip4":null,"MAK":null,"AddressType":null,"RBDI":null,"Results":null,"NoSuffix":""},{"Number":"","Street":"gleason","Suffix":"ave","City":"","State":"","Zip":"01515","StreetName":"Gleason Ave","Address":null,"StateName":null,"Zip4":null,"MAK":null,"AddressType":null,"RBDI":null,"Results":null,"NoSuffix":""},{"Number":"","Street":"harrington","Suffix":"ln","City":"","State":"","Zip":"01515","StreetName":"Harrington Ln","Address":null,"StateName":null,"Zip4":null,"MAK":null,"AddressType":null,"RBDI":null,"Results":null,"NoSuffix":""},{"Number":"","Street":"harrington","Suffix":"st","City":"","State":"","Zip":"01515","StreetName":"Harrington St","Address":null,"StateName":null,"Zip4":null,"MAK":null,"AddressType":null,"RBDI":null,"Results":null,"NoSuffix":""},{"Number":"","Street":"haywood","Suffix":"dr","City":"","State":"","Zip":"01515","StreetName":"Haywood Dr","Address":null,"StateName":null,"Zip4":null,"MAK":null,"AddressType":null,"RBDI":null,"Results":null,"NoSuffix":""},{"Number":"","Street":"high rocks","Suffix":"rd","City":"","State":"","Zip":"01515","StreetName":"High Rocks Rd","Address":null,"StateName":null,"Zip4":null,"MAK":null,"AddressType":null,"RBDI":null,"Results":null,"NoSuffix":""},{"Number":"","Street":"hodgkins","Suffix":"dr","City":"","State":"","Zip":"01515","StreetName":"Hodgkins Dr","Address":null,"StateName":null,"Zip4":null,"MAK":null,"AddressType":null,"RBDI":null,"Results":null,"NoSuffix":""},{"Number":"","Street":"howe","Suffix":"st","City":"","State":"","Zip":"01515","StreetName":"Howe St","Address":null,"StateName":null,"Zip4":null,"MAK":null,"AddressType":null,"RBDI":null,"Results":null,"NoSuffix":""},{"Number":"","Street":"jean","Suffix":"ave","City":"","State":"","Zip":"01515","StreetName":"Jean Ave","Address":null,"StateName":null,"Zip4":null,"MAK":null,"AddressType":null,"RBDI":null,"Results":null,"NoSuffix":""},{"Number":"","Street":"knox trail","Suffix":"rd","City":"","State":"","Zip":"01515","StreetName":"Knox Trail Rd","Address":null,"StateName":null,"Zip4":null,"MAK":null,"AddressType":null,"RBDI":null,"Results":null,"NoSuffix":""},{"Number":"","Street":"lakeview","Suffix":"ave","City":"","State":"","Zip":"01515","StreetName":"Lakeview Ave","Address":null,"StateName":null,"Zip4":null,"MAK":null,"AddressType":null,"RBDI":null,"Results":null,"NoSuffix":""},{"Number":"","Street":"lane 2","Suffix":"","City":"","State":"","Zip":"01515","StreetName":"Lane 2","Address":null,"StateName":null,"Zip4":null,"MAK":null,"AddressType":null,"RBDI":null,"Results":null,"NoSuffix":"t"},{"Number":"","Street":"lane 4","Suffix":"","City":"","State":"","Zip":"01515","StreetName":"Lane 4","Address":null,"StateName":null,"Zip4":null,"MAK":null,"AddressType":null,"RBDI":null,"Results":null,"NoSuffix":"t"},{"Number":"","Street":"lane 5","Suffix":"","City":"","State":"","Zip":"01515","StreetName":"Lane 5","Address":null,"StateName":null,"Zip4":null,"MAK":null,"AddressType":null,"RBDI":null,"Results":null,"NoSuffix":"t"},{"Number":"","Street":"lane 6","Suffix":"","City":"","State":"","Zip":"01515","StreetName":"Lane 6","Address":null,"StateName":null,"Zip4":null,"MAK":null,"AddressType":null,"RBDI":null,"Results":null,"NoSuffix":"t"},{"Number":"","Street":"lane 7","Suffix":"","City":"","State":"","Zip":"01515","StreetName":"Lane 7","Address":null,"StateName":null,"Zip4":null,"MAK":null,"AddressType":null,"RBDI":null,"Results":null,"NoSuffix":"t"},{"Number":"","Street":"lashaway","Suffix":"dr","City":"","State":"","Zip":"01515","StreetName":"Lashaway Dr","Address":null,"StateName":null,"Zip4":null,"MAK":null,"AddressType":null,"RBDI":null,"Results":null,"NoSuffix":""},{"Number":"","Street":"lashaway drive","Suffix":"cir","City":"","State":"","Zip":"01515","StreetName":"Lashaway Drive Cir","Address":null,"StateName":null,"Zip4":null,"MAK":null,"AddressType":null,"RBDI":null,"Results":null,"NoSuffix":""},{"Number":"","Street":"main","Suffix":"st","City":"","State":"","Zip":"01515","StreetName":"Main St","Address":null,"StateName":null,"Zip4":null,"MAK":null,"AddressType":null,"RBDI":null,"Results":null,"NoSuffix":""},{"Number":"","Street":"maple","Suffix":"st","City":"","State":"","Zip":"01515","StreetName":"Maple St","Address":null,"StateName":null,"Zip4":null,"MAK":null,"AddressType":null,"RBDI":null,"Results":null,"NoSuffix":""},{"Number":"","Street":"maple","Suffix":"way","City":"","State":"","Zip":"01515","StreetName":"Maple Way","Address":null,"StateName":null,"Zip4":null,"MAK":null,"AddressType":null,"RBDI":null,"Results":null,"NoSuffix":""},{"Number":"","Street":"meadow view","Suffix":"ln","City":"","State":"","Zip":"01515","StreetName":"Meadow View Ln","Address":null,"StateName":null,"Zip4":null,"MAK":null,"AddressType":null,"RBDI":null,"Results":null,"NoSuffix":""},{"Number":"","Street":"mechanic","Suffix":"st","City":"","State":"","Zip":"01515","StreetName":"Mechanic St","Address":null,"StateName":null,"Zip4":null,"MAK":null,"AddressType":null,"RBDI":null,"Results":null,"NoSuffix":""},{"Number":"","Street":"mill","Suffix":"st","City":"","State":"","Zip":"01515","StreetName":"Mill St","Address":null,"StateName":null,"Zip4":null,"MAK":null,"AddressType":null,"RBDI":null,"Results":null,"NoSuffix":""},{"Number":"","Street":"north","Suffix":"st","City":"","State":"","Zip":"01515","StreetName":"North St","Address":null,"StateName":null,"Zip4":null,"MAK":null,"AddressType":null,"RBDI":null,"Results":null,"NoSuffix":""},{"Number":"","Street":"oakland","Suffix":"dr","City":"","State":"","Zip":"01515","StreetName":"Oakland Dr","Address":null,"StateName":null,"Zip4":null,"MAK":null,"AddressType":null,"RBDI":null,"Results":null,"NoSuffix":""},{"Number":"","Street":"oakwood","Suffix":"dr","City":"","State":"","Zip":"01515","StreetName":"Oakwood Dr","Address":null,"StateName":null,"Zip4":null,"MAK":null,"AddressType":null,"RBDI":null,"Results":null,"NoSuffix":""},{"Number":"","Street":"park","Suffix":"st","City":"","State":"","Zip":"01515","StreetName":"Park St","Address":null,"StateName":null,"Zip4":null,"MAK":null,"AddressType":null,"RBDI":null,"Results":null,"NoSuffix":""},{"Number":"","Street":"paula","Suffix":"cir","City":"","State":"","Zip":"01515","StreetName":"Paula Cir","Address":null,"StateName":null,"Zip4":null,"MAK":null,"AddressType":null,"RBDI":null,"Results":null,"NoSuffix":""},{"Number":"","Street":"pine","Suffix":"rd","City":"","State":"","Zip":"01515","StreetName":"Pine Rd","Address":null,"StateName":null,"Zip4":null,"MAK":null,"AddressType":null,"RBDI":null,"Results":null,"NoSuffix":""},{"Number":"","Street":"pleasant","Suffix":"st","City":"","State":"","Zip":"01515","StreetName":"Pleasant St","Address":null,"StateName":null,"Zip4":null,"MAK":null,"AddressType":null,"RBDI":null,"Results":null,"NoSuffix":""},{"Number":"","Street":"po box","Suffix":"","City":"","State":"","Zip":"01515","StreetName":"Po Box","Address":null,"StateName":null,"Zip4":null,"MAK":null,"AddressType":null,"RBDI":null,"Results":null,"NoSuffix":"t"},{"Number":"","Street":"podunk","Suffix":"rd","City":"","State":"","Zip":"01515","StreetName":"Podunk Rd","Address":null,"StateName":null,"Zip4":null,"MAK":null,"AddressType":null,"RBDI":null,"Results":null,"NoSuffix":""},{"Number":"","Street":"pond","Suffix":"rd","City":"","State":"","Zip":"01515","StreetName":"Pond Rd","Address":null,"StateName":null,"Zip4":null,"MAK":null,"AddressType":null,"RBDI":null,"Results":null,"NoSuffix":""},{"Number":"","Street":"pondview","Suffix":"rd","City":"","State":"","Zip":"01515","StreetName":"Pondview Rd","Address":null,"StateName":null,"Zip4":null,"MAK":null,"AddressType":null,"RBDI":null,"Results":null,"NoSuffix":""},{"Number":"","Street":"prospect","Suffix":"st","City":"","State":"","Zip":"01515","StreetName":"Prospect St","Address":null,"StateName":null,"Zip4":null,"MAK":null,"AddressType":null,"RBDI":null,"Results":null,"NoSuffix":""},{"Number":"","Street":"prouty","Suffix":"ln","City":"","State":"","Zip":"01515","StreetName":"Prouty Ln","Address":null,"StateName":null,"Zip4":null,"MAK":null,"AddressType":null,"RBDI":null,"Results":null,"NoSuffix":""},{"Number":"","Street":"putney","Suffix":"ct","City":"","State":"","Zip":"01515","StreetName":"Putney Ct","Address":null,"StateName":null,"Zip4":null,"MAK":null,"AddressType":null,"RBDI":null,"Results":null,"NoSuffix":""},{"Number":"","Street":"quaboag","Suffix":"st","City":"","State":"","Zip":"01515","StreetName":"Quaboag St","Address":null,"StateName":null,"Zip4":null,"MAK":null,"AddressType":null,"RBDI":null,"Results":null,"NoSuffix":""},{"Number":"","Street":"red gable","Suffix":"rd","City":"","State":"","Zip":"01515","StreetName":"Red Gable Rd","Address":null,"StateName":null,"Zip4":null,"MAK":null,"AddressType":null,"RBDI":null,"Results":null,"NoSuffix":""},{"Number":"","Street":"rice","Suffix":"rd","City":"","State":"","Zip":"01515","StreetName":"Rice Rd","Address":null,"StateName":null,"Zip4":null,"MAK":null,"AddressType":null,"RBDI":null,"Results":null,"NoSuffix":""},{"Number":"","Street":"school","Suffix":"st","City":"","State":"","Zip":"01515","StreetName":"School St","Address":null,"StateName":null,"Zip4":null,"MAK":null,"AddressType":null,"RBDI":null,"Results":null,"NoSuffix":""},{"Number":"","Street":"shore","Suffix":"rd","City":"","State":"","Zip":"01515","StreetName":"Shore Rd","Address":null,"StateName":null,"Zip4":null,"MAK":null,"AddressType":null,"RBDI":null,"Results":null,"NoSuffix":""},{"Number":"","Street":"south","Suffix":"st","City":"","State":"","Zip":"01515","StreetName":"South St","Address":null,"StateName":null,"Zip4":null,"MAK":null,"AddressType":null,"RBDI":null,"Results":null,"NoSuffix":""},{"Number":"","Street":"stone","Suffix":"rd","City":"","State":"","Zip":"01515","StreetName":"Stone Rd","Address":null,"StateName":null,"Zip4":null,"MAK":null,"AddressType":null,"RBDI":null,"Results":null,"NoSuffix":""},{"Number":"","Street":"sturbridge","Suffix":"rd","City":"","State":"","Zip":"01515","StreetName":"Sturbridge Rd","Address":null,"StateName":null,"Zip4":null,"MAK":null,"AddressType":null,"RBDI":null,"Results":null,"NoSuffix":""},{"Number":"","Street":"tarbell","Suffix":"dr","City":"","State":"","Zip":"01515","StreetName":"Tarbell Dr","Address":null,"StateName":null,"Zip4":null,"MAK":null,"AddressType":null,"RBDI":null,"Results":null,"NoSuffix":""},{"Number":"","Street":"terry","Suffix":"ln","City":"","State":"","Zip":"01515","StreetName":"Terry Ln","Address":null,"StateName":null,"Zip4":null,"MAK":null,"AddressType":null,"RBDI":null,"Results":null,"NoSuffix":""},{"Number":"","Street":"turtle cove","Suffix":"ln","City":"","State":"","Zip":"01515","StreetName":"Turtle Cove Ln","Address":null,"StateName":null,"Zip4":null,"MAK":null,"AddressType":null,"RBDI":null,"Results":null,"NoSuffix":""},{"Number":"","Street":"water","Suffix":"st","City":"","State":"","Zip":"01515","StreetName":"Water St","Address":null,"StateName":null,"Zip4":null,"MAK":null,"AddressType":null,"RBDI":null,"Results":null,"NoSuffix":""},{"Number":"","Street":"wildwood","Suffix":"rd","City":"","State":"","Zip":"01515","StreetName":"Wildwood Rd","Address":null,"StateName":null,"Zip4":null,"MAK":null,"AddressType":null,"RBDI":null,"Results":null,"NoSuffix":""},{"Number":"","Street":"young","Suffix":"rd","City":"","State":"","Zip":"01515","StreetName":"Young Rd","Address":null,"StateName":null,"Zip4":null,"MAK":null,"AddressType":null,"RBDI":null,"Results":null,"NoSuffix":""}]