[{"Number":"","Street":"1st","Suffix":"st","City":"","State":"","Zip":"01010","StreetName":"1St St","Address":null,"StateName":null,"Zip4":null,"MAK":null,"AddressType":null,"RBDI":null,"Results":null,"NoSuffix":""},{"Number":"","Street":"2nd","Suffix":"st","City":"","State":"","Zip":"01010","StreetName":"2Nd St","Address":null,"StateName":null,"Zip4":null,"MAK":null,"AddressType":null,"RBDI":null,"Results":null,"NoSuffix":""},{"Number":"","Street":"3rd","Suffix":"st","City":"","State":"","Zip":"01010","StreetName":"3Rd St","Address":null,"StateName":null,"Zip4":null,"MAK":null,"AddressType":null,"RBDI":null,"Results":null,"NoSuffix":""},{"Number":"","Street":"4th","Suffix":"st","City":"","State":"","Zip":"01010","StreetName":"4Th St","Address":null,"StateName":null,"Zip4":null,"MAK":null,"AddressType":null,"RBDI":null,"Results":null,"NoSuffix":""},{"Number":"","Street":"5th","Suffix":"st","City":"","State":"","Zip":"01010","StreetName":"5Th St","Address":null,"StateName":null,"Zip4":null,"MAK":null,"AddressType":null,"RBDI":null,"Results":null,"NoSuffix":""},{"Number":"","Street":"6th","Suffix":"st","City":"","State":"","Zip":"01010","StreetName":"6Th St","Address":null,"StateName":null,"Zip4":null,"MAK":null,"AddressType":null,"RBDI":null,"Results":null,"NoSuffix":""},{"Number":"","Street":"7th","Suffix":"st","City":"","State":"","Zip":"01010","StreetName":"7Th St","Address":null,"StateName":null,"Zip4":null,"MAK":null,"AddressType":null,"RBDI":null,"Results":null,"NoSuffix":""},{"Number":"","Street":"adams","Suffix":"dr","City":"","State":"","Zip":"01010","StreetName":"Adams Dr","Address":null,"StateName":null,"Zip4":null,"MAK":null,"AddressType":null,"RBDI":null,"Results":null,"NoSuffix":""},{"Number":"","Street":"agard","Suffix":"rd","City":"","State":"","Zip":"01010","StreetName":"Agard Rd","Address":null,"StateName":null,"Zip4":null,"MAK":null,"AddressType":null,"RBDI":null,"Results":null,"NoSuffix":""},{"Number":"","Street":"allen hill","Suffix":"rd","City":"","State":"","Zip":"01010","StreetName":"Allen Hill Rd","Address":null,"StateName":null,"Zip4":null,"MAK":null,"AddressType":null,"RBDI":null,"Results":null,"NoSuffix":""},{"Number":"","Street":"apple","Suffix":"rd","City":"","State":"","Zip":"01010","StreetName":"Apple Rd","Address":null,"StateName":null,"Zip4":null,"MAK":null,"AddressType":null,"RBDI":null,"Results":null,"NoSuffix":""},{"Number":"","Street":"bemis","Suffix":"rd","City":"","State":"","Zip":"01010","StreetName":"Bemis Rd","Address":null,"StateName":null,"Zip4":null,"MAK":null,"AddressType":null,"RBDI":null,"Results":null,"NoSuffix":""},{"Number":"","Street":"birchwood","Suffix":"ln","City":"","State":"","Zip":"01010","StreetName":"Birchwood Ln","Address":null,"StateName":null,"Zip4":null,"MAK":null,"AddressType":null,"RBDI":null,"Results":null,"NoSuffix":""},{"Number":"","Street":"brimfield","Suffix":"rd","City":"","State":"","Zip":"01010","StreetName":"Brimfield Rd","Address":null,"StateName":null,"Zip4":null,"MAK":null,"AddressType":null,"RBDI":null,"Results":null,"NoSuffix":""},{"Number":"","Street":"brimfield holland","Suffix":"","City":"","State":"","Zip":"01010","StreetName":"Brimfield Holland","Address":null,"StateName":null,"Zip4":null,"MAK":null,"AddressType":null,"RBDI":null,"Results":null,"NoSuffix":"t"},{"Number":"","Street":"brookfield","Suffix":"rd","City":"","State":"","Zip":"01010","StreetName":"Brookfield Rd","Address":null,"StateName":null,"Zip4":null,"MAK":null,"AddressType":null,"RBDI":null,"Results":null,"NoSuffix":""},{"Number":"","Street":"carriage","Suffix":"dr","City":"","State":"","Zip":"01010","StreetName":"Carriage Dr","Address":null,"StateName":null,"Zip4":null,"MAK":null,"AddressType":null,"RBDI":null,"Results":null,"NoSuffix":""},{"Number":"","Street":"center","Suffix":"st","City":"","State":"","Zip":"01010","StreetName":"Center St","Address":null,"StateName":null,"Zip4":null,"MAK":null,"AddressType":null,"RBDI":null,"Results":null,"NoSuffix":""},{"Number":"","Street":"chamberlain mtn","Suffix":"rd","City":"","State":"","Zip":"01010","StreetName":"Chamberlain Mtn Rd","Address":null,"StateName":null,"Zip4":null,"MAK":null,"AddressType":null,"RBDI":null,"Results":null,"NoSuffix":""},{"Number":"","Street":"champeaux","Suffix":"rd","City":"","State":"","Zip":"01010","StreetName":"Champeaux Rd","Address":null,"StateName":null,"Zip4":null,"MAK":null,"AddressType":null,"RBDI":null,"Results":null,"NoSuffix":""},{"Number":"","Street":"colonial","Suffix":"park","City":"","State":"","Zip":"01010","StreetName":"Colonial Park","Address":null,"StateName":null,"Zip4":null,"MAK":null,"AddressType":null,"RBDI":null,"Results":null,"NoSuffix":""},{"Number":"","Street":"crestwood","Suffix":"rd","City":"","State":"","Zip":"01010","StreetName":"Crestwood Rd","Address":null,"StateName":null,"Zip4":null,"MAK":null,"AddressType":null,"RBDI":null,"Results":null,"NoSuffix":""},{"Number":"","Street":"cubles","Suffix":"dr","City":"","State":"","Zip":"01010","StreetName":"Cubles Dr","Address":null,"StateName":null,"Zip4":null,"MAK":null,"AddressType":null,"RBDI":null,"Results":null,"NoSuffix":""},{"Number":"","Street":"cypress","Suffix":"ct","City":"","State":"","Zip":"01010","StreetName":"Cypress Ct","Address":null,"StateName":null,"Zip4":null,"MAK":null,"AddressType":null,"RBDI":null,"Results":null,"NoSuffix":""},{"Number":"","Street":"dean pond","Suffix":"rd","City":"","State":"","Zip":"01010","StreetName":"Dean Pond Rd","Address":null,"StateName":null,"Zip4":null,"MAK":null,"AddressType":null,"RBDI":null,"Results":null,"NoSuffix":""},{"Number":"","Street":"dearth hill","Suffix":"rd","City":"","State":"","Zip":"01010","StreetName":"Dearth Hill Rd","Address":null,"StateName":null,"Zip4":null,"MAK":null,"AddressType":null,"RBDI":null,"Results":null,"NoSuffix":""},{"Number":"","Street":"devils","Suffix":"ln","City":"","State":"","Zip":"01010","StreetName":"Devils Ln","Address":null,"StateName":null,"Zip4":null,"MAK":null,"AddressType":null,"RBDI":null,"Results":null,"NoSuffix":""},{"Number":"","Street":"dix hill","Suffix":"rd","City":"","State":"","Zip":"01010","StreetName":"Dix Hill Rd","Address":null,"StateName":null,"Zip4":null,"MAK":null,"AddressType":null,"RBDI":null,"Results":null,"NoSuffix":""},{"Number":"","Street":"dunham","Suffix":"rd","City":"","State":"","Zip":"01010","StreetName":"Dunham Rd","Address":null,"StateName":null,"Zip4":null,"MAK":null,"AddressType":null,"RBDI":null,"Results":null,"NoSuffix":""},{"Number":"","Street":"dunhamtown brimfield","Suffix":"rd","City":"","State":"","Zip":"01010","StreetName":"Dunhamtown Brimfield Rd","Address":null,"StateName":null,"Zip4":null,"MAK":null,"AddressType":null,"RBDI":null,"Results":null,"NoSuffix":""},{"Number":"","Street":"dunhamtown palmer","Suffix":"rd","City":"","State":"","Zip":"01010","StreetName":"Dunhamtown Palmer Rd","Address":null,"StateName":null,"Zip4":null,"MAK":null,"AddressType":null,"RBDI":null,"Results":null,"NoSuffix":""},{"Number":"","Street":"echo","Suffix":"rd","City":"","State":"","Zip":"01010","StreetName":"Echo Rd","Address":null,"StateName":null,"Zip4":null,"MAK":null,"AddressType":null,"RBDI":null,"Results":null,"NoSuffix":""},{"Number":"","Street":"five bridge","Suffix":"rd","City":"","State":"","Zip":"01010","StreetName":"Five Bridge Rd","Address":null,"StateName":null,"Zip4":null,"MAK":null,"AddressType":null,"RBDI":null,"Results":null,"NoSuffix":""},{"Number":"","Street":"forest","Suffix":"rd","City":"","State":"","Zip":"01010","StreetName":"Forest Rd","Address":null,"StateName":null,"Zip4":null,"MAK":null,"AddressType":null,"RBDI":null,"Results":null,"NoSuffix":""},{"Number":"","Street":"foxrun","Suffix":"ln","City":"","State":"","Zip":"01010","StreetName":"Foxrun Ln","Address":null,"StateName":null,"Zip4":null,"MAK":null,"AddressType":null,"RBDI":null,"Results":null,"NoSuffix":""},{"Number":"","Street":"governor fairbanks","Suffix":"rd","City":"","State":"","Zip":"01010","StreetName":"Governor Fairbanks Rd","Address":null,"StateName":null,"Zip4":null,"MAK":null,"AddressType":null,"RBDI":null,"Results":null,"NoSuffix":""},{"Number":"","Street":"hall","Suffix":"pl","City":"","State":"","Zip":"01010","StreetName":"Hall Pl","Address":null,"StateName":null,"Zip4":null,"MAK":null,"AddressType":null,"RBDI":null,"Results":null,"NoSuffix":""},{"Number":"","Street":"harnois","Suffix":"rd","City":"","State":"","Zip":"01010","StreetName":"Harnois Rd","Address":null,"StateName":null,"Zip4":null,"MAK":null,"AddressType":null,"RBDI":null,"Results":null,"NoSuffix":""},{"Number":"","Street":"hastings","Suffix":"ln","City":"","State":"","Zip":"01010","StreetName":"Hastings Ln","Address":null,"StateName":null,"Zip4":null,"MAK":null,"AddressType":null,"RBDI":null,"Results":null,"NoSuffix":""},{"Number":"","Street":"haynes hill","Suffix":"rd","City":"","State":"","Zip":"01010","StreetName":"Haynes Hill Rd","Address":null,"StateName":null,"Zip4":null,"MAK":null,"AddressType":null,"RBDI":null,"Results":null,"NoSuffix":""},{"Number":"","Street":"hill","Suffix":"rd","City":"","State":"","Zip":"01010","StreetName":"Hill Rd","Address":null,"StateName":null,"Zip4":null,"MAK":null,"AddressType":null,"RBDI":null,"Results":null,"NoSuffix":""},{"Number":"","Street":"hillside","Suffix":"dr","City":"","State":"","Zip":"01010","StreetName":"Hillside Dr","Address":null,"StateName":null,"Zip4":null,"MAK":null,"AddressType":null,"RBDI":null,"Results":null,"NoSuffix":""},{"Number":"","Street":"holland","Suffix":"rd","City":"","State":"","Zip":"01010","StreetName":"Holland Rd","Address":null,"StateName":null,"Zip4":null,"MAK":null,"AddressType":null,"RBDI":null,"Results":null,"NoSuffix":""},{"Number":"","Street":"hollow","Suffix":"rd","City":"","State":"","Zip":"01010","StreetName":"Hollow Rd","Address":null,"StateName":null,"Zip4":null,"MAK":null,"AddressType":null,"RBDI":null,"Results":null,"NoSuffix":""},{"Number":"","Street":"honeysuckle","Suffix":"ln","City":"","State":"","Zip":"01010","StreetName":"Honeysuckle Ln","Address":null,"StateName":null,"Zip4":null,"MAK":null,"AddressType":null,"RBDI":null,"Results":null,"NoSuffix":""},{"Number":"","Street":"john haley","Suffix":"rd","City":"","State":"","Zip":"01010","StreetName":"John Haley Rd","Address":null,"StateName":null,"Zip4":null,"MAK":null,"AddressType":null,"RBDI":null,"Results":null,"NoSuffix":""},{"Number":"","Street":"kings bridge","Suffix":"rd","City":"","State":"","Zip":"01010","StreetName":"Kings Bridge Rd","Address":null,"StateName":null,"Zip4":null,"MAK":null,"AddressType":null,"RBDI":null,"Results":null,"NoSuffix":""},{"Number":"","Street":"knollwood","Suffix":"rd","City":"","State":"","Zip":"01010","StreetName":"Knollwood Rd","Address":null,"StateName":null,"Zip4":null,"MAK":null,"AddressType":null,"RBDI":null,"Results":null,"NoSuffix":""},{"Number":"","Street":"laflame","Suffix":"rd","City":"","State":"","Zip":"01010","StreetName":"Laflame Rd","Address":null,"StateName":null,"Zip4":null,"MAK":null,"AddressType":null,"RBDI":null,"Results":null,"NoSuffix":""},{"Number":"","Street":"little alum","Suffix":"rd","City":"","State":"","Zip":"01010","StreetName":"Little Alum Rd","Address":null,"StateName":null,"Zip4":null,"MAK":null,"AddressType":null,"RBDI":null,"Results":null,"NoSuffix":""},{"Number":"","Street":"little rest","Suffix":"rd","City":"","State":"","Zip":"01010","StreetName":"Little Rest Rd","Address":null,"StateName":null,"Zip4":null,"MAK":null,"AddressType":null,"RBDI":null,"Results":null,"NoSuffix":""},{"Number":"","Street":"lyman barnes","Suffix":"rd","City":"","State":"","Zip":"01010","StreetName":"Lyman Barnes Rd","Address":null,"StateName":null,"Zip4":null,"MAK":null,"AddressType":null,"RBDI":null,"Results":null,"NoSuffix":""},{"Number":"","Street":"main","Suffix":"st","City":"","State":"","Zip":"01010","StreetName":"Main St","Address":null,"StateName":null,"Zip4":null,"MAK":null,"AddressType":null,"RBDI":null,"Results":null,"NoSuffix":""},{"Number":"","Street":"maple","Suffix":"ct","City":"","State":"","Zip":"01010","StreetName":"Maple Ct","Address":null,"StateName":null,"Zip4":null,"MAK":null,"AddressType":null,"RBDI":null,"Results":null,"NoSuffix":""},{"Number":"","Street":"marsh hill","Suffix":"rd","City":"","State":"","Zip":"01010","StreetName":"Marsh Hill Rd","Address":null,"StateName":null,"Zip4":null,"MAK":null,"AddressType":null,"RBDI":null,"Results":null,"NoSuffix":""},{"Number":"","Street":"mcintyre","Suffix":"rd","City":"","State":"","Zip":"01010","StreetName":"Mcintyre Rd","Address":null,"StateName":null,"Zip4":null,"MAK":null,"AddressType":null,"RBDI":null,"Results":null,"NoSuffix":""},{"Number":"","Street":"mill","Suffix":"ln","City":"","State":"","Zip":"01010","StreetName":"Mill Ln","Address":null,"StateName":null,"Zip4":null,"MAK":null,"AddressType":null,"RBDI":null,"Results":null,"NoSuffix":""},{"Number":"","Street":"millbrook","Suffix":"rd","City":"","State":"","Zip":"01010","StreetName":"Millbrook Rd","Address":null,"StateName":null,"Zip4":null,"MAK":null,"AddressType":null,"RBDI":null,"Results":null,"NoSuffix":""},{"Number":"","Street":"monson","Suffix":"rd","City":"","State":"","Zip":"01010","StreetName":"Monson Rd","Address":null,"StateName":null,"Zip4":null,"MAK":null,"AddressType":null,"RBDI":null,"Results":null,"NoSuffix":""},{"Number":"","Street":"mulcare","Suffix":"rd","City":"","State":"","Zip":"01010","StreetName":"Mulcare Rd","Address":null,"StateName":null,"Zip4":null,"MAK":null,"AddressType":null,"RBDI":null,"Results":null,"NoSuffix":""},{"Number":"","Street":"oakwood","Suffix":"rd","City":"","State":"","Zip":"01010","StreetName":"Oakwood Rd","Address":null,"StateName":null,"Zip4":null,"MAK":null,"AddressType":null,"RBDI":null,"Results":null,"NoSuffix":""},{"Number":"","Street":"old e brimfield","Suffix":"rd","City":"","State":"","Zip":"01010","StreetName":"Old E Brimfield Rd","Address":null,"StateName":null,"Zip4":null,"MAK":null,"AddressType":null,"RBDI":null,"Results":null,"NoSuffix":""},{"Number":"","Street":"old millbrook","Suffix":"rd","City":"","State":"","Zip":"01010","StreetName":"Old Millbrook Rd","Address":null,"StateName":null,"Zip4":null,"MAK":null,"AddressType":null,"RBDI":null,"Results":null,"NoSuffix":""},{"Number":"","Street":"old palmer","Suffix":"rd","City":"","State":"","Zip":"01010","StreetName":"Old Palmer Rd","Address":null,"StateName":null,"Zip4":null,"MAK":null,"AddressType":null,"RBDI":null,"Results":null,"NoSuffix":""},{"Number":"","Street":"old sturbridge","Suffix":"rd","City":"","State":"","Zip":"01010","StreetName":"Old Sturbridge Rd","Address":null,"StateName":null,"Zip4":null,"MAK":null,"AddressType":null,"RBDI":null,"Results":null,"NoSuffix":""},{"Number":"","Street":"paige hill","Suffix":"rd","City":"","State":"","Zip":"01010","StreetName":"Paige Hill Rd","Address":null,"StateName":null,"Zip4":null,"MAK":null,"AddressType":null,"RBDI":null,"Results":null,"NoSuffix":""},{"Number":"","Street":"palmer","Suffix":"rd","City":"","State":"","Zip":"01010","StreetName":"Palmer Rd","Address":null,"StateName":null,"Zip4":null,"MAK":null,"AddressType":null,"RBDI":null,"Results":null,"NoSuffix":""},{"Number":"","Street":"po box","Suffix":"","City":"","State":"","Zip":"01010","StreetName":"Po Box","Address":null,"StateName":null,"Zip4":null,"MAK":null,"AddressType":null,"RBDI":null,"Results":null,"NoSuffix":"t"},{"Number":"","Street":"prospect hill","Suffix":"rd","City":"","State":"","Zip":"01010","StreetName":"Prospect Hill Rd","Address":null,"StateName":null,"Zip4":null,"MAK":null,"AddressType":null,"RBDI":null,"Results":null,"NoSuffix":""},{"Number":"","Street":"riverview","Suffix":"cir","City":"","State":"","Zip":"01010","StreetName":"Riverview Cir","Address":null,"StateName":null,"Zip4":null,"MAK":null,"AddressType":null,"RBDI":null,"Results":null,"NoSuffix":""},{"Number":"","Street":"shaw","Suffix":"rd","City":"","State":"","Zip":"01010","StreetName":"Shaw Rd","Address":null,"StateName":null,"Zip4":null,"MAK":null,"AddressType":null,"RBDI":null,"Results":null,"NoSuffix":""},{"Number":"","Street":"southbridge","Suffix":"rd","City":"","State":"","Zip":"01010","StreetName":"Southbridge Rd","Address":null,"StateName":null,"Zip4":null,"MAK":null,"AddressType":null,"RBDI":null,"Results":null,"NoSuffix":""},{"Number":"","Street":"southbridge road","Suffix":"ext","City":"","State":"","Zip":"01010","StreetName":"Southbridge Road Ext","Address":null,"StateName":null,"Zip4":null,"MAK":null,"AddressType":null,"RBDI":null,"Results":null,"NoSuffix":""},{"Number":"","Street":"st clair","Suffix":"rd","City":"","State":"","Zip":"01010","StreetName":"St Clair Rd","Address":null,"StateName":null,"Zip4":null,"MAK":null,"AddressType":null,"RBDI":null,"Results":null,"NoSuffix":""},{"Number":"","Street":"st george","Suffix":"rd","City":"","State":"","Zip":"01010","StreetName":"St George Rd","Address":null,"StateName":null,"Zip4":null,"MAK":null,"AddressType":null,"RBDI":null,"Results":null,"NoSuffix":""},{"Number":"","Street":"sturbridge","Suffix":"rd","City":"","State":"","Zip":"01010","StreetName":"Sturbridge Rd","Address":null,"StateName":null,"Zip4":null,"MAK":null,"AddressType":null,"RBDI":null,"Results":null,"NoSuffix":""},{"Number":"","Street":"sunnydale","Suffix":"cir","City":"","State":"","Zip":"01010","StreetName":"Sunnydale Cir","Address":null,"StateName":null,"Zip4":null,"MAK":null,"AddressType":null,"RBDI":null,"Results":null,"NoSuffix":""},{"Number":"","Street":"sutcliffe","Suffix":"rd","City":"","State":"","Zip":"01010","StreetName":"Sutcliffe Rd","Address":null,"StateName":null,"Zip4":null,"MAK":null,"AddressType":null,"RBDI":null,"Results":null,"NoSuffix":""},{"Number":"","Street":"tower hill","Suffix":"rd","City":"","State":"","Zip":"01010","StreetName":"Tower Hill Rd","Address":null,"StateName":null,"Zip4":null,"MAK":null,"AddressType":null,"RBDI":null,"Results":null,"NoSuffix":""},{"Number":"","Street":"wales","Suffix":"rd","City":"","State":"","Zip":"01010","StreetName":"Wales Rd","Address":null,"StateName":null,"Zip4":null,"MAK":null,"AddressType":null,"RBDI":null,"Results":null,"NoSuffix":""},{"Number":"","Street":"walkeen koziol","Suffix":"rd","City":"","State":"","Zip":"01010","StreetName":"Walkeen Koziol Rd","Address":null,"StateName":null,"Zip4":null,"MAK":null,"AddressType":null,"RBDI":null,"Results":null,"NoSuffix":""},{"Number":"","Street":"warren","Suffix":"rd","City":"","State":"","Zip":"01010","StreetName":"Warren Rd","Address":null,"StateName":null,"Zip4":null,"MAK":null,"AddressType":null,"RBDI":null,"Results":null,"NoSuffix":""},{"Number":"","Street":"washington","Suffix":"rd","City":"","State":"","Zip":"01010","StreetName":"Washington Rd","Address":null,"StateName":null,"Zip4":null,"MAK":null,"AddressType":null,"RBDI":null,"Results":null,"NoSuffix":""},{"Number":"","Street":"webber","Suffix":"rd","City":"","State":"","Zip":"01010","StreetName":"Webber Rd","Address":null,"StateName":null,"Zip4":null,"MAK":null,"AddressType":null,"RBDI":null,"Results":null,"NoSuffix":""},{"Number":"","Street":"willow","Suffix":"cir","City":"","State":"","Zip":"01010","StreetName":"Willow Cir","Address":null,"StateName":null,"Zip4":null,"MAK":null,"AddressType":null,"RBDI":null,"Results":null,"NoSuffix":""},{"Number":"","Street":"wood hill","Suffix":"rd","City":"","State":"","Zip":"01010","StreetName":"Wood Hill Rd","Address":null,"StateName":null,"Zip4":null,"MAK":null,"AddressType":null,"RBDI":null,"Results":null,"NoSuffix":""}]