[{"Number":"","Street":"accord park","Suffix":"dr","City":"","State":"","Zip":"02061","StreetName":"Accord Park Dr","Address":null,"StateName":null,"Zip4":null,"MAK":null,"AddressType":null,"RBDI":null,"Results":null,"NoSuffix":""},{"Number":"","Street":"arrowhead","Suffix":"dr","City":"","State":"","Zip":"02061","StreetName":"Arrowhead Dr","Address":null,"StateName":null,"Zip4":null,"MAK":null,"AddressType":null,"RBDI":null,"Results":null,"NoSuffix":""},{"Number":"","Street":"assinippi","Suffix":"ave","City":"","State":"","Zip":"02061","StreetName":"Assinippi Ave","Address":null,"StateName":null,"Zip4":null,"MAK":null,"AddressType":null,"RBDI":null,"Results":null,"NoSuffix":""},{"Number":"","Street":"autumn","Suffix":"ln","City":"","State":"","Zip":"02061","StreetName":"Autumn Ln","Address":null,"StateName":null,"Zip4":null,"MAK":null,"AddressType":null,"RBDI":null,"Results":null,"NoSuffix":""},{"Number":"","Street":"barque hill","Suffix":"dr","City":"","State":"","Zip":"02061","StreetName":"Barque Hill Dr","Address":null,"StateName":null,"Zip4":null,"MAK":null,"AddressType":null,"RBDI":null,"Results":null,"NoSuffix":""},{"Number":"","Street":"barstow","Suffix":"ave","City":"","State":"","Zip":"02061","StreetName":"Barstow Ave","Address":null,"StateName":null,"Zip4":null,"MAK":null,"AddressType":null,"RBDI":null,"Results":null,"NoSuffix":""},{"Number":"","Street":"bates","Suffix":"ln","City":"","State":"","Zip":"02061","StreetName":"Bates Ln","Address":null,"StateName":null,"Zip4":null,"MAK":null,"AddressType":null,"RBDI":null,"Results":null,"NoSuffix":""},{"Number":"","Street":"bay path","Suffix":"ln","City":"","State":"","Zip":"02061","StreetName":"Bay Path Ln","Address":null,"StateName":null,"Zip4":null,"MAK":null,"AddressType":null,"RBDI":null,"Results":null,"NoSuffix":""},{"Number":"","Street":"bayberry","Suffix":"ln","City":"","State":"","Zip":"02061","StreetName":"Bayberry Ln","Address":null,"StateName":null,"Zip4":null,"MAK":null,"AddressType":null,"RBDI":null,"Results":null,"NoSuffix":""},{"Number":"","Street":"beers","Suffix":"ave","City":"","State":"","Zip":"02061","StreetName":"Beers Ave","Address":null,"StateName":null,"Zip4":null,"MAK":null,"AddressType":null,"RBDI":null,"Results":null,"NoSuffix":""},{"Number":"","Street":"birchwood","Suffix":"ln","City":"","State":"","Zip":"02061","StreetName":"Birchwood Ln","Address":null,"StateName":null,"Zip4":null,"MAK":null,"AddressType":null,"RBDI":null,"Results":null,"NoSuffix":""},{"Number":"","Street":"bittersweet","Suffix":"ln","City":"","State":"","Zip":"02061","StreetName":"Bittersweet Ln","Address":null,"StateName":null,"Zip4":null,"MAK":null,"AddressType":null,"RBDI":null,"Results":null,"NoSuffix":""},{"Number":"","Street":"black pond hill","Suffix":"rd","City":"","State":"","Zip":"02061","StreetName":"Black Pond Hill Rd","Address":null,"StateName":null,"Zip4":null,"MAK":null,"AddressType":null,"RBDI":null,"Results":null,"NoSuffix":""},{"Number":"","Street":"blackthorne","Suffix":"ln","City":"","State":"","Zip":"02061","StreetName":"Blackthorne Ln","Address":null,"StateName":null,"Zip4":null,"MAK":null,"AddressType":null,"RBDI":null,"Results":null,"NoSuffix":""},{"Number":"","Street":"blockhouse","Suffix":"ln","City":"","State":"","Zip":"02061","StreetName":"Blockhouse Ln","Address":null,"StateName":null,"Zip4":null,"MAK":null,"AddressType":null,"RBDI":null,"Results":null,"NoSuffix":""},{"Number":"","Street":"bobstay","Suffix":"ln","City":"","State":"","Zip":"02061","StreetName":"Bobstay Ln","Address":null,"StateName":null,"Zip4":null,"MAK":null,"AddressType":null,"RBDI":null,"Results":null,"NoSuffix":""},{"Number":"","Street":"bowker","Suffix":"st","City":"","State":"","Zip":"02061","StreetName":"Bowker St","Address":null,"StateName":null,"Zip4":null,"MAK":null,"AddressType":null,"RBDI":null,"Results":null,"NoSuffix":""},{"Number":"","Street":"bowsprit","Suffix":"ln","City":"","State":"","Zip":"02061","StreetName":"Bowsprit Ln","Address":null,"StateName":null,"Zip4":null,"MAK":null,"AddressType":null,"RBDI":null,"Results":null,"NoSuffix":""},{"Number":"","Street":"brantwood","Suffix":"rd","City":"","State":"","Zip":"02061","StreetName":"Brantwood Rd","Address":null,"StateName":null,"Zip4":null,"MAK":null,"AddressType":null,"RBDI":null,"Results":null,"NoSuffix":""},{"Number":"","Street":"brattle","Suffix":"rd","City":"","State":"","Zip":"02061","StreetName":"Brattle Rd","Address":null,"StateName":null,"Zip4":null,"MAK":null,"AddressType":null,"RBDI":null,"Results":null,"NoSuffix":""},{"Number":"","Street":"bridge","Suffix":"st","City":"","State":"","Zip":"02061","StreetName":"Bridge St","Address":null,"StateName":null,"Zip4":null,"MAK":null,"AddressType":null,"RBDI":null,"Results":null,"NoSuffix":""},{"Number":"","Street":"brigantine","Suffix":"cir","City":"","State":"","Zip":"02061","StreetName":"Brigantine Cir","Address":null,"StateName":null,"Zip4":null,"MAK":null,"AddressType":null,"RBDI":null,"Results":null,"NoSuffix":""},{"Number":"","Street":"brookside farm","Suffix":"way","City":"","State":"","Zip":"02061","StreetName":"Brookside Farm Way","Address":null,"StateName":null,"Zip4":null,"MAK":null,"AddressType":null,"RBDI":null,"Results":null,"NoSuffix":""},{"Number":"","Street":"burns","Suffix":"ln","City":"","State":"","Zip":"02061","StreetName":"Burns Ln","Address":null,"StateName":null,"Zip4":null,"MAK":null,"AddressType":null,"RBDI":null,"Results":null,"NoSuffix":""},{"Number":"","Street":"cape cod","Suffix":"ln","City":"","State":"","Zip":"02061","StreetName":"Cape Cod Ln","Address":null,"StateName":null,"Zip4":null,"MAK":null,"AddressType":null,"RBDI":null,"Results":null,"NoSuffix":""},{"Number":"","Street":"captain joshua","Suffix":"ln","City":"","State":"","Zip":"02061","StreetName":"Captain Joshua Ln","Address":null,"StateName":null,"Zip4":null,"MAK":null,"AddressType":null,"RBDI":null,"Results":null,"NoSuffix":""},{"Number":"","Street":"captain vinal","Suffix":"way","City":"","State":"","Zip":"02061","StreetName":"Captain Vinal Way","Address":null,"StateName":null,"Zip4":null,"MAK":null,"AddressType":null,"RBDI":null,"Results":null,"NoSuffix":""},{"Number":"","Street":"cedar","Suffix":"pt","City":"","State":"","Zip":"02061","StreetName":"Cedar Pt","Address":null,"StateName":null,"Zip4":null,"MAK":null,"AddressType":null,"RBDI":null,"Results":null,"NoSuffix":""},{"Number":"","Street":"centennial","Suffix":"way","City":"","State":"","Zip":"02061","StreetName":"Centennial Way","Address":null,"StateName":null,"Zip4":null,"MAK":null,"AddressType":null,"RBDI":null,"Results":null,"NoSuffix":""},{"Number":"","Street":"central","Suffix":"st","City":"","State":"","Zip":"02061","StreetName":"Central St","Address":null,"StateName":null,"Zip4":null,"MAK":null,"AddressType":null,"RBDI":null,"Results":null,"NoSuffix":""},{"Number":"","Street":"chittenden","Suffix":"ln","City":"","State":"","Zip":"02061","StreetName":"Chittenden Ln","Address":null,"StateName":null,"Zip4":null,"MAK":null,"AddressType":null,"RBDI":null,"Results":null,"NoSuffix":""},{"Number":"","Street":"christopher","Suffix":"rd","City":"","State":"","Zip":"02061","StreetName":"Christopher Rd","Address":null,"StateName":null,"Zip4":null,"MAK":null,"AddressType":null,"RBDI":null,"Results":null,"NoSuffix":""},{"Number":"","Street":"church","Suffix":"st","City":"","State":"","Zip":"02061","StreetName":"Church St","Address":null,"StateName":null,"Zip4":null,"MAK":null,"AddressType":null,"RBDI":null,"Results":null,"NoSuffix":""},{"Number":"","Street":"circuit","Suffix":"st","City":"","State":"","Zip":"02061","StreetName":"Circuit St","Address":null,"StateName":null,"Zip4":null,"MAK":null,"AddressType":null,"RBDI":null,"Results":null,"NoSuffix":""},{"Number":"","Street":"clapp brook","Suffix":"rd","City":"","State":"","Zip":"02061","StreetName":"Clapp Brook Rd","Address":null,"StateName":null,"Zip4":null,"MAK":null,"AddressType":null,"RBDI":null,"Results":null,"NoSuffix":""},{"Number":"","Street":"common","Suffix":"ave","City":"","State":"","Zip":"02061","StreetName":"Common Ave","Address":null,"StateName":null,"Zip4":null,"MAK":null,"AddressType":null,"RBDI":null,"Results":null,"NoSuffix":""},{"Number":"","Street":"common","Suffix":"st","City":"","State":"","Zip":"02061","StreetName":"Common St","Address":null,"StateName":null,"Zip4":null,"MAK":null,"AddressType":null,"RBDI":null,"Results":null,"NoSuffix":""},{"Number":"","Street":"coolidge","Suffix":"rd","City":"","State":"","Zip":"02061","StreetName":"Coolidge Rd","Address":null,"StateName":null,"Zip4":null,"MAK":null,"AddressType":null,"RBDI":null,"Results":null,"NoSuffix":""},{"Number":"","Street":"copeland tannery","Suffix":"dr","City":"","State":"","Zip":"02061","StreetName":"Copeland Tannery Dr","Address":null,"StateName":null,"Zip4":null,"MAK":null,"AddressType":null,"RBDI":null,"Results":null,"NoSuffix":""},{"Number":"","Street":"cordwainer","Suffix":"dr","City":"","State":"","Zip":"02061","StreetName":"Cordwainer Dr","Address":null,"StateName":null,"Zip4":null,"MAK":null,"AddressType":null,"RBDI":null,"Results":null,"NoSuffix":""},{"Number":"","Street":"cowings","Suffix":"cv","City":"","State":"","Zip":"02061","StreetName":"Cowings Cv","Address":null,"StateName":null,"Zip4":null,"MAK":null,"AddressType":null,"RBDI":null,"Results":null,"NoSuffix":""},{"Number":"","Street":"cranberry","Suffix":"ln","City":"","State":"","Zip":"02061","StreetName":"Cranberry Ln","Address":null,"StateName":null,"Zip4":null,"MAK":null,"AddressType":null,"RBDI":null,"Results":null,"NoSuffix":""},{"Number":"","Street":"cross","Suffix":"st","City":"","State":"","Zip":"02061","StreetName":"Cross St","Address":null,"StateName":null,"Zip4":null,"MAK":null,"AddressType":null,"RBDI":null,"Results":null,"NoSuffix":""},{"Number":"","Street":"cross bow","Suffix":"ln","City":"","State":"","Zip":"02061","StreetName":"Cross Bow Ln","Address":null,"StateName":null,"Zip4":null,"MAK":null,"AddressType":null,"RBDI":null,"Results":null,"NoSuffix":""},{"Number":"","Street":"curtis farm","Suffix":"rd","City":"","State":"","Zip":"02061","StreetName":"Curtis Farm Rd","Address":null,"StateName":null,"Zip4":null,"MAK":null,"AddressType":null,"RBDI":null,"Results":null,"NoSuffix":""},{"Number":"","Street":"cushing hill","Suffix":"rd","City":"","State":"","Zip":"02061","StreetName":"Cushing Hill Rd","Address":null,"StateName":null,"Zip4":null,"MAK":null,"AddressType":null,"RBDI":null,"Results":null,"NoSuffix":""},{"Number":"","Street":"damon farm","Suffix":"way","City":"","State":"","Zip":"02061","StreetName":"Damon Farm Way","Address":null,"StateName":null,"Zip4":null,"MAK":null,"AddressType":null,"RBDI":null,"Results":null,"NoSuffix":""},{"Number":"","Street":"dana","Suffix":"rd","City":"","State":"","Zip":"02061","StreetName":"Dana Rd","Address":null,"StateName":null,"Zip4":null,"MAK":null,"AddressType":null,"RBDI":null,"Results":null,"NoSuffix":""},{"Number":"","Street":"donovan farm","Suffix":"way","City":"","State":"","Zip":"02061","StreetName":"Donovan Farm Way","Address":null,"StateName":null,"Zip4":null,"MAK":null,"AddressType":null,"RBDI":null,"Results":null,"NoSuffix":""},{"Number":"","Street":"doris","Suffix":"ave","City":"","State":"","Zip":"02061","StreetName":"Doris Ave","Address":null,"StateName":null,"Zip4":null,"MAK":null,"AddressType":null,"RBDI":null,"Results":null,"NoSuffix":""},{"Number":"","Street":"douglas","Suffix":"ave","City":"","State":"","Zip":"02061","StreetName":"Douglas Ave","Address":null,"StateName":null,"Zip4":null,"MAK":null,"AddressType":null,"RBDI":null,"Results":null,"NoSuffix":""},{"Number":"","Street":"dover","Suffix":"st","City":"","State":"","Zip":"02061","StreetName":"Dover St","Address":null,"StateName":null,"Zip4":null,"MAK":null,"AddressType":null,"RBDI":null,"Results":null,"NoSuffix":""},{"Number":"","Street":"duncan","Suffix":"dr","City":"","State":"","Zip":"02061","StreetName":"Duncan Dr","Address":null,"StateName":null,"Zip4":null,"MAK":null,"AddressType":null,"RBDI":null,"Results":null,"NoSuffix":""},{"Number":"","Street":"ea joseph","Suffix":"dr","City":"","State":"","Zip":"02061","StreetName":"Ea Joseph Dr","Address":null,"StateName":null,"Zip4":null,"MAK":null,"AddressType":null,"RBDI":null,"Results":null,"NoSuffix":""},{"Number":"","Street":"edgewood","Suffix":"park","City":"","State":"","Zip":"02061","StreetName":"Edgewood Park","Address":null,"StateName":null,"Zip4":null,"MAK":null,"AddressType":null,"RBDI":null,"Results":null,"NoSuffix":""},{"Number":"","Street":"end","Suffix":"way","City":"","State":"","Zip":"02061","StreetName":"End Way","Address":null,"StateName":null,"Zip4":null,"MAK":null,"AddressType":null,"RBDI":null,"Results":null,"NoSuffix":""},{"Number":"","Street":"farm hill","Suffix":"ln","City":"","State":"","Zip":"02061","StreetName":"Farm Hill Ln","Address":null,"StateName":null,"Zip4":null,"MAK":null,"AddressType":null,"RBDI":null,"Results":null,"NoSuffix":""},{"Number":"","Street":"farrar farm","Suffix":"rd","City":"","State":"","Zip":"02061","StreetName":"Farrar Farm Rd","Address":null,"StateName":null,"Zip4":null,"MAK":null,"AddressType":null,"RBDI":null,"Results":null,"NoSuffix":""},{"Number":"","Street":"fieldstone","Suffix":"way","City":"","State":"","Zip":"02061","StreetName":"Fieldstone Way","Address":null,"StateName":null,"Zip4":null,"MAK":null,"AddressType":null,"RBDI":null,"Results":null,"NoSuffix":""},{"Number":"","Street":"first parish","Suffix":"rd","City":"","State":"","Zip":"02061","StreetName":"First Parish Rd","Address":null,"StateName":null,"Zip4":null,"MAK":null,"AddressType":null,"RBDI":null,"Results":null,"NoSuffix":""},{"Number":"","Street":"fords","Suffix":"xing","City":"","State":"","Zip":"02061","StreetName":"Fords Xing","Address":null,"StateName":null,"Zip4":null,"MAK":null,"AddressType":null,"RBDI":null,"Results":null,"NoSuffix":""},{"Number":"","Street":"forest","Suffix":"ave","City":"","State":"","Zip":"02061","StreetName":"Forest Ave","Address":null,"StateName":null,"Zip4":null,"MAK":null,"AddressType":null,"RBDI":null,"Results":null,"NoSuffix":""},{"Number":"","Street":"forest","Suffix":"rdg","City":"","State":"","Zip":"02061","StreetName":"Forest Rdg","Address":null,"StateName":null,"Zip4":null,"MAK":null,"AddressType":null,"RBDI":null,"Results":null,"NoSuffix":""},{"Number":"","Street":"forest","Suffix":"st","City":"","State":"","Zip":"02061","StreetName":"Forest St","Address":null,"StateName":null,"Zip4":null,"MAK":null,"AddressType":null,"RBDI":null,"Results":null,"NoSuffix":""},{"Number":"","Street":"fox hill","Suffix":"ln","City":"","State":"","Zip":"02061","StreetName":"Fox Hill Ln","Address":null,"StateName":null,"Zip4":null,"MAK":null,"AddressType":null,"RBDI":null,"Results":null,"NoSuffix":""},{"Number":"","Street":"franklin","Suffix":"rd","City":"","State":"","Zip":"02061","StreetName":"Franklin Rd","Address":null,"StateName":null,"Zip4":null,"MAK":null,"AddressType":null,"RBDI":null,"Results":null,"NoSuffix":""},{"Number":"","Street":"garrison","Suffix":"dr","City":"","State":"","Zip":"02061","StreetName":"Garrison Dr","Address":null,"StateName":null,"Zip4":null,"MAK":null,"AddressType":null,"RBDI":null,"Results":null,"NoSuffix":""},{"Number":"","Street":"gendarame","Suffix":"pl","City":"","State":"","Zip":"02061","StreetName":"Gendarame Pl","Address":null,"StateName":null,"Zip4":null,"MAK":null,"AddressType":null,"RBDI":null,"Results":null,"NoSuffix":""},{"Number":"","Street":"george","Suffix":"rd","City":"","State":"","Zip":"02061","StreetName":"George Rd","Address":null,"StateName":null,"Zip4":null,"MAK":null,"AddressType":null,"RBDI":null,"Results":null,"NoSuffix":""},{"Number":"","Street":"gerard","Suffix":"rd","City":"","State":"","Zip":"02061","StreetName":"Gerard Rd","Address":null,"StateName":null,"Zip4":null,"MAK":null,"AddressType":null,"RBDI":null,"Results":null,"NoSuffix":""},{"Number":"","Street":"germaine","Suffix":"rd","City":"","State":"","Zip":"02061","StreetName":"Germaine Rd","Address":null,"StateName":null,"Zip4":null,"MAK":null,"AddressType":null,"RBDI":null,"Results":null,"NoSuffix":""},{"Number":"","Street":"glen ridge","Suffix":"ter","City":"","State":"","Zip":"02061","StreetName":"Glen Ridge Ter","Address":null,"StateName":null,"Zip4":null,"MAK":null,"AddressType":null,"RBDI":null,"Results":null,"NoSuffix":""},{"Number":"","Street":"green","Suffix":"st","City":"","State":"","Zip":"02061","StreetName":"Green St","Address":null,"StateName":null,"Zip4":null,"MAK":null,"AddressType":null,"RBDI":null,"Results":null,"NoSuffix":""},{"Number":"","Street":"greenbriar","Suffix":"way","City":"","State":"","Zip":"02061","StreetName":"Greenbriar Way","Address":null,"StateName":null,"Zip4":null,"MAK":null,"AddressType":null,"RBDI":null,"Results":null,"NoSuffix":""},{"Number":"","Street":"grove","Suffix":"st","City":"","State":"","Zip":"02061","StreetName":"Grove St","Address":null,"StateName":null,"Zip4":null,"MAK":null,"AddressType":null,"RBDI":null,"Results":null,"NoSuffix":""},{"Number":"","Street":"hall","Suffix":"dr","City":"","State":"","Zip":"02061","StreetName":"Hall Dr","Address":null,"StateName":null,"Zip4":null,"MAK":null,"AddressType":null,"RBDI":null,"Results":null,"NoSuffix":""},{"Number":"","Street":"harbor","Suffix":"ln","City":"","State":"","Zip":"02061","StreetName":"Harbor Ln","Address":null,"StateName":null,"Zip4":null,"MAK":null,"AddressType":null,"RBDI":null,"Results":null,"NoSuffix":""},{"Number":"","Street":"harolds","Suffix":"way","City":"","State":"","Zip":"02061","StreetName":"Harolds Way","Address":null,"StateName":null,"Zip4":null,"MAK":null,"AddressType":null,"RBDI":null,"Results":null,"NoSuffix":""},{"Number":"","Street":"harvest","Suffix":"ln","City":"","State":"","Zip":"02061","StreetName":"Harvest Ln","Address":null,"StateName":null,"Zip4":null,"MAK":null,"AddressType":null,"RBDI":null,"Results":null,"NoSuffix":""},{"Number":"","Street":"hawthorne","Suffix":"ln","City":"","State":"","Zip":"02061","StreetName":"Hawthorne Ln","Address":null,"StateName":null,"Zip4":null,"MAK":null,"AddressType":null,"RBDI":null,"Results":null,"NoSuffix":""},{"Number":"","Street":"hemlock","Suffix":"dr","City":"","State":"","Zip":"02061","StreetName":"Hemlock Dr","Address":null,"StateName":null,"Zip4":null,"MAK":null,"AddressType":null,"RBDI":null,"Results":null,"NoSuffix":""},{"Number":"","Street":"henrys","Suffix":"ln","City":"","State":"","Zip":"02061","StreetName":"Henrys Ln","Address":null,"StateName":null,"Zip4":null,"MAK":null,"AddressType":null,"RBDI":null,"Results":null,"NoSuffix":""},{"Number":"","Street":"heritage","Suffix":"ln","City":"","State":"","Zip":"02061","StreetName":"Heritage Ln","Address":null,"StateName":null,"Zip4":null,"MAK":null,"AddressType":null,"RBDI":null,"Results":null,"NoSuffix":""},{"Number":"","Street":"high","Suffix":"st","City":"","State":"","Zip":"02061","StreetName":"High St","Address":null,"StateName":null,"Zip4":null,"MAK":null,"AddressType":null,"RBDI":null,"Results":null,"NoSuffix":""},{"Number":"","Street":"highfield","Suffix":"ln","City":"","State":"","Zip":"02061","StreetName":"Highfield Ln","Address":null,"StateName":null,"Zip4":null,"MAK":null,"AddressType":null,"RBDI":null,"Results":null,"NoSuffix":""},{"Number":"","Street":"hillcrest","Suffix":"cir","City":"","State":"","Zip":"02061","StreetName":"Hillcrest Cir","Address":null,"StateName":null,"Zip4":null,"MAK":null,"AddressType":null,"RBDI":null,"Results":null,"NoSuffix":""},{"Number":"","Street":"holly berry","Suffix":"trl","City":"","State":"","Zip":"02061","StreetName":"Holly Berry Trl","Address":null,"StateName":null,"Zip4":null,"MAK":null,"AddressType":null,"RBDI":null,"Results":null,"NoSuffix":""},{"Number":"","Street":"homestead farm","Suffix":"dr","City":"","State":"","Zip":"02061","StreetName":"Homestead Farm Dr","Address":null,"StateName":null,"Zip4":null,"MAK":null,"AddressType":null,"RBDI":null,"Results":null,"NoSuffix":""},{"Number":"","Street":"hoop pole","Suffix":"ln","City":"","State":"","Zip":"02061","StreetName":"Hoop Pole Ln","Address":null,"StateName":null,"Zip4":null,"MAK":null,"AddressType":null,"RBDI":null,"Results":null,"NoSuffix":""},{"Number":"","Street":"island view","Suffix":"cir","City":"","State":"","Zip":"02061","StreetName":"Island View Cir","Address":null,"StateName":null,"Zip4":null,"MAK":null,"AddressType":null,"RBDI":null,"Results":null,"NoSuffix":""},{"Number":"","Street":"jacobs","Suffix":"ln","City":"","State":"","Zip":"02061","StreetName":"Jacobs Ln","Address":null,"StateName":null,"Zip4":null,"MAK":null,"AddressType":null,"RBDI":null,"Results":null,"NoSuffix":""},{"Number":"","Street":"jacobs","Suffix":"trl","City":"","State":"","Zip":"02061","StreetName":"Jacobs Trl","Address":null,"StateName":null,"Zip4":null,"MAK":null,"AddressType":null,"RBDI":null,"Results":null,"NoSuffix":""},{"Number":"","Street":"jay","Suffix":"rd","City":"","State":"","Zip":"02061","StreetName":"Jay Rd","Address":null,"StateName":null,"Zip4":null,"MAK":null,"AddressType":null,"RBDI":null,"Results":null,"NoSuffix":""},{"Number":"","Street":"jefferson","Suffix":"ave","City":"","State":"","Zip":"02061","StreetName":"Jefferson Ave","Address":null,"StateName":null,"Zip4":null,"MAK":null,"AddressType":null,"RBDI":null,"Results":null,"NoSuffix":""},{"Number":"","Street":"john adams","Suffix":"dr","City":"","State":"","Zip":"02061","StreetName":"John Adams Dr","Address":null,"StateName":null,"Zip4":null,"MAK":null,"AddressType":null,"RBDI":null,"Results":null,"NoSuffix":""},{"Number":"","Street":"john neil","Suffix":"dr","City":"","State":"","Zip":"02061","StreetName":"John Neil Dr","Address":null,"StateName":null,"Zip4":null,"MAK":null,"AddressType":null,"RBDI":null,"Results":null,"NoSuffix":""},{"Number":"","Street":"jordan","Suffix":"ln","City":"","State":"","Zip":"02061","StreetName":"Jordan Ln","Address":null,"StateName":null,"Zip4":null,"MAK":null,"AddressType":null,"RBDI":null,"Results":null,"NoSuffix":""},{"Number":"","Street":"judges hill","Suffix":"dr","City":"","State":"","Zip":"02061","StreetName":"Judges Hill Dr","Address":null,"StateName":null,"Zip4":null,"MAK":null,"AddressType":null,"RBDI":null,"Results":null,"NoSuffix":""},{"Number":"","Street":"judith","Suffix":"st","City":"","State":"","Zip":"02061","StreetName":"Judith St","Address":null,"StateName":null,"Zip4":null,"MAK":null,"AddressType":null,"RBDI":null,"Results":null,"NoSuffix":""},{"Number":"","Street":"juniper","Suffix":"ln","City":"","State":"","Zip":"02061","StreetName":"Juniper Ln","Address":null,"StateName":null,"Zip4":null,"MAK":null,"AddressType":null,"RBDI":null,"Results":null,"NoSuffix":""},{"Number":"","Street":"kings","Suffix":"lndg","City":"","State":"","Zip":"02061","StreetName":"Kings Lndg","Address":null,"StateName":null,"Zip4":null,"MAK":null,"AddressType":null,"RBDI":null,"Results":null,"NoSuffix":""},{"Number":"","Street":"knollwood","Suffix":"rd","City":"","State":"","Zip":"02061","StreetName":"Knollwood Rd","Address":null,"StateName":null,"Zip4":null,"MAK":null,"AddressType":null,"RBDI":null,"Results":null,"NoSuffix":""},{"Number":"","Street":"lantern","Suffix":"ln","City":"","State":"","Zip":"02061","StreetName":"Lantern Ln","Address":null,"StateName":null,"Zip4":null,"MAK":null,"AddressType":null,"RBDI":null,"Results":null,"NoSuffix":""},{"Number":"","Street":"lauras","Suffix":"ln","City":"","State":"","Zip":"02061","StreetName":"Lauras Ln","Address":null,"StateName":null,"Zip4":null,"MAK":null,"AddressType":null,"RBDI":null,"Results":null,"NoSuffix":""},{"Number":"","Street":"laurelwood","Suffix":"dr","City":"","State":"","Zip":"02061","StreetName":"Laurelwood Dr","Address":null,"StateName":null,"Zip4":null,"MAK":null,"AddressType":null,"RBDI":null,"Results":null,"NoSuffix":""},{"Number":"","Street":"leigh","Suffix":"rd","City":"","State":"","Zip":"02061","StreetName":"Leigh Rd","Address":null,"StateName":null,"Zip4":null,"MAK":null,"AddressType":null,"RBDI":null,"Results":null,"NoSuffix":""},{"Number":"","Street":"leonard","Suffix":"ln","City":"","State":"","Zip":"02061","StreetName":"Leonard Ln","Address":null,"StateName":null,"Zip4":null,"MAK":null,"AddressType":null,"RBDI":null,"Results":null,"NoSuffix":""},{"Number":"","Street":"lincoln","Suffix":"st","City":"","State":"","Zip":"02061","StreetName":"Lincoln St","Address":null,"StateName":null,"Zip4":null,"MAK":null,"AddressType":null,"RBDI":null,"Results":null,"NoSuffix":""},{"Number":"","Street":"london hill","Suffix":"ln","City":"","State":"","Zip":"02061","StreetName":"London Hill Ln","Address":null,"StateName":null,"Zip4":null,"MAK":null,"AddressType":null,"RBDI":null,"Results":null,"NoSuffix":""},{"Number":"","Street":"longwater","Suffix":"cir","City":"","State":"","Zip":"02061","StreetName":"Longwater Cir","Address":null,"StateName":null,"Zip4":null,"MAK":null,"AddressType":null,"RBDI":null,"Results":null,"NoSuffix":""},{"Number":"","Street":"longwater","Suffix":"dr","City":"","State":"","Zip":"02061","StreetName":"Longwater Dr","Address":null,"StateName":null,"Zip4":null,"MAK":null,"AddressType":null,"RBDI":null,"Results":null,"NoSuffix":""},{"Number":"","Street":"loring","Suffix":"dr","City":"","State":"","Zip":"02061","StreetName":"Loring Dr","Address":null,"StateName":null,"Zip4":null,"MAK":null,"AddressType":null,"RBDI":null,"Results":null,"NoSuffix":""},{"Number":"","Street":"madison","Suffix":"ct","City":"","State":"","Zip":"02061","StreetName":"Madison Ct","Address":null,"StateName":null,"Zip4":null,"MAK":null,"AddressType":null,"RBDI":null,"Results":null,"NoSuffix":""},{"Number":"","Street":"main","Suffix":"st","City":"","State":"","Zip":"02061","StreetName":"Main St","Address":null,"StateName":null,"Zip4":null,"MAK":null,"AddressType":null,"RBDI":null,"Results":null,"NoSuffix":""},{"Number":"","Street":"masthead","Suffix":"dr","City":"","State":"","Zip":"02061","StreetName":"Masthead Dr","Address":null,"StateName":null,"Zip4":null,"MAK":null,"AddressType":null,"RBDI":null,"Results":null,"NoSuffix":""},{"Number":"","Street":"mattakeesett","Suffix":"ln","City":"","State":"","Zip":"02061","StreetName":"Mattakeesett Ln","Address":null,"StateName":null,"Zip4":null,"MAK":null,"AddressType":null,"RBDI":null,"Results":null,"NoSuffix":""},{"Number":"","Street":"may elm","Suffix":"ln","City":"","State":"","Zip":"02061","StreetName":"May Elm Ln","Address":null,"StateName":null,"Zip4":null,"MAK":null,"AddressType":null,"RBDI":null,"Results":null,"NoSuffix":""},{"Number":"","Street":"meadow brook","Suffix":"rd","City":"","State":"","Zip":"02061","StreetName":"Meadow Brook Rd","Address":null,"StateName":null,"Zip4":null,"MAK":null,"AddressType":null,"RBDI":null,"Results":null,"NoSuffix":""},{"Number":"","Street":"meadow farm","Suffix":"way","City":"","State":"","Zip":"02061","StreetName":"Meadow Farm Way","Address":null,"StateName":null,"Zip4":null,"MAK":null,"AddressType":null,"RBDI":null,"Results":null,"NoSuffix":""},{"Number":"","Street":"mill","Suffix":"ln","City":"","State":"","Zip":"02061","StreetName":"Mill Ln","Address":null,"StateName":null,"Zip4":null,"MAK":null,"AddressType":null,"RBDI":null,"Results":null,"NoSuffix":""},{"Number":"","Street":"millwood","Suffix":"cir","City":"","State":"","Zip":"02061","StreetName":"Millwood Cir","Address":null,"StateName":null,"Zip4":null,"MAK":null,"AddressType":null,"RBDI":null,"Results":null,"NoSuffix":""},{"Number":"","Street":"milton","Suffix":"ln","City":"","State":"","Zip":"02061","StreetName":"Milton Ln","Address":null,"StateName":null,"Zip4":null,"MAK":null,"AddressType":null,"RBDI":null,"Results":null,"NoSuffix":""},{"Number":"","Street":"mount blue","Suffix":"st","City":"","State":"","Zip":"02061","StreetName":"Mount Blue St","Address":null,"StateName":null,"Zip4":null,"MAK":null,"AddressType":null,"RBDI":null,"Results":null,"NoSuffix":""},{"Number":"","Street":"mount hope","Suffix":"st","City":"","State":"","Zip":"02061","StreetName":"Mount Hope St","Address":null,"StateName":null,"Zip4":null,"MAK":null,"AddressType":null,"RBDI":null,"Results":null,"NoSuffix":""},{"Number":"","Street":"myers","Suffix":"ave","City":"","State":"","Zip":"02061","StreetName":"Myers Ave","Address":null,"StateName":null,"Zip4":null,"MAK":null,"AddressType":null,"RBDI":null,"Results":null,"NoSuffix":""},{"Number":"","Street":"nancy","Suffix":"ln","City":"","State":"","Zip":"02061","StreetName":"Nancy Ln","Address":null,"StateName":null,"Zip4":null,"MAK":null,"AddressType":null,"RBDI":null,"Results":null,"NoSuffix":""},{"Number":"","Street":"neal gate","Suffix":"st","City":"","State":"","Zip":"02061","StreetName":"Neal Gate St","Address":null,"StateName":null,"Zip4":null,"MAK":null,"AddressType":null,"RBDI":null,"Results":null,"NoSuffix":""},{"Number":"","Street":"norwell","Suffix":"ave","City":"","State":"","Zip":"02061","StreetName":"Norwell Ave","Address":null,"StateName":null,"Zip4":null,"MAK":null,"AddressType":null,"RBDI":null,"Results":null,"NoSuffix":""},{"Number":"","Street":"oak","Suffix":"st","City":"","State":"","Zip":"02061","StreetName":"Oak St","Address":null,"StateName":null,"Zip4":null,"MAK":null,"AddressType":null,"RBDI":null,"Results":null,"NoSuffix":""},{"Number":"","Street":"oakland","Suffix":"ave","City":"","State":"","Zip":"02061","StreetName":"Oakland Ave","Address":null,"StateName":null,"Zip4":null,"MAK":null,"AddressType":null,"RBDI":null,"Results":null,"NoSuffix":""},{"Number":"","Street":"old meeting house","Suffix":"ln","City":"","State":"","Zip":"02061","StreetName":"Old Meeting House Ln","Address":null,"StateName":null,"Zip4":null,"MAK":null,"AddressType":null,"RBDI":null,"Results":null,"NoSuffix":""},{"Number":"","Street":"old oaken bucket","Suffix":"rd","City":"","State":"","Zip":"02061","StreetName":"Old Oaken Bucket Rd","Address":null,"StateName":null,"Zip4":null,"MAK":null,"AddressType":null,"RBDI":null,"Results":null,"NoSuffix":""},{"Number":"","Street":"old pottery","Suffix":"ln","City":"","State":"","Zip":"02061","StreetName":"Old Pottery Ln","Address":null,"StateName":null,"Zip4":null,"MAK":null,"AddressType":null,"RBDI":null,"Results":null,"NoSuffix":""},{"Number":"","Street":"otis hill","Suffix":"rd","City":"","State":"","Zip":"02061","StreetName":"Otis Hill Rd","Address":null,"StateName":null,"Zip4":null,"MAK":null,"AddressType":null,"RBDI":null,"Results":null,"NoSuffix":""},{"Number":"","Street":"paradise","Suffix":"dr","City":"","State":"","Zip":"02061","StreetName":"Paradise Dr","Address":null,"StateName":null,"Zip4":null,"MAK":null,"AddressType":null,"RBDI":null,"Results":null,"NoSuffix":""},{"Number":"","Street":"parker","Suffix":"st","City":"","State":"","Zip":"02061","StreetName":"Parker St","Address":null,"StateName":null,"Zip4":null,"MAK":null,"AddressType":null,"RBDI":null,"Results":null,"NoSuffix":""},{"Number":"","Street":"parsons","Suffix":"walk","City":"","State":"","Zip":"02061","StreetName":"Parsons Walk","Address":null,"StateName":null,"Zip4":null,"MAK":null,"AddressType":null,"RBDI":null,"Results":null,"NoSuffix":""},{"Number":"","Street":"pheasant","Suffix":"run","City":"","State":"","Zip":"02061","StreetName":"Pheasant Run","Address":null,"StateName":null,"Zip4":null,"MAK":null,"AddressType":null,"RBDI":null,"Results":null,"NoSuffix":""},{"Number":"","Street":"philip","Suffix":"dr","City":"","State":"","Zip":"02061","StreetName":"Philip Dr","Address":null,"StateName":null,"Zip4":null,"MAK":null,"AddressType":null,"RBDI":null,"Results":null,"NoSuffix":""},{"Number":"","Street":"phillip","Suffix":"dr","City":"","State":"","Zip":"02061","StreetName":"Phillip Dr","Address":null,"StateName":null,"Zip4":null,"MAK":null,"AddressType":null,"RBDI":null,"Results":null,"NoSuffix":""},{"Number":"","Street":"phillips","Suffix":"ln","City":"","State":"","Zip":"02061","StreetName":"Phillips Ln","Address":null,"StateName":null,"Zip4":null,"MAK":null,"AddressType":null,"RBDI":null,"Results":null,"NoSuffix":""},{"Number":"","Street":"pine","Suffix":"st","City":"","State":"","Zip":"02061","StreetName":"Pine St","Address":null,"StateName":null,"Zip4":null,"MAK":null,"AddressType":null,"RBDI":null,"Results":null,"NoSuffix":""},{"Number":"","Street":"pinson","Suffix":"ln","City":"","State":"","Zip":"02061","StreetName":"Pinson Ln","Address":null,"StateName":null,"Zip4":null,"MAK":null,"AddressType":null,"RBDI":null,"Results":null,"NoSuffix":""},{"Number":"","Street":"pleasant","Suffix":"st","City":"","State":"","Zip":"02061","StreetName":"Pleasant St","Address":null,"StateName":null,"Zip4":null,"MAK":null,"AddressType":null,"RBDI":null,"Results":null,"NoSuffix":""},{"Number":"","Street":"po box","Suffix":"","City":"","State":"","Zip":"02061","StreetName":"Po Box","Address":null,"StateName":null,"Zip4":null,"MAK":null,"AddressType":null,"RBDI":null,"Results":null,"NoSuffix":"t"},{"Number":"","Street":"pond","Suffix":"st","City":"","State":"","Zip":"02061","StreetName":"Pond St","Address":null,"StateName":null,"Zip4":null,"MAK":null,"AddressType":null,"RBDI":null,"Results":null,"NoSuffix":""},{"Number":"","Street":"powder house","Suffix":"ln","City":"","State":"","Zip":"02061","StreetName":"Powder House Ln","Address":null,"StateName":null,"Zip4":null,"MAK":null,"AddressType":null,"RBDI":null,"Results":null,"NoSuffix":""},{"Number":"","Street":"prospect","Suffix":"st","City":"","State":"","Zip":"02061","StreetName":"Prospect St","Address":null,"StateName":null,"Zip4":null,"MAK":null,"AddressType":null,"RBDI":null,"Results":null,"NoSuffix":""},{"Number":"","Street":"prouty","Suffix":"ave","City":"","State":"","Zip":"02061","StreetName":"Prouty Ave","Address":null,"StateName":null,"Zip4":null,"MAK":null,"AddressType":null,"RBDI":null,"Results":null,"NoSuffix":""},{"Number":"","Street":"queen ann","Suffix":"ln","City":"","State":"","Zip":"02061","StreetName":"Queen Ann Ln","Address":null,"StateName":null,"Zip4":null,"MAK":null,"AddressType":null,"RBDI":null,"Results":null,"NoSuffix":""},{"Number":"","Street":"r f higgins","Suffix":"dr","City":"","State":"","Zip":"02061","StreetName":"R F Higgins Dr","Address":null,"StateName":null,"Zip4":null,"MAK":null,"AddressType":null,"RBDI":null,"Results":null,"NoSuffix":""},{"Number":"","Street":"ridge","Suffix":"way","City":"","State":"","Zip":"02061","StreetName":"Ridge Way","Address":null,"StateName":null,"Zip4":null,"MAK":null,"AddressType":null,"RBDI":null,"Results":null,"NoSuffix":""},{"Number":"","Street":"ridge hill","Suffix":"rd","City":"","State":"","Zip":"02061","StreetName":"Ridge Hill Rd","Address":null,"StateName":null,"Zip4":null,"MAK":null,"AddressType":null,"RBDI":null,"Results":null,"NoSuffix":""},{"Number":"","Street":"river","Suffix":"st","City":"","State":"","Zip":"02061","StreetName":"River St","Address":null,"StateName":null,"Zip4":null,"MAK":null,"AddressType":null,"RBDI":null,"Results":null,"NoSuffix":""},{"Number":"","Street":"riverside","Suffix":"dr","City":"","State":"","Zip":"02061","StreetName":"Riverside Dr","Address":null,"StateName":null,"Zip4":null,"MAK":null,"AddressType":null,"RBDI":null,"Results":null,"NoSuffix":""},{"Number":"","Street":"roubound","Suffix":"rd","City":"","State":"","Zip":"02061","StreetName":"Roubound Rd","Address":null,"StateName":null,"Zip4":null,"MAK":null,"AddressType":null,"RBDI":null,"Results":null,"NoSuffix":""},{"Number":"","Street":"samuel woodworth","Suffix":"rd","City":"","State":"","Zip":"02061","StreetName":"Samuel Woodworth Rd","Address":null,"StateName":null,"Zip4":null,"MAK":null,"AddressType":null,"RBDI":null,"Results":null,"NoSuffix":""},{"Number":"","Street":"satuit meadow","Suffix":"ln","City":"","State":"","Zip":"02061","StreetName":"Satuit Meadow Ln","Address":null,"StateName":null,"Zip4":null,"MAK":null,"AddressType":null,"RBDI":null,"Results":null,"NoSuffix":""},{"Number":"","Street":"school","Suffix":"st","City":"","State":"","Zip":"02061","StreetName":"School St","Address":null,"StateName":null,"Zip4":null,"MAK":null,"AddressType":null,"RBDI":null,"Results":null,"NoSuffix":""},{"Number":"","Street":"shady","Suffix":"ln","City":"","State":"","Zip":"02061","StreetName":"Shady Ln","Address":null,"StateName":null,"Zip4":null,"MAK":null,"AddressType":null,"RBDI":null,"Results":null,"NoSuffix":""},{"Number":"","Street":"shrine","Suffix":"rd","City":"","State":"","Zip":"02061","StreetName":"Shrine Rd","Address":null,"StateName":null,"Zip4":null,"MAK":null,"AddressType":null,"RBDI":null,"Results":null,"NoSuffix":""},{"Number":"","Street":"silver brook","Suffix":"ln","City":"","State":"","Zip":"02061","StreetName":"Silver Brook Ln","Address":null,"StateName":null,"Zip4":null,"MAK":null,"AddressType":null,"RBDI":null,"Results":null,"NoSuffix":""},{"Number":"","Street":"simon hill","Suffix":"rd","City":"","State":"","Zip":"02061","StreetName":"Simon Hill Rd","Address":null,"StateName":null,"Zip4":null,"MAK":null,"AddressType":null,"RBDI":null,"Results":null,"NoSuffix":""},{"Number":"","Street":"south","Suffix":"st","City":"","State":"","Zip":"02061","StreetName":"South St","Address":null,"StateName":null,"Zip4":null,"MAK":null,"AddressType":null,"RBDI":null,"Results":null,"NoSuffix":""},{"Number":"","Street":"spring brook","Suffix":"rd","City":"","State":"","Zip":"02061","StreetName":"Spring Brook Rd","Address":null,"StateName":null,"Zip4":null,"MAK":null,"AddressType":null,"RBDI":null,"Results":null,"NoSuffix":""},{"Number":"","Street":"stanley","Suffix":"rd","City":"","State":"","Zip":"02061","StreetName":"Stanley Rd","Address":null,"StateName":null,"Zip4":null,"MAK":null,"AddressType":null,"RBDI":null,"Results":null,"NoSuffix":""},{"Number":"","Street":"stetson","Suffix":"rd","City":"","State":"","Zip":"02061","StreetName":"Stetson Rd","Address":null,"StateName":null,"Zip4":null,"MAK":null,"AddressType":null,"RBDI":null,"Results":null,"NoSuffix":""},{"Number":"","Street":"stetson shrine","Suffix":"ln","City":"","State":"","Zip":"02061","StreetName":"Stetson Shrine Ln","Address":null,"StateName":null,"Zip4":null,"MAK":null,"AddressType":null,"RBDI":null,"Results":null,"NoSuffix":""},{"Number":"","Street":"stoney brook","Suffix":"ln","City":"","State":"","Zip":"02061","StreetName":"Stoney Brook Ln","Address":null,"StateName":null,"Zip4":null,"MAK":null,"AddressType":null,"RBDI":null,"Results":null,"NoSuffix":""},{"Number":"","Street":"summer","Suffix":"st","City":"","State":"","Zip":"02061","StreetName":"Summer St","Address":null,"StateName":null,"Zip4":null,"MAK":null,"AddressType":null,"RBDI":null,"Results":null,"NoSuffix":""},{"Number":"","Street":"summit","Suffix":"dr","City":"","State":"","Zip":"02061","StreetName":"Summit Dr","Address":null,"StateName":null,"Zip4":null,"MAK":null,"AddressType":null,"RBDI":null,"Results":null,"NoSuffix":""},{"Number":"","Street":"tara","Suffix":"dr","City":"","State":"","Zip":"02061","StreetName":"Tara Dr","Address":null,"StateName":null,"Zip4":null,"MAK":null,"AddressType":null,"RBDI":null,"Results":null,"NoSuffix":""},{"Number":"","Street":"teaberry","Suffix":"ln","City":"","State":"","Zip":"02061","StreetName":"Teaberry Ln","Address":null,"StateName":null,"Zip4":null,"MAK":null,"AddressType":null,"RBDI":null,"Results":null,"NoSuffix":""},{"Number":"","Street":"tiffany","Suffix":"rd","City":"","State":"","Zip":"02061","StreetName":"Tiffany Rd","Address":null,"StateName":null,"Zip4":null,"MAK":null,"AddressType":null,"RBDI":null,"Results":null,"NoSuffix":""},{"Number":"","Street":"till rock","Suffix":"ln","City":"","State":"","Zip":"02061","StreetName":"Till Rock Ln","Address":null,"StateName":null,"Zip4":null,"MAK":null,"AddressType":null,"RBDI":null,"Results":null,"NoSuffix":""},{"Number":"","Street":"trout brook","Suffix":"ln","City":"","State":"","Zip":"02061","StreetName":"Trout Brook Ln","Address":null,"StateName":null,"Zip4":null,"MAK":null,"AddressType":null,"RBDI":null,"Results":null,"NoSuffix":""},{"Number":"","Street":"trunnel","Suffix":"ln","City":"","State":"","Zip":"02061","StreetName":"Trunnel Ln","Address":null,"StateName":null,"Zip4":null,"MAK":null,"AddressType":null,"RBDI":null,"Results":null,"NoSuffix":""},{"Number":"","Street":"turners","Suffix":"way","City":"","State":"","Zip":"02061","StreetName":"Turners Way","Address":null,"StateName":null,"Zip4":null,"MAK":null,"AddressType":null,"RBDI":null,"Results":null,"NoSuffix":""},{"Number":"","Street":"tyler","Suffix":"st","City":"","State":"","Zip":"02061","StreetName":"Tyler St","Address":null,"StateName":null,"Zip4":null,"MAK":null,"AddressType":null,"RBDI":null,"Results":null,"NoSuffix":""},{"Number":"","Street":"upper ferry","Suffix":"ln","City":"","State":"","Zip":"02061","StreetName":"Upper Ferry Ln","Address":null,"StateName":null,"Zip4":null,"MAK":null,"AddressType":null,"RBDI":null,"Results":null,"NoSuffix":""},{"Number":"","Street":"walnut","Suffix":"rd","City":"","State":"","Zip":"02061","StreetName":"Walnut Rd","Address":null,"StateName":null,"Zip4":null,"MAK":null,"AddressType":null,"RBDI":null,"Results":null,"NoSuffix":""},{"Number":"","Street":"wanton shipyard","Suffix":"","City":"","State":"","Zip":"02061","StreetName":"Wanton Shipyard","Address":null,"StateName":null,"Zip4":null,"MAK":null,"AddressType":null,"RBDI":null,"Results":null,"NoSuffix":"t"},{"Number":"","Street":"washington","Suffix":"st","City":"","State":"","Zip":"02061","StreetName":"Washington St","Address":null,"StateName":null,"Zip4":null,"MAK":null,"AddressType":null,"RBDI":null,"Results":null,"NoSuffix":""},{"Number":"","Street":"washington park","Suffix":"dr","City":"","State":"","Zip":"02061","StreetName":"Washington Park Dr","Address":null,"StateName":null,"Zip4":null,"MAK":null,"AddressType":null,"RBDI":null,"Results":null,"NoSuffix":""},{"Number":"","Street":"wendall","Suffix":"ave","City":"","State":"","Zip":"02061","StreetName":"Wendall Ave","Address":null,"StateName":null,"Zip4":null,"MAK":null,"AddressType":null,"RBDI":null,"Results":null,"NoSuffix":""},{"Number":"","Street":"west","Suffix":"st","City":"","State":"","Zip":"02061","StreetName":"West St","Address":null,"StateName":null,"Zip4":null,"MAK":null,"AddressType":null,"RBDI":null,"Results":null,"NoSuffix":""},{"Number":"","Street":"whitebarn","Suffix":"ln","City":"","State":"","Zip":"02061","StreetName":"Whitebarn Ln","Address":null,"StateName":null,"Zip4":null,"MAK":null,"AddressType":null,"RBDI":null,"Results":null,"NoSuffix":""},{"Number":"","Street":"wildcat","Suffix":"ln","City":"","State":"","Zip":"02061","StreetName":"Wildcat Ln","Address":null,"StateName":null,"Zip4":null,"MAK":null,"AddressType":null,"RBDI":null,"Results":null,"NoSuffix":""},{"Number":"","Street":"wilder","Suffix":"rd","City":"","State":"","Zip":"02061","StreetName":"Wilder Rd","Address":null,"StateName":null,"Zip4":null,"MAK":null,"AddressType":null,"RBDI":null,"Results":null,"NoSuffix":""},{"Number":"","Street":"wildwood","Suffix":"rd","City":"","State":"","Zip":"02061","StreetName":"Wildwood Rd","Address":null,"StateName":null,"Zip4":null,"MAK":null,"AddressType":null,"RBDI":null,"Results":null,"NoSuffix":""},{"Number":"","Street":"wind acres","Suffix":"","City":"","State":"","Zip":"02061","StreetName":"Wind Acres","Address":null,"StateName":null,"Zip4":null,"MAK":null,"AddressType":null,"RBDI":null,"Results":null,"NoSuffix":"t"},{"Number":"","Street":"winter","Suffix":"st","City":"","State":"","Zip":"02061","StreetName":"Winter St","Address":null,"StateName":null,"Zip4":null,"MAK":null,"AddressType":null,"RBDI":null,"Results":null,"NoSuffix":""},{"Number":"","Street":"woods","Suffix":"rd","City":"","State":"","Zip":"02061","StreetName":"Woods Rd","Address":null,"StateName":null,"Zip4":null,"MAK":null,"AddressType":null,"RBDI":null,"Results":null,"NoSuffix":""}]