[{"Number":"","Street":"abbey","Suffix":"rd","City":"","State":"","Zip":"01770","StreetName":"Abbey Rd","Address":null,"StateName":null,"Zip4":null,"MAK":null,"AddressType":null,"RBDI":null,"Results":null,"NoSuffix":""},{"Number":"","Street":"adams","Suffix":"ln","City":"","State":"","Zip":"01770","StreetName":"Adams Ln","Address":null,"StateName":null,"Zip4":null,"MAK":null,"AddressType":null,"RBDI":null,"Results":null,"NoSuffix":""},{"Number":"","Street":"ames","Suffix":"dr","City":"","State":"","Zip":"01770","StreetName":"Ames Dr","Address":null,"StateName":null,"Zip4":null,"MAK":null,"AddressType":null,"RBDI":null,"Results":null,"NoSuffix":""},{"Number":"","Street":"apple","Suffix":"st","City":"","State":"","Zip":"01770","StreetName":"Apple St","Address":null,"StateName":null,"Zip4":null,"MAK":null,"AddressType":null,"RBDI":null,"Results":null,"NoSuffix":""},{"Number":"","Street":"ash","Suffix":"ln","City":"","State":"","Zip":"01770","StreetName":"Ash Ln","Address":null,"StateName":null,"Zip4":null,"MAK":null,"AddressType":null,"RBDI":null,"Results":null,"NoSuffix":""},{"Number":"","Street":"barakat","Suffix":"ln","City":"","State":"","Zip":"01770","StreetName":"Barakat Ln","Address":null,"StateName":null,"Zip4":null,"MAK":null,"AddressType":null,"RBDI":null,"Results":null,"NoSuffix":""},{"Number":"","Street":"bear hill","Suffix":"rd","City":"","State":"","Zip":"01770","StreetName":"Bear Hill Rd","Address":null,"StateName":null,"Zip4":null,"MAK":null,"AddressType":null,"RBDI":null,"Results":null,"NoSuffix":""},{"Number":"","Street":"bogastow brook","Suffix":"rd","City":"","State":"","Zip":"01770","StreetName":"Bogastow Brook Rd","Address":null,"StateName":null,"Zip4":null,"MAK":null,"AddressType":null,"RBDI":null,"Results":null,"NoSuffix":""},{"Number":"","Street":"bridle","Suffix":"path","City":"","State":"","Zip":"01770","StreetName":"Bridle Path","Address":null,"StateName":null,"Zip4":null,"MAK":null,"AddressType":null,"RBDI":null,"Results":null,"NoSuffix":""},{"Number":"","Street":"brook","Suffix":"st","City":"","State":"","Zip":"01770","StreetName":"Brook St","Address":null,"StateName":null,"Zip4":null,"MAK":null,"AddressType":null,"RBDI":null,"Results":null,"NoSuffix":""},{"Number":"","Street":"brush hill","Suffix":"rd","City":"","State":"","Zip":"01770","StreetName":"Brush Hill Rd","Address":null,"StateName":null,"Zip4":null,"MAK":null,"AddressType":null,"RBDI":null,"Results":null,"NoSuffix":""},{"Number":"","Street":"bullard","Suffix":"st","City":"","State":"","Zip":"01770","StreetName":"Bullard St","Address":null,"StateName":null,"Zip4":null,"MAK":null,"AddressType":null,"RBDI":null,"Results":null,"NoSuffix":""},{"Number":"","Street":"butler","Suffix":"st","City":"","State":"","Zip":"01770","StreetName":"Butler St","Address":null,"StateName":null,"Zip4":null,"MAK":null,"AddressType":null,"RBDI":null,"Results":null,"NoSuffix":""},{"Number":"","Street":"cider hill","Suffix":"ln","City":"","State":"","Zip":"01770","StreetName":"Cider Hill Ln","Address":null,"StateName":null,"Zip4":null,"MAK":null,"AddressType":null,"RBDI":null,"Results":null,"NoSuffix":""},{"Number":"","Street":"colonel isaac","Suffix":"way","City":"","State":"","Zip":"01770","StreetName":"Colonel Isaac Way","Address":null,"StateName":null,"Zip4":null,"MAK":null,"AddressType":null,"RBDI":null,"Results":null,"NoSuffix":""},{"Number":"","Street":"coolidge","Suffix":"st","City":"","State":"","Zip":"01770","StreetName":"Coolidge St","Address":null,"StateName":null,"Zip4":null,"MAK":null,"AddressType":null,"RBDI":null,"Results":null,"NoSuffix":""},{"Number":"","Street":"course brook","Suffix":"rd","City":"","State":"","Zip":"01770","StreetName":"Course Brook Rd","Address":null,"StateName":null,"Zip4":null,"MAK":null,"AddressType":null,"RBDI":null,"Results":null,"NoSuffix":""},{"Number":"","Street":"cross","Suffix":"st","City":"","State":"","Zip":"01770","StreetName":"Cross St","Address":null,"StateName":null,"Zip4":null,"MAK":null,"AddressType":null,"RBDI":null,"Results":null,"NoSuffix":""},{"Number":"","Street":"curve","Suffix":"st","City":"","State":"","Zip":"01770","StreetName":"Curve St","Address":null,"StateName":null,"Zip4":null,"MAK":null,"AddressType":null,"RBDI":null,"Results":null,"NoSuffix":""},{"Number":"","Street":"deerfield","Suffix":"rd","City":"","State":"","Zip":"01770","StreetName":"Deerfield Rd","Address":null,"StateName":null,"Zip4":null,"MAK":null,"AddressType":null,"RBDI":null,"Results":null,"NoSuffix":""},{"Number":"","Street":"dexter","Suffix":"dr","City":"","State":"","Zip":"01770","StreetName":"Dexter Dr","Address":null,"StateName":null,"Zip4":null,"MAK":null,"AddressType":null,"RBDI":null,"Results":null,"NoSuffix":""},{"Number":"","Street":"dopping brook","Suffix":"rd","City":"","State":"","Zip":"01770","StreetName":"Dopping Brook Rd","Address":null,"StateName":null,"Zip4":null,"MAK":null,"AddressType":null,"RBDI":null,"Results":null,"NoSuffix":""},{"Number":"","Street":"eliot","Suffix":"st","City":"","State":"","Zip":"01770","StreetName":"Eliot St","Address":null,"StateName":null,"Zip4":null,"MAK":null,"AddressType":null,"RBDI":null,"Results":null,"NoSuffix":""},{"Number":"","Street":"everett","Suffix":"st","City":"","State":"","Zip":"01770","StreetName":"Everett St","Address":null,"StateName":null,"Zip4":null,"MAK":null,"AddressType":null,"RBDI":null,"Results":null,"NoSuffix":""},{"Number":"","Street":"farm","Suffix":"rd","City":"","State":"","Zip":"01770","StreetName":"Farm Rd","Address":null,"StateName":null,"Zip4":null,"MAK":null,"AddressType":null,"RBDI":null,"Results":null,"NoSuffix":""},{"Number":"","Street":"fawn","Suffix":"rd","City":"","State":"","Zip":"01770","StreetName":"Fawn Rd","Address":null,"StateName":null,"Zip4":null,"MAK":null,"AddressType":null,"RBDI":null,"Results":null,"NoSuffix":""},{"Number":"","Street":"forest","Suffix":"st","City":"","State":"","Zip":"01770","StreetName":"Forest St","Address":null,"StateName":null,"Zip4":null,"MAK":null,"AddressType":null,"RBDI":null,"Results":null,"NoSuffix":""},{"Number":"","Street":"goulding","Suffix":"st","City":"","State":"","Zip":"01770","StreetName":"Goulding St","Address":null,"StateName":null,"Zip4":null,"MAK":null,"AddressType":null,"RBDI":null,"Results":null,"NoSuffix":""},{"Number":"","Street":"great rock","Suffix":"rd","City":"","State":"","Zip":"01770","StreetName":"Great Rock Rd","Address":null,"StateName":null,"Zip4":null,"MAK":null,"AddressType":null,"RBDI":null,"Results":null,"NoSuffix":""},{"Number":"","Street":"green","Suffix":"ln","City":"","State":"","Zip":"01770","StreetName":"Green Ln","Address":null,"StateName":null,"Zip4":null,"MAK":null,"AddressType":null,"RBDI":null,"Results":null,"NoSuffix":""},{"Number":"","Street":"greenwood","Suffix":"st","City":"","State":"","Zip":"01770","StreetName":"Greenwood St","Address":null,"StateName":null,"Zip4":null,"MAK":null,"AddressType":null,"RBDI":null,"Results":null,"NoSuffix":""},{"Number":"","Street":"harrington ridge","Suffix":"rd","City":"","State":"","Zip":"01770","StreetName":"Harrington Ridge Rd","Address":null,"StateName":null,"Zip4":null,"MAK":null,"AddressType":null,"RBDI":null,"Results":null,"NoSuffix":""},{"Number":"","Street":"hollis","Suffix":"st","City":"","State":"","Zip":"01770","StreetName":"Hollis St","Address":null,"StateName":null,"Zip4":null,"MAK":null,"AddressType":null,"RBDI":null,"Results":null,"NoSuffix":""},{"Number":"","Street":"hunting","Suffix":"ln","City":"","State":"","Zip":"01770","StreetName":"Hunting Ln","Address":null,"StateName":null,"Zip4":null,"MAK":null,"AddressType":null,"RBDI":null,"Results":null,"NoSuffix":""},{"Number":"","Street":"ivy","Suffix":"ln","City":"","State":"","Zip":"01770","StreetName":"Ivy Ln","Address":null,"StateName":null,"Zip4":null,"MAK":null,"AddressType":null,"RBDI":null,"Results":null,"NoSuffix":""},{"Number":"","Street":"jackson","Suffix":"rd","City":"","State":"","Zip":"01770","StreetName":"Jackson Rd","Address":null,"StateName":null,"Zip4":null,"MAK":null,"AddressType":null,"RBDI":null,"Results":null,"NoSuffix":""},{"Number":"","Street":"kendall","Suffix":"ave","City":"","State":"","Zip":"01770","StreetName":"Kendall Ave","Address":null,"StateName":null,"Zip4":null,"MAK":null,"AddressType":null,"RBDI":null,"Results":null,"NoSuffix":""},{"Number":"","Street":"knollcrest farm","Suffix":"ln","City":"","State":"","Zip":"01770","StreetName":"Knollcrest Farm Ln","Address":null,"StateName":null,"Zip4":null,"MAK":null,"AddressType":null,"RBDI":null,"Results":null,"NoSuffix":""},{"Number":"","Street":"lake","Suffix":"st","City":"","State":"","Zip":"01770","StreetName":"Lake St","Address":null,"StateName":null,"Zip4":null,"MAK":null,"AddressType":null,"RBDI":null,"Results":null,"NoSuffix":""},{"Number":"","Street":"lamplighter","Suffix":"ln","City":"","State":"","Zip":"01770","StreetName":"Lamplighter Ln","Address":null,"StateName":null,"Zip4":null,"MAK":null,"AddressType":null,"RBDI":null,"Results":null,"NoSuffix":""},{"Number":"","Street":"leland","Suffix":"dr","City":"","State":"","Zip":"01770","StreetName":"Leland Dr","Address":null,"StateName":null,"Zip4":null,"MAK":null,"AddressType":null,"RBDI":null,"Results":null,"NoSuffix":""},{"Number":"","Street":"linden","Suffix":"ln","City":"","State":"","Zip":"01770","StreetName":"Linden Ln","Address":null,"StateName":null,"Zip4":null,"MAK":null,"AddressType":null,"RBDI":null,"Results":null,"NoSuffix":""},{"Number":"","Street":"main","Suffix":"st","City":"","State":"","Zip":"01770","StreetName":"Main St","Address":null,"StateName":null,"Zip4":null,"MAK":null,"AddressType":null,"RBDI":null,"Results":null,"NoSuffix":""},{"Number":"","Street":"maple","Suffix":"st","City":"","State":"","Zip":"01770","StreetName":"Maple St","Address":null,"StateName":null,"Zip4":null,"MAK":null,"AddressType":null,"RBDI":null,"Results":null,"NoSuffix":""},{"Number":"","Street":"mcgregor","Suffix":"dr","City":"","State":"","Zip":"01770","StreetName":"Mcgregor Dr","Address":null,"StateName":null,"Zip4":null,"MAK":null,"AddressType":null,"RBDI":null,"Results":null,"NoSuffix":""},{"Number":"","Street":"meadowbrook","Suffix":"rd","City":"","State":"","Zip":"01770","StreetName":"Meadowbrook Rd","Address":null,"StateName":null,"Zip4":null,"MAK":null,"AddressType":null,"RBDI":null,"Results":null,"NoSuffix":""},{"Number":"","Street":"mill","Suffix":"st","City":"","State":"","Zip":"01770","StreetName":"Mill St","Address":null,"StateName":null,"Zip4":null,"MAK":null,"AddressType":null,"RBDI":null,"Results":null,"NoSuffix":""},{"Number":"","Street":"millstone","Suffix":"dr","City":"","State":"","Zip":"01770","StreetName":"Millstone Dr","Address":null,"StateName":null,"Zip4":null,"MAK":null,"AddressType":null,"RBDI":null,"Results":null,"NoSuffix":""},{"Number":"","Street":"morse","Suffix":"rd","City":"","State":"","Zip":"01770","StreetName":"Morse Rd","Address":null,"StateName":null,"Zip4":null,"MAK":null,"AddressType":null,"RBDI":null,"Results":null,"NoSuffix":""},{"Number":"","Street":"nason hill","Suffix":"ln","City":"","State":"","Zip":"01770","StreetName":"Nason Hill Ln","Address":null,"StateName":null,"Zip4":null,"MAK":null,"AddressType":null,"RBDI":null,"Results":null,"NoSuffix":""},{"Number":"","Street":"nason hill","Suffix":"rd","City":"","State":"","Zip":"01770","StreetName":"Nason Hill Rd","Address":null,"StateName":null,"Zip4":null,"MAK":null,"AddressType":null,"RBDI":null,"Results":null,"NoSuffix":""},{"Number":"","Street":"obed","Suffix":"ln","City":"","State":"","Zip":"01770","StreetName":"Obed Ln","Address":null,"StateName":null,"Zip4":null,"MAK":null,"AddressType":null,"RBDI":null,"Results":null,"NoSuffix":""},{"Number":"","Street":"old orchard","Suffix":"rd","City":"","State":"","Zip":"01770","StreetName":"Old Orchard Rd","Address":null,"StateName":null,"Zip4":null,"MAK":null,"AddressType":null,"RBDI":null,"Results":null,"NoSuffix":""},{"Number":"","Street":"oldfield","Suffix":"dr","City":"","State":"","Zip":"01770","StreetName":"Oldfield Dr","Address":null,"StateName":null,"Zip4":null,"MAK":null,"AddressType":null,"RBDI":null,"Results":null,"NoSuffix":""},{"Number":"","Street":"page farm","Suffix":"rd","City":"","State":"","Zip":"01770","StreetName":"Page Farm Rd","Address":null,"StateName":null,"Zip4":null,"MAK":null,"AddressType":null,"RBDI":null,"Results":null,"NoSuffix":""},{"Number":"","Street":"parks","Suffix":"dr","City":"","State":"","Zip":"01770","StreetName":"Parks Dr","Address":null,"StateName":null,"Zip4":null,"MAK":null,"AddressType":null,"RBDI":null,"Results":null,"NoSuffix":""},{"Number":"","Street":"peckham hill","Suffix":"rd","City":"","State":"","Zip":"01770","StreetName":"Peckham Hill Rd","Address":null,"StateName":null,"Zip4":null,"MAK":null,"AddressType":null,"RBDI":null,"Results":null,"NoSuffix":""},{"Number":"","Street":"perry","Suffix":"st","City":"","State":"","Zip":"01770","StreetName":"Perry St","Address":null,"StateName":null,"Zip4":null,"MAK":null,"AddressType":null,"RBDI":null,"Results":null,"NoSuffix":""},{"Number":"","Street":"pine hill","Suffix":"ln","City":"","State":"","Zip":"01770","StreetName":"Pine Hill Ln","Address":null,"StateName":null,"Zip4":null,"MAK":null,"AddressType":null,"RBDI":null,"Results":null,"NoSuffix":""},{"Number":"","Street":"pleasant","Suffix":"st","City":"","State":"","Zip":"01770","StreetName":"Pleasant St","Address":null,"StateName":null,"Zip4":null,"MAK":null,"AddressType":null,"RBDI":null,"Results":null,"NoSuffix":""},{"Number":"","Street":"po box","Suffix":"","City":"","State":"","Zip":"01770","StreetName":"Po Box","Address":null,"StateName":null,"Zip4":null,"MAK":null,"AddressType":null,"RBDI":null,"Results":null,"NoSuffix":"t"},{"Number":"","Street":"powderhouse","Suffix":"ln","City":"","State":"","Zip":"01770","StreetName":"Powderhouse Ln","Address":null,"StateName":null,"Zip4":null,"MAK":null,"AddressType":null,"RBDI":null,"Results":null,"NoSuffix":""},{"Number":"","Street":"prospect","Suffix":"st","City":"","State":"","Zip":"01770","StreetName":"Prospect St","Address":null,"StateName":null,"Zip4":null,"MAK":null,"AddressType":null,"RBDI":null,"Results":null,"NoSuffix":""},{"Number":"","Street":"rockwood","Suffix":"st","City":"","State":"","Zip":"01770","StreetName":"Rockwood St","Address":null,"StateName":null,"Zip4":null,"MAK":null,"AddressType":null,"RBDI":null,"Results":null,"NoSuffix":""},{"Number":"","Street":"russett hill","Suffix":"rd","City":"","State":"","Zip":"01770","StreetName":"Russett Hill Rd","Address":null,"StateName":null,"Zip4":null,"MAK":null,"AddressType":null,"RBDI":null,"Results":null,"NoSuffix":""},{"Number":"","Street":"saddlebrook","Suffix":"rd","City":"","State":"","Zip":"01770","StreetName":"Saddlebrook Rd","Address":null,"StateName":null,"Zip4":null,"MAK":null,"AddressType":null,"RBDI":null,"Results":null,"NoSuffix":""},{"Number":"","Street":"sanger","Suffix":"st","City":"","State":"","Zip":"01770","StreetName":"Sanger St","Address":null,"StateName":null,"Zip4":null,"MAK":null,"AddressType":null,"RBDI":null,"Results":null,"NoSuffix":""},{"Number":"","Street":"sawin","Suffix":"st","City":"","State":"","Zip":"01770","StreetName":"Sawin St","Address":null,"StateName":null,"Zip4":null,"MAK":null,"AddressType":null,"RBDI":null,"Results":null,"NoSuffix":""},{"Number":"","Street":"sewall brook","Suffix":"ln","City":"","State":"","Zip":"01770","StreetName":"Sewall Brook Ln","Address":null,"StateName":null,"Zip4":null,"MAK":null,"AddressType":null,"RBDI":null,"Results":null,"NoSuffix":""},{"Number":"","Street":"snow","Suffix":"st","City":"","State":"","Zip":"01770","StreetName":"Snow St","Address":null,"StateName":null,"Zip4":null,"MAK":null,"AddressType":null,"RBDI":null,"Results":null,"NoSuffix":""},{"Number":"","Street":"south","Suffix":"st","City":"","State":"","Zip":"01770","StreetName":"South St","Address":null,"StateName":null,"Zip4":null,"MAK":null,"AddressType":null,"RBDI":null,"Results":null,"NoSuffix":""},{"Number":"","Street":"sparhawk","Suffix":"rd","City":"","State":"","Zip":"01770","StreetName":"Sparhawk Rd","Address":null,"StateName":null,"Zip4":null,"MAK":null,"AddressType":null,"RBDI":null,"Results":null,"NoSuffix":""},{"Number":"","Street":"speen","Suffix":"st","City":"","State":"","Zip":"01770","StreetName":"Speen St","Address":null,"StateName":null,"Zip4":null,"MAK":null,"AddressType":null,"RBDI":null,"Results":null,"NoSuffix":""},{"Number":"","Street":"spywood","Suffix":"rd","City":"","State":"","Zip":"01770","StreetName":"Spywood Rd","Address":null,"StateName":null,"Zip4":null,"MAK":null,"AddressType":null,"RBDI":null,"Results":null,"NoSuffix":""},{"Number":"","Street":"stevens","Suffix":"ln","City":"","State":"","Zip":"01770","StreetName":"Stevens Ln","Address":null,"StateName":null,"Zip4":null,"MAK":null,"AddressType":null,"RBDI":null,"Results":null,"NoSuffix":""},{"Number":"","Street":"stoneybrook","Suffix":"rd","City":"","State":"","Zip":"01770","StreetName":"Stoneybrook Rd","Address":null,"StateName":null,"Zip4":null,"MAK":null,"AddressType":null,"RBDI":null,"Results":null,"NoSuffix":""},{"Number":"","Street":"surrey","Suffix":"ln","City":"","State":"","Zip":"01770","StreetName":"Surrey Ln","Address":null,"StateName":null,"Zip4":null,"MAK":null,"AddressType":null,"RBDI":null,"Results":null,"NoSuffix":""},{"Number":"","Street":"thoroughbred","Suffix":"ln","City":"","State":"","Zip":"01770","StreetName":"Thoroughbred Ln","Address":null,"StateName":null,"Zip4":null,"MAK":null,"AddressType":null,"RBDI":null,"Results":null,"NoSuffix":""},{"Number":"","Street":"towne lyne","Suffix":"rd","City":"","State":"","Zip":"01770","StreetName":"Towne Lyne Rd","Address":null,"StateName":null,"Zip4":null,"MAK":null,"AddressType":null,"RBDI":null,"Results":null,"NoSuffix":""},{"Number":"","Street":"unity","Suffix":"ln","City":"","State":"","Zip":"01770","StreetName":"Unity Ln","Address":null,"StateName":null,"Zip4":null,"MAK":null,"AddressType":null,"RBDI":null,"Results":null,"NoSuffix":""},{"Number":"","Street":"village","Suffix":"way","City":"","State":"","Zip":"01770","StreetName":"Village Way","Address":null,"StateName":null,"Zip4":null,"MAK":null,"AddressType":null,"RBDI":null,"Results":null,"NoSuffix":""},{"Number":"","Street":"ward","Suffix":"ln","City":"","State":"","Zip":"01770","StreetName":"Ward Ln","Address":null,"StateName":null,"Zip4":null,"MAK":null,"AddressType":null,"RBDI":null,"Results":null,"NoSuffix":""},{"Number":"","Street":"washington","Suffix":"st","City":"","State":"","Zip":"01770","StreetName":"Washington St","Address":null,"StateName":null,"Zip4":null,"MAK":null,"AddressType":null,"RBDI":null,"Results":null,"NoSuffix":""},{"Number":"","Street":"western","Suffix":"ave","City":"","State":"","Zip":"01770","StreetName":"Western Ave","Address":null,"StateName":null,"Zip4":null,"MAK":null,"AddressType":null,"RBDI":null,"Results":null,"NoSuffix":""},{"Number":"","Street":"whitney","Suffix":"dr","City":"","State":"","Zip":"01770","StreetName":"Whitney Dr","Address":null,"StateName":null,"Zip4":null,"MAK":null,"AddressType":null,"RBDI":null,"Results":null,"NoSuffix":""},{"Number":"","Street":"whitney","Suffix":"st","City":"","State":"","Zip":"01770","StreetName":"Whitney St","Address":null,"StateName":null,"Zip4":null,"MAK":null,"AddressType":null,"RBDI":null,"Results":null,"NoSuffix":""},{"Number":"","Street":"wild meadow","Suffix":"ln","City":"","State":"","Zip":"01770","StreetName":"Wild Meadow Ln","Address":null,"StateName":null,"Zip4":null,"MAK":null,"AddressType":null,"RBDI":null,"Results":null,"NoSuffix":""},{"Number":"","Street":"wildwood","Suffix":"dr","City":"","State":"","Zip":"01770","StreetName":"Wildwood Dr","Address":null,"StateName":null,"Zip4":null,"MAK":null,"AddressType":null,"RBDI":null,"Results":null,"NoSuffix":""},{"Number":"","Street":"wood","Suffix":"rd","City":"","State":"","Zip":"01770","StreetName":"Wood Rd","Address":null,"StateName":null,"Zip4":null,"MAK":null,"AddressType":null,"RBDI":null,"Results":null,"NoSuffix":""},{"Number":"","Street":"woodland","Suffix":"st","City":"","State":"","Zip":"01770","StreetName":"Woodland St","Address":null,"StateName":null,"Zip4":null,"MAK":null,"AddressType":null,"RBDI":null,"Results":null,"NoSuffix":""},{"Number":"","Street":"zions","Suffix":"ln","City":"","State":"","Zip":"01770","StreetName":"Zions Ln","Address":null,"StateName":null,"Zip4":null,"MAK":null,"AddressType":null,"RBDI":null,"Results":null,"NoSuffix":""}]