[{"Number":"","Street":"abbey","Suffix":"rd","City":"","State":"","Zip":"02135","StreetName":"Abbey Rd","Address":null,"StateName":null,"Zip4":null,"MAK":null,"AddressType":null,"RBDI":null,"Results":null,"NoSuffix":""},{"Number":"","Street":"academy hill","Suffix":"rd","City":"","State":"","Zip":"02135","StreetName":"Academy Hill Rd","Address":null,"StateName":null,"Zip4":null,"MAK":null,"AddressType":null,"RBDI":null,"Results":null,"NoSuffix":""},{"Number":"","Street":"adair","Suffix":"rd","City":"","State":"","Zip":"02135","StreetName":"Adair Rd","Address":null,"StateName":null,"Zip4":null,"MAK":null,"AddressType":null,"RBDI":null,"Results":null,"NoSuffix":""},{"Number":"","Street":"allen","Suffix":"rd","City":"","State":"","Zip":"02135","StreetName":"Allen Rd","Address":null,"StateName":null,"Zip4":null,"MAK":null,"AddressType":null,"RBDI":null,"Results":null,"NoSuffix":""},{"Number":"","Street":"allston","Suffix":"st","City":"","State":"","Zip":"02135","StreetName":"Allston St","Address":null,"StateName":null,"Zip4":null,"MAK":null,"AddressType":null,"RBDI":null,"Results":null,"NoSuffix":""},{"Number":"","Street":"anselm","Suffix":"ter","City":"","State":"","Zip":"02135","StreetName":"Anselm Ter","Address":null,"StateName":null,"Zip4":null,"MAK":null,"AddressType":null,"RBDI":null,"Results":null,"NoSuffix":""},{"Number":"","Street":"antwerp","Suffix":"st","City":"","State":"","Zip":"02135","StreetName":"Antwerp St","Address":null,"StateName":null,"Zip4":null,"MAK":null,"AddressType":null,"RBDI":null,"Results":null,"NoSuffix":""},{"Number":"","Street":"argus","Suffix":"pl","City":"","State":"","Zip":"02135","StreetName":"Argus Pl","Address":null,"StateName":null,"Zip4":null,"MAK":null,"AddressType":null,"RBDI":null,"Results":null,"NoSuffix":""},{"Number":"","Street":"arlington","Suffix":"ct","City":"","State":"","Zip":"02135","StreetName":"Arlington Ct","Address":null,"StateName":null,"Zip4":null,"MAK":null,"AddressType":null,"RBDI":null,"Results":null,"NoSuffix":""},{"Number":"","Street":"arlington","Suffix":"st","City":"","State":"","Zip":"02135","StreetName":"Arlington St","Address":null,"StateName":null,"Zip4":null,"MAK":null,"AddressType":null,"RBDI":null,"Results":null,"NoSuffix":""},{"Number":"","Street":"ascot","Suffix":"st","City":"","State":"","Zip":"02135","StreetName":"Ascot St","Address":null,"StateName":null,"Zip4":null,"MAK":null,"AddressType":null,"RBDI":null,"Results":null,"NoSuffix":""},{"Number":"","Street":"atkins","Suffix":"st","City":"","State":"","Zip":"02135","StreetName":"Atkins St","Address":null,"StateName":null,"Zip4":null,"MAK":null,"AddressType":null,"RBDI":null,"Results":null,"NoSuffix":""},{"Number":"","Street":"ayr","Suffix":"rd","City":"","State":"","Zip":"02135","StreetName":"Ayr Rd","Address":null,"StateName":null,"Zip4":null,"MAK":null,"AddressType":null,"RBDI":null,"Results":null,"NoSuffix":""},{"Number":"","Street":"baldwin","Suffix":"pl","City":"","State":"","Zip":"02135","StreetName":"Baldwin Pl","Address":null,"StateName":null,"Zip4":null,"MAK":null,"AddressType":null,"RBDI":null,"Results":null,"NoSuffix":""},{"Number":"","Street":"barker","Suffix":"st","City":"","State":"","Zip":"02135","StreetName":"Barker St","Address":null,"StateName":null,"Zip4":null,"MAK":null,"AddressType":null,"RBDI":null,"Results":null,"NoSuffix":""},{"Number":"","Street":"beacon","Suffix":"st","City":"","State":"","Zip":"02135","StreetName":"Beacon St","Address":null,"StateName":null,"Zip4":null,"MAK":null,"AddressType":null,"RBDI":null,"Results":null,"NoSuffix":""},{"Number":"","Street":"beechcroft","Suffix":"st","City":"","State":"","Zip":"02135","StreetName":"Beechcroft St","Address":null,"StateName":null,"Zip4":null,"MAK":null,"AddressType":null,"RBDI":null,"Results":null,"NoSuffix":""},{"Number":"","Street":"bellamy","Suffix":"st","City":"","State":"","Zip":"02135","StreetName":"Bellamy St","Address":null,"StateName":null,"Zip4":null,"MAK":null,"AddressType":null,"RBDI":null,"Results":null,"NoSuffix":""},{"Number":"","Street":"bellvista","Suffix":"rd","City":"","State":"","Zip":"02135","StreetName":"Bellvista Rd","Address":null,"StateName":null,"Zip4":null,"MAK":null,"AddressType":null,"RBDI":null,"Results":null,"NoSuffix":""},{"Number":"","Street":"bennett","Suffix":"st","City":"","State":"","Zip":"02135","StreetName":"Bennett St","Address":null,"StateName":null,"Zip4":null,"MAK":null,"AddressType":null,"RBDI":null,"Results":null,"NoSuffix":""},{"Number":"","Street":"benson","Suffix":"st","City":"","State":"","Zip":"02135","StreetName":"Benson St","Address":null,"StateName":null,"Zip4":null,"MAK":null,"AddressType":null,"RBDI":null,"Results":null,"NoSuffix":""},{"Number":"","Street":"bentley","Suffix":"st","City":"","State":"","Zip":"02135","StreetName":"Bentley St","Address":null,"StateName":null,"Zip4":null,"MAK":null,"AddressType":null,"RBDI":null,"Results":null,"NoSuffix":""},{"Number":"","Street":"bigelow","Suffix":"cir","City":"","State":"","Zip":"02135","StreetName":"Bigelow Cir","Address":null,"StateName":null,"Zip4":null,"MAK":null,"AddressType":null,"RBDI":null,"Results":null,"NoSuffix":""},{"Number":"","Street":"bigelow","Suffix":"st","City":"","State":"","Zip":"02135","StreetName":"Bigelow St","Address":null,"StateName":null,"Zip4":null,"MAK":null,"AddressType":null,"RBDI":null,"Results":null,"NoSuffix":""},{"Number":"","Street":"blenford","Suffix":"rd","City":"","State":"","Zip":"02135","StreetName":"Blenford Rd","Address":null,"StateName":null,"Zip4":null,"MAK":null,"AddressType":null,"RBDI":null,"Results":null,"NoSuffix":""},{"Number":"","Street":"bostonia","Suffix":"ave","City":"","State":"","Zip":"02135","StreetName":"Bostonia Ave","Address":null,"StateName":null,"Zip4":null,"MAK":null,"AddressType":null,"RBDI":null,"Results":null,"NoSuffix":""},{"Number":"","Street":"bothwell","Suffix":"rd","City":"","State":"","Zip":"02135","StreetName":"Bothwell Rd","Address":null,"StateName":null,"Zip4":null,"MAK":null,"AddressType":null,"RBDI":null,"Results":null,"NoSuffix":""},{"Number":"","Street":"brackett","Suffix":"st","City":"","State":"","Zip":"02135","StreetName":"Brackett St","Address":null,"StateName":null,"Zip4":null,"MAK":null,"AddressType":null,"RBDI":null,"Results":null,"NoSuffix":""},{"Number":"","Street":"braemore","Suffix":"rd","City":"","State":"","Zip":"02135","StreetName":"Braemore Rd","Address":null,"StateName":null,"Zip4":null,"MAK":null,"AddressType":null,"RBDI":null,"Results":null,"NoSuffix":""},{"Number":"","Street":"brayton","Suffix":"rd","City":"","State":"","Zip":"02135","StreetName":"Brayton Rd","Address":null,"StateName":null,"Zip4":null,"MAK":null,"AddressType":null,"RBDI":null,"Results":null,"NoSuffix":""},{"Number":"","Street":"brayton","Suffix":"ter","City":"","State":"","Zip":"02135","StreetName":"Brayton Ter","Address":null,"StateName":null,"Zip4":null,"MAK":null,"AddressType":null,"RBDI":null,"Results":null,"NoSuffix":""},{"Number":"","Street":"breck","Suffix":"ave","City":"","State":"","Zip":"02135","StreetName":"Breck Ave","Address":null,"StateName":null,"Zip4":null,"MAK":null,"AddressType":null,"RBDI":null,"Results":null,"NoSuffix":""},{"Number":"","Street":"brock","Suffix":"st","City":"","State":"","Zip":"02135","StreetName":"Brock St","Address":null,"StateName":null,"Zip4":null,"MAK":null,"AddressType":null,"RBDI":null,"Results":null,"NoSuffix":""},{"Number":"","Street":"bronsdon","Suffix":"st","City":"","State":"","Zip":"02135","StreetName":"Bronsdon St","Address":null,"StateName":null,"Zip4":null,"MAK":null,"AddressType":null,"RBDI":null,"Results":null,"NoSuffix":""},{"Number":"","Street":"brooks","Suffix":"st","City":"","State":"","Zip":"02135","StreetName":"Brooks St","Address":null,"StateName":null,"Zip4":null,"MAK":null,"AddressType":null,"RBDI":null,"Results":null,"NoSuffix":""},{"Number":"","Street":"brooksdale","Suffix":"rd","City":"","State":"","Zip":"02135","StreetName":"Brooksdale Rd","Address":null,"StateName":null,"Zip4":null,"MAK":null,"AddressType":null,"RBDI":null,"Results":null,"NoSuffix":""},{"Number":"","Street":"burton","Suffix":"st","City":"","State":"","Zip":"02135","StreetName":"Burton St","Address":null,"StateName":null,"Zip4":null,"MAK":null,"AddressType":null,"RBDI":null,"Results":null,"NoSuffix":""},{"Number":"","Street":"caltha","Suffix":"rd","City":"","State":"","Zip":"02135","StreetName":"Caltha Rd","Address":null,"StateName":null,"Zip4":null,"MAK":null,"AddressType":null,"RBDI":null,"Results":null,"NoSuffix":""},{"Number":"","Street":"cambridge","Suffix":"st","City":"","State":"","Zip":"02135","StreetName":"Cambridge St","Address":null,"StateName":null,"Zip4":null,"MAK":null,"AddressType":null,"RBDI":null,"Results":null,"NoSuffix":""},{"Number":"","Street":"camelot","Suffix":"ct","City":"","State":"","Zip":"02135","StreetName":"Camelot Ct","Address":null,"StateName":null,"Zip4":null,"MAK":null,"AddressType":null,"RBDI":null,"Results":null,"NoSuffix":""},{"Number":"","Street":"carol","Suffix":"ave","City":"","State":"","Zip":"02135","StreetName":"Carol Ave","Address":null,"StateName":null,"Zip4":null,"MAK":null,"AddressType":null,"RBDI":null,"Results":null,"NoSuffix":""},{"Number":"","Street":"cenacle","Suffix":"rd","City":"","State":"","Zip":"02135","StreetName":"Cenacle Rd","Address":null,"StateName":null,"Zip4":null,"MAK":null,"AddressType":null,"RBDI":null,"Results":null,"NoSuffix":""},{"Number":"","Street":"champney","Suffix":"st","City":"","State":"","Zip":"02135","StreetName":"Champney St","Address":null,"StateName":null,"Zip4":null,"MAK":null,"AddressType":null,"RBDI":null,"Results":null,"NoSuffix":""},{"Number":"","Street":"charlesview","Suffix":"st","City":"","State":"","Zip":"02135","StreetName":"Charlesview St","Address":null,"StateName":null,"Zip4":null,"MAK":null,"AddressType":null,"RBDI":null,"Results":null,"NoSuffix":""},{"Number":"","Street":"chestnut","Suffix":"pl","City":"","State":"","Zip":"02135","StreetName":"Chestnut Pl","Address":null,"StateName":null,"Zip4":null,"MAK":null,"AddressType":null,"RBDI":null,"Results":null,"NoSuffix":""},{"Number":"","Street":"chestnut hill","Suffix":"ave","City":"","State":"","Zip":"02135","StreetName":"Chestnut Hill Ave","Address":null,"StateName":null,"Zip4":null,"MAK":null,"AddressType":null,"RBDI":null,"Results":null,"NoSuffix":""},{"Number":"","Street":"chiswick","Suffix":"rd","City":"","State":"","Zip":"02135","StreetName":"Chiswick Rd","Address":null,"StateName":null,"Zip4":null,"MAK":null,"AddressType":null,"RBDI":null,"Results":null,"NoSuffix":""},{"Number":"","Street":"chiswick","Suffix":"ter","City":"","State":"","Zip":"02135","StreetName":"Chiswick Ter","Address":null,"StateName":null,"Zip4":null,"MAK":null,"AddressType":null,"RBDI":null,"Results":null,"NoSuffix":""},{"Number":"","Street":"city view","Suffix":"rd","City":"","State":"","Zip":"02135","StreetName":"City View Rd","Address":null,"StateName":null,"Zip4":null,"MAK":null,"AddressType":null,"RBDI":null,"Results":null,"NoSuffix":""},{"Number":"","Street":"claymoss","Suffix":"rd","City":"","State":"","Zip":"02135","StreetName":"Claymoss Rd","Address":null,"StateName":null,"Zip4":null,"MAK":null,"AddressType":null,"RBDI":null,"Results":null,"NoSuffix":""},{"Number":"","Street":"colborne","Suffix":"rd","City":"","State":"","Zip":"02135","StreetName":"Colborne Rd","Address":null,"StateName":null,"Zip4":null,"MAK":null,"AddressType":null,"RBDI":null,"Results":null,"NoSuffix":""},{"Number":"","Street":"colliston","Suffix":"rd","City":"","State":"","Zip":"02135","StreetName":"Colliston Rd","Address":null,"StateName":null,"Zip4":null,"MAK":null,"AddressType":null,"RBDI":null,"Results":null,"NoSuffix":""},{"Number":"","Street":"colwell","Suffix":"ave","City":"","State":"","Zip":"02135","StreetName":"Colwell Ave","Address":null,"StateName":null,"Zip4":null,"MAK":null,"AddressType":null,"RBDI":null,"Results":null,"NoSuffix":""},{"Number":"","Street":"commonwealth","Suffix":"ave","City":"","State":"","Zip":"02135","StreetName":"Commonwealth Ave","Address":null,"StateName":null,"Zip4":null,"MAK":null,"AddressType":null,"RBDI":null,"Results":null,"NoSuffix":""},{"Number":"","Street":"commonwealth","Suffix":"ct","City":"","State":"","Zip":"02135","StreetName":"Commonwealth Ct","Address":null,"StateName":null,"Zip4":null,"MAK":null,"AddressType":null,"RBDI":null,"Results":null,"NoSuffix":""},{"Number":"","Street":"commonwealth","Suffix":"ter","City":"","State":"","Zip":"02135","StreetName":"Commonwealth Ter","Address":null,"StateName":null,"Zip4":null,"MAK":null,"AddressType":null,"RBDI":null,"Results":null,"NoSuffix":""},{"Number":"","Street":"converse","Suffix":"st","City":"","State":"","Zip":"02135","StreetName":"Converse St","Address":null,"StateName":null,"Zip4":null,"MAK":null,"AddressType":null,"RBDI":null,"Results":null,"NoSuffix":""},{"Number":"","Street":"corey","Suffix":"rd","City":"","State":"","Zip":"02135","StreetName":"Corey Rd","Address":null,"StateName":null,"Zip4":null,"MAK":null,"AddressType":null,"RBDI":null,"Results":null,"NoSuffix":""},{"Number":"","Street":"corinne","Suffix":"rd","City":"","State":"","Zip":"02135","StreetName":"Corinne Rd","Address":null,"StateName":null,"Zip4":null,"MAK":null,"AddressType":null,"RBDI":null,"Results":null,"NoSuffix":""},{"Number":"","Street":"crescent circuit","Suffix":"","City":"","State":"","Zip":"02135","StreetName":"Crescent Circuit","Address":null,"StateName":null,"Zip4":null,"MAK":null,"AddressType":null,"RBDI":null,"Results":null,"NoSuffix":"t"},{"Number":"","Street":"cresthill","Suffix":"rd","City":"","State":"","Zip":"02135","StreetName":"Cresthill Rd","Address":null,"StateName":null,"Zip4":null,"MAK":null,"AddressType":null,"RBDI":null,"Results":null,"NoSuffix":""},{"Number":"","Street":"crossland","Suffix":"pl","City":"","State":"","Zip":"02135","StreetName":"Crossland Pl","Address":null,"StateName":null,"Zip4":null,"MAK":null,"AddressType":null,"RBDI":null,"Results":null,"NoSuffix":""},{"Number":"","Street":"cufflin","Suffix":"st","City":"","State":"","Zip":"02135","StreetName":"Cufflin St","Address":null,"StateName":null,"Zip4":null,"MAK":null,"AddressType":null,"RBDI":null,"Results":null,"NoSuffix":""},{"Number":"","Street":"cummings","Suffix":"rd","City":"","State":"","Zip":"02135","StreetName":"Cummings Rd","Address":null,"StateName":null,"Zip4":null,"MAK":null,"AddressType":null,"RBDI":null,"Results":null,"NoSuffix":""},{"Number":"","Street":"cushman","Suffix":"rd","City":"","State":"","Zip":"02135","StreetName":"Cushman Rd","Address":null,"StateName":null,"Zip4":null,"MAK":null,"AddressType":null,"RBDI":null,"Results":null,"NoSuffix":""},{"Number":"","Street":"cygnet","Suffix":"st","City":"","State":"","Zip":"02135","StreetName":"Cygnet St","Address":null,"StateName":null,"Zip4":null,"MAK":null,"AddressType":null,"RBDI":null,"Results":null,"NoSuffix":""},{"Number":"","Street":"cypress","Suffix":"rd","City":"","State":"","Zip":"02135","StreetName":"Cypress Rd","Address":null,"StateName":null,"Zip4":null,"MAK":null,"AddressType":null,"RBDI":null,"Results":null,"NoSuffix":""},{"Number":"","Street":"delany","Suffix":"cir","City":"","State":"","Zip":"02135","StreetName":"Delany Cir","Address":null,"StateName":null,"Zip4":null,"MAK":null,"AddressType":null,"RBDI":null,"Results":null,"NoSuffix":""},{"Number":"","Street":"delaware","Suffix":"pl","City":"","State":"","Zip":"02135","StreetName":"Delaware Pl","Address":null,"StateName":null,"Zip4":null,"MAK":null,"AddressType":null,"RBDI":null,"Results":null,"NoSuffix":""},{"Number":"","Street":"dickinson","Suffix":"rd","City":"","State":"","Zip":"02135","StreetName":"Dickinson Rd","Address":null,"StateName":null,"Zip4":null,"MAK":null,"AddressType":null,"RBDI":null,"Results":null,"NoSuffix":""},{"Number":"","Street":"dighton","Suffix":"st","City":"","State":"","Zip":"02135","StreetName":"Dighton St","Address":null,"StateName":null,"Zip4":null,"MAK":null,"AddressType":null,"RBDI":null,"Results":null,"NoSuffix":""},{"Number":"","Street":"donnybrook","Suffix":"rd","City":"","State":"","Zip":"02135","StreetName":"Donnybrook Rd","Address":null,"StateName":null,"Zip4":null,"MAK":null,"AddressType":null,"RBDI":null,"Results":null,"NoSuffix":""},{"Number":"","Street":"dunboy","Suffix":"st","City":"","State":"","Zip":"02135","StreetName":"Dunboy St","Address":null,"StateName":null,"Zip4":null,"MAK":null,"AddressType":null,"RBDI":null,"Results":null,"NoSuffix":""},{"Number":"","Street":"duncklee","Suffix":"st","City":"","State":"","Zip":"02135","StreetName":"Duncklee St","Address":null,"StateName":null,"Zip4":null,"MAK":null,"AddressType":null,"RBDI":null,"Results":null,"NoSuffix":""},{"Number":"","Street":"durland","Suffix":"st","City":"","State":"","Zip":"02135","StreetName":"Durland St","Address":null,"StateName":null,"Zip4":null,"MAK":null,"AddressType":null,"RBDI":null,"Results":null,"NoSuffix":""},{"Number":"","Street":"dustin","Suffix":"st","City":"","State":"","Zip":"02135","StreetName":"Dustin St","Address":null,"StateName":null,"Zip4":null,"MAK":null,"AddressType":null,"RBDI":null,"Results":null,"NoSuffix":""},{"Number":"","Street":"duval","Suffix":"st","City":"","State":"","Zip":"02135","StreetName":"Duval St","Address":null,"StateName":null,"Zip4":null,"MAK":null,"AddressType":null,"RBDI":null,"Results":null,"NoSuffix":""},{"Number":"","Street":"eastburn","Suffix":"pl","City":"","State":"","Zip":"02135","StreetName":"Eastburn Pl","Address":null,"StateName":null,"Zip4":null,"MAK":null,"AddressType":null,"RBDI":null,"Results":null,"NoSuffix":""},{"Number":"","Street":"eastburn","Suffix":"st","City":"","State":"","Zip":"02135","StreetName":"Eastburn St","Address":null,"StateName":null,"Zip4":null,"MAK":null,"AddressType":null,"RBDI":null,"Results":null,"NoSuffix":""},{"Number":"","Street":"egan","Suffix":"way","City":"","State":"","Zip":"02135","StreetName":"Egan Way","Address":null,"StateName":null,"Zip4":null,"MAK":null,"AddressType":null,"RBDI":null,"Results":null,"NoSuffix":""},{"Number":"","Street":"egremont","Suffix":"rd","City":"","State":"","Zip":"02135","StreetName":"Egremont Rd","Address":null,"StateName":null,"Zip4":null,"MAK":null,"AddressType":null,"RBDI":null,"Results":null,"NoSuffix":""},{"Number":"","Street":"electric","Suffix":"ave","City":"","State":"","Zip":"02135","StreetName":"Electric Ave","Address":null,"StateName":null,"Zip4":null,"MAK":null,"AddressType":null,"RBDI":null,"Results":null,"NoSuffix":""},{"Number":"","Street":"elko","Suffix":"st","City":"","State":"","Zip":"02135","StreetName":"Elko St","Address":null,"StateName":null,"Zip4":null,"MAK":null,"AddressType":null,"RBDI":null,"Results":null,"NoSuffix":""},{"Number":"","Street":"elmira","Suffix":"st","City":"","State":"","Zip":"02135","StreetName":"Elmira St","Address":null,"StateName":null,"Zip4":null,"MAK":null,"AddressType":null,"RBDI":null,"Results":null,"NoSuffix":""},{"Number":"","Street":"embassy","Suffix":"rd","City":"","State":"","Zip":"02135","StreetName":"Embassy Rd","Address":null,"StateName":null,"Zip4":null,"MAK":null,"AddressType":null,"RBDI":null,"Results":null,"NoSuffix":""},{"Number":"","Street":"englewood","Suffix":"ave","City":"","State":"","Zip":"02135","StreetName":"Englewood Ave","Address":null,"StateName":null,"Zip4":null,"MAK":null,"AddressType":null,"RBDI":null,"Results":null,"NoSuffix":""},{"Number":"","Street":"etna","Suffix":"st","City":"","State":"","Zip":"02135","StreetName":"Etna St","Address":null,"StateName":null,"Zip4":null,"MAK":null,"AddressType":null,"RBDI":null,"Results":null,"NoSuffix":""},{"Number":"","Street":"eulita","Suffix":"ter","City":"","State":"","Zip":"02135","StreetName":"Eulita Ter","Address":null,"StateName":null,"Zip4":null,"MAK":null,"AddressType":null,"RBDI":null,"Results":null,"NoSuffix":""},{"Number":"","Street":"euston","Suffix":"rd","City":"","State":"","Zip":"02135","StreetName":"Euston Rd","Address":null,"StateName":null,"Zip4":null,"MAK":null,"AddressType":null,"RBDI":null,"Results":null,"NoSuffix":""},{"Number":"","Street":"evans","Suffix":"rd","City":"","State":"","Zip":"02135","StreetName":"Evans Rd","Address":null,"StateName":null,"Zip4":null,"MAK":null,"AddressType":null,"RBDI":null,"Results":null,"NoSuffix":""},{"Number":"","Street":"everett","Suffix":"st","City":"","State":"","Zip":"02135","StreetName":"Everett St","Address":null,"StateName":null,"Zip4":null,"MAK":null,"AddressType":null,"RBDI":null,"Results":null,"NoSuffix":""},{"Number":"","Street":"fairbanks","Suffix":"st","City":"","State":"","Zip":"02135","StreetName":"Fairbanks St","Address":null,"StateName":null,"Zip4":null,"MAK":null,"AddressType":null,"RBDI":null,"Results":null,"NoSuffix":""},{"Number":"","Street":"falkland","Suffix":"st","City":"","State":"","Zip":"02135","StreetName":"Falkland St","Address":null,"StateName":null,"Zip4":null,"MAK":null,"AddressType":null,"RBDI":null,"Results":null,"NoSuffix":""},{"Number":"","Street":"faneuil","Suffix":"st","City":"","State":"","Zip":"02135","StreetName":"Faneuil St","Address":null,"StateName":null,"Zip4":null,"MAK":null,"AddressType":null,"RBDI":null,"Results":null,"NoSuffix":""},{"Number":"","Street":"fidelis","Suffix":"way","City":"","State":"","Zip":"02135","StreetName":"Fidelis Way","Address":null,"StateName":null,"Zip4":null,"MAK":null,"AddressType":null,"RBDI":null,"Results":null,"NoSuffix":""},{"Number":"","Street":"foster","Suffix":"st","City":"","State":"","Zip":"02135","StreetName":"Foster St","Address":null,"StateName":null,"Zip4":null,"MAK":null,"AddressType":null,"RBDI":null,"Results":null,"NoSuffix":""},{"Number":"","Street":"foster","Suffix":"ter","City":"","State":"","Zip":"02135","StreetName":"Foster Ter","Address":null,"StateName":null,"Zip4":null,"MAK":null,"AddressType":null,"RBDI":null,"Results":null,"NoSuffix":""},{"Number":"","Street":"gardena","Suffix":"st","City":"","State":"","Zip":"02135","StreetName":"Gardena St","Address":null,"StateName":null,"Zip4":null,"MAK":null,"AddressType":null,"RBDI":null,"Results":null,"NoSuffix":""},{"Number":"","Street":"gem","Suffix":"ave","City":"","State":"","Zip":"02135","StreetName":"Gem Ave","Address":null,"StateName":null,"Zip4":null,"MAK":null,"AddressType":null,"RBDI":null,"Results":null,"NoSuffix":""},{"Number":"","Street":"gerald","Suffix":"rd","City":"","State":"","Zip":"02135","StreetName":"Gerald Rd","Address":null,"StateName":null,"Zip4":null,"MAK":null,"AddressType":null,"RBDI":null,"Results":null,"NoSuffix":""},{"Number":"","Street":"gerrish","Suffix":"st","City":"","State":"","Zip":"02135","StreetName":"Gerrish St","Address":null,"StateName":null,"Zip4":null,"MAK":null,"AddressType":null,"RBDI":null,"Results":null,"NoSuffix":""},{"Number":"","Street":"glencoe","Suffix":"st","City":"","State":"","Zip":"02135","StreetName":"Glencoe St","Address":null,"StateName":null,"Zip4":null,"MAK":null,"AddressType":null,"RBDI":null,"Results":null,"NoSuffix":""},{"Number":"","Street":"glenley","Suffix":"ter","City":"","State":"","Zip":"02135","StreetName":"Glenley Ter","Address":null,"StateName":null,"Zip4":null,"MAK":null,"AddressType":null,"RBDI":null,"Results":null,"NoSuffix":""},{"Number":"","Street":"glenmont","Suffix":"rd","City":"","State":"","Zip":"02135","StreetName":"Glenmont Rd","Address":null,"StateName":null,"Zip4":null,"MAK":null,"AddressType":null,"RBDI":null,"Results":null,"NoSuffix":""},{"Number":"","Street":"goodenough","Suffix":"st","City":"","State":"","Zip":"02135","StreetName":"Goodenough St","Address":null,"StateName":null,"Zip4":null,"MAK":null,"AddressType":null,"RBDI":null,"Results":null,"NoSuffix":""},{"Number":"","Street":"gordon","Suffix":"st","City":"","State":"","Zip":"02135","StreetName":"Gordon St","Address":null,"StateName":null,"Zip4":null,"MAK":null,"AddressType":null,"RBDI":null,"Results":null,"NoSuffix":""},{"Number":"","Street":"gould","Suffix":"st","City":"","State":"","Zip":"02135","StreetName":"Gould St","Address":null,"StateName":null,"Zip4":null,"MAK":null,"AddressType":null,"RBDI":null,"Results":null,"NoSuffix":""},{"Number":"","Street":"greycliff","Suffix":"rd","City":"","State":"","Zip":"02135","StreetName":"Greycliff Rd","Address":null,"StateName":null,"Zip4":null,"MAK":null,"AddressType":null,"RBDI":null,"Results":null,"NoSuffix":""},{"Number":"","Street":"greymere","Suffix":"rd","City":"","State":"","Zip":"02135","StreetName":"Greymere Rd","Address":null,"StateName":null,"Zip4":null,"MAK":null,"AddressType":null,"RBDI":null,"Results":null,"NoSuffix":""},{"Number":"","Street":"guest","Suffix":"st","City":"","State":"","Zip":"02135","StreetName":"Guest St","Address":null,"StateName":null,"Zip4":null,"MAK":null,"AddressType":null,"RBDI":null,"Results":null,"NoSuffix":""},{"Number":"","Street":"hardwick","Suffix":"st","City":"","State":"","Zip":"02135","StreetName":"Hardwick St","Address":null,"StateName":null,"Zip4":null,"MAK":null,"AddressType":null,"RBDI":null,"Results":null,"NoSuffix":""},{"Number":"","Street":"hardwick","Suffix":"ter","City":"","State":"","Zip":"02135","StreetName":"Hardwick Ter","Address":null,"StateName":null,"Zip4":null,"MAK":null,"AddressType":null,"RBDI":null,"Results":null,"NoSuffix":""},{"Number":"","Street":"harriet","Suffix":"st","City":"","State":"","Zip":"02135","StreetName":"Harriet St","Address":null,"StateName":null,"Zip4":null,"MAK":null,"AddressType":null,"RBDI":null,"Results":null,"NoSuffix":""},{"Number":"","Street":"hatherly","Suffix":"rd","City":"","State":"","Zip":"02135","StreetName":"Hatherly Rd","Address":null,"StateName":null,"Zip4":null,"MAK":null,"AddressType":null,"RBDI":null,"Results":null,"NoSuffix":""},{"Number":"","Street":"henshaw","Suffix":"st","City":"","State":"","Zip":"02135","StreetName":"Henshaw St","Address":null,"StateName":null,"Zip4":null,"MAK":null,"AddressType":null,"RBDI":null,"Results":null,"NoSuffix":""},{"Number":"","Street":"herrick","Suffix":"st","City":"","State":"","Zip":"02135","StreetName":"Herrick St","Address":null,"StateName":null,"Zip4":null,"MAK":null,"AddressType":null,"RBDI":null,"Results":null,"NoSuffix":""},{"Number":"","Street":"hichborn","Suffix":"st","City":"","State":"","Zip":"02135","StreetName":"Hichborn St","Address":null,"StateName":null,"Zip4":null,"MAK":null,"AddressType":null,"RBDI":null,"Results":null,"NoSuffix":""},{"Number":"","Street":"hobart","Suffix":"st","City":"","State":"","Zip":"02135","StreetName":"Hobart St","Address":null,"StateName":null,"Zip4":null,"MAK":null,"AddressType":null,"RBDI":null,"Results":null,"NoSuffix":""},{"Number":"","Street":"hobson","Suffix":"st","City":"","State":"","Zip":"02135","StreetName":"Hobson St","Address":null,"StateName":null,"Zip4":null,"MAK":null,"AddressType":null,"RBDI":null,"Results":null,"NoSuffix":""},{"Number":"","Street":"holton","Suffix":"st","City":"","State":"","Zip":"02135","StreetName":"Holton St","Address":null,"StateName":null,"Zip4":null,"MAK":null,"AddressType":null,"RBDI":null,"Results":null,"NoSuffix":""},{"Number":"","Street":"hunnewell","Suffix":"ave","City":"","State":"","Zip":"02135","StreetName":"Hunnewell Ave","Address":null,"StateName":null,"Zip4":null,"MAK":null,"AddressType":null,"RBDI":null,"Results":null,"NoSuffix":""},{"Number":"","Street":"huntington","Suffix":"rd","City":"","State":"","Zip":"02135","StreetName":"Huntington Rd","Address":null,"StateName":null,"Zip4":null,"MAK":null,"AddressType":null,"RBDI":null,"Results":null,"NoSuffix":""},{"Number":"","Street":"jette","Suffix":"ct","City":"","State":"","Zip":"02135","StreetName":"Jette Ct","Address":null,"StateName":null,"Zip4":null,"MAK":null,"AddressType":null,"RBDI":null,"Results":null,"NoSuffix":""},{"Number":"","Street":"justin","Suffix":"rd","City":"","State":"","Zip":"02135","StreetName":"Justin Rd","Address":null,"StateName":null,"Zip4":null,"MAK":null,"AddressType":null,"RBDI":null,"Results":null,"NoSuffix":""},{"Number":"","Street":"justinian","Suffix":"way","City":"","State":"","Zip":"02135","StreetName":"Justinian Way","Address":null,"StateName":null,"Zip4":null,"MAK":null,"AddressType":null,"RBDI":null,"Results":null,"NoSuffix":""},{"Number":"","Street":"keenan","Suffix":"rd","City":"","State":"","Zip":"02135","StreetName":"Keenan Rd","Address":null,"StateName":null,"Zip4":null,"MAK":null,"AddressType":null,"RBDI":null,"Results":null,"NoSuffix":""},{"Number":"","Street":"kelley","Suffix":"ct","City":"","State":"","Zip":"02135","StreetName":"Kelley Ct","Address":null,"StateName":null,"Zip4":null,"MAK":null,"AddressType":null,"RBDI":null,"Results":null,"NoSuffix":""},{"Number":"","Street":"kenrick","Suffix":"st","City":"","State":"","Zip":"02135","StreetName":"Kenrick St","Address":null,"StateName":null,"Zip4":null,"MAK":null,"AddressType":null,"RBDI":null,"Results":null,"NoSuffix":""},{"Number":"","Street":"kilsyth","Suffix":"rd","City":"","State":"","Zip":"02135","StreetName":"Kilsyth Rd","Address":null,"StateName":null,"Zip4":null,"MAK":null,"AddressType":null,"RBDI":null,"Results":null,"NoSuffix":""},{"Number":"","Street":"kilsyth","Suffix":"ter","City":"","State":"","Zip":"02135","StreetName":"Kilsyth Ter","Address":null,"StateName":null,"Zip4":null,"MAK":null,"AddressType":null,"RBDI":null,"Results":null,"NoSuffix":""},{"Number":"","Street":"kinross","Suffix":"rd","City":"","State":"","Zip":"02135","StreetName":"Kinross Rd","Address":null,"StateName":null,"Zip4":null,"MAK":null,"AddressType":null,"RBDI":null,"Results":null,"NoSuffix":""},{"Number":"","Street":"kirkwood","Suffix":"rd","City":"","State":"","Zip":"02135","StreetName":"Kirkwood Rd","Address":null,"StateName":null,"Zip4":null,"MAK":null,"AddressType":null,"RBDI":null,"Results":null,"NoSuffix":""},{"Number":"","Street":"lake","Suffix":"st","City":"","State":"","Zip":"02135","StreetName":"Lake St","Address":null,"StateName":null,"Zip4":null,"MAK":null,"AddressType":null,"RBDI":null,"Results":null,"NoSuffix":""},{"Number":"","Street":"lake shore","Suffix":"ct","City":"","State":"","Zip":"02135","StreetName":"Lake Shore Ct","Address":null,"StateName":null,"Zip4":null,"MAK":null,"AddressType":null,"RBDI":null,"Results":null,"NoSuffix":""},{"Number":"","Street":"lake shore","Suffix":"rd","City":"","State":"","Zip":"02135","StreetName":"Lake Shore Rd","Address":null,"StateName":null,"Zip4":null,"MAK":null,"AddressType":null,"RBDI":null,"Results":null,"NoSuffix":""},{"Number":"","Street":"lake shore","Suffix":"ter","City":"","State":"","Zip":"02135","StreetName":"Lake Shore Ter","Address":null,"StateName":null,"Zip4":null,"MAK":null,"AddressType":null,"RBDI":null,"Results":null,"NoSuffix":""},{"Number":"","Street":"lanark","Suffix":"rd","City":"","State":"","Zip":"02135","StreetName":"Lanark Rd","Address":null,"StateName":null,"Zip4":null,"MAK":null,"AddressType":null,"RBDI":null,"Results":null,"NoSuffix":""},{"Number":"","Street":"lane","Suffix":"park","City":"","State":"","Zip":"02135","StreetName":"Lane Park","Address":null,"StateName":null,"Zip4":null,"MAK":null,"AddressType":null,"RBDI":null,"Results":null,"NoSuffix":""},{"Number":"","Street":"langley","Suffix":"rd","City":"","State":"","Zip":"02135","StreetName":"Langley Rd","Address":null,"StateName":null,"Zip4":null,"MAK":null,"AddressType":null,"RBDI":null,"Results":null,"NoSuffix":""},{"Number":"","Street":"larch","Suffix":"st","City":"","State":"","Zip":"02135","StreetName":"Larch St","Address":null,"StateName":null,"Zip4":null,"MAK":null,"AddressType":null,"RBDI":null,"Results":null,"NoSuffix":""},{"Number":"","Street":"larose","Suffix":"pl","City":"","State":"","Zip":"02135","StreetName":"Larose Pl","Address":null,"StateName":null,"Zip4":null,"MAK":null,"AddressType":null,"RBDI":null,"Results":null,"NoSuffix":""},{"Number":"","Street":"lawrence","Suffix":"pl","City":"","State":"","Zip":"02135","StreetName":"Lawrence Pl","Address":null,"StateName":null,"Zip4":null,"MAK":null,"AddressType":null,"RBDI":null,"Results":null,"NoSuffix":""},{"Number":"","Street":"lawrence","Suffix":"st","City":"","State":"","Zip":"02135","StreetName":"Lawrence St","Address":null,"StateName":null,"Zip4":null,"MAK":null,"AddressType":null,"RBDI":null,"Results":null,"NoSuffix":""},{"Number":"","Street":"leamington","Suffix":"rd","City":"","State":"","Zip":"02135","StreetName":"Leamington Rd","Address":null,"StateName":null,"Zip4":null,"MAK":null,"AddressType":null,"RBDI":null,"Results":null,"NoSuffix":""},{"Number":"","Street":"ledgemere","Suffix":"rd","City":"","State":"","Zip":"02135","StreetName":"Ledgemere Rd","Address":null,"StateName":null,"Zip4":null,"MAK":null,"AddressType":null,"RBDI":null,"Results":null,"NoSuffix":""},{"Number":"","Street":"leicester","Suffix":"st","City":"","State":"","Zip":"02135","StreetName":"Leicester St","Address":null,"StateName":null,"Zip4":null,"MAK":null,"AddressType":null,"RBDI":null,"Results":null,"NoSuffix":""},{"Number":"","Street":"leo m birmingham","Suffix":"pkwy","City":"","State":"","Zip":"02135","StreetName":"Leo M Birmingham Pkwy","Address":null,"StateName":null,"Zip4":null,"MAK":null,"AddressType":null,"RBDI":null,"Results":null,"NoSuffix":""},{"Number":"","Street":"letitia","Suffix":"way","City":"","State":"","Zip":"02135","StreetName":"Letitia Way","Address":null,"StateName":null,"Zip4":null,"MAK":null,"AddressType":null,"RBDI":null,"Results":null,"NoSuffix":""},{"Number":"","Street":"life","Suffix":"st","City":"","State":"","Zip":"02135","StreetName":"Life St","Address":null,"StateName":null,"Zip4":null,"MAK":null,"AddressType":null,"RBDI":null,"Results":null,"NoSuffix":""},{"Number":"","Street":"lincoln","Suffix":"st","City":"","State":"","Zip":"02135","StreetName":"Lincoln St","Address":null,"StateName":null,"Zip4":null,"MAK":null,"AddressType":null,"RBDI":null,"Results":null,"NoSuffix":""},{"Number":"","Street":"litchfield","Suffix":"st","City":"","State":"","Zip":"02135","StreetName":"Litchfield St","Address":null,"StateName":null,"Zip4":null,"MAK":null,"AddressType":null,"RBDI":null,"Results":null,"NoSuffix":""},{"Number":"","Street":"lothian","Suffix":"rd","City":"","State":"","Zip":"02135","StreetName":"Lothian Rd","Address":null,"StateName":null,"Zip4":null,"MAK":null,"AddressType":null,"RBDI":null,"Results":null,"NoSuffix":""},{"Number":"","Street":"lothrop","Suffix":"st","City":"","State":"","Zip":"02135","StreetName":"Lothrop St","Address":null,"StateName":null,"Zip4":null,"MAK":null,"AddressType":null,"RBDI":null,"Results":null,"NoSuffix":""},{"Number":"","Street":"lyne","Suffix":"rd","City":"","State":"","Zip":"02135","StreetName":"Lyne Rd","Address":null,"StateName":null,"Zip4":null,"MAK":null,"AddressType":null,"RBDI":null,"Results":null,"NoSuffix":""},{"Number":"","Street":"mackin","Suffix":"st","City":"","State":"","Zip":"02135","StreetName":"Mackin St","Address":null,"StateName":null,"Zip4":null,"MAK":null,"AddressType":null,"RBDI":null,"Results":null,"NoSuffix":""},{"Number":"","Street":"madeline","Suffix":"st","City":"","State":"","Zip":"02135","StreetName":"Madeline St","Address":null,"StateName":null,"Zip4":null,"MAK":null,"AddressType":null,"RBDI":null,"Results":null,"NoSuffix":""},{"Number":"","Street":"malbert","Suffix":"rd","City":"","State":"","Zip":"02135","StreetName":"Malbert Rd","Address":null,"StateName":null,"Zip4":null,"MAK":null,"AddressType":null,"RBDI":null,"Results":null,"NoSuffix":""},{"Number":"","Street":"mapleton","Suffix":"st","City":"","State":"","Zip":"02135","StreetName":"Mapleton St","Address":null,"StateName":null,"Zip4":null,"MAK":null,"AddressType":null,"RBDI":null,"Results":null,"NoSuffix":""},{"Number":"","Street":"margo","Suffix":"rd","City":"","State":"","Zip":"02135","StreetName":"Margo Rd","Address":null,"StateName":null,"Zip4":null,"MAK":null,"AddressType":null,"RBDI":null,"Results":null,"NoSuffix":""},{"Number":"","Street":"market","Suffix":"st","City":"","State":"","Zip":"02135","StreetName":"Market St","Address":null,"StateName":null,"Zip4":null,"MAK":null,"AddressType":null,"RBDI":null,"Results":null,"NoSuffix":""},{"Number":"","Street":"matchett","Suffix":"st","City":"","State":"","Zip":"02135","StreetName":"Matchett St","Address":null,"StateName":null,"Zip4":null,"MAK":null,"AddressType":null,"RBDI":null,"Results":null,"NoSuffix":""},{"Number":"","Street":"melton","Suffix":"rd","City":"","State":"","Zip":"02135","StreetName":"Melton Rd","Address":null,"StateName":null,"Zip4":null,"MAK":null,"AddressType":null,"RBDI":null,"Results":null,"NoSuffix":""},{"Number":"","Street":"melvin","Suffix":"ave","City":"","State":"","Zip":"02135","StreetName":"Melvin Ave","Address":null,"StateName":null,"Zip4":null,"MAK":null,"AddressType":null,"RBDI":null,"Results":null,"NoSuffix":""},{"Number":"","Street":"menlo","Suffix":"st","City":"","State":"","Zip":"02135","StreetName":"Menlo St","Address":null,"StateName":null,"Zip4":null,"MAK":null,"AddressType":null,"RBDI":null,"Results":null,"NoSuffix":""},{"Number":"","Street":"michael","Suffix":"rd","City":"","State":"","Zip":"02135","StreetName":"Michael Rd","Address":null,"StateName":null,"Zip4":null,"MAK":null,"AddressType":null,"RBDI":null,"Results":null,"NoSuffix":""},{"Number":"","Street":"monastery","Suffix":"rd","City":"","State":"","Zip":"02135","StreetName":"Monastery Rd","Address":null,"StateName":null,"Zip4":null,"MAK":null,"AddressType":null,"RBDI":null,"Results":null,"NoSuffix":""},{"Number":"","Street":"montcalm","Suffix":"ave","City":"","State":"","Zip":"02135","StreetName":"Montcalm Ave","Address":null,"StateName":null,"Zip4":null,"MAK":null,"AddressType":null,"RBDI":null,"Results":null,"NoSuffix":""},{"Number":"","Street":"montfern","Suffix":"ave","City":"","State":"","Zip":"02135","StreetName":"Montfern Ave","Address":null,"StateName":null,"Zip4":null,"MAK":null,"AddressType":null,"RBDI":null,"Results":null,"NoSuffix":""},{"Number":"","Street":"morrow","Suffix":"rd","City":"","State":"","Zip":"02135","StreetName":"Morrow Rd","Address":null,"StateName":null,"Zip4":null,"MAK":null,"AddressType":null,"RBDI":null,"Results":null,"NoSuffix":""},{"Number":"","Street":"mount hood","Suffix":"rd","City":"","State":"","Zip":"02135","StreetName":"Mount Hood Rd","Address":null,"StateName":null,"Zip4":null,"MAK":null,"AddressType":null,"RBDI":null,"Results":null,"NoSuffix":""},{"Number":"","Street":"mount vernon","Suffix":"st","City":"","State":"","Zip":"02135","StreetName":"Mount Vernon St","Address":null,"StateName":null,"Zip4":null,"MAK":null,"AddressType":null,"RBDI":null,"Results":null,"NoSuffix":""},{"Number":"","Street":"murdock","Suffix":"st","City":"","State":"","Zip":"02135","StreetName":"Murdock St","Address":null,"StateName":null,"Zip4":null,"MAK":null,"AddressType":null,"RBDI":null,"Results":null,"NoSuffix":""},{"Number":"","Street":"murdock","Suffix":"ter","City":"","State":"","Zip":"02135","StreetName":"Murdock Ter","Address":null,"StateName":null,"Zip4":null,"MAK":null,"AddressType":null,"RBDI":null,"Results":null,"NoSuffix":""},{"Number":"","Street":"nantasket","Suffix":"ave","City":"","State":"","Zip":"02135","StreetName":"Nantasket Ave","Address":null,"StateName":null,"Zip4":null,"MAK":null,"AddressType":null,"RBDI":null,"Results":null,"NoSuffix":""},{"Number":"","Street":"nevins","Suffix":"st","City":"","State":"","Zip":"02135","StreetName":"Nevins St","Address":null,"StateName":null,"Zip4":null,"MAK":null,"AddressType":null,"RBDI":null,"Results":null,"NoSuffix":""},{"Number":"","Street":"newcastle","Suffix":"rd","City":"","State":"","Zip":"02135","StreetName":"Newcastle Rd","Address":null,"StateName":null,"Zip4":null,"MAK":null,"AddressType":null,"RBDI":null,"Results":null,"NoSuffix":""},{"Number":"","Street":"newton","Suffix":"st","City":"","State":"","Zip":"02135","StreetName":"Newton St","Address":null,"StateName":null,"Zip4":null,"MAK":null,"AddressType":null,"RBDI":null,"Results":null,"NoSuffix":""},{"Number":"","Street":"niles","Suffix":"st","City":"","State":"","Zip":"02135","StreetName":"Niles St","Address":null,"StateName":null,"Zip4":null,"MAK":null,"AddressType":null,"RBDI":null,"Results":null,"NoSuffix":""},{"Number":"","Street":"nonantum","Suffix":"rd","City":"","State":"","Zip":"02135","StreetName":"Nonantum Rd","Address":null,"StateName":null,"Zip4":null,"MAK":null,"AddressType":null,"RBDI":null,"Results":null,"NoSuffix":""},{"Number":"","Street":"nonantum","Suffix":"st","City":"","State":"","Zip":"02135","StreetName":"Nonantum St","Address":null,"StateName":null,"Zip4":null,"MAK":null,"AddressType":null,"RBDI":null,"Results":null,"NoSuffix":""},{"Number":"","Street":"nottinghill","Suffix":"rd","City":"","State":"","Zip":"02135","StreetName":"Nottinghill Rd","Address":null,"StateName":null,"Zip4":null,"MAK":null,"AddressType":null,"RBDI":null,"Results":null,"NoSuffix":""},{"Number":"","Street":"oak square","Suffix":"ave","City":"","State":"","Zip":"02135","StreetName":"Oak Square Ave","Address":null,"StateName":null,"Zip4":null,"MAK":null,"AddressType":null,"RBDI":null,"Results":null,"NoSuffix":""},{"Number":"","Street":"oakland","Suffix":"pl","City":"","State":"","Zip":"02135","StreetName":"Oakland Pl","Address":null,"StateName":null,"Zip4":null,"MAK":null,"AddressType":null,"RBDI":null,"Results":null,"NoSuffix":""},{"Number":"","Street":"oakland","Suffix":"st","City":"","State":"","Zip":"02135","StreetName":"Oakland St","Address":null,"StateName":null,"Zip4":null,"MAK":null,"AddressType":null,"RBDI":null,"Results":null,"NoSuffix":""},{"Number":"","Street":"oliva","Suffix":"rd","City":"","State":"","Zip":"02135","StreetName":"Oliva Rd","Address":null,"StateName":null,"Zip4":null,"MAK":null,"AddressType":null,"RBDI":null,"Results":null,"NoSuffix":""},{"Number":"","Street":"olive","Suffix":"st","City":"","State":"","Zip":"02135","StreetName":"Olive St","Address":null,"StateName":null,"Zip4":null,"MAK":null,"AddressType":null,"RBDI":null,"Results":null,"NoSuffix":""},{"Number":"","Street":"oneil","Suffix":"pl","City":"","State":"","Zip":"02135","StreetName":"Oneil Pl","Address":null,"StateName":null,"Zip4":null,"MAK":null,"AddressType":null,"RBDI":null,"Results":null,"NoSuffix":""},{"Number":"","Street":"orkney","Suffix":"rd","City":"","State":"","Zip":"02135","StreetName":"Orkney Rd","Address":null,"StateName":null,"Zip4":null,"MAK":null,"AddressType":null,"RBDI":null,"Results":null,"NoSuffix":""},{"Number":"","Street":"pama","Suffix":"gdns","City":"","State":"","Zip":"02135","StreetName":"Pama Gdns","Address":null,"StateName":null,"Zip4":null,"MAK":null,"AddressType":null,"RBDI":null,"Results":null,"NoSuffix":""},{"Number":"","Street":"parsons","Suffix":"st","City":"","State":"","Zip":"02135","StreetName":"Parsons St","Address":null,"StateName":null,"Zip4":null,"MAK":null,"AddressType":null,"RBDI":null,"Results":null,"NoSuffix":""},{"Number":"","Street":"peaceable","Suffix":"st","City":"","State":"","Zip":"02135","StreetName":"Peaceable St","Address":null,"StateName":null,"Zip4":null,"MAK":null,"AddressType":null,"RBDI":null,"Results":null,"NoSuffix":""},{"Number":"","Street":"pendergast","Suffix":"ave","City":"","State":"","Zip":"02135","StreetName":"Pendergast Ave","Address":null,"StateName":null,"Zip4":null,"MAK":null,"AddressType":null,"RBDI":null,"Results":null,"NoSuffix":""},{"Number":"","Street":"perthshire","Suffix":"rd","City":"","State":"","Zip":"02135","StreetName":"Perthshire Rd","Address":null,"StateName":null,"Zip4":null,"MAK":null,"AddressType":null,"RBDI":null,"Results":null,"NoSuffix":""},{"Number":"","Street":"platt","Suffix":"rd","City":"","State":"","Zip":"02135","StreetName":"Platt Rd","Address":null,"StateName":null,"Zip4":null,"MAK":null,"AddressType":null,"RBDI":null,"Results":null,"NoSuffix":""},{"Number":"","Street":"po box","Suffix":"","City":"","State":"","Zip":"02135","StreetName":"Po Box","Address":null,"StateName":null,"Zip4":null,"MAK":null,"AddressType":null,"RBDI":null,"Results":null,"NoSuffix":"t"},{"Number":"","Street":"portina","Suffix":"rd","City":"","State":"","Zip":"02135","StreetName":"Portina Rd","Address":null,"StateName":null,"Zip4":null,"MAK":null,"AddressType":null,"RBDI":null,"Results":null,"NoSuffix":""},{"Number":"","Street":"portsmouth","Suffix":"st","City":"","State":"","Zip":"02135","StreetName":"Portsmouth St","Address":null,"StateName":null,"Zip4":null,"MAK":null,"AddressType":null,"RBDI":null,"Results":null,"NoSuffix":""},{"Number":"","Street":"presentation","Suffix":"rd","City":"","State":"","Zip":"02135","StreetName":"Presentation Rd","Address":null,"StateName":null,"Zip4":null,"MAK":null,"AddressType":null,"RBDI":null,"Results":null,"NoSuffix":""},{"Number":"","Street":"priscilla","Suffix":"rd","City":"","State":"","Zip":"02135","StreetName":"Priscilla Rd","Address":null,"StateName":null,"Zip4":null,"MAK":null,"AddressType":null,"RBDI":null,"Results":null,"NoSuffix":""},{"Number":"","Street":"radnor","Suffix":"rd","City":"","State":"","Zip":"02135","StreetName":"Radnor Rd","Address":null,"StateName":null,"Zip4":null,"MAK":null,"AddressType":null,"RBDI":null,"Results":null,"NoSuffix":""},{"Number":"","Street":"ranelegh","Suffix":"rd","City":"","State":"","Zip":"02135","StreetName":"Ranelegh Rd","Address":null,"StateName":null,"Zip4":null,"MAK":null,"AddressType":null,"RBDI":null,"Results":null,"NoSuffix":""},{"Number":"","Street":"ransom","Suffix":"rd","City":"","State":"","Zip":"02135","StreetName":"Ransom Rd","Address":null,"StateName":null,"Zip4":null,"MAK":null,"AddressType":null,"RBDI":null,"Results":null,"NoSuffix":""},{"Number":"","Street":"regal","Suffix":"st","City":"","State":"","Zip":"02135","StreetName":"Regal St","Address":null,"StateName":null,"Zip4":null,"MAK":null,"AddressType":null,"RBDI":null,"Results":null,"NoSuffix":""},{"Number":"","Street":"reservoir","Suffix":"ct","City":"","State":"","Zip":"02135","StreetName":"Reservoir Ct","Address":null,"StateName":null,"Zip4":null,"MAK":null,"AddressType":null,"RBDI":null,"Results":null,"NoSuffix":""},{"Number":"","Street":"reservoir","Suffix":"rd","City":"","State":"","Zip":"02135","StreetName":"Reservoir Rd","Address":null,"StateName":null,"Zip4":null,"MAK":null,"AddressType":null,"RBDI":null,"Results":null,"NoSuffix":""},{"Number":"","Street":"richardson","Suffix":"st","City":"","State":"","Zip":"02135","StreetName":"Richardson St","Address":null,"StateName":null,"Zip4":null,"MAK":null,"AddressType":null,"RBDI":null,"Results":null,"NoSuffix":""},{"Number":"","Street":"ricker","Suffix":"ter","City":"","State":"","Zip":"02135","StreetName":"Ricker Ter","Address":null,"StateName":null,"Zip4":null,"MAK":null,"AddressType":null,"RBDI":null,"Results":null,"NoSuffix":""},{"Number":"","Street":"riverview","Suffix":"rd","City":"","State":"","Zip":"02135","StreetName":"Riverview Rd","Address":null,"StateName":null,"Zip4":null,"MAK":null,"AddressType":null,"RBDI":null,"Results":null,"NoSuffix":""},{"Number":"","Street":"rodney","Suffix":"st","City":"","State":"","Zip":"02135","StreetName":"Rodney St","Address":null,"StateName":null,"Zip4":null,"MAK":null,"AddressType":null,"RBDI":null,"Results":null,"NoSuffix":""},{"Number":"","Street":"rogers park","Suffix":"ave","City":"","State":"","Zip":"02135","StreetName":"Rogers Park Ave","Address":null,"StateName":null,"Zip4":null,"MAK":null,"AddressType":null,"RBDI":null,"Results":null,"NoSuffix":""},{"Number":"","Street":"rose garden","Suffix":"cir","City":"","State":"","Zip":"02135","StreetName":"Rose Garden Cir","Address":null,"StateName":null,"Zip4":null,"MAK":null,"AddressType":null,"RBDI":null,"Results":null,"NoSuffix":""},{"Number":"","Street":"rushmore","Suffix":"st","City":"","State":"","Zip":"02135","StreetName":"Rushmore St","Address":null,"StateName":null,"Zip4":null,"MAK":null,"AddressType":null,"RBDI":null,"Results":null,"NoSuffix":""},{"Number":"","Street":"ryan","Suffix":"rd","City":"","State":"","Zip":"02135","StreetName":"Ryan Rd","Address":null,"StateName":null,"Zip4":null,"MAK":null,"AddressType":null,"RBDI":null,"Results":null,"NoSuffix":""},{"Number":"","Street":"ryder hill","Suffix":"rd","City":"","State":"","Zip":"02135","StreetName":"Ryder Hill Rd","Address":null,"StateName":null,"Zip4":null,"MAK":null,"AddressType":null,"RBDI":null,"Results":null,"NoSuffix":""},{"Number":"","Street":"sanderson","Suffix":"pl","City":"","State":"","Zip":"02135","StreetName":"Sanderson Pl","Address":null,"StateName":null,"Zip4":null,"MAK":null,"AddressType":null,"RBDI":null,"Results":null,"NoSuffix":""},{"Number":"","Street":"saybrook","Suffix":"st","City":"","State":"","Zip":"02135","StreetName":"Saybrook St","Address":null,"StateName":null,"Zip4":null,"MAK":null,"AddressType":null,"RBDI":null,"Results":null,"NoSuffix":""},{"Number":"","Street":"school","Suffix":"st","City":"","State":"","Zip":"02135","StreetName":"School St","Address":null,"StateName":null,"Zip4":null,"MAK":null,"AddressType":null,"RBDI":null,"Results":null,"NoSuffix":""},{"Number":"","Street":"seager","Suffix":"ct","City":"","State":"","Zip":"02135","StreetName":"Seager Ct","Address":null,"StateName":null,"Zip4":null,"MAK":null,"AddressType":null,"RBDI":null,"Results":null,"NoSuffix":""},{"Number":"","Street":"selkirk","Suffix":"rd","City":"","State":"","Zip":"02135","StreetName":"Selkirk Rd","Address":null,"StateName":null,"Zip4":null,"MAK":null,"AddressType":null,"RBDI":null,"Results":null,"NoSuffix":""},{"Number":"","Street":"shanley","Suffix":"st","City":"","State":"","Zip":"02135","StreetName":"Shanley St","Address":null,"StateName":null,"Zip4":null,"MAK":null,"AddressType":null,"RBDI":null,"Results":null,"NoSuffix":""},{"Number":"","Street":"shannon","Suffix":"st","City":"","State":"","Zip":"02135","StreetName":"Shannon St","Address":null,"StateName":null,"Zip4":null,"MAK":null,"AddressType":null,"RBDI":null,"Results":null,"NoSuffix":""},{"Number":"","Street":"shepard","Suffix":"pl","City":"","State":"","Zip":"02135","StreetName":"Shepard Pl","Address":null,"StateName":null,"Zip4":null,"MAK":null,"AddressType":null,"RBDI":null,"Results":null,"NoSuffix":""},{"Number":"","Street":"shepard","Suffix":"st","City":"","State":"","Zip":"02135","StreetName":"Shepard St","Address":null,"StateName":null,"Zip4":null,"MAK":null,"AddressType":null,"RBDI":null,"Results":null,"NoSuffix":""},{"Number":"","Street":"shepard","Suffix":"way","City":"","State":"","Zip":"02135","StreetName":"Shepard Way","Address":null,"StateName":null,"Zip4":null,"MAK":null,"AddressType":null,"RBDI":null,"Results":null,"NoSuffix":""},{"Number":"","Street":"sidlaw","Suffix":"rd","City":"","State":"","Zip":"02135","StreetName":"Sidlaw Rd","Address":null,"StateName":null,"Zip4":null,"MAK":null,"AddressType":null,"RBDI":null,"Results":null,"NoSuffix":""},{"Number":"","Street":"snow","Suffix":"st","City":"","State":"","Zip":"02135","StreetName":"Snow St","Address":null,"StateName":null,"Zip4":null,"MAK":null,"AddressType":null,"RBDI":null,"Results":null,"NoSuffix":""},{"Number":"","Street":"soldiers field","Suffix":"pl","City":"","State":"","Zip":"02135","StreetName":"Soldiers Field Pl","Address":null,"StateName":null,"Zip4":null,"MAK":null,"AddressType":null,"RBDI":null,"Results":null,"NoSuffix":""},{"Number":"","Street":"soldiers field","Suffix":"rd","City":"","State":"","Zip":"02135","StreetName":"Soldiers Field Rd","Address":null,"StateName":null,"Zip4":null,"MAK":null,"AddressType":null,"RBDI":null,"Results":null,"NoSuffix":""},{"Number":"","Street":"south","Suffix":"st","City":"","State":"","Zip":"02135","StreetName":"South St","Address":null,"StateName":null,"Zip4":null,"MAK":null,"AddressType":null,"RBDI":null,"Results":null,"NoSuffix":""},{"Number":"","Street":"sparhawk","Suffix":"st","City":"","State":"","Zip":"02135","StreetName":"Sparhawk St","Address":null,"StateName":null,"Zip4":null,"MAK":null,"AddressType":null,"RBDI":null,"Results":null,"NoSuffix":""},{"Number":"","Street":"strathmore","Suffix":"rd","City":"","State":"","Zip":"02135","StreetName":"Strathmore Rd","Address":null,"StateName":null,"Zip4":null,"MAK":null,"AddressType":null,"RBDI":null,"Results":null,"NoSuffix":""},{"Number":"","Street":"summit","Suffix":"ave","City":"","State":"","Zip":"02135","StreetName":"Summit Ave","Address":null,"StateName":null,"Zip4":null,"MAK":null,"AddressType":null,"RBDI":null,"Results":null,"NoSuffix":""},{"Number":"","Street":"surrey","Suffix":"st","City":"","State":"","Zip":"02135","StreetName":"Surrey St","Address":null,"StateName":null,"Zip4":null,"MAK":null,"AddressType":null,"RBDI":null,"Results":null,"NoSuffix":""},{"Number":"","Street":"sutherland","Suffix":"rd","City":"","State":"","Zip":"02135","StreetName":"Sutherland Rd","Address":null,"StateName":null,"Zip4":null,"MAK":null,"AddressType":null,"RBDI":null,"Results":null,"NoSuffix":""},{"Number":"","Street":"telford","Suffix":"st","City":"","State":"","Zip":"02135","StreetName":"Telford St","Address":null,"StateName":null,"Zip4":null,"MAK":null,"AddressType":null,"RBDI":null,"Results":null,"NoSuffix":""},{"Number":"","Street":"telford street","Suffix":"ext","City":"","State":"","Zip":"02135","StreetName":"Telford Street Ext","Address":null,"StateName":null,"Zip4":null,"MAK":null,"AddressType":null,"RBDI":null,"Results":null,"NoSuffix":""},{"Number":"","Street":"tip top","Suffix":"st","City":"","State":"","Zip":"02135","StreetName":"Tip Top St","Address":null,"StateName":null,"Zip4":null,"MAK":null,"AddressType":null,"RBDI":null,"Results":null,"NoSuffix":""},{"Number":"","Street":"trapelo","Suffix":"st","City":"","State":"","Zip":"02135","StreetName":"Trapelo St","Address":null,"StateName":null,"Zip4":null,"MAK":null,"AddressType":null,"RBDI":null,"Results":null,"NoSuffix":""},{"Number":"","Street":"tremont","Suffix":"pl","City":"","State":"","Zip":"02135","StreetName":"Tremont Pl","Address":null,"StateName":null,"Zip4":null,"MAK":null,"AddressType":null,"RBDI":null,"Results":null,"NoSuffix":""},{"Number":"","Street":"tremont","Suffix":"st","City":"","State":"","Zip":"02135","StreetName":"Tremont St","Address":null,"StateName":null,"Zip4":null,"MAK":null,"AddressType":null,"RBDI":null,"Results":null,"NoSuffix":""},{"Number":"","Street":"turner","Suffix":"st","City":"","State":"","Zip":"02135","StreetName":"Turner St","Address":null,"StateName":null,"Zip4":null,"MAK":null,"AddressType":null,"RBDI":null,"Results":null,"NoSuffix":""},{"Number":"","Street":"undine","Suffix":"rd","City":"","State":"","Zip":"02135","StreetName":"Undine Rd","Address":null,"StateName":null,"Zip4":null,"MAK":null,"AddressType":null,"RBDI":null,"Results":null,"NoSuffix":""},{"Number":"","Street":"union","Suffix":"st","City":"","State":"","Zip":"02135","StreetName":"Union St","Address":null,"StateName":null,"Zip4":null,"MAK":null,"AddressType":null,"RBDI":null,"Results":null,"NoSuffix":""},{"Number":"","Street":"upcrest","Suffix":"rd","City":"","State":"","Zip":"02135","StreetName":"Upcrest Rd","Address":null,"StateName":null,"Zip4":null,"MAK":null,"AddressType":null,"RBDI":null,"Results":null,"NoSuffix":""},{"Number":"","Street":"vinal","Suffix":"st","City":"","State":"","Zip":"02135","StreetName":"Vinal St","Address":null,"StateName":null,"Zip4":null,"MAK":null,"AddressType":null,"RBDI":null,"Results":null,"NoSuffix":""},{"Number":"","Street":"vineland","Suffix":"st","City":"","State":"","Zip":"02135","StreetName":"Vineland St","Address":null,"StateName":null,"Zip4":null,"MAK":null,"AddressType":null,"RBDI":null,"Results":null,"NoSuffix":""},{"Number":"","Street":"wade","Suffix":"st","City":"","State":"","Zip":"02135","StreetName":"Wade St","Address":null,"StateName":null,"Zip4":null,"MAK":null,"AddressType":null,"RBDI":null,"Results":null,"NoSuffix":""},{"Number":"","Street":"waldo","Suffix":"ter","City":"","State":"","Zip":"02135","StreetName":"Waldo Ter","Address":null,"StateName":null,"Zip4":null,"MAK":null,"AddressType":null,"RBDI":null,"Results":null,"NoSuffix":""},{"Number":"","Street":"wallingford","Suffix":"rd","City":"","State":"","Zip":"02135","StreetName":"Wallingford Rd","Address":null,"StateName":null,"Zip4":null,"MAK":null,"AddressType":null,"RBDI":null,"Results":null,"NoSuffix":""},{"Number":"","Street":"warren","Suffix":"st","City":"","State":"","Zip":"02135","StreetName":"Warren St","Address":null,"StateName":null,"Zip4":null,"MAK":null,"AddressType":null,"RBDI":null,"Results":null,"NoSuffix":""},{"Number":"","Street":"washington","Suffix":"st","City":"","State":"","Zip":"02135","StreetName":"Washington St","Address":null,"StateName":null,"Zip4":null,"MAK":null,"AddressType":null,"RBDI":null,"Results":null,"NoSuffix":""},{"Number":"","Street":"waverly","Suffix":"st","City":"","State":"","Zip":"02135","StreetName":"Waverly St","Address":null,"StateName":null,"Zip4":null,"MAK":null,"AddressType":null,"RBDI":null,"Results":null,"NoSuffix":""},{"Number":"","Street":"western","Suffix":"ave","City":"","State":"","Zip":"02135","StreetName":"Western Ave","Address":null,"StateName":null,"Zip4":null,"MAK":null,"AddressType":null,"RBDI":null,"Results":null,"NoSuffix":""},{"Number":"","Street":"westminster","Suffix":"ter","City":"","State":"","Zip":"02135","StreetName":"Westminster Ter","Address":null,"StateName":null,"Zip4":null,"MAK":null,"AddressType":null,"RBDI":null,"Results":null,"NoSuffix":""},{"Number":"","Street":"william jackson","Suffix":"ave","City":"","State":"","Zip":"02135","StreetName":"William Jackson Ave","Address":null,"StateName":null,"Zip4":null,"MAK":null,"AddressType":null,"RBDI":null,"Results":null,"NoSuffix":""},{"Number":"","Street":"williston","Suffix":"rd","City":"","State":"","Zip":"02135","StreetName":"Williston Rd","Address":null,"StateName":null,"Zip4":null,"MAK":null,"AddressType":null,"RBDI":null,"Results":null,"NoSuffix":""},{"Number":"","Street":"willoughby","Suffix":"st","City":"","State":"","Zip":"02135","StreetName":"Willoughby St","Address":null,"StateName":null,"Zip4":null,"MAK":null,"AddressType":null,"RBDI":null,"Results":null,"NoSuffix":""},{"Number":"","Street":"wilson","Suffix":"park","City":"","State":"","Zip":"02135","StreetName":"Wilson Park","Address":null,"StateName":null,"Zip4":null,"MAK":null,"AddressType":null,"RBDI":null,"Results":null,"NoSuffix":""},{"Number":"","Street":"wiltshire","Suffix":"rd","City":"","State":"","Zip":"02135","StreetName":"Wiltshire Rd","Address":null,"StateName":null,"Zip4":null,"MAK":null,"AddressType":null,"RBDI":null,"Results":null,"NoSuffix":""},{"Number":"","Street":"winship","Suffix":"pl","City":"","State":"","Zip":"02135","StreetName":"Winship Pl","Address":null,"StateName":null,"Zip4":null,"MAK":null,"AddressType":null,"RBDI":null,"Results":null,"NoSuffix":""},{"Number":"","Street":"winship","Suffix":"st","City":"","State":"","Zip":"02135","StreetName":"Winship St","Address":null,"StateName":null,"Zip4":null,"MAK":null,"AddressType":null,"RBDI":null,"Results":null,"NoSuffix":""},{"Number":"","Street":"wirt","Suffix":"st","City":"","State":"","Zip":"02135","StreetName":"Wirt St","Address":null,"StateName":null,"Zip4":null,"MAK":null,"AddressType":null,"RBDI":null,"Results":null,"NoSuffix":""},{"Number":"","Street":"woodmont","Suffix":"st","City":"","State":"","Zip":"02135","StreetName":"Woodmont St","Address":null,"StateName":null,"Zip4":null,"MAK":null,"AddressType":null,"RBDI":null,"Results":null,"NoSuffix":""},{"Number":"","Street":"woodstock","Suffix":"ave","City":"","State":"","Zip":"02135","StreetName":"Woodstock Ave","Address":null,"StateName":null,"Zip4":null,"MAK":null,"AddressType":null,"RBDI":null,"Results":null,"NoSuffix":""}]