[{"Number":"","Street":"1st","Suffix":"ave","City":"","State":"","Zip":"02347","StreetName":"1St Ave","Address":null,"StateName":null,"Zip4":null,"MAK":null,"AddressType":null,"RBDI":null,"Results":null,"NoSuffix":""},{"Number":"","Street":"2nd","Suffix":"ave","City":"","State":"","Zip":"02347","StreetName":"2Nd Ave","Address":null,"StateName":null,"Zip4":null,"MAK":null,"AddressType":null,"RBDI":null,"Results":null,"NoSuffix":""},{"Number":"","Street":"3rd","Suffix":"ave","City":"","State":"","Zip":"02347","StreetName":"3Rd Ave","Address":null,"StateName":null,"Zip4":null,"MAK":null,"AddressType":null,"RBDI":null,"Results":null,"NoSuffix":""},{"Number":"","Street":"4th","Suffix":"ave","City":"","State":"","Zip":"02347","StreetName":"4Th Ave","Address":null,"StateName":null,"Zip4":null,"MAK":null,"AddressType":null,"RBDI":null,"Results":null,"NoSuffix":""},{"Number":"","Street":"5th","Suffix":"ave","City":"","State":"","Zip":"02347","StreetName":"5Th Ave","Address":null,"StateName":null,"Zip4":null,"MAK":null,"AddressType":null,"RBDI":null,"Results":null,"NoSuffix":""},{"Number":"","Street":"abbey","Suffix":"ln","City":"","State":"","Zip":"02347","StreetName":"Abbey Ln","Address":null,"StateName":null,"Zip4":null,"MAK":null,"AddressType":null,"RBDI":null,"Results":null,"NoSuffix":""},{"Number":"","Street":"abbey","Suffix":"st","City":"","State":"","Zip":"02347","StreetName":"Abbey St","Address":null,"StateName":null,"Zip4":null,"MAK":null,"AddressType":null,"RBDI":null,"Results":null,"NoSuffix":""},{"Number":"","Street":"agnes","Suffix":"way","City":"","State":"","Zip":"02347","StreetName":"Agnes Way","Address":null,"StateName":null,"Zip4":null,"MAK":null,"AddressType":null,"RBDI":null,"Results":null,"NoSuffix":""},{"Number":"","Street":"alberta","Suffix":"ln","City":"","State":"","Zip":"02347","StreetName":"Alberta Ln","Address":null,"StateName":null,"Zip4":null,"MAK":null,"AddressType":null,"RBDI":null,"Results":null,"NoSuffix":""},{"Number":"","Street":"alden","Suffix":"rd","City":"","State":"","Zip":"02347","StreetName":"Alden Rd","Address":null,"StateName":null,"Zip4":null,"MAK":null,"AddressType":null,"RBDI":null,"Results":null,"NoSuffix":""},{"Number":"","Street":"almeida","Suffix":"ln","City":"","State":"","Zip":"02347","StreetName":"Almeida Ln","Address":null,"StateName":null,"Zip4":null,"MAK":null,"AddressType":null,"RBDI":null,"Results":null,"NoSuffix":""},{"Number":"","Street":"anaconda","Suffix":"dr","City":"","State":"","Zip":"02347","StreetName":"Anaconda Dr","Address":null,"StateName":null,"Zip4":null,"MAK":null,"AddressType":null,"RBDI":null,"Results":null,"NoSuffix":""},{"Number":"","Street":"anderson","Suffix":"way","City":"","State":"","Zip":"02347","StreetName":"Anderson Way","Address":null,"StateName":null,"Zip4":null,"MAK":null,"AddressType":null,"RBDI":null,"Results":null,"NoSuffix":""},{"Number":"","Street":"andrea","Suffix":"ave","City":"","State":"","Zip":"02347","StreetName":"Andrea Ave","Address":null,"StateName":null,"Zip4":null,"MAK":null,"AddressType":null,"RBDI":null,"Results":null,"NoSuffix":""},{"Number":"","Street":"annies","Suffix":"path","City":"","State":"","Zip":"02347","StreetName":"Annies Path","Address":null,"StateName":null,"Zip4":null,"MAK":null,"AddressType":null,"RBDI":null,"Results":null,"NoSuffix":""},{"Number":"","Street":"apple house","Suffix":"rd","City":"","State":"","Zip":"02347","StreetName":"Apple House Rd","Address":null,"StateName":null,"Zip4":null,"MAK":null,"AddressType":null,"RBDI":null,"Results":null,"NoSuffix":""},{"Number":"","Street":"apponequet","Suffix":"dr","City":"","State":"","Zip":"02347","StreetName":"Apponequet Dr","Address":null,"StateName":null,"Zip4":null,"MAK":null,"AddressType":null,"RBDI":null,"Results":null,"NoSuffix":""},{"Number":"","Street":"ash","Suffix":"st","City":"","State":"","Zip":"02347","StreetName":"Ash St","Address":null,"StateName":null,"Zip4":null,"MAK":null,"AddressType":null,"RBDI":null,"Results":null,"NoSuffix":""},{"Number":"","Street":"ashley","Suffix":"pl","City":"","State":"","Zip":"02347","StreetName":"Ashley Pl","Address":null,"StateName":null,"Zip4":null,"MAK":null,"AddressType":null,"RBDI":null,"Results":null,"NoSuffix":""},{"Number":"","Street":"assawompsett","Suffix":"ct","City":"","State":"","Zip":"02347","StreetName":"Assawompsett Ct","Address":null,"StateName":null,"Zip4":null,"MAK":null,"AddressType":null,"RBDI":null,"Results":null,"NoSuffix":""},{"Number":"","Street":"atkins","Suffix":"dr","City":"","State":"","Zip":"02347","StreetName":"Atkins Dr","Address":null,"StateName":null,"Zip4":null,"MAK":null,"AddressType":null,"RBDI":null,"Results":null,"NoSuffix":""},{"Number":"","Street":"azalea","Suffix":"st","City":"","State":"","Zip":"02347","StreetName":"Azalea St","Address":null,"StateName":null,"Zip4":null,"MAK":null,"AddressType":null,"RBDI":null,"Results":null,"NoSuffix":""},{"Number":"","Street":"azel","Suffix":"rd","City":"","State":"","Zip":"02347","StreetName":"Azel Rd","Address":null,"StateName":null,"Zip4":null,"MAK":null,"AddressType":null,"RBDI":null,"Results":null,"NoSuffix":""},{"Number":"","Street":"bachand","Suffix":"ln","City":"","State":"","Zip":"02347","StreetName":"Bachand Ln","Address":null,"StateName":null,"Zip4":null,"MAK":null,"AddressType":null,"RBDI":null,"Results":null,"NoSuffix":""},{"Number":"","Street":"baileys","Suffix":"way","City":"","State":"","Zip":"02347","StreetName":"Baileys Way","Address":null,"StateName":null,"Zip4":null,"MAK":null,"AddressType":null,"RBDI":null,"Results":null,"NoSuffix":""},{"Number":"","Street":"baker","Suffix":"ln","City":"","State":"","Zip":"02347","StreetName":"Baker Ln","Address":null,"StateName":null,"Zip4":null,"MAK":null,"AddressType":null,"RBDI":null,"Results":null,"NoSuffix":""},{"Number":"","Street":"barberry","Suffix":"st","City":"","State":"","Zip":"02347","StreetName":"Barberry St","Address":null,"StateName":null,"Zip4":null,"MAK":null,"AddressType":null,"RBDI":null,"Results":null,"NoSuffix":""},{"Number":"","Street":"barstow","Suffix":"st","City":"","State":"","Zip":"02347","StreetName":"Barstow St","Address":null,"StateName":null,"Zip4":null,"MAK":null,"AddressType":null,"RBDI":null,"Results":null,"NoSuffix":""},{"Number":"","Street":"bartelli","Suffix":"rd","City":"","State":"","Zip":"02347","StreetName":"Bartelli Rd","Address":null,"StateName":null,"Zip4":null,"MAK":null,"AddressType":null,"RBDI":null,"Results":null,"NoSuffix":""},{"Number":"","Street":"bedford","Suffix":"st","City":"","State":"","Zip":"02347","StreetName":"Bedford St","Address":null,"StateName":null,"Zip4":null,"MAK":null,"AddressType":null,"RBDI":null,"Results":null,"NoSuffix":""},{"Number":"","Street":"beech","Suffix":"ave","City":"","State":"","Zip":"02347","StreetName":"Beech Ave","Address":null,"StateName":null,"Zip4":null,"MAK":null,"AddressType":null,"RBDI":null,"Results":null,"NoSuffix":""},{"Number":"","Street":"beechtree","Suffix":"dr","City":"","State":"","Zip":"02347","StreetName":"Beechtree Dr","Address":null,"StateName":null,"Zip4":null,"MAK":null,"AddressType":null,"RBDI":null,"Results":null,"NoSuffix":""},{"Number":"","Street":"beechwood","Suffix":"ave","City":"","State":"","Zip":"02347","StreetName":"Beechwood Ave","Address":null,"StateName":null,"Zip4":null,"MAK":null,"AddressType":null,"RBDI":null,"Results":null,"NoSuffix":""},{"Number":"","Street":"bells brook","Suffix":"rd","City":"","State":"","Zip":"02347","StreetName":"Bells Brook Rd","Address":null,"StateName":null,"Zip4":null,"MAK":null,"AddressType":null,"RBDI":null,"Results":null,"NoSuffix":""},{"Number":"","Street":"beltz","Suffix":"ln","City":"","State":"","Zip":"02347","StreetName":"Beltz Ln","Address":null,"StateName":null,"Zip4":null,"MAK":null,"AddressType":null,"RBDI":null,"Results":null,"NoSuffix":""},{"Number":"","Street":"bernards","Suffix":"way","City":"","State":"","Zip":"02347","StreetName":"Bernards Way","Address":null,"StateName":null,"Zip4":null,"MAK":null,"AddressType":null,"RBDI":null,"Results":null,"NoSuffix":""},{"Number":"","Street":"bettys neck","Suffix":"rd","City":"","State":"","Zip":"02347","StreetName":"Bettys Neck Rd","Address":null,"StateName":null,"Zip4":null,"MAK":null,"AddressType":null,"RBDI":null,"Results":null,"NoSuffix":""},{"Number":"","Street":"beverlys","Suffix":"way","City":"","State":"","Zip":"02347","StreetName":"Beverlys Way","Address":null,"StateName":null,"Zip4":null,"MAK":null,"AddressType":null,"RBDI":null,"Results":null,"NoSuffix":""},{"Number":"","Street":"birch","Suffix":"st","City":"","State":"","Zip":"02347","StreetName":"Birch St","Address":null,"StateName":null,"Zip4":null,"MAK":null,"AddressType":null,"RBDI":null,"Results":null,"NoSuffix":""},{"Number":"","Street":"birdie","Suffix":"ct","City":"","State":"","Zip":"02347","StreetName":"Birdie Ct","Address":null,"StateName":null,"Zip4":null,"MAK":null,"AddressType":null,"RBDI":null,"Results":null,"NoSuffix":""},{"Number":"","Street":"bittersweet","Suffix":"rd","City":"","State":"","Zip":"02347","StreetName":"Bittersweet Rd","Address":null,"StateName":null,"Zip4":null,"MAK":null,"AddressType":null,"RBDI":null,"Results":null,"NoSuffix":""},{"Number":"","Street":"bliss","Suffix":"rd","City":"","State":"","Zip":"02347","StreetName":"Bliss Rd","Address":null,"StateName":null,"Zip4":null,"MAK":null,"AddressType":null,"RBDI":null,"Results":null,"NoSuffix":""},{"Number":"","Street":"blueberry","Suffix":"dr","City":"","State":"","Zip":"02347","StreetName":"Blueberry Dr","Address":null,"StateName":null,"Zip4":null,"MAK":null,"AddressType":null,"RBDI":null,"Results":null,"NoSuffix":""},{"Number":"","Street":"bogey","Suffix":"way","City":"","State":"","Zip":"02347","StreetName":"Bogey Way","Address":null,"StateName":null,"Zip4":null,"MAK":null,"AddressType":null,"RBDI":null,"Results":null,"NoSuffix":""},{"Number":"","Street":"bridge","Suffix":"st","City":"","State":"","Zip":"02347","StreetName":"Bridge St","Address":null,"StateName":null,"Zip4":null,"MAK":null,"AddressType":null,"RBDI":null,"Results":null,"NoSuffix":""},{"Number":"","Street":"bridge street","Suffix":"xing","City":"","State":"","Zip":"02347","StreetName":"Bridge Street Xing","Address":null,"StateName":null,"Zip4":null,"MAK":null,"AddressType":null,"RBDI":null,"Results":null,"NoSuffix":""},{"Number":"","Street":"bridgets","Suffix":"way","City":"","State":"","Zip":"02347","StreetName":"Bridgets Way","Address":null,"StateName":null,"Zip4":null,"MAK":null,"AddressType":null,"RBDI":null,"Results":null,"NoSuffix":""},{"Number":"","Street":"bridle","Suffix":"path","City":"","State":"","Zip":"02347","StreetName":"Bridle Path","Address":null,"StateName":null,"Zip4":null,"MAK":null,"AddressType":null,"RBDI":null,"Results":null,"NoSuffix":""},{"Number":"","Street":"bristol","Suffix":"st","City":"","State":"","Zip":"02347","StreetName":"Bristol St","Address":null,"StateName":null,"Zip4":null,"MAK":null,"AddressType":null,"RBDI":null,"Results":null,"NoSuffix":""},{"Number":"","Street":"brookstone","Suffix":"rd","City":"","State":"","Zip":"02347","StreetName":"Brookstone Rd","Address":null,"StateName":null,"Zip4":null,"MAK":null,"AddressType":null,"RBDI":null,"Results":null,"NoSuffix":""},{"Number":"","Street":"bunker","Suffix":"ln","City":"","State":"","Zip":"02347","StreetName":"Bunker Ln","Address":null,"StateName":null,"Zip4":null,"MAK":null,"AddressType":null,"RBDI":null,"Results":null,"NoSuffix":""},{"Number":"","Street":"buttonwood","Suffix":"ln","City":"","State":"","Zip":"02347","StreetName":"Buttonwood Ln","Address":null,"StateName":null,"Zip4":null,"MAK":null,"AddressType":null,"RBDI":null,"Results":null,"NoSuffix":""},{"Number":"","Street":"captains","Suffix":"way","City":"","State":"","Zip":"02347","StreetName":"Captains Way","Address":null,"StateName":null,"Zip4":null,"MAK":null,"AddressType":null,"RBDI":null,"Results":null,"NoSuffix":""},{"Number":"","Street":"carmella","Suffix":"dr","City":"","State":"","Zip":"02347","StreetName":"Carmella Dr","Address":null,"StateName":null,"Zip4":null,"MAK":null,"AddressType":null,"RBDI":null,"Results":null,"NoSuffix":""},{"Number":"","Street":"carriage house","Suffix":"dr","City":"","State":"","Zip":"02347","StreetName":"Carriage House Dr","Address":null,"StateName":null,"Zip4":null,"MAK":null,"AddressType":null,"RBDI":null,"Results":null,"NoSuffix":""},{"Number":"","Street":"carrie","Suffix":"st","City":"","State":"","Zip":"02347","StreetName":"Carrie St","Address":null,"StateName":null,"Zip4":null,"MAK":null,"AddressType":null,"RBDI":null,"Results":null,"NoSuffix":""},{"Number":"","Street":"cassidy","Suffix":"ln","City":"","State":"","Zip":"02347","StreetName":"Cassidy Ln","Address":null,"StateName":null,"Zip4":null,"MAK":null,"AddressType":null,"RBDI":null,"Results":null,"NoSuffix":""},{"Number":"","Street":"cedar","Suffix":"dr","City":"","State":"","Zip":"02347","StreetName":"Cedar Dr","Address":null,"StateName":null,"Zip4":null,"MAK":null,"AddressType":null,"RBDI":null,"Results":null,"NoSuffix":""},{"Number":"","Street":"cedar pond","Suffix":"rd","City":"","State":"","Zip":"02347","StreetName":"Cedar Pond Rd","Address":null,"StateName":null,"Zip4":null,"MAK":null,"AddressType":null,"RBDI":null,"Results":null,"NoSuffix":""},{"Number":"","Street":"cedarberry","Suffix":"ln","City":"","State":"","Zip":"02347","StreetName":"Cedarberry Ln","Address":null,"StateName":null,"Zip4":null,"MAK":null,"AddressType":null,"RBDI":null,"Results":null,"NoSuffix":""},{"Number":"","Street":"cedarwood","Suffix":"pl","City":"","State":"","Zip":"02347","StreetName":"Cedarwood Pl","Address":null,"StateName":null,"Zip4":null,"MAK":null,"AddressType":null,"RBDI":null,"Results":null,"NoSuffix":""},{"Number":"","Street":"central","Suffix":"ave","City":"","State":"","Zip":"02347","StreetName":"Central Ave","Address":null,"StateName":null,"Zip4":null,"MAK":null,"AddressType":null,"RBDI":null,"Results":null,"NoSuffix":""},{"Number":"","Street":"chace","Suffix":"dr","City":"","State":"","Zip":"02347","StreetName":"Chace Dr","Address":null,"StateName":null,"Zip4":null,"MAK":null,"AddressType":null,"RBDI":null,"Results":null,"NoSuffix":""},{"Number":"","Street":"charbonneau","Suffix":"ave","City":"","State":"","Zip":"02347","StreetName":"Charbonneau Ave","Address":null,"StateName":null,"Zip4":null,"MAK":null,"AddressType":null,"RBDI":null,"Results":null,"NoSuffix":""},{"Number":"","Street":"charles","Suffix":"st","City":"","State":"","Zip":"02347","StreetName":"Charles St","Address":null,"StateName":null,"Zip4":null,"MAK":null,"AddressType":null,"RBDI":null,"Results":null,"NoSuffix":""},{"Number":"","Street":"charles eldridge","Suffix":"rd","City":"","State":"","Zip":"02347","StreetName":"Charles Eldridge Rd","Address":null,"StateName":null,"Zip4":null,"MAK":null,"AddressType":null,"RBDI":null,"Results":null,"NoSuffix":""},{"Number":"","Street":"charlie","Suffix":"rd","City":"","State":"","Zip":"02347","StreetName":"Charlie Rd","Address":null,"StateName":null,"Zip4":null,"MAK":null,"AddressType":null,"RBDI":null,"Results":null,"NoSuffix":""},{"Number":"","Street":"cherry","Suffix":"st","City":"","State":"","Zip":"02347","StreetName":"Cherry St","Address":null,"StateName":null,"Zip4":null,"MAK":null,"AddressType":null,"RBDI":null,"Results":null,"NoSuffix":""},{"Number":"","Street":"chrisjenn brooke","Suffix":"ln","City":"","State":"","Zip":"02347","StreetName":"Chrisjenn Brooke Ln","Address":null,"StateName":null,"Zip4":null,"MAK":null,"AddressType":null,"RBDI":null,"Results":null,"NoSuffix":""},{"Number":"","Street":"church","Suffix":"st","City":"","State":"","Zip":"02347","StreetName":"Church St","Address":null,"StateName":null,"Zip4":null,"MAK":null,"AddressType":null,"RBDI":null,"Results":null,"NoSuffix":""},{"Number":"","Street":"churchill","Suffix":"rd","City":"","State":"","Zip":"02347","StreetName":"Churchill Rd","Address":null,"StateName":null,"Zip4":null,"MAK":null,"AddressType":null,"RBDI":null,"Results":null,"NoSuffix":""},{"Number":"","Street":"cicero","Suffix":"dr","City":"","State":"","Zip":"02347","StreetName":"Cicero Dr","Address":null,"StateName":null,"Zip4":null,"MAK":null,"AddressType":null,"RBDI":null,"Results":null,"NoSuffix":""},{"Number":"","Street":"cinderhill","Suffix":"path","City":"","State":"","Zip":"02347","StreetName":"Cinderhill Path","Address":null,"StateName":null,"Zip4":null,"MAK":null,"AddressType":null,"RBDI":null,"Results":null,"NoSuffix":""},{"Number":"","Street":"clark","Suffix":"rd","City":"","State":"","Zip":"02347","StreetName":"Clark Rd","Address":null,"StateName":null,"Zip4":null,"MAK":null,"AddressType":null,"RBDI":null,"Results":null,"NoSuffix":""},{"Number":"","Street":"clear pond","Suffix":"rd","City":"","State":"","Zip":"02347","StreetName":"Clear Pond Rd","Address":null,"StateName":null,"Zip4":null,"MAK":null,"AddressType":null,"RBDI":null,"Results":null,"NoSuffix":""},{"Number":"","Street":"clover","Suffix":"st","City":"","State":"","Zip":"02347","StreetName":"Clover St","Address":null,"StateName":null,"Zip4":null,"MAK":null,"AddressType":null,"RBDI":null,"Results":null,"NoSuffix":""},{"Number":"","Street":"coach","Suffix":"ln","City":"","State":"","Zip":"02347","StreetName":"Coach Ln","Address":null,"StateName":null,"Zip4":null,"MAK":null,"AddressType":null,"RBDI":null,"Results":null,"NoSuffix":""},{"Number":"","Street":"colleen","Suffix":"dr","City":"","State":"","Zip":"02347","StreetName":"Colleen Dr","Address":null,"StateName":null,"Zip4":null,"MAK":null,"AddressType":null,"RBDI":null,"Results":null,"NoSuffix":""},{"Number":"","Street":"commercial","Suffix":"dr","City":"","State":"","Zip":"02347","StreetName":"Commercial Dr","Address":null,"StateName":null,"Zip4":null,"MAK":null,"AddressType":null,"RBDI":null,"Results":null,"NoSuffix":""},{"Number":"","Street":"coombs","Suffix":"st","City":"","State":"","Zip":"02347","StreetName":"Coombs St","Address":null,"StateName":null,"Zip4":null,"MAK":null,"AddressType":null,"RBDI":null,"Results":null,"NoSuffix":""},{"Number":"","Street":"cottage","Suffix":"ln","City":"","State":"","Zip":"02347","StreetName":"Cottage Ln","Address":null,"StateName":null,"Zip4":null,"MAK":null,"AddressType":null,"RBDI":null,"Results":null,"NoSuffix":""},{"Number":"","Street":"county","Suffix":"st","City":"","State":"","Zip":"02347","StreetName":"County St","Address":null,"StateName":null,"Zip4":null,"MAK":null,"AddressType":null,"RBDI":null,"Results":null,"NoSuffix":""},{"Number":"","Street":"court","Suffix":"cir","City":"","State":"","Zip":"02347","StreetName":"Court Cir","Address":null,"StateName":null,"Zip4":null,"MAK":null,"AddressType":null,"RBDI":null,"Results":null,"NoSuffix":""},{"Number":"","Street":"cranberry","Suffix":"ln","City":"","State":"","Zip":"02347","StreetName":"Cranberry Ln","Address":null,"StateName":null,"Zip4":null,"MAK":null,"AddressType":null,"RBDI":null,"Results":null,"NoSuffix":""},{"Number":"","Street":"crest","Suffix":"dr","City":"","State":"","Zip":"02347","StreetName":"Crest Dr","Address":null,"StateName":null,"Zip4":null,"MAK":null,"AddressType":null,"RBDI":null,"Results":null,"NoSuffix":""},{"Number":"","Street":"crooked","Suffix":"ln","City":"","State":"","Zip":"02347","StreetName":"Crooked Ln","Address":null,"StateName":null,"Zip4":null,"MAK":null,"AddressType":null,"RBDI":null,"Results":null,"NoSuffix":""},{"Number":"","Street":"cross","Suffix":"st","City":"","State":"","Zip":"02347","StreetName":"Cross St","Address":null,"StateName":null,"Zip4":null,"MAK":null,"AddressType":null,"RBDI":null,"Results":null,"NoSuffix":""},{"Number":"","Street":"cushman","Suffix":"st","City":"","State":"","Zip":"02347","StreetName":"Cushman St","Address":null,"StateName":null,"Zip4":null,"MAK":null,"AddressType":null,"RBDI":null,"Results":null,"NoSuffix":""},{"Number":"","Street":"dale","Suffix":"st","City":"","State":"","Zip":"02347","StreetName":"Dale St","Address":null,"StateName":null,"Zip4":null,"MAK":null,"AddressType":null,"RBDI":null,"Results":null,"NoSuffix":""},{"Number":"","Street":"daniel","Suffix":"rd","City":"","State":"","Zip":"02347","StreetName":"Daniel Rd","Address":null,"StateName":null,"Zip4":null,"MAK":null,"AddressType":null,"RBDI":null,"Results":null,"NoSuffix":""},{"Number":"","Street":"dear","Suffix":"xing","City":"","State":"","Zip":"02347","StreetName":"Dear Xing","Address":null,"StateName":null,"Zip4":null,"MAK":null,"AddressType":null,"RBDI":null,"Results":null,"NoSuffix":""},{"Number":"","Street":"deerfield","Suffix":"dr","City":"","State":"","Zip":"02347","StreetName":"Deerfield Dr","Address":null,"StateName":null,"Zip4":null,"MAK":null,"AddressType":null,"RBDI":null,"Results":null,"NoSuffix":""},{"Number":"","Street":"demoranville","Suffix":"dr","City":"","State":"","Zip":"02347","StreetName":"Demoranville Dr","Address":null,"StateName":null,"Zip4":null,"MAK":null,"AddressType":null,"RBDI":null,"Results":null,"NoSuffix":""},{"Number":"","Street":"deneise","Suffix":"st","City":"","State":"","Zip":"02347","StreetName":"Deneise St","Address":null,"StateName":null,"Zip4":null,"MAK":null,"AddressType":null,"RBDI":null,"Results":null,"NoSuffix":""},{"Number":"","Street":"devon","Suffix":"dr","City":"","State":"","Zip":"02347","StreetName":"Devon Dr","Address":null,"StateName":null,"Zip4":null,"MAK":null,"AddressType":null,"RBDI":null,"Results":null,"NoSuffix":""},{"Number":"","Street":"diamond","Suffix":"ave","City":"","State":"","Zip":"02347","StreetName":"Diamond Ave","Address":null,"StateName":null,"Zip4":null,"MAK":null,"AddressType":null,"RBDI":null,"Results":null,"NoSuffix":""},{"Number":"","Street":"dunbar","Suffix":"rd","City":"","State":"","Zip":"02347","StreetName":"Dunbar Rd","Address":null,"StateName":null,"Zip4":null,"MAK":null,"AddressType":null,"RBDI":null,"Results":null,"NoSuffix":""},{"Number":"","Street":"dunham pond","Suffix":"rd","City":"","State":"","Zip":"02347","StreetName":"Dunham Pond Rd","Address":null,"StateName":null,"Zip4":null,"MAK":null,"AddressType":null,"RBDI":null,"Results":null,"NoSuffix":""},{"Number":"","Street":"eagle","Suffix":"way","City":"","State":"","Zip":"02347","StreetName":"Eagle Way","Address":null,"StateName":null,"Zip4":null,"MAK":null,"AddressType":null,"RBDI":null,"Results":null,"NoSuffix":""},{"Number":"","Street":"edgewater","Suffix":"dr","City":"","State":"","Zip":"02347","StreetName":"Edgewater Dr","Address":null,"StateName":null,"Zip4":null,"MAK":null,"AddressType":null,"RBDI":null,"Results":null,"NoSuffix":""},{"Number":"","Street":"edna","Suffix":"cir","City":"","State":"","Zip":"02347","StreetName":"Edna Cir","Address":null,"StateName":null,"Zip4":null,"MAK":null,"AddressType":null,"RBDI":null,"Results":null,"NoSuffix":""},{"Number":"","Street":"elaine","Suffix":"cir","City":"","State":"","Zip":"02347","StreetName":"Elaine Cir","Address":null,"StateName":null,"Zip4":null,"MAK":null,"AddressType":null,"RBDI":null,"Results":null,"NoSuffix":""},{"Number":"","Street":"elders pond","Suffix":"dr","City":"","State":"","Zip":"02347","StreetName":"Elders Pond Dr","Address":null,"StateName":null,"Zip4":null,"MAK":null,"AddressType":null,"RBDI":null,"Results":null,"NoSuffix":""},{"Number":"","Street":"elliot","Suffix":"way","City":"","State":"","Zip":"02347","StreetName":"Elliot Way","Address":null,"StateName":null,"Zip4":null,"MAK":null,"AddressType":null,"RBDI":null,"Results":null,"NoSuffix":""},{"Number":"","Street":"emerson","Suffix":"rd","City":"","State":"","Zip":"02347","StreetName":"Emerson Rd","Address":null,"StateName":null,"Zip4":null,"MAK":null,"AddressType":null,"RBDI":null,"Results":null,"NoSuffix":""},{"Number":"","Street":"emmys","Suffix":"way","City":"","State":"","Zip":"02347","StreetName":"Emmys Way","Address":null,"StateName":null,"Zip4":null,"MAK":null,"AddressType":null,"RBDI":null,"Results":null,"NoSuffix":""},{"Number":"","Street":"eugene","Suffix":"cir","City":"","State":"","Zip":"02347","StreetName":"Eugene Cir","Address":null,"StateName":null,"Zip4":null,"MAK":null,"AddressType":null,"RBDI":null,"Results":null,"NoSuffix":""},{"Number":"","Street":"evergreen","Suffix":"rd","City":"","State":"","Zip":"02347","StreetName":"Evergreen Rd","Address":null,"StateName":null,"Zip4":null,"MAK":null,"AddressType":null,"RBDI":null,"Results":null,"NoSuffix":""},{"Number":"","Street":"fairway","Suffix":"dr","City":"","State":"","Zip":"02347","StreetName":"Fairway Dr","Address":null,"StateName":null,"Zip4":null,"MAK":null,"AddressType":null,"RBDI":null,"Results":null,"NoSuffix":""},{"Number":"","Street":"fern","Suffix":"ave","City":"","State":"","Zip":"02347","StreetName":"Fern Ave","Address":null,"StateName":null,"Zip4":null,"MAK":null,"AddressType":null,"RBDI":null,"Results":null,"NoSuffix":""},{"Number":"","Street":"ferndale","Suffix":"rd","City":"","State":"","Zip":"02347","StreetName":"Ferndale Rd","Address":null,"StateName":null,"Zip4":null,"MAK":null,"AddressType":null,"RBDI":null,"Results":null,"NoSuffix":""},{"Number":"","Street":"fieldstone","Suffix":"dr","City":"","State":"","Zip":"02347","StreetName":"Fieldstone Dr","Address":null,"StateName":null,"Zip4":null,"MAK":null,"AddressType":null,"RBDI":null,"Results":null,"NoSuffix":""},{"Number":"","Street":"flintlock","Suffix":"ln","City":"","State":"","Zip":"02347","StreetName":"Flintlock Ln","Address":null,"StateName":null,"Zip4":null,"MAK":null,"AddressType":null,"RBDI":null,"Results":null,"NoSuffix":""},{"Number":"","Street":"forest park","Suffix":"dr","City":"","State":"","Zip":"02347","StreetName":"Forest Park Dr","Address":null,"StateName":null,"Zip4":null,"MAK":null,"AddressType":null,"RBDI":null,"Results":null,"NoSuffix":""},{"Number":"","Street":"francisco","Suffix":"st","City":"","State":"","Zip":"02347","StreetName":"Francisco St","Address":null,"StateName":null,"Zip4":null,"MAK":null,"AddressType":null,"RBDI":null,"Results":null,"NoSuffix":""},{"Number":"","Street":"freetown","Suffix":"st","City":"","State":"","Zip":"02347","StreetName":"Freetown St","Address":null,"StateName":null,"Zip4":null,"MAK":null,"AddressType":null,"RBDI":null,"Results":null,"NoSuffix":""},{"Number":"","Street":"fuller","Suffix":"shrs","City":"","State":"","Zip":"02347","StreetName":"Fuller Shrs","Address":null,"StateName":null,"Zip4":null,"MAK":null,"AddressType":null,"RBDI":null,"Results":null,"NoSuffix":""},{"Number":"","Street":"furlong","Suffix":"cir","City":"","State":"","Zip":"02347","StreetName":"Furlong Cir","Address":null,"StateName":null,"Zip4":null,"MAK":null,"AddressType":null,"RBDI":null,"Results":null,"NoSuffix":""},{"Number":"","Street":"galfre","Suffix":"rd","City":"","State":"","Zip":"02347","StreetName":"Galfre Rd","Address":null,"StateName":null,"Zip4":null,"MAK":null,"AddressType":null,"RBDI":null,"Results":null,"NoSuffix":""},{"Number":"","Street":"gillians","Suffix":"dr","City":"","State":"","Zip":"02347","StreetName":"Gillians Dr","Address":null,"StateName":null,"Zip4":null,"MAK":null,"AddressType":null,"RBDI":null,"Results":null,"NoSuffix":""},{"Number":"","Street":"glen","Suffix":"st","City":"","State":"","Zip":"02347","StreetName":"Glen St","Address":null,"StateName":null,"Zip4":null,"MAK":null,"AddressType":null,"RBDI":null,"Results":null,"NoSuffix":""},{"Number":"","Street":"gloria","Suffix":"dr","City":"","State":"","Zip":"02347","StreetName":"Gloria Dr","Address":null,"StateName":null,"Zip4":null,"MAK":null,"AddressType":null,"RBDI":null,"Results":null,"NoSuffix":""},{"Number":"","Street":"gomes lookout","Suffix":"pt","City":"","State":"","Zip":"02347","StreetName":"Gomes Lookout Pt","Address":null,"StateName":null,"Zip4":null,"MAK":null,"AddressType":null,"RBDI":null,"Results":null,"NoSuffix":""},{"Number":"","Street":"great cedar","Suffix":"dr","City":"","State":"","Zip":"02347","StreetName":"Great Cedar Dr","Address":null,"StateName":null,"Zip4":null,"MAK":null,"AddressType":null,"RBDI":null,"Results":null,"NoSuffix":""},{"Number":"","Street":"great cedar","Suffix":"xing","City":"","State":"","Zip":"02347","StreetName":"Great Cedar Xing","Address":null,"StateName":null,"Zip4":null,"MAK":null,"AddressType":null,"RBDI":null,"Results":null,"NoSuffix":""},{"Number":"","Street":"green","Suffix":"cir","City":"","State":"","Zip":"02347","StreetName":"Green Cir","Address":null,"StateName":null,"Zip4":null,"MAK":null,"AddressType":null,"RBDI":null,"Results":null,"NoSuffix":""},{"Number":"","Street":"green lot","Suffix":"cir","City":"","State":"","Zip":"02347","StreetName":"Green Lot Cir","Address":null,"StateName":null,"Zip4":null,"MAK":null,"AddressType":null,"RBDI":null,"Results":null,"NoSuffix":""},{"Number":"","Street":"gunners","Suffix":"way","City":"","State":"","Zip":"02347","StreetName":"Gunners Way","Address":null,"StateName":null,"Zip4":null,"MAK":null,"AddressType":null,"RBDI":null,"Results":null,"NoSuffix":""},{"Number":"","Street":"hackett","Suffix":"ave","City":"","State":"","Zip":"02347","StreetName":"Hackett Ave","Address":null,"StateName":null,"Zip4":null,"MAK":null,"AddressType":null,"RBDI":null,"Results":null,"NoSuffix":""},{"Number":"","Street":"halcyon farm","Suffix":"rd","City":"","State":"","Zip":"02347","StreetName":"Halcyon Farm Rd","Address":null,"StateName":null,"Zip4":null,"MAK":null,"AddressType":null,"RBDI":null,"Results":null,"NoSuffix":""},{"Number":"","Street":"hamilton","Suffix":"ln","City":"","State":"","Zip":"02347","StreetName":"Hamilton Ln","Address":null,"StateName":null,"Zip4":null,"MAK":null,"AddressType":null,"RBDI":null,"Results":null,"NoSuffix":""},{"Number":"","Street":"harcourt","Suffix":"ave","City":"","State":"","Zip":"02347","StreetName":"Harcourt Ave","Address":null,"StateName":null,"Zip4":null,"MAK":null,"AddressType":null,"RBDI":null,"Results":null,"NoSuffix":""},{"Number":"","Street":"harding","Suffix":"st","City":"","State":"","Zip":"02347","StreetName":"Harding St","Address":null,"StateName":null,"Zip4":null,"MAK":null,"AddressType":null,"RBDI":null,"Results":null,"NoSuffix":""},{"Number":"","Street":"harrison","Suffix":"ave","City":"","State":"","Zip":"02347","StreetName":"Harrison Ave","Address":null,"StateName":null,"Zip4":null,"MAK":null,"AddressType":null,"RBDI":null,"Results":null,"NoSuffix":""},{"Number":"","Street":"haskell","Suffix":"cir","City":"","State":"","Zip":"02347","StreetName":"Haskell Cir","Address":null,"StateName":null,"Zip4":null,"MAK":null,"AddressType":null,"RBDI":null,"Results":null,"NoSuffix":""},{"Number":"","Street":"hawthorne","Suffix":"st","City":"","State":"","Zip":"02347","StreetName":"Hawthorne St","Address":null,"StateName":null,"Zip4":null,"MAK":null,"AddressType":null,"RBDI":null,"Results":null,"NoSuffix":""},{"Number":"","Street":"hazel","Suffix":"st","City":"","State":"","Zip":"02347","StreetName":"Hazel St","Address":null,"StateName":null,"Zip4":null,"MAK":null,"AddressType":null,"RBDI":null,"Results":null,"NoSuffix":""},{"Number":"","Street":"heather hills","Suffix":"ln","City":"","State":"","Zip":"02347","StreetName":"Heather Hills Ln","Address":null,"StateName":null,"Zip4":null,"MAK":null,"AddressType":null,"RBDI":null,"Results":null,"NoSuffix":""},{"Number":"","Street":"helen","Suffix":"st","City":"","State":"","Zip":"02347","StreetName":"Helen St","Address":null,"StateName":null,"Zip4":null,"MAK":null,"AddressType":null,"RBDI":null,"Results":null,"NoSuffix":""},{"Number":"","Street":"hemlocks","Suffix":"","City":"","State":"","Zip":"02347","StreetName":"Hemlocks","Address":null,"StateName":null,"Zip4":null,"MAK":null,"AddressType":null,"RBDI":null,"Results":null,"NoSuffix":"t"},{"Number":"","Street":"heritage hill","Suffix":"dr","City":"","State":"","Zip":"02347","StreetName":"Heritage Hill Dr","Address":null,"StateName":null,"Zip4":null,"MAK":null,"AddressType":null,"RBDI":null,"Results":null,"NoSuffix":""},{"Number":"","Street":"hickory","Suffix":"ln","City":"","State":"","Zip":"02347","StreetName":"Hickory Ln","Address":null,"StateName":null,"Zip4":null,"MAK":null,"AddressType":null,"RBDI":null,"Results":null,"NoSuffix":""},{"Number":"","Street":"hidden","Suffix":"dr","City":"","State":"","Zip":"02347","StreetName":"Hidden Dr","Address":null,"StateName":null,"Zip4":null,"MAK":null,"AddressType":null,"RBDI":null,"Results":null,"NoSuffix":""},{"Number":"","Street":"hidden","Suffix":"rdg","City":"","State":"","Zip":"02347","StreetName":"Hidden Rdg","Address":null,"StateName":null,"Zip4":null,"MAK":null,"AddressType":null,"RBDI":null,"Results":null,"NoSuffix":""},{"Number":"","Street":"highland","Suffix":"rd","City":"","State":"","Zip":"02347","StreetName":"Highland Rd","Address":null,"StateName":null,"Zip4":null,"MAK":null,"AddressType":null,"RBDI":null,"Results":null,"NoSuffix":""},{"Number":"","Street":"hill","Suffix":"st","City":"","State":"","Zip":"02347","StreetName":"Hill St","Address":null,"StateName":null,"Zip4":null,"MAK":null,"AddressType":null,"RBDI":null,"Results":null,"NoSuffix":""},{"Number":"","Street":"hillside","Suffix":"ave","City":"","State":"","Zip":"02347","StreetName":"Hillside Ave","Address":null,"StateName":null,"Zip4":null,"MAK":null,"AddressType":null,"RBDI":null,"Results":null,"NoSuffix":""},{"Number":"","Street":"hilltop acres","Suffix":"dr","City":"","State":"","Zip":"02347","StreetName":"Hilltop Acres Dr","Address":null,"StateName":null,"Zip4":null,"MAK":null,"AddressType":null,"RBDI":null,"Results":null,"NoSuffix":""},{"Number":"","Street":"hiltz","Suffix":"ave","City":"","State":"","Zip":"02347","StreetName":"Hiltz Ave","Address":null,"StateName":null,"Zip4":null,"MAK":null,"AddressType":null,"RBDI":null,"Results":null,"NoSuffix":""},{"Number":"","Street":"hitching post","Suffix":"rd","City":"","State":"","Zip":"02347","StreetName":"Hitching Post Rd","Address":null,"StateName":null,"Zip4":null,"MAK":null,"AddressType":null,"RBDI":null,"Results":null,"NoSuffix":""},{"Number":"","Street":"hollis","Suffix":"ave","City":"","State":"","Zip":"02347","StreetName":"Hollis Ave","Address":null,"StateName":null,"Zip4":null,"MAK":null,"AddressType":null,"RBDI":null,"Results":null,"NoSuffix":""},{"Number":"","Street":"holloway brook","Suffix":"rd","City":"","State":"","Zip":"02347","StreetName":"Holloway Brook Rd","Address":null,"StateName":null,"Zip4":null,"MAK":null,"AddressType":null,"RBDI":null,"Results":null,"NoSuffix":""},{"Number":"","Street":"holly hill","Suffix":"ln","City":"","State":"","Zip":"02347","StreetName":"Holly Hill Ln","Address":null,"StateName":null,"Zip4":null,"MAK":null,"AddressType":null,"RBDI":null,"Results":null,"NoSuffix":""},{"Number":"","Street":"howard","Suffix":"ln","City":"","State":"","Zip":"02347","StreetName":"Howard Ln","Address":null,"StateName":null,"Zip4":null,"MAK":null,"AddressType":null,"RBDI":null,"Results":null,"NoSuffix":""},{"Number":"","Street":"howland","Suffix":"rd","City":"","State":"","Zip":"02347","StreetName":"Howland Rd","Address":null,"StateName":null,"Zip4":null,"MAK":null,"AddressType":null,"RBDI":null,"Results":null,"NoSuffix":""},{"Number":"","Street":"hunters","Suffix":"way","City":"","State":"","Zip":"02347","StreetName":"Hunters Way","Address":null,"StateName":null,"Zip4":null,"MAK":null,"AddressType":null,"RBDI":null,"Results":null,"NoSuffix":""},{"Number":"","Street":"huntinghouse brooke","Suffix":"ln","City":"","State":"","Zip":"02347","StreetName":"Huntinghouse Brooke Ln","Address":null,"StateName":null,"Zip4":null,"MAK":null,"AddressType":null,"RBDI":null,"Results":null,"NoSuffix":""},{"Number":"","Street":"hybrid","Suffix":"dr","City":"","State":"","Zip":"02347","StreetName":"Hybrid Dr","Address":null,"StateName":null,"Zip4":null,"MAK":null,"AddressType":null,"RBDI":null,"Results":null,"NoSuffix":""},{"Number":"","Street":"indian shore","Suffix":"rd","City":"","State":"","Zip":"02347","StreetName":"Indian Shore Rd","Address":null,"StateName":null,"Zip4":null,"MAK":null,"AddressType":null,"RBDI":null,"Results":null,"NoSuffix":""},{"Number":"","Street":"industrial","Suffix":"dr","City":"","State":"","Zip":"02347","StreetName":"Industrial Dr","Address":null,"StateName":null,"Zip4":null,"MAK":null,"AddressType":null,"RBDI":null,"Results":null,"NoSuffix":""},{"Number":"","Street":"ironwood","Suffix":"ln","City":"","State":"","Zip":"02347","StreetName":"Ironwood Ln","Address":null,"StateName":null,"Zip4":null,"MAK":null,"AddressType":null,"RBDI":null,"Results":null,"NoSuffix":""},{"Number":"","Street":"island","Suffix":"rd","City":"","State":"","Zip":"02347","StreetName":"Island Rd","Address":null,"StateName":null,"Zip4":null,"MAK":null,"AddressType":null,"RBDI":null,"Results":null,"NoSuffix":""},{"Number":"","Street":"island","Suffix":"vw","City":"","State":"","Zip":"02347","StreetName":"Island Vw","Address":null,"StateName":null,"Zip4":null,"MAK":null,"AddressType":null,"RBDI":null,"Results":null,"NoSuffix":""},{"Number":"","Street":"ivy","Suffix":"ln","City":"","State":"","Zip":"02347","StreetName":"Ivy Ln","Address":null,"StateName":null,"Zip4":null,"MAK":null,"AddressType":null,"RBDI":null,"Results":null,"NoSuffix":""},{"Number":"","Street":"jamies","Suffix":"way","City":"","State":"","Zip":"02347","StreetName":"Jamies Way","Address":null,"StateName":null,"Zip4":null,"MAK":null,"AddressType":null,"RBDI":null,"Results":null,"NoSuffix":""},{"Number":"","Street":"jeanine","Suffix":"st","City":"","State":"","Zip":"02347","StreetName":"Jeanine St","Address":null,"StateName":null,"Zip4":null,"MAK":null,"AddressType":null,"RBDI":null,"Results":null,"NoSuffix":""},{"Number":"","Street":"jennifer","Suffix":"ln","City":"","State":"","Zip":"02347","StreetName":"Jennifer Ln","Address":null,"StateName":null,"Zip4":null,"MAK":null,"AddressType":null,"RBDI":null,"Results":null,"NoSuffix":""},{"Number":"","Street":"joes","Suffix":"way","City":"","State":"","Zip":"02347","StreetName":"Joes Way","Address":null,"StateName":null,"Zip4":null,"MAK":null,"AddressType":null,"RBDI":null,"Results":null,"NoSuffix":""},{"Number":"","Street":"johnson","Suffix":"dr","City":"","State":"","Zip":"02347","StreetName":"Johnson Dr","Address":null,"StateName":null,"Zip4":null,"MAK":null,"AddressType":null,"RBDI":null,"Results":null,"NoSuffix":""},{"Number":"","Street":"josh","Suffix":"rd","City":"","State":"","Zip":"02347","StreetName":"Josh Rd","Address":null,"StateName":null,"Zip4":null,"MAK":null,"AddressType":null,"RBDI":null,"Results":null,"NoSuffix":""},{"Number":"","Street":"joshua","Suffix":"ln","City":"","State":"","Zip":"02347","StreetName":"Joshua Ln","Address":null,"StateName":null,"Zip4":null,"MAK":null,"AddressType":null,"RBDI":null,"Results":null,"NoSuffix":""},{"Number":"","Street":"julias","Suffix":"way","City":"","State":"","Zip":"02347","StreetName":"Julias Way","Address":null,"StateName":null,"Zip4":null,"MAK":null,"AddressType":null,"RBDI":null,"Results":null,"NoSuffix":""},{"Number":"","Street":"juniper","Suffix":"rd","City":"","State":"","Zip":"02347","StreetName":"Juniper Rd","Address":null,"StateName":null,"Zip4":null,"MAK":null,"AddressType":null,"RBDI":null,"Results":null,"NoSuffix":""},{"Number":"","Street":"justines","Suffix":"way","City":"","State":"","Zip":"02347","StreetName":"Justines Way","Address":null,"StateName":null,"Zip4":null,"MAK":null,"AddressType":null,"RBDI":null,"Results":null,"NoSuffix":""},{"Number":"","Street":"kaiser hoff","Suffix":"ln","City":"","State":"","Zip":"02347","StreetName":"Kaiser Hoff Ln","Address":null,"StateName":null,"Zip4":null,"MAK":null,"AddressType":null,"RBDI":null,"Results":null,"NoSuffix":""},{"Number":"","Street":"kashmires","Suffix":"way","City":"","State":"","Zip":"02347","StreetName":"Kashmires Way","Address":null,"StateName":null,"Zip4":null,"MAK":null,"AddressType":null,"RBDI":null,"Results":null,"NoSuffix":""},{"Number":"","Street":"katies","Suffix":"way","City":"","State":"","Zip":"02347","StreetName":"Katies Way","Address":null,"StateName":null,"Zip4":null,"MAK":null,"AddressType":null,"RBDI":null,"Results":null,"NoSuffix":""},{"Number":"","Street":"keene","Suffix":"shrs","City":"","State":"","Zip":"02347","StreetName":"Keene Shrs","Address":null,"StateName":null,"Zip4":null,"MAK":null,"AddressType":null,"RBDI":null,"Results":null,"NoSuffix":""},{"Number":"","Street":"keith","Suffix":"ave","City":"","State":"","Zip":"02347","StreetName":"Keith Ave","Address":null,"StateName":null,"Zip4":null,"MAK":null,"AddressType":null,"RBDI":null,"Results":null,"NoSuffix":""},{"Number":"","Street":"kenneth","Suffix":"st","City":"","State":"","Zip":"02347","StreetName":"Kenneth St","Address":null,"StateName":null,"Zip4":null,"MAK":null,"AddressType":null,"RBDI":null,"Results":null,"NoSuffix":""},{"Number":"","Street":"kenneth welch","Suffix":"dr","City":"","State":"","Zip":"02347","StreetName":"Kenneth Welch Dr","Address":null,"StateName":null,"Zip4":null,"MAK":null,"AddressType":null,"RBDI":null,"Results":null,"NoSuffix":""},{"Number":"","Street":"king philip","Suffix":"rd","City":"","State":"","Zip":"02347","StreetName":"King Philip Rd","Address":null,"StateName":null,"Zip4":null,"MAK":null,"AddressType":null,"RBDI":null,"Results":null,"NoSuffix":""},{"Number":"","Street":"kingman","Suffix":"st","City":"","State":"","Zip":"02347","StreetName":"Kingman St","Address":null,"StateName":null,"Zip4":null,"MAK":null,"AddressType":null,"RBDI":null,"Results":null,"NoSuffix":""},{"Number":"","Street":"kyles","Suffix":"way","City":"","State":"","Zip":"02347","StreetName":"Kyles Way","Address":null,"StateName":null,"Zip4":null,"MAK":null,"AddressType":null,"RBDI":null,"Results":null,"NoSuffix":""},{"Number":"","Street":"lakeside","Suffix":"ave","City":"","State":"","Zip":"02347","StreetName":"Lakeside Ave","Address":null,"StateName":null,"Zip4":null,"MAK":null,"AddressType":null,"RBDI":null,"Results":null,"NoSuffix":""},{"Number":"","Street":"lakeville business","Suffix":"park","City":"","State":"","Zip":"02347","StreetName":"Lakeville Business Park","Address":null,"StateName":null,"Zip4":null,"MAK":null,"AddressType":null,"RBDI":null,"Results":null,"NoSuffix":""},{"Number":"","Street":"landing","Suffix":"way","City":"","State":"","Zip":"02347","StreetName":"Landing Way","Address":null,"StateName":null,"Zip4":null,"MAK":null,"AddressType":null,"RBDI":null,"Results":null,"NoSuffix":""},{"Number":"","Street":"lang","Suffix":"st","City":"","State":"","Zip":"02347","StreetName":"Lang St","Address":null,"StateName":null,"Zip4":null,"MAK":null,"AddressType":null,"RBDI":null,"Results":null,"NoSuffix":""},{"Number":"","Street":"langlois","Suffix":"pnes","City":"","State":"","Zip":"02347","StreetName":"Langlois Pnes","Address":null,"StateName":null,"Zip4":null,"MAK":null,"AddressType":null,"RBDI":null,"Results":null,"NoSuffix":""},{"Number":"","Street":"lantern","Suffix":"ln","City":"","State":"","Zip":"02347","StreetName":"Lantern Ln","Address":null,"StateName":null,"Zip4":null,"MAK":null,"AddressType":null,"RBDI":null,"Results":null,"NoSuffix":""},{"Number":"","Street":"laurel","Suffix":"st","City":"","State":"","Zip":"02347","StreetName":"Laurel St","Address":null,"StateName":null,"Zip4":null,"MAK":null,"AddressType":null,"RBDI":null,"Results":null,"NoSuffix":""},{"Number":"","Street":"lebaron","Suffix":"blvd","City":"","State":"","Zip":"02347","StreetName":"Lebaron Blvd","Address":null,"StateName":null,"Zip4":null,"MAK":null,"AddressType":null,"RBDI":null,"Results":null,"NoSuffix":""},{"Number":"","Street":"ledge","Suffix":"st","City":"","State":"","Zip":"02347","StreetName":"Ledge St","Address":null,"StateName":null,"Zip4":null,"MAK":null,"AddressType":null,"RBDI":null,"Results":null,"NoSuffix":""},{"Number":"","Street":"ledgewood","Suffix":"dr","City":"","State":"","Zip":"02347","StreetName":"Ledgewood Dr","Address":null,"StateName":null,"Zip4":null,"MAK":null,"AddressType":null,"RBDI":null,"Results":null,"NoSuffix":""},{"Number":"","Street":"lemore","Suffix":"ave","City":"","State":"","Zip":"02347","StreetName":"Lemore Ave","Address":null,"StateName":null,"Zip4":null,"MAK":null,"AddressType":null,"RBDI":null,"Results":null,"NoSuffix":""},{"Number":"","Street":"leonard","Suffix":"st","City":"","State":"","Zip":"02347","StreetName":"Leonard St","Address":null,"StateName":null,"Zip4":null,"MAK":null,"AddressType":null,"RBDI":null,"Results":null,"NoSuffix":""},{"Number":"","Street":"lewis","Suffix":"is","City":"","State":"","Zip":"02347","StreetName":"Lewis Is","Address":null,"StateName":null,"Zip4":null,"MAK":null,"AddressType":null,"RBDI":null,"Results":null,"NoSuffix":""},{"Number":"","Street":"lilac","Suffix":"st","City":"","State":"","Zip":"02347","StreetName":"Lilac St","Address":null,"StateName":null,"Zip4":null,"MAK":null,"AddressType":null,"RBDI":null,"Results":null,"NoSuffix":""},{"Number":"","Street":"lincoln","Suffix":"st","City":"","State":"","Zip":"02347","StreetName":"Lincoln St","Address":null,"StateName":null,"Zip4":null,"MAK":null,"AddressType":null,"RBDI":null,"Results":null,"NoSuffix":""},{"Number":"","Street":"little farm","Suffix":"rd","City":"","State":"","Zip":"02347","StreetName":"Little Farm Rd","Address":null,"StateName":null,"Zip4":null,"MAK":null,"AddressType":null,"RBDI":null,"Results":null,"NoSuffix":""},{"Number":"","Street":"lloyds","Suffix":"ln","City":"","State":"","Zip":"02347","StreetName":"Lloyds Ln","Address":null,"StateName":null,"Zip4":null,"MAK":null,"AddressType":null,"RBDI":null,"Results":null,"NoSuffix":""},{"Number":"","Street":"lois","Suffix":"ln","City":"","State":"","Zip":"02347","StreetName":"Lois Ln","Address":null,"StateName":null,"Zip4":null,"MAK":null,"AddressType":null,"RBDI":null,"Results":null,"NoSuffix":""},{"Number":"","Street":"long point","Suffix":"rd","City":"","State":"","Zip":"02347","StreetName":"Long Point Rd","Address":null,"StateName":null,"Zip4":null,"MAK":null,"AddressType":null,"RBDI":null,"Results":null,"NoSuffix":""},{"Number":"","Street":"long pond shore","Suffix":"rd","City":"","State":"","Zip":"02347","StreetName":"Long Pond Shore Rd","Address":null,"StateName":null,"Zip4":null,"MAK":null,"AddressType":null,"RBDI":null,"Results":null,"NoSuffix":""},{"Number":"","Street":"loon pond","Suffix":"rd","City":"","State":"","Zip":"02347","StreetName":"Loon Pond Rd","Address":null,"StateName":null,"Zip4":null,"MAK":null,"AddressType":null,"RBDI":null,"Results":null,"NoSuffix":""},{"Number":"","Street":"lori","Suffix":"ln","City":"","State":"","Zip":"02347","StreetName":"Lori Ln","Address":null,"StateName":null,"Zip4":null,"MAK":null,"AddressType":null,"RBDI":null,"Results":null,"NoSuffix":""},{"Number":"","Street":"main","Suffix":"st","City":"","State":"","Zip":"02347","StreetName":"Main St","Address":null,"StateName":null,"Zip4":null,"MAK":null,"AddressType":null,"RBDI":null,"Results":null,"NoSuffix":""},{"Number":"","Street":"malbone","Suffix":"st","City":"","State":"","Zip":"02347","StreetName":"Malbone St","Address":null,"StateName":null,"Zip4":null,"MAK":null,"AddressType":null,"RBDI":null,"Results":null,"NoSuffix":""},{"Number":"","Street":"margeaux","Suffix":"dr","City":"","State":"","Zip":"02347","StreetName":"Margeaux Dr","Address":null,"StateName":null,"Zip4":null,"MAK":null,"AddressType":null,"RBDI":null,"Results":null,"NoSuffix":""},{"Number":"","Street":"mark twain","Suffix":"dr","City":"","State":"","Zip":"02347","StreetName":"Mark Twain Dr","Address":null,"StateName":null,"Zip4":null,"MAK":null,"AddressType":null,"RBDI":null,"Results":null,"NoSuffix":""},{"Number":"","Street":"marys","Suffix":"way","City":"","State":"","Zip":"02347","StreetName":"Marys Way","Address":null,"StateName":null,"Zip4":null,"MAK":null,"AddressType":null,"RBDI":null,"Results":null,"NoSuffix":""},{"Number":"","Street":"massachusetts","Suffix":"rd","City":"","State":"","Zip":"02347","StreetName":"Massachusetts Rd","Address":null,"StateName":null,"Zip4":null,"MAK":null,"AddressType":null,"RBDI":null,"Results":null,"NoSuffix":""},{"Number":"","Street":"mattawa","Suffix":"ln","City":"","State":"","Zip":"02347","StreetName":"Mattawa Ln","Address":null,"StateName":null,"Zip4":null,"MAK":null,"AddressType":null,"RBDI":null,"Results":null,"NoSuffix":""},{"Number":"","Street":"mayflower","Suffix":"rd","City":"","State":"","Zip":"02347","StreetName":"Mayflower Rd","Address":null,"StateName":null,"Zip4":null,"MAK":null,"AddressType":null,"RBDI":null,"Results":null,"NoSuffix":""},{"Number":"","Street":"meadow","Suffix":"ln","City":"","State":"","Zip":"02347","StreetName":"Meadow Ln","Address":null,"StateName":null,"Zip4":null,"MAK":null,"AddressType":null,"RBDI":null,"Results":null,"NoSuffix":""},{"Number":"","Street":"merigold","Suffix":"ln","City":"","State":"","Zip":"02347","StreetName":"Merigold Ln","Address":null,"StateName":null,"Zip4":null,"MAK":null,"AddressType":null,"RBDI":null,"Results":null,"NoSuffix":""},{"Number":"","Street":"mill","Suffix":"st","City":"","State":"","Zip":"02347","StreetName":"Mill St","Address":null,"StateName":null,"Zip4":null,"MAK":null,"AddressType":null,"RBDI":null,"Results":null,"NoSuffix":""},{"Number":"","Street":"millenium","Suffix":"cir","City":"","State":"","Zip":"02347","StreetName":"Millenium Cir","Address":null,"StateName":null,"Zip4":null,"MAK":null,"AddressType":null,"RBDI":null,"Results":null,"NoSuffix":""},{"Number":"","Street":"mona","Suffix":"st","City":"","State":"","Zip":"02347","StreetName":"Mona St","Address":null,"StateName":null,"Zip4":null,"MAK":null,"AddressType":null,"RBDI":null,"Results":null,"NoSuffix":""},{"Number":"","Street":"montgomery","Suffix":"st","City":"","State":"","Zip":"02347","StreetName":"Montgomery St","Address":null,"StateName":null,"Zip4":null,"MAK":null,"AddressType":null,"RBDI":null,"Results":null,"NoSuffix":""},{"Number":"","Street":"morrison","Suffix":"way","City":"","State":"","Zip":"02347","StreetName":"Morrison Way","Address":null,"StateName":null,"Zip4":null,"MAK":null,"AddressType":null,"RBDI":null,"Results":null,"NoSuffix":""},{"Number":"","Street":"moulton","Suffix":"st","City":"","State":"","Zip":"02347","StreetName":"Moulton St","Address":null,"StateName":null,"Zip4":null,"MAK":null,"AddressType":null,"RBDI":null,"Results":null,"NoSuffix":""},{"Number":"","Street":"mullein hill","Suffix":"dr","City":"","State":"","Zip":"02347","StreetName":"Mullein Hill Dr","Address":null,"StateName":null,"Zip4":null,"MAK":null,"AddressType":null,"RBDI":null,"Results":null,"NoSuffix":""},{"Number":"","Street":"mya","Suffix":"ln","City":"","State":"","Zip":"02347","StreetName":"Mya Ln","Address":null,"StateName":null,"Zip4":null,"MAK":null,"AddressType":null,"RBDI":null,"Results":null,"NoSuffix":""},{"Number":"","Street":"myricks","Suffix":"st","City":"","State":"","Zip":"02347","StreetName":"Myricks St","Address":null,"StateName":null,"Zip4":null,"MAK":null,"AddressType":null,"RBDI":null,"Results":null,"NoSuffix":""},{"Number":"","Street":"nachaomet","Suffix":"rd","City":"","State":"","Zip":"02347","StreetName":"Nachaomet Rd","Address":null,"StateName":null,"Zip4":null,"MAK":null,"AddressType":null,"RBDI":null,"Results":null,"NoSuffix":""},{"Number":"","Street":"nelson shore","Suffix":"rd","City":"","State":"","Zip":"02347","StreetName":"Nelson Shore Rd","Address":null,"StateName":null,"Zip4":null,"MAK":null,"AddressType":null,"RBDI":null,"Results":null,"NoSuffix":""},{"Number":"","Street":"nelsons","Suffix":"grv","City":"","State":"","Zip":"02347","StreetName":"Nelsons Grv","Address":null,"StateName":null,"Zip4":null,"MAK":null,"AddressType":null,"RBDI":null,"Results":null,"NoSuffix":""},{"Number":"","Street":"nemasket","Suffix":"dr","City":"","State":"","Zip":"02347","StreetName":"Nemasket Dr","Address":null,"StateName":null,"Zip4":null,"MAK":null,"AddressType":null,"RBDI":null,"Results":null,"NoSuffix":""},{"Number":"","Street":"nicholas","Suffix":"st","City":"","State":"","Zip":"02347","StreetName":"Nicholas St","Address":null,"StateName":null,"Zip4":null,"MAK":null,"AddressType":null,"RBDI":null,"Results":null,"NoSuffix":""},{"Number":"","Street":"nook","Suffix":"st","City":"","State":"","Zip":"02347","StreetName":"Nook St","Address":null,"StateName":null,"Zip4":null,"MAK":null,"AddressType":null,"RBDI":null,"Results":null,"NoSuffix":""},{"Number":"","Street":"norfolk","Suffix":"st","City":"","State":"","Zip":"02347","StreetName":"Norfolk St","Address":null,"StateName":null,"Zip4":null,"MAK":null,"AddressType":null,"RBDI":null,"Results":null,"NoSuffix":""},{"Number":"","Street":"oak","Suffix":"st","City":"","State":"","Zip":"02347","StreetName":"Oak St","Address":null,"StateName":null,"Zip4":null,"MAK":null,"AddressType":null,"RBDI":null,"Results":null,"NoSuffix":""},{"Number":"","Street":"ocean spray","Suffix":"dr","City":"","State":"","Zip":"02347","StreetName":"Ocean Spray Dr","Address":null,"StateName":null,"Zip4":null,"MAK":null,"AddressType":null,"RBDI":null,"Results":null,"NoSuffix":""},{"Number":"","Street":"old bridge","Suffix":"st","City":"","State":"","Zip":"02347","StreetName":"Old Bridge St","Address":null,"StateName":null,"Zip4":null,"MAK":null,"AddressType":null,"RBDI":null,"Results":null,"NoSuffix":""},{"Number":"","Street":"old county","Suffix":"rd","City":"","State":"","Zip":"02347","StreetName":"Old County Rd","Address":null,"StateName":null,"Zip4":null,"MAK":null,"AddressType":null,"RBDI":null,"Results":null,"NoSuffix":""},{"Number":"","Street":"old main","Suffix":"st","City":"","State":"","Zip":"02347","StreetName":"Old Main St","Address":null,"StateName":null,"Zip4":null,"MAK":null,"AddressType":null,"RBDI":null,"Results":null,"NoSuffix":""},{"Number":"","Street":"old meadow","Suffix":"ln","City":"","State":"","Zip":"02347","StreetName":"Old Meadow Ln","Address":null,"StateName":null,"Zip4":null,"MAK":null,"AddressType":null,"RBDI":null,"Results":null,"NoSuffix":""},{"Number":"","Street":"old new","Suffix":"st","City":"","State":"","Zip":"02347","StreetName":"Old New St","Address":null,"StateName":null,"Zip4":null,"MAK":null,"AddressType":null,"RBDI":null,"Results":null,"NoSuffix":""},{"Number":"","Street":"old powder house","Suffix":"rd","City":"","State":"","Zip":"02347","StreetName":"Old Powder House Rd","Address":null,"StateName":null,"Zip4":null,"MAK":null,"AddressType":null,"RBDI":null,"Results":null,"NoSuffix":""},{"Number":"","Street":"old stonewall","Suffix":"rd","City":"","State":"","Zip":"02347","StreetName":"Old Stonewall Rd","Address":null,"StateName":null,"Zip4":null,"MAK":null,"AddressType":null,"RBDI":null,"Results":null,"NoSuffix":""},{"Number":"","Street":"orchard","Suffix":"st","City":"","State":"","Zip":"02347","StreetName":"Orchard St","Address":null,"StateName":null,"Zip4":null,"MAK":null,"AddressType":null,"RBDI":null,"Results":null,"NoSuffix":""},{"Number":"","Street":"pace","Suffix":"ct","City":"","State":"","Zip":"02347","StreetName":"Pace Ct","Address":null,"StateName":null,"Zip4":null,"MAK":null,"AddressType":null,"RBDI":null,"Results":null,"NoSuffix":""},{"Number":"","Street":"paddock hill","Suffix":"dr","City":"","State":"","Zip":"02347","StreetName":"Paddock Hill Dr","Address":null,"StateName":null,"Zip4":null,"MAK":null,"AddressType":null,"RBDI":null,"Results":null,"NoSuffix":""},{"Number":"","Street":"panettieri","Suffix":"dr","City":"","State":"","Zip":"02347","StreetName":"Panettieri Dr","Address":null,"StateName":null,"Zip4":null,"MAK":null,"AddressType":null,"RBDI":null,"Results":null,"NoSuffix":""},{"Number":"","Street":"pantheon","Suffix":"rd","City":"","State":"","Zip":"02347","StreetName":"Pantheon Rd","Address":null,"StateName":null,"Zip4":null,"MAK":null,"AddressType":null,"RBDI":null,"Results":null,"NoSuffix":""},{"Number":"","Street":"paradise","Suffix":"ln","City":"","State":"","Zip":"02347","StreetName":"Paradise Ln","Address":null,"StateName":null,"Zip4":null,"MAK":null,"AddressType":null,"RBDI":null,"Results":null,"NoSuffix":""},{"Number":"","Street":"parkhurst","Suffix":"dr","City":"","State":"","Zip":"02347","StreetName":"Parkhurst Dr","Address":null,"StateName":null,"Zip4":null,"MAK":null,"AddressType":null,"RBDI":null,"Results":null,"NoSuffix":""},{"Number":"","Street":"patrick thomas","Suffix":"ct","City":"","State":"","Zip":"02347","StreetName":"Patrick Thomas Ct","Address":null,"StateName":null,"Zip4":null,"MAK":null,"AddressType":null,"RBDI":null,"Results":null,"NoSuffix":""},{"Number":"","Street":"paul","Suffix":"ave","City":"","State":"","Zip":"02347","StreetName":"Paul Ave","Address":null,"StateName":null,"Zip4":null,"MAK":null,"AddressType":null,"RBDI":null,"Results":null,"NoSuffix":""},{"Number":"","Street":"pebblebrook","Suffix":"way","City":"","State":"","Zip":"02347","StreetName":"Pebblebrook Way","Address":null,"StateName":null,"Zip4":null,"MAK":null,"AddressType":null,"RBDI":null,"Results":null,"NoSuffix":""},{"Number":"","Street":"pheasant run","Suffix":"rd","City":"","State":"","Zip":"02347","StreetName":"Pheasant Run Rd","Address":null,"StateName":null,"Zip4":null,"MAK":null,"AddressType":null,"RBDI":null,"Results":null,"NoSuffix":""},{"Number":"","Street":"pickens","Suffix":"st","City":"","State":"","Zip":"02347","StreetName":"Pickens St","Address":null,"StateName":null,"Zip4":null,"MAK":null,"AddressType":null,"RBDI":null,"Results":null,"NoSuffix":""},{"Number":"","Street":"pierce","Suffix":"ave","City":"","State":"","Zip":"02347","StreetName":"Pierce Ave","Address":null,"StateName":null,"Zip4":null,"MAK":null,"AddressType":null,"RBDI":null,"Results":null,"NoSuffix":""},{"Number":"","Street":"pilgrim","Suffix":"rd","City":"","State":"","Zip":"02347","StreetName":"Pilgrim Rd","Address":null,"StateName":null,"Zip4":null,"MAK":null,"AddressType":null,"RBDI":null,"Results":null,"NoSuffix":""},{"Number":"","Street":"pine","Suffix":"blf","City":"","State":"","Zip":"02347","StreetName":"Pine Blf","Address":null,"StateName":null,"Zip4":null,"MAK":null,"AddressType":null,"RBDI":null,"Results":null,"NoSuffix":""},{"Number":"","Street":"pine haven","Suffix":"ln","City":"","State":"","Zip":"02347","StreetName":"Pine Haven Ln","Address":null,"StateName":null,"Zip4":null,"MAK":null,"AddressType":null,"RBDI":null,"Results":null,"NoSuffix":""},{"Number":"","Street":"pine ridge","Suffix":"dr","City":"","State":"","Zip":"02347","StreetName":"Pine Ridge Dr","Address":null,"StateName":null,"Zip4":null,"MAK":null,"AddressType":null,"RBDI":null,"Results":null,"NoSuffix":""},{"Number":"","Street":"pinecrest","Suffix":"dr","City":"","State":"","Zip":"02347","StreetName":"Pinecrest Dr","Address":null,"StateName":null,"Zip4":null,"MAK":null,"AddressType":null,"RBDI":null,"Results":null,"NoSuffix":""},{"Number":"","Street":"pleasant","Suffix":"st","City":"","State":"","Zip":"02347","StreetName":"Pleasant St","Address":null,"StateName":null,"Zip4":null,"MAK":null,"AddressType":null,"RBDI":null,"Results":null,"NoSuffix":""},{"Number":"","Street":"plymouth","Suffix":"st","City":"","State":"","Zip":"02347","StreetName":"Plymouth St","Address":null,"StateName":null,"Zip4":null,"MAK":null,"AddressType":null,"RBDI":null,"Results":null,"NoSuffix":""},{"Number":"","Street":"po box","Suffix":"","City":"","State":"","Zip":"02347","StreetName":"Po Box","Address":null,"StateName":null,"Zip4":null,"MAK":null,"AddressType":null,"RBDI":null,"Results":null,"NoSuffix":"t"},{"Number":"","Street":"pond","Suffix":"ln","City":"","State":"","Zip":"02347","StreetName":"Pond Ln","Address":null,"StateName":null,"Zip4":null,"MAK":null,"AddressType":null,"RBDI":null,"Results":null,"NoSuffix":""},{"Number":"","Street":"precinct","Suffix":"st","City":"","State":"","Zip":"02347","StreetName":"Precinct St","Address":null,"StateName":null,"Zip4":null,"MAK":null,"AddressType":null,"RBDI":null,"Results":null,"NoSuffix":""},{"Number":"","Street":"priscilla","Suffix":"dr","City":"","State":"","Zip":"02347","StreetName":"Priscilla Dr","Address":null,"StateName":null,"Zip4":null,"MAK":null,"AddressType":null,"RBDI":null,"Results":null,"NoSuffix":""},{"Number":"","Street":"putter","Suffix":"way","City":"","State":"","Zip":"02347","StreetName":"Putter Way","Address":null,"StateName":null,"Zip4":null,"MAK":null,"AddressType":null,"RBDI":null,"Results":null,"NoSuffix":""},{"Number":"","Street":"quail","Suffix":"run","City":"","State":"","Zip":"02347","StreetName":"Quail Run","Address":null,"StateName":null,"Zip4":null,"MAK":null,"AddressType":null,"RBDI":null,"Results":null,"NoSuffix":""},{"Number":"","Street":"quequechan","Suffix":"cir","City":"","State":"","Zip":"02347","StreetName":"Quequechan Cir","Address":null,"StateName":null,"Zip4":null,"MAK":null,"AddressType":null,"RBDI":null,"Results":null,"NoSuffix":""},{"Number":"","Street":"race course","Suffix":"rd","City":"","State":"","Zip":"02347","StreetName":"Race Course Rd","Address":null,"StateName":null,"Zip4":null,"MAK":null,"AddressType":null,"RBDI":null,"Results":null,"NoSuffix":""},{"Number":"","Street":"rachels","Suffix":"way","City":"","State":"","Zip":"02347","StreetName":"Rachels Way","Address":null,"StateName":null,"Zip4":null,"MAK":null,"AddressType":null,"RBDI":null,"Results":null,"NoSuffix":""},{"Number":"","Street":"reed farm","Suffix":"rd","City":"","State":"","Zip":"02347","StreetName":"Reed Farm Rd","Address":null,"StateName":null,"Zip4":null,"MAK":null,"AddressType":null,"RBDI":null,"Results":null,"NoSuffix":""},{"Number":"","Street":"reservoir","Suffix":"ave","City":"","State":"","Zip":"02347","StreetName":"Reservoir Ave","Address":null,"StateName":null,"Zip4":null,"MAK":null,"AddressType":null,"RBDI":null,"Results":null,"NoSuffix":""},{"Number":"","Street":"rhode island","Suffix":"rd","City":"","State":"","Zip":"02347","StreetName":"Rhode Island Rd","Address":null,"StateName":null,"Zip4":null,"MAK":null,"AddressType":null,"RBDI":null,"Results":null,"NoSuffix":""},{"Number":"","Street":"river","Suffix":"bnd","City":"","State":"","Zip":"02347","StreetName":"River Bnd","Address":null,"StateName":null,"Zip4":null,"MAK":null,"AddressType":null,"RBDI":null,"Results":null,"NoSuffix":""},{"Number":"","Street":"riverside","Suffix":"dr","City":"","State":"","Zip":"02347","StreetName":"Riverside Dr","Address":null,"StateName":null,"Zip4":null,"MAK":null,"AddressType":null,"RBDI":null,"Results":null,"NoSuffix":""},{"Number":"","Street":"robbins","Suffix":"ln","City":"","State":"","Zip":"02347","StreetName":"Robbins Ln","Address":null,"StateName":null,"Zip4":null,"MAK":null,"AddressType":null,"RBDI":null,"Results":null,"NoSuffix":""},{"Number":"","Street":"roberts","Suffix":"rd","City":"","State":"","Zip":"02347","StreetName":"Roberts Rd","Address":null,"StateName":null,"Zip4":null,"MAK":null,"AddressType":null,"RBDI":null,"Results":null,"NoSuffix":""},{"Number":"","Street":"rocky woods","Suffix":"rd","City":"","State":"","Zip":"02347","StreetName":"Rocky Woods Rd","Address":null,"StateName":null,"Zip4":null,"MAK":null,"AddressType":null,"RBDI":null,"Results":null,"NoSuffix":""},{"Number":"","Street":"rogers","Suffix":"way","City":"","State":"","Zip":"02347","StreetName":"Rogers Way","Address":null,"StateName":null,"Zip4":null,"MAK":null,"AddressType":null,"RBDI":null,"Results":null,"NoSuffix":""},{"Number":"","Street":"ron","Suffix":"cir","City":"","State":"","Zip":"02347","StreetName":"Ron Cir","Address":null,"StateName":null,"Zip4":null,"MAK":null,"AddressType":null,"RBDI":null,"Results":null,"NoSuffix":""},{"Number":"","Street":"ruby","Suffix":"dr","City":"","State":"","Zip":"02347","StreetName":"Ruby Dr","Address":null,"StateName":null,"Zip4":null,"MAK":null,"AddressType":null,"RBDI":null,"Results":null,"NoSuffix":""},{"Number":"","Street":"rush pond","Suffix":"rd","City":"","State":"","Zip":"02347","StreetName":"Rush Pond Rd","Address":null,"StateName":null,"Zip4":null,"MAK":null,"AddressType":null,"RBDI":null,"Results":null,"NoSuffix":""},{"Number":"","Street":"rustic","Suffix":"dr","City":"","State":"","Zip":"02347","StreetName":"Rustic Dr","Address":null,"StateName":null,"Zip4":null,"MAK":null,"AddressType":null,"RBDI":null,"Results":null,"NoSuffix":""},{"Number":"","Street":"ruths","Suffix":"way","City":"","State":"","Zip":"02347","StreetName":"Ruths Way","Address":null,"StateName":null,"Zip4":null,"MAK":null,"AddressType":null,"RBDI":null,"Results":null,"NoSuffix":""},{"Number":"","Street":"sammarc","Suffix":"way","City":"","State":"","Zip":"02347","StreetName":"Sammarc Way","Address":null,"StateName":null,"Zip4":null,"MAK":null,"AddressType":null,"RBDI":null,"Results":null,"NoSuffix":""},{"Number":"","Street":"sampsons","Suffix":"path","City":"","State":"","Zip":"02347","StreetName":"Sampsons Path","Address":null,"StateName":null,"Zip4":null,"MAK":null,"AddressType":null,"RBDI":null,"Results":null,"NoSuffix":""},{"Number":"","Street":"sand trap","Suffix":"ln","City":"","State":"","Zip":"02347","StreetName":"Sand Trap Ln","Address":null,"StateName":null,"Zip4":null,"MAK":null,"AddressType":null,"RBDI":null,"Results":null,"NoSuffix":""},{"Number":"","Street":"sandy","Suffix":"cir","City":"","State":"","Zip":"02347","StreetName":"Sandy Cir","Address":null,"StateName":null,"Zip4":null,"MAK":null,"AddressType":null,"RBDI":null,"Results":null,"NoSuffix":""},{"Number":"","Street":"sandy point","Suffix":"rd","City":"","State":"","Zip":"02347","StreetName":"Sandy Point Rd","Address":null,"StateName":null,"Zip4":null,"MAK":null,"AddressType":null,"RBDI":null,"Results":null,"NoSuffix":""},{"Number":"","Street":"sassamon","Suffix":"cir","City":"","State":"","Zip":"02347","StreetName":"Sassamon Cir","Address":null,"StateName":null,"Zip4":null,"MAK":null,"AddressType":null,"RBDI":null,"Results":null,"NoSuffix":""},{"Number":"","Street":"satucket","Suffix":"trl","City":"","State":"","Zip":"02347","StreetName":"Satucket Trl","Address":null,"StateName":null,"Zip4":null,"MAK":null,"AddressType":null,"RBDI":null,"Results":null,"NoSuffix":""},{"Number":"","Street":"school","Suffix":"st","City":"","State":"","Zip":"02347","StreetName":"School St","Address":null,"StateName":null,"Zip4":null,"MAK":null,"AddressType":null,"RBDI":null,"Results":null,"NoSuffix":""},{"Number":"","Street":"sears island","Suffix":"dr","City":"","State":"","Zip":"02347","StreetName":"Sears Island Dr","Address":null,"StateName":null,"Zip4":null,"MAK":null,"AddressType":null,"RBDI":null,"Results":null,"NoSuffix":""},{"Number":"","Street":"settlers","Suffix":"dr","City":"","State":"","Zip":"02347","StreetName":"Settlers Dr","Address":null,"StateName":null,"Zip4":null,"MAK":null,"AddressType":null,"RBDI":null,"Results":null,"NoSuffix":""},{"Number":"","Street":"shamrock","Suffix":"ln","City":"","State":"","Zip":"02347","StreetName":"Shamrock Ln","Address":null,"StateName":null,"Zip4":null,"MAK":null,"AddressType":null,"RBDI":null,"Results":null,"NoSuffix":""},{"Number":"","Street":"shaylee","Suffix":"ln","City":"","State":"","Zip":"02347","StreetName":"Shaylee Ln","Address":null,"StateName":null,"Zip4":null,"MAK":null,"AddressType":null,"RBDI":null,"Results":null,"NoSuffix":""},{"Number":"","Street":"sherwood","Suffix":"ln","City":"","State":"","Zip":"02347","StreetName":"Sherwood Ln","Address":null,"StateName":null,"Zip4":null,"MAK":null,"AddressType":null,"RBDI":null,"Results":null,"NoSuffix":""},{"Number":"","Street":"shockley","Suffix":"dr","City":"","State":"","Zip":"02347","StreetName":"Shockley Dr","Address":null,"StateName":null,"Zip4":null,"MAK":null,"AddressType":null,"RBDI":null,"Results":null,"NoSuffix":""},{"Number":"","Street":"shore","Suffix":"ave","City":"","State":"","Zip":"02347","StreetName":"Shore Ave","Address":null,"StateName":null,"Zip4":null,"MAK":null,"AddressType":null,"RBDI":null,"Results":null,"NoSuffix":""},{"Number":"","Street":"smith","Suffix":"cir","City":"","State":"","Zip":"02347","StreetName":"Smith Cir","Address":null,"StateName":null,"Zip4":null,"MAK":null,"AddressType":null,"RBDI":null,"Results":null,"NoSuffix":""},{"Number":"","Street":"somerset","Suffix":"ln","City":"","State":"","Zip":"02347","StreetName":"Somerset Ln","Address":null,"StateName":null,"Zip4":null,"MAK":null,"AddressType":null,"RBDI":null,"Results":null,"NoSuffix":""},{"Number":"","Street":"south","Suffix":"ave","City":"","State":"","Zip":"02347","StreetName":"South Ave","Address":null,"StateName":null,"Zip4":null,"MAK":null,"AddressType":null,"RBDI":null,"Results":null,"NoSuffix":""},{"Number":"","Street":"southworth","Suffix":"st","City":"","State":"","Zip":"02347","StreetName":"Southworth St","Address":null,"StateName":null,"Zip4":null,"MAK":null,"AddressType":null,"RBDI":null,"Results":null,"NoSuffix":""},{"Number":"","Street":"spencers","Suffix":"way","City":"","State":"","Zip":"02347","StreetName":"Spencers Way","Address":null,"StateName":null,"Zip4":null,"MAK":null,"AddressType":null,"RBDI":null,"Results":null,"NoSuffix":""},{"Number":"","Street":"spring brook","Suffix":"ln","City":"","State":"","Zip":"02347","StreetName":"Spring Brook Ln","Address":null,"StateName":null,"Zip4":null,"MAK":null,"AddressType":null,"RBDI":null,"Results":null,"NoSuffix":""},{"Number":"","Street":"spruce","Suffix":"rd","City":"","State":"","Zip":"02347","StreetName":"Spruce Rd","Address":null,"StateName":null,"Zip4":null,"MAK":null,"AddressType":null,"RBDI":null,"Results":null,"NoSuffix":""},{"Number":"","Street":"staples shore","Suffix":"rd","City":"","State":"","Zip":"02347","StreetName":"Staples Shore Rd","Address":null,"StateName":null,"Zip4":null,"MAK":null,"AddressType":null,"RBDI":null,"Results":null,"NoSuffix":""},{"Number":"","Street":"stephanie","Suffix":"ln","City":"","State":"","Zip":"02347","StreetName":"Stephanie Ln","Address":null,"StateName":null,"Zip4":null,"MAK":null,"AddressType":null,"RBDI":null,"Results":null,"NoSuffix":""},{"Number":"","Street":"sterling","Suffix":"ct","City":"","State":"","Zip":"02347","StreetName":"Sterling Ct","Address":null,"StateName":null,"Zip4":null,"MAK":null,"AddressType":null,"RBDI":null,"Results":null,"NoSuffix":""},{"Number":"","Street":"stetson","Suffix":"st","City":"","State":"","Zip":"02347","StreetName":"Stetson St","Address":null,"StateName":null,"Zip4":null,"MAK":null,"AddressType":null,"RBDI":null,"Results":null,"NoSuffix":""},{"Number":"","Street":"stonehedge","Suffix":"dr","City":"","State":"","Zip":"02347","StreetName":"Stonehedge Dr","Address":null,"StateName":null,"Zip4":null,"MAK":null,"AddressType":null,"RBDI":null,"Results":null,"NoSuffix":""},{"Number":"","Street":"summit","Suffix":"ave","City":"","State":"","Zip":"02347","StreetName":"Summit Ave","Address":null,"StateName":null,"Zip4":null,"MAK":null,"AddressType":null,"RBDI":null,"Results":null,"NoSuffix":""},{"Number":"","Street":"sunnyside","Suffix":"ln","City":"","State":"","Zip":"02347","StreetName":"Sunnyside Ln","Address":null,"StateName":null,"Zip4":null,"MAK":null,"AddressType":null,"RBDI":null,"Results":null,"NoSuffix":""},{"Number":"","Street":"sunset","Suffix":"dr","City":"","State":"","Zip":"02347","StreetName":"Sunset Dr","Address":null,"StateName":null,"Zip4":null,"MAK":null,"AddressType":null,"RBDI":null,"Results":null,"NoSuffix":""},{"Number":"","Street":"surrey","Suffix":"dr","City":"","State":"","Zip":"02347","StreetName":"Surrey Dr","Address":null,"StateName":null,"Zip4":null,"MAK":null,"AddressType":null,"RBDI":null,"Results":null,"NoSuffix":""},{"Number":"","Street":"susan","Suffix":"ln","City":"","State":"","Zip":"02347","StreetName":"Susan Ln","Address":null,"StateName":null,"Zip4":null,"MAK":null,"AddressType":null,"RBDI":null,"Results":null,"NoSuffix":""},{"Number":"","Street":"tamett brook","Suffix":"rd","City":"","State":"","Zip":"02347","StreetName":"Tamett Brook Rd","Address":null,"StateName":null,"Zip4":null,"MAK":null,"AddressType":null,"RBDI":null,"Results":null,"NoSuffix":""},{"Number":"","Street":"taunton","Suffix":"st","City":"","State":"","Zip":"02347","StreetName":"Taunton St","Address":null,"StateName":null,"Zip4":null,"MAK":null,"AddressType":null,"RBDI":null,"Results":null,"NoSuffix":""},{"Number":"","Street":"teesbury","Suffix":"ln","City":"","State":"","Zip":"02347","StreetName":"Teesbury Ln","Address":null,"StateName":null,"Zip4":null,"MAK":null,"AddressType":null,"RBDI":null,"Results":null,"NoSuffix":""},{"Number":"","Street":"tewalema","Suffix":"pl","City":"","State":"","Zip":"02347","StreetName":"Tewalema Pl","Address":null,"StateName":null,"Zip4":null,"MAK":null,"AddressType":null,"RBDI":null,"Results":null,"NoSuffix":""},{"Number":"","Street":"thomas","Suffix":"ln","City":"","State":"","Zip":"02347","StreetName":"Thomas Ln","Address":null,"StateName":null,"Zip4":null,"MAK":null,"AddressType":null,"RBDI":null,"Results":null,"NoSuffix":""},{"Number":"","Street":"timothy","Suffix":"rd","City":"","State":"","Zip":"02347","StreetName":"Timothy Rd","Address":null,"StateName":null,"Zip4":null,"MAK":null,"AddressType":null,"RBDI":null,"Results":null,"NoSuffix":""},{"Number":"","Street":"tinkham","Suffix":"ln","City":"","State":"","Zip":"02347","StreetName":"Tinkham Ln","Address":null,"StateName":null,"Zip4":null,"MAK":null,"AddressType":null,"RBDI":null,"Results":null,"NoSuffix":""},{"Number":"","Street":"trappers","Suffix":"path","City":"","State":"","Zip":"02347","StreetName":"Trappers Path","Address":null,"StateName":null,"Zip4":null,"MAK":null,"AddressType":null,"RBDI":null,"Results":null,"NoSuffix":""},{"Number":"","Street":"trinity","Suffix":"ln","City":"","State":"","Zip":"02347","StreetName":"Trinity Ln","Address":null,"StateName":null,"Zip4":null,"MAK":null,"AddressType":null,"RBDI":null,"Results":null,"NoSuffix":""},{"Number":"","Street":"twin oaks","Suffix":"rd","City":"","State":"","Zip":"02347","StreetName":"Twin Oaks Rd","Address":null,"StateName":null,"Zip4":null,"MAK":null,"AddressType":null,"RBDI":null,"Results":null,"NoSuffix":""},{"Number":"","Street":"tylers","Suffix":"way","City":"","State":"","Zip":"02347","StreetName":"Tylers Way","Address":null,"StateName":null,"Zip4":null,"MAK":null,"AddressType":null,"RBDI":null,"Results":null,"NoSuffix":""},{"Number":"","Street":"unicorn","Suffix":"ln","City":"","State":"","Zip":"02347","StreetName":"Unicorn Ln","Address":null,"StateName":null,"Zip4":null,"MAK":null,"AddressType":null,"RBDI":null,"Results":null,"NoSuffix":""},{"Number":"","Street":"valley","Suffix":"rd","City":"","State":"","Zip":"02347","StreetName":"Valley Rd","Address":null,"StateName":null,"Zip4":null,"MAK":null,"AddressType":null,"RBDI":null,"Results":null,"NoSuffix":""},{"Number":"","Street":"vaughan","Suffix":"st","City":"","State":"","Zip":"02347","StreetName":"Vaughan St","Address":null,"StateName":null,"Zip4":null,"MAK":null,"AddressType":null,"RBDI":null,"Results":null,"NoSuffix":""},{"Number":"","Street":"village","Suffix":"rd","City":"","State":"","Zip":"02347","StreetName":"Village Rd","Address":null,"StateName":null,"Zip4":null,"MAK":null,"AddressType":null,"RBDI":null,"Results":null,"NoSuffix":""},{"Number":"","Street":"viola","Suffix":"dr","City":"","State":"","Zip":"02347","StreetName":"Viola Dr","Address":null,"StateName":null,"Zip4":null,"MAK":null,"AddressType":null,"RBDI":null,"Results":null,"NoSuffix":""},{"Number":"","Street":"violet","Suffix":"st","City":"","State":"","Zip":"02347","StreetName":"Violet St","Address":null,"StateName":null,"Zip4":null,"MAK":null,"AddressType":null,"RBDI":null,"Results":null,"NoSuffix":""},{"Number":"","Street":"virginia","Suffix":"dr","City":"","State":"","Zip":"02347","StreetName":"Virginia Dr","Address":null,"StateName":null,"Zip4":null,"MAK":null,"AddressType":null,"RBDI":null,"Results":null,"NoSuffix":""},{"Number":"","Street":"wagon","Suffix":"trl","City":"","State":"","Zip":"02347","StreetName":"Wagon Trl","Address":null,"StateName":null,"Zip4":null,"MAK":null,"AddressType":null,"RBDI":null,"Results":null,"NoSuffix":""},{"Number":"","Street":"walnut","Suffix":"st","City":"","State":"","Zip":"02347","StreetName":"Walnut St","Address":null,"StateName":null,"Zip4":null,"MAK":null,"AddressType":null,"RBDI":null,"Results":null,"NoSuffix":""},{"Number":"","Street":"water","Suffix":"st","City":"","State":"","Zip":"02347","StreetName":"Water St","Address":null,"StateName":null,"Zip4":null,"MAK":null,"AddressType":null,"RBDI":null,"Results":null,"NoSuffix":""},{"Number":"","Street":"waterview","Suffix":"dr","City":"","State":"","Zip":"02347","StreetName":"Waterview Dr","Address":null,"StateName":null,"Zip4":null,"MAK":null,"AddressType":null,"RBDI":null,"Results":null,"NoSuffix":""},{"Number":"","Street":"wedge","Suffix":"dr","City":"","State":"","Zip":"02347","StreetName":"Wedge Dr","Address":null,"StateName":null,"Zip4":null,"MAK":null,"AddressType":null,"RBDI":null,"Results":null,"NoSuffix":""},{"Number":"","Street":"wesley","Suffix":"cir","City":"","State":"","Zip":"02347","StreetName":"Wesley Cir","Address":null,"StateName":null,"Zip4":null,"MAK":null,"AddressType":null,"RBDI":null,"Results":null,"NoSuffix":""},{"Number":"","Street":"wildwood","Suffix":"rd","City":"","State":"","Zip":"02347","StreetName":"Wildwood Rd","Address":null,"StateName":null,"Zip4":null,"MAK":null,"AddressType":null,"RBDI":null,"Results":null,"NoSuffix":""},{"Number":"","Street":"wils","Suffix":"way","City":"","State":"","Zip":"02347","StreetName":"Wils Way","Address":null,"StateName":null,"Zip4":null,"MAK":null,"AddressType":null,"RBDI":null,"Results":null,"NoSuffix":""},{"Number":"","Street":"wind rush","Suffix":"holw","City":"","State":"","Zip":"02347","StreetName":"Wind Rush Holw","Address":null,"StateName":null,"Zip4":null,"MAK":null,"AddressType":null,"RBDI":null,"Results":null,"NoSuffix":""},{"Number":"","Street":"wisteria","Suffix":"st","City":"","State":"","Zip":"02347","StreetName":"Wisteria St","Address":null,"StateName":null,"Zip4":null,"MAK":null,"AddressType":null,"RBDI":null,"Results":null,"NoSuffix":""},{"Number":"","Street":"woodland","Suffix":"dr","City":"","State":"","Zip":"02347","StreetName":"Woodland Dr","Address":null,"StateName":null,"Zip4":null,"MAK":null,"AddressType":null,"RBDI":null,"Results":null,"NoSuffix":""},{"Number":"","Street":"woodland ridge","Suffix":"dr","City":"","State":"","Zip":"02347","StreetName":"Woodland Ridge Dr","Address":null,"StateName":null,"Zip4":null,"MAK":null,"AddressType":null,"RBDI":null,"Results":null,"NoSuffix":""},{"Number":"","Street":"woods edge","Suffix":"rd","City":"","State":"","Zip":"02347","StreetName":"Woods Edge Rd","Address":null,"StateName":null,"Zip4":null,"MAK":null,"AddressType":null,"RBDI":null,"Results":null,"NoSuffix":""},{"Number":"","Street":"woodview","Suffix":"dr","City":"","State":"","Zip":"02347","StreetName":"Woodview Dr","Address":null,"StateName":null,"Zip4":null,"MAK":null,"AddressType":null,"RBDI":null,"Results":null,"NoSuffix":""},{"Number":"","Street":"wordell","Suffix":"ln","City":"","State":"","Zip":"02347","StreetName":"Wordell Ln","Address":null,"StateName":null,"Zip4":null,"MAK":null,"AddressType":null,"RBDI":null,"Results":null,"NoSuffix":""},{"Number":"","Street":"wright","Suffix":"blvd","City":"","State":"","Zip":"02347","StreetName":"Wright Blvd","Address":null,"StateName":null,"Zip4":null,"MAK":null,"AddressType":null,"RBDI":null,"Results":null,"NoSuffix":""},{"Number":"","Street":"wyndham","Suffix":"rd","City":"","State":"","Zip":"02347","StreetName":"Wyndham Rd","Address":null,"StateName":null,"Zip4":null,"MAK":null,"AddressType":null,"RBDI":null,"Results":null,"NoSuffix":""},{"Number":"","Street":"wynn","Suffix":"way","City":"","State":"","Zip":"02347","StreetName":"Wynn Way","Address":null,"StateName":null,"Zip4":null,"MAK":null,"AddressType":null,"RBDI":null,"Results":null,"NoSuffix":""},{"Number":"","Street":"yellow brick","Suffix":"rd","City":"","State":"","Zip":"02347","StreetName":"Yellow Brick Rd","Address":null,"StateName":null,"Zip4":null,"MAK":null,"AddressType":null,"RBDI":null,"Results":null,"NoSuffix":""}]