[{"Number":"","Street":"alden","Suffix":"st","City":"","State":"","Zip":"02657","StreetName":"Alden St","Address":null,"StateName":null,"Zip4":null,"MAK":null,"AddressType":null,"RBDI":null,"Results":null,"NoSuffix":""},{"Number":"","Street":"allerton","Suffix":"st","City":"","State":"","Zip":"02657","StreetName":"Allerton St","Address":null,"StateName":null,"Zip4":null,"MAK":null,"AddressType":null,"RBDI":null,"Results":null,"NoSuffix":""},{"Number":"","Street":"anthony","Suffix":"st","City":"","State":"","Zip":"02657","StreetName":"Anthony St","Address":null,"StateName":null,"Zip4":null,"MAK":null,"AddressType":null,"RBDI":null,"Results":null,"NoSuffix":""},{"Number":"","Street":"arch","Suffix":"st","City":"","State":"","Zip":"02657","StreetName":"Arch St","Address":null,"StateName":null,"Zip4":null,"MAK":null,"AddressType":null,"RBDI":null,"Results":null,"NoSuffix":""},{"Number":"","Street":"atkins","Suffix":"ln","City":"","State":"","Zip":"02657","StreetName":"Atkins Ln","Address":null,"StateName":null,"Zip4":null,"MAK":null,"AddressType":null,"RBDI":null,"Results":null,"NoSuffix":""},{"Number":"","Street":"atkins mayo","Suffix":"rd","City":"","State":"","Zip":"02657","StreetName":"Atkins Mayo Rd","Address":null,"StateName":null,"Zip4":null,"MAK":null,"AddressType":null,"RBDI":null,"Results":null,"NoSuffix":""},{"Number":"","Street":"atlantic","Suffix":"ave","City":"","State":"","Zip":"02657","StreetName":"Atlantic Ave","Address":null,"StateName":null,"Zip4":null,"MAK":null,"AddressType":null,"RBDI":null,"Results":null,"NoSuffix":""},{"Number":"","Street":"atwood","Suffix":"ave","City":"","State":"","Zip":"02657","StreetName":"Atwood Ave","Address":null,"StateName":null,"Zip4":null,"MAK":null,"AddressType":null,"RBDI":null,"Results":null,"NoSuffix":""},{"Number":"","Street":"aunt sukeys","Suffix":"way","City":"","State":"","Zip":"02657","StreetName":"Aunt Sukeys Way","Address":null,"StateName":null,"Zip4":null,"MAK":null,"AddressType":null,"RBDI":null,"Results":null,"NoSuffix":""},{"Number":"","Street":"baker","Suffix":"ave","City":"","State":"","Zip":"02657","StreetName":"Baker Ave","Address":null,"StateName":null,"Zip4":null,"MAK":null,"AddressType":null,"RBDI":null,"Results":null,"NoSuffix":""},{"Number":"","Street":"bangs","Suffix":"st","City":"","State":"","Zip":"02657","StreetName":"Bangs St","Address":null,"StateName":null,"Zip4":null,"MAK":null,"AddressType":null,"RBDI":null,"Results":null,"NoSuffix":""},{"Number":"","Street":"bayberry","Suffix":"ave","City":"","State":"","Zip":"02657","StreetName":"Bayberry Ave","Address":null,"StateName":null,"Zip4":null,"MAK":null,"AddressType":null,"RBDI":null,"Results":null,"NoSuffix":""},{"Number":"","Street":"bayview","Suffix":"ave","City":"","State":"","Zip":"02657","StreetName":"Bayview Ave","Address":null,"StateName":null,"Zip4":null,"MAK":null,"AddressType":null,"RBDI":null,"Results":null,"NoSuffix":""},{"Number":"","Street":"berry","Suffix":"ln","City":"","State":"","Zip":"02657","StreetName":"Berry Ln","Address":null,"StateName":null,"Zip4":null,"MAK":null,"AddressType":null,"RBDI":null,"Results":null,"NoSuffix":""},{"Number":"","Street":"blueberry","Suffix":"rd","City":"","State":"","Zip":"02657","StreetName":"Blueberry Rd","Address":null,"StateName":null,"Zip4":null,"MAK":null,"AddressType":null,"RBDI":null,"Results":null,"NoSuffix":""},{"Number":"","Street":"bradford","Suffix":"st","City":"","State":"","Zip":"02657","StreetName":"Bradford St","Address":null,"StateName":null,"Zip4":null,"MAK":null,"AddressType":null,"RBDI":null,"Results":null,"NoSuffix":""},{"Number":"","Street":"bradford acres","Suffix":"rd","City":"","State":"","Zip":"02657","StreetName":"Bradford Acres Rd","Address":null,"StateName":null,"Zip4":null,"MAK":null,"AddressType":null,"RBDI":null,"Results":null,"NoSuffix":""},{"Number":"","Street":"bradford street","Suffix":"ext","City":"","State":"","Zip":"02657","StreetName":"Bradford Street Ext","Address":null,"StateName":null,"Zip4":null,"MAK":null,"AddressType":null,"RBDI":null,"Results":null,"NoSuffix":""},{"Number":"","Street":"brewster","Suffix":"st","City":"","State":"","Zip":"02657","StreetName":"Brewster St","Address":null,"StateName":null,"Zip4":null,"MAK":null,"AddressType":null,"RBDI":null,"Results":null,"NoSuffix":""},{"Number":"","Street":"brown","Suffix":"st","City":"","State":"","Zip":"02657","StreetName":"Brown St","Address":null,"StateName":null,"Zip4":null,"MAK":null,"AddressType":null,"RBDI":null,"Results":null,"NoSuffix":""},{"Number":"","Street":"captain berties","Suffix":"way","City":"","State":"","Zip":"02657","StreetName":"Captain Berties Way","Address":null,"StateName":null,"Zip4":null,"MAK":null,"AddressType":null,"RBDI":null,"Results":null,"NoSuffix":""},{"Number":"","Street":"carnes","Suffix":"ln","City":"","State":"","Zip":"02657","StreetName":"Carnes Ln","Address":null,"StateName":null,"Zip4":null,"MAK":null,"AddressType":null,"RBDI":null,"Results":null,"NoSuffix":""},{"Number":"","Street":"carver","Suffix":"ct","City":"","State":"","Zip":"02657","StreetName":"Carver Ct","Address":null,"StateName":null,"Zip4":null,"MAK":null,"AddressType":null,"RBDI":null,"Results":null,"NoSuffix":""},{"Number":"","Street":"carver","Suffix":"st","City":"","State":"","Zip":"02657","StreetName":"Carver St","Address":null,"StateName":null,"Zip4":null,"MAK":null,"AddressType":null,"RBDI":null,"Results":null,"NoSuffix":""},{"Number":"","Street":"cemetary","Suffix":"rd","City":"","State":"","Zip":"02657","StreetName":"Cemetary Rd","Address":null,"StateName":null,"Zip4":null,"MAK":null,"AddressType":null,"RBDI":null,"Results":null,"NoSuffix":""},{"Number":"","Street":"center","Suffix":"st","City":"","State":"","Zip":"02657","StreetName":"Center St","Address":null,"StateName":null,"Zip4":null,"MAK":null,"AddressType":null,"RBDI":null,"Results":null,"NoSuffix":""},{"Number":"","Street":"central","Suffix":"st","City":"","State":"","Zip":"02657","StreetName":"Central St","Address":null,"StateName":null,"Zip4":null,"MAK":null,"AddressType":null,"RBDI":null,"Results":null,"NoSuffix":""},{"Number":"","Street":"commercial","Suffix":"st","City":"","State":"","Zip":"02657","StreetName":"Commercial St","Address":null,"StateName":null,"Zip4":null,"MAK":null,"AddressType":null,"RBDI":null,"Results":null,"NoSuffix":""},{"Number":"","Street":"commodore","Suffix":"ave","City":"","State":"","Zip":"02657","StreetName":"Commodore Ave","Address":null,"StateName":null,"Zip4":null,"MAK":null,"AddressType":null,"RBDI":null,"Results":null,"NoSuffix":""},{"Number":"","Street":"conant","Suffix":"st","City":"","State":"","Zip":"02657","StreetName":"Conant St","Address":null,"StateName":null,"Zip4":null,"MAK":null,"AddressType":null,"RBDI":null,"Results":null,"NoSuffix":""},{"Number":"","Street":"conway","Suffix":"st","City":"","State":"","Zip":"02657","StreetName":"Conway St","Address":null,"StateName":null,"Zip4":null,"MAK":null,"AddressType":null,"RBDI":null,"Results":null,"NoSuffix":""},{"Number":"","Street":"conwell","Suffix":"st","City":"","State":"","Zip":"02657","StreetName":"Conwell St","Address":null,"StateName":null,"Zip4":null,"MAK":null,"AddressType":null,"RBDI":null,"Results":null,"NoSuffix":""},{"Number":"","Street":"cook","Suffix":"st","City":"","State":"","Zip":"02657","StreetName":"Cook St","Address":null,"StateName":null,"Zip4":null,"MAK":null,"AddressType":null,"RBDI":null,"Results":null,"NoSuffix":""},{"Number":"","Street":"cottage","Suffix":"st","City":"","State":"","Zip":"02657","StreetName":"Cottage St","Address":null,"StateName":null,"Zip4":null,"MAK":null,"AddressType":null,"RBDI":null,"Results":null,"NoSuffix":""},{"Number":"","Street":"court","Suffix":"st","City":"","State":"","Zip":"02657","StreetName":"Court St","Address":null,"StateName":null,"Zip4":null,"MAK":null,"AddressType":null,"RBDI":null,"Results":null,"NoSuffix":""},{"Number":"","Street":"creek","Suffix":"rd","City":"","State":"","Zip":"02657","StreetName":"Creek Rd","Address":null,"StateName":null,"Zip4":null,"MAK":null,"AddressType":null,"RBDI":null,"Results":null,"NoSuffix":""},{"Number":"","Street":"creek round hill","Suffix":"rd","City":"","State":"","Zip":"02657","StreetName":"Creek Round Hill Rd","Address":null,"StateName":null,"Zip4":null,"MAK":null,"AddressType":null,"RBDI":null,"Results":null,"NoSuffix":""},{"Number":"","Street":"cudworth","Suffix":"st","City":"","State":"","Zip":"02657","StreetName":"Cudworth St","Address":null,"StateName":null,"Zip4":null,"MAK":null,"AddressType":null,"RBDI":null,"Results":null,"NoSuffix":""},{"Number":"","Street":"daggett","Suffix":"ln","City":"","State":"","Zip":"02657","StreetName":"Daggett Ln","Address":null,"StateName":null,"Zip4":null,"MAK":null,"AddressType":null,"RBDI":null,"Results":null,"NoSuffix":""},{"Number":"","Street":"dewey","Suffix":"ave","City":"","State":"","Zip":"02657","StreetName":"Dewey Ave","Address":null,"StateName":null,"Zip4":null,"MAK":null,"AddressType":null,"RBDI":null,"Results":null,"NoSuffix":""},{"Number":"","Street":"duncan","Suffix":"ln","City":"","State":"","Zip":"02657","StreetName":"Duncan Ln","Address":null,"StateName":null,"Zip4":null,"MAK":null,"AddressType":null,"RBDI":null,"Results":null,"NoSuffix":""},{"Number":"","Street":"dyer","Suffix":"st","City":"","State":"","Zip":"02657","StreetName":"Dyer St","Address":null,"StateName":null,"Zip4":null,"MAK":null,"AddressType":null,"RBDI":null,"Results":null,"NoSuffix":""},{"Number":"","Street":"fishburn","Suffix":"ct","City":"","State":"","Zip":"02657","StreetName":"Fishburn Ct","Address":null,"StateName":null,"Zip4":null,"MAK":null,"AddressType":null,"RBDI":null,"Results":null,"NoSuffix":""},{"Number":"","Street":"fortuna","Suffix":"rd","City":"","State":"","Zip":"02657","StreetName":"Fortuna Rd","Address":null,"StateName":null,"Zip4":null,"MAK":null,"AddressType":null,"RBDI":null,"Results":null,"NoSuffix":""},{"Number":"","Street":"franklin","Suffix":"st","City":"","State":"","Zip":"02657","StreetName":"Franklin St","Address":null,"StateName":null,"Zip4":null,"MAK":null,"AddressType":null,"RBDI":null,"Results":null,"NoSuffix":""},{"Number":"","Street":"freeman","Suffix":"st","City":"","State":"","Zip":"02657","StreetName":"Freeman St","Address":null,"StateName":null,"Zip4":null,"MAK":null,"AddressType":null,"RBDI":null,"Results":null,"NoSuffix":""},{"Number":"","Street":"fritzs","Suffix":"way","City":"","State":"","Zip":"02657","StreetName":"Fritzs Way","Address":null,"StateName":null,"Zip4":null,"MAK":null,"AddressType":null,"RBDI":null,"Results":null,"NoSuffix":""},{"Number":"","Street":"garfield","Suffix":"ave","City":"","State":"","Zip":"02657","StreetName":"Garfield Ave","Address":null,"StateName":null,"Zip4":null,"MAK":null,"AddressType":null,"RBDI":null,"Results":null,"NoSuffix":""},{"Number":"","Street":"georges","Suffix":"path","City":"","State":"","Zip":"02657","StreetName":"Georges Path","Address":null,"StateName":null,"Zip4":null,"MAK":null,"AddressType":null,"RBDI":null,"Results":null,"NoSuffix":""},{"Number":"","Street":"good templar","Suffix":"pl","City":"","State":"","Zip":"02657","StreetName":"Good Templar Pl","Address":null,"StateName":null,"Zip4":null,"MAK":null,"AddressType":null,"RBDI":null,"Results":null,"NoSuffix":""},{"Number":"","Street":"gosnold","Suffix":"st","City":"","State":"","Zip":"02657","StreetName":"Gosnold St","Address":null,"StateName":null,"Zip4":null,"MAK":null,"AddressType":null,"RBDI":null,"Results":null,"NoSuffix":""},{"Number":"","Street":"hancock","Suffix":"st","City":"","State":"","Zip":"02657","StreetName":"Hancock St","Address":null,"StateName":null,"Zip4":null,"MAK":null,"AddressType":null,"RBDI":null,"Results":null,"NoSuffix":""},{"Number":"","Street":"harbor hill","Suffix":"rd","City":"","State":"","Zip":"02657","StreetName":"Harbor Hill Rd","Address":null,"StateName":null,"Zip4":null,"MAK":null,"AddressType":null,"RBDI":null,"Results":null,"NoSuffix":""},{"Number":"","Street":"harbour","Suffix":"dr","City":"","State":"","Zip":"02657","StreetName":"Harbour Dr","Address":null,"StateName":null,"Zip4":null,"MAK":null,"AddressType":null,"RBDI":null,"Results":null,"NoSuffix":""},{"Number":"","Street":"harry kemp","Suffix":"way","City":"","State":"","Zip":"02657","StreetName":"Harry Kemp Way","Address":null,"StateName":null,"Zip4":null,"MAK":null,"AddressType":null,"RBDI":null,"Results":null,"NoSuffix":""},{"Number":"","Street":"heathers","Suffix":"way","City":"","State":"","Zip":"02657","StreetName":"Heathers Way","Address":null,"StateName":null,"Zip4":null,"MAK":null,"AddressType":null,"RBDI":null,"Results":null,"NoSuffix":""},{"Number":"","Street":"hensche","Suffix":"ln","City":"","State":"","Zip":"02657","StreetName":"Hensche Ln","Address":null,"StateName":null,"Zip4":null,"MAK":null,"AddressType":null,"RBDI":null,"Results":null,"NoSuffix":""},{"Number":"","Street":"high pole hill","Suffix":"rd","City":"","State":"","Zip":"02657","StreetName":"High Pole Hill Rd","Address":null,"StateName":null,"Zip4":null,"MAK":null,"AddressType":null,"RBDI":null,"Results":null,"NoSuffix":""},{"Number":"","Street":"hobson","Suffix":"ave","City":"","State":"","Zip":"02657","StreetName":"Hobson Ave","Address":null,"StateName":null,"Zip4":null,"MAK":null,"AddressType":null,"RBDI":null,"Results":null,"NoSuffix":""},{"Number":"","Street":"holway","Suffix":"ave","City":"","State":"","Zip":"02657","StreetName":"Holway Ave","Address":null,"StateName":null,"Zip4":null,"MAK":null,"AddressType":null,"RBDI":null,"Results":null,"NoSuffix":""},{"Number":"","Street":"howland","Suffix":"st","City":"","State":"","Zip":"02657","StreetName":"Howland St","Address":null,"StateName":null,"Zip4":null,"MAK":null,"AddressType":null,"RBDI":null,"Results":null,"NoSuffix":""},{"Number":"","Street":"ice house","Suffix":"rd","City":"","State":"","Zip":"02657","StreetName":"Ice House Rd","Address":null,"StateName":null,"Zip4":null,"MAK":null,"AddressType":null,"RBDI":null,"Results":null,"NoSuffix":""},{"Number":"","Street":"jerome smith","Suffix":"rd","City":"","State":"","Zip":"02657","StreetName":"Jerome Smith Rd","Address":null,"StateName":null,"Zip4":null,"MAK":null,"AddressType":null,"RBDI":null,"Results":null,"NoSuffix":""},{"Number":"","Street":"johnson","Suffix":"st","City":"","State":"","Zip":"02657","StreetName":"Johnson St","Address":null,"StateName":null,"Zip4":null,"MAK":null,"AddressType":null,"RBDI":null,"Results":null,"NoSuffix":""},{"Number":"","Street":"kendall","Suffix":"ln","City":"","State":"","Zip":"02657","StreetName":"Kendall Ln","Address":null,"StateName":null,"Zip4":null,"MAK":null,"AddressType":null,"RBDI":null,"Results":null,"NoSuffix":""},{"Number":"","Street":"kiley","Suffix":"ct","City":"","State":"","Zip":"02657","StreetName":"Kiley Ct","Address":null,"StateName":null,"Zip4":null,"MAK":null,"AddressType":null,"RBDI":null,"Results":null,"NoSuffix":""},{"Number":"","Street":"kimberlys","Suffix":"ln","City":"","State":"","Zip":"02657","StreetName":"Kimberlys Ln","Address":null,"StateName":null,"Zip4":null,"MAK":null,"AddressType":null,"RBDI":null,"Results":null,"NoSuffix":""},{"Number":"","Street":"kings","Suffix":"way","City":"","State":"","Zip":"02657","StreetName":"Kings Way","Address":null,"StateName":null,"Zip4":null,"MAK":null,"AddressType":null,"RBDI":null,"Results":null,"NoSuffix":""},{"Number":"","Street":"law","Suffix":"st","City":"","State":"","Zip":"02657","StreetName":"Law St","Address":null,"StateName":null,"Zip4":null,"MAK":null,"AddressType":null,"RBDI":null,"Results":null,"NoSuffix":""},{"Number":"","Street":"lovetts","Suffix":"ct","City":"","State":"","Zip":"02657","StreetName":"Lovetts Ct","Address":null,"StateName":null,"Zip4":null,"MAK":null,"AddressType":null,"RBDI":null,"Results":null,"NoSuffix":""},{"Number":"","Street":"macmillan wharf","Suffix":"","City":"","State":"","Zip":"02657","StreetName":"Macmillan Wharf","Address":null,"StateName":null,"Zip4":null,"MAK":null,"AddressType":null,"RBDI":null,"Results":null,"NoSuffix":"t"},{"Number":"","Street":"maple","Suffix":"ct","City":"","State":"","Zip":"02657","StreetName":"Maple Ct","Address":null,"StateName":null,"Zip4":null,"MAK":null,"AddressType":null,"RBDI":null,"Results":null,"NoSuffix":""},{"Number":"","Street":"masonic","Suffix":"pl","City":"","State":"","Zip":"02657","StreetName":"Masonic Pl","Address":null,"StateName":null,"Zip4":null,"MAK":null,"AddressType":null,"RBDI":null,"Results":null,"NoSuffix":""},{"Number":"","Street":"mayflower","Suffix":"ave","City":"","State":"","Zip":"02657","StreetName":"Mayflower Ave","Address":null,"StateName":null,"Zip4":null,"MAK":null,"AddressType":null,"RBDI":null,"Results":null,"NoSuffix":""},{"Number":"","Street":"mayflower","Suffix":"ln","City":"","State":"","Zip":"02657","StreetName":"Mayflower Ln","Address":null,"StateName":null,"Zip4":null,"MAK":null,"AddressType":null,"RBDI":null,"Results":null,"NoSuffix":""},{"Number":"","Street":"meadow","Suffix":"rd","City":"","State":"","Zip":"02657","StreetName":"Meadow Rd","Address":null,"StateName":null,"Zip4":null,"MAK":null,"AddressType":null,"RBDI":null,"Results":null,"NoSuffix":""},{"Number":"","Street":"mechanic","Suffix":"st","City":"","State":"","Zip":"02657","StreetName":"Mechanic St","Address":null,"StateName":null,"Zip4":null,"MAK":null,"AddressType":null,"RBDI":null,"Results":null,"NoSuffix":""},{"Number":"","Street":"mermaid","Suffix":"ave","City":"","State":"","Zip":"02657","StreetName":"Mermaid Ave","Address":null,"StateName":null,"Zip4":null,"MAK":null,"AddressType":null,"RBDI":null,"Results":null,"NoSuffix":""},{"Number":"","Street":"miller hill","Suffix":"rd","City":"","State":"","Zip":"02657","StreetName":"Miller Hill Rd","Address":null,"StateName":null,"Zip4":null,"MAK":null,"AddressType":null,"RBDI":null,"Results":null,"NoSuffix":""},{"Number":"","Street":"montello","Suffix":"st","City":"","State":"","Zip":"02657","StreetName":"Montello St","Address":null,"StateName":null,"Zip4":null,"MAK":null,"AddressType":null,"RBDI":null,"Results":null,"NoSuffix":""},{"Number":"","Street":"mount gilboa","Suffix":"rd","City":"","State":"","Zip":"02657","StreetName":"Mount Gilboa Rd","Address":null,"StateName":null,"Zip4":null,"MAK":null,"AddressType":null,"RBDI":null,"Results":null,"NoSuffix":""},{"Number":"","Street":"mozart","Suffix":"ave","City":"","State":"","Zip":"02657","StreetName":"Mozart Ave","Address":null,"StateName":null,"Zip4":null,"MAK":null,"AddressType":null,"RBDI":null,"Results":null,"NoSuffix":""},{"Number":"","Street":"nelson","Suffix":"ave","City":"","State":"","Zip":"02657","StreetName":"Nelson Ave","Address":null,"StateName":null,"Zip4":null,"MAK":null,"AddressType":null,"RBDI":null,"Results":null,"NoSuffix":""},{"Number":"","Street":"nickerson","Suffix":"st","City":"","State":"","Zip":"02657","StreetName":"Nickerson St","Address":null,"StateName":null,"Zip4":null,"MAK":null,"AddressType":null,"RBDI":null,"Results":null,"NoSuffix":""},{"Number":"","Street":"oak","Suffix":"dr","City":"","State":"","Zip":"02657","StreetName":"Oak Dr","Address":null,"StateName":null,"Zip4":null,"MAK":null,"AddressType":null,"RBDI":null,"Results":null,"NoSuffix":""},{"Number":"","Street":"off cemetery","Suffix":"rd","City":"","State":"","Zip":"02657","StreetName":"Off Cemetery Rd","Address":null,"StateName":null,"Zip4":null,"MAK":null,"AddressType":null,"RBDI":null,"Results":null,"NoSuffix":""},{"Number":"","Street":"off conwell","Suffix":"st","City":"","State":"","Zip":"02657","StreetName":"Off Conwell St","Address":null,"StateName":null,"Zip4":null,"MAK":null,"AddressType":null,"RBDI":null,"Results":null,"NoSuffix":""},{"Number":"","Street":"old ann page","Suffix":"way","City":"","State":"","Zip":"02657","StreetName":"Old Ann Page Way","Address":null,"StateName":null,"Zip4":null,"MAK":null,"AddressType":null,"RBDI":null,"Results":null,"NoSuffix":""},{"Number":"","Street":"old colony","Suffix":"way","City":"","State":"","Zip":"02657","StreetName":"Old Colony Way","Address":null,"StateName":null,"Zip4":null,"MAK":null,"AddressType":null,"RBDI":null,"Results":null,"NoSuffix":""},{"Number":"","Street":"oppen","Suffix":"ln","City":"","State":"","Zip":"02657","StreetName":"Oppen Ln","Address":null,"StateName":null,"Zip4":null,"MAK":null,"AddressType":null,"RBDI":null,"Results":null,"NoSuffix":""},{"Number":"","Street":"pearl","Suffix":"st","City":"","State":"","Zip":"02657","StreetName":"Pearl St","Address":null,"StateName":null,"Zip4":null,"MAK":null,"AddressType":null,"RBDI":null,"Results":null,"NoSuffix":""},{"Number":"","Street":"pilgrim heights","Suffix":"rd","City":"","State":"","Zip":"02657","StreetName":"Pilgrim Heights Rd","Address":null,"StateName":null,"Zip4":null,"MAK":null,"AddressType":null,"RBDI":null,"Results":null,"NoSuffix":""},{"Number":"","Street":"pilgrims","Suffix":"lndg","City":"","State":"","Zip":"02657","StreetName":"Pilgrims Lndg","Address":null,"StateName":null,"Zip4":null,"MAK":null,"AddressType":null,"RBDI":null,"Results":null,"NoSuffix":""},{"Number":"","Street":"pleasant","Suffix":"st","City":"","State":"","Zip":"02657","StreetName":"Pleasant St","Address":null,"StateName":null,"Zip4":null,"MAK":null,"AddressType":null,"RBDI":null,"Results":null,"NoSuffix":""},{"Number":"","Street":"po box","Suffix":"","City":"","State":"","Zip":"02657","StreetName":"Po Box","Address":null,"StateName":null,"Zip4":null,"MAK":null,"AddressType":null,"RBDI":null,"Results":null,"NoSuffix":"t"},{"Number":"","Street":"point","Suffix":"st","City":"","State":"","Zip":"02657","StreetName":"Point St","Address":null,"StateName":null,"Zip4":null,"MAK":null,"AddressType":null,"RBDI":null,"Results":null,"NoSuffix":""},{"Number":"","Street":"prince","Suffix":"st","City":"","State":"","Zip":"02657","StreetName":"Prince St","Address":null,"StateName":null,"Zip4":null,"MAK":null,"AddressType":null,"RBDI":null,"Results":null,"NoSuffix":""},{"Number":"","Street":"priscilla alden","Suffix":"rd","City":"","State":"","Zip":"02657","StreetName":"Priscilla Alden Rd","Address":null,"StateName":null,"Zip4":null,"MAK":null,"AddressType":null,"RBDI":null,"Results":null,"NoSuffix":""},{"Number":"","Street":"province","Suffix":"rd","City":"","State":"","Zip":"02657","StreetName":"Province Rd","Address":null,"StateName":null,"Zip4":null,"MAK":null,"AddressType":null,"RBDI":null,"Results":null,"NoSuffix":""},{"Number":"","Street":"province lands","Suffix":"rd","City":"","State":"","Zip":"02657","StreetName":"Province Lands Rd","Address":null,"StateName":null,"Zip4":null,"MAK":null,"AddressType":null,"RBDI":null,"Results":null,"NoSuffix":""},{"Number":"","Street":"race","Suffix":"rd","City":"","State":"","Zip":"02657","StreetName":"Race Rd","Address":null,"StateName":null,"Zip4":null,"MAK":null,"AddressType":null,"RBDI":null,"Results":null,"NoSuffix":""},{"Number":"","Street":"race point","Suffix":"rd","City":"","State":"","Zip":"02657","StreetName":"Race Point Rd","Address":null,"StateName":null,"Zip4":null,"MAK":null,"AddressType":null,"RBDI":null,"Results":null,"NoSuffix":""},{"Number":"","Street":"railroad","Suffix":"ave","City":"","State":"","Zip":"02657","StreetName":"Railroad Ave","Address":null,"StateName":null,"Zip4":null,"MAK":null,"AddressType":null,"RBDI":null,"Results":null,"NoSuffix":""},{"Number":"","Street":"route","Suffix":"","City":"","State":"","Zip":"02657","StreetName":"Route","Address":null,"StateName":null,"Zip4":null,"MAK":null,"AddressType":null,"RBDI":null,"Results":null,"NoSuffix":"t"},{"Number":"","Street":"route 6","Suffix":"","City":"","State":"","Zip":"02657","StreetName":"Route 6","Address":null,"StateName":null,"Zip4":null,"MAK":null,"AddressType":null,"RBDI":null,"Results":null,"NoSuffix":"t"},{"Number":"","Street":"ryder","Suffix":"st","City":"","State":"","Zip":"02657","StreetName":"Ryder St","Address":null,"StateName":null,"Zip4":null,"MAK":null,"AddressType":null,"RBDI":null,"Results":null,"NoSuffix":""},{"Number":"","Street":"ryder street","Suffix":"ext","City":"","State":"","Zip":"02657","StreetName":"Ryder Street Ext","Address":null,"StateName":null,"Zip4":null,"MAK":null,"AddressType":null,"RBDI":null,"Results":null,"NoSuffix":""},{"Number":"","Street":"sandy hill","Suffix":"ln","City":"","State":"","Zip":"02657","StreetName":"Sandy Hill Ln","Address":null,"StateName":null,"Zip4":null,"MAK":null,"AddressType":null,"RBDI":null,"Results":null,"NoSuffix":""},{"Number":"","Street":"school","Suffix":"st","City":"","State":"","Zip":"02657","StreetName":"School St","Address":null,"StateName":null,"Zip4":null,"MAK":null,"AddressType":null,"RBDI":null,"Results":null,"NoSuffix":""},{"Number":"","Street":"schuelar","Suffix":"blvd","City":"","State":"","Zip":"02657","StreetName":"Schuelar Blvd","Address":null,"StateName":null,"Zip4":null,"MAK":null,"AddressType":null,"RBDI":null,"Results":null,"NoSuffix":""},{"Number":"","Street":"seashore park","Suffix":"dr","City":"","State":"","Zip":"02657","StreetName":"Seashore Park Dr","Address":null,"StateName":null,"Zip4":null,"MAK":null,"AddressType":null,"RBDI":null,"Results":null,"NoSuffix":""},{"Number":"","Street":"shank painter","Suffix":"rd","City":"","State":"","Zip":"02657","StreetName":"Shank Painter Rd","Address":null,"StateName":null,"Zip4":null,"MAK":null,"AddressType":null,"RBDI":null,"Results":null,"NoSuffix":""},{"Number":"","Street":"ships way","Suffix":"rd","City":"","State":"","Zip":"02657","StreetName":"Ships Way Rd","Address":null,"StateName":null,"Zip4":null,"MAK":null,"AddressType":null,"RBDI":null,"Results":null,"NoSuffix":""},{"Number":"","Street":"ships way road","Suffix":"ext","City":"","State":"","Zip":"02657","StreetName":"Ships Way Road Ext","Address":null,"StateName":null,"Zip4":null,"MAK":null,"AddressType":null,"RBDI":null,"Results":null,"NoSuffix":""},{"Number":"","Street":"smalls","Suffix":"ct","City":"","State":"","Zip":"02657","StreetName":"Smalls Ct","Address":null,"StateName":null,"Zip4":null,"MAK":null,"AddressType":null,"RBDI":null,"Results":null,"NoSuffix":""},{"Number":"","Street":"snail","Suffix":"rd","City":"","State":"","Zip":"02657","StreetName":"Snail Rd","Address":null,"StateName":null,"Zip4":null,"MAK":null,"AddressType":null,"RBDI":null,"Results":null,"NoSuffix":""},{"Number":"","Street":"snow","Suffix":"st","City":"","State":"","Zip":"02657","StreetName":"Snow St","Address":null,"StateName":null,"Zip4":null,"MAK":null,"AddressType":null,"RBDI":null,"Results":null,"NoSuffix":""},{"Number":"","Street":"snows","Suffix":"ln","City":"","State":"","Zip":"02657","StreetName":"Snows Ln","Address":null,"StateName":null,"Zip4":null,"MAK":null,"AddressType":null,"RBDI":null,"Results":null,"NoSuffix":""},{"Number":"","Street":"somerset","Suffix":"rd","City":"","State":"","Zip":"02657","StreetName":"Somerset Rd","Address":null,"StateName":null,"Zip4":null,"MAK":null,"AddressType":null,"RBDI":null,"Results":null,"NoSuffix":""},{"Number":"","Street":"soper","Suffix":"st","City":"","State":"","Zip":"02657","StreetName":"Soper St","Address":null,"StateName":null,"Zip4":null,"MAK":null,"AddressType":null,"RBDI":null,"Results":null,"NoSuffix":""},{"Number":"","Street":"spinnaker","Suffix":"ln","City":"","State":"","Zip":"02657","StreetName":"Spinnaker Ln","Address":null,"StateName":null,"Zip4":null,"MAK":null,"AddressType":null,"RBDI":null,"Results":null,"NoSuffix":""},{"Number":"","Street":"stable","Suffix":"path","City":"","State":"","Zip":"02657","StreetName":"Stable Path","Address":null,"StateName":null,"Zip4":null,"MAK":null,"AddressType":null,"RBDI":null,"Results":null,"NoSuffix":""},{"Number":"","Street":"standish","Suffix":"ave","City":"","State":"","Zip":"02657","StreetName":"Standish Ave","Address":null,"StateName":null,"Zip4":null,"MAK":null,"AddressType":null,"RBDI":null,"Results":null,"NoSuffix":""},{"Number":"","Street":"standish","Suffix":"st","City":"","State":"","Zip":"02657","StreetName":"Standish St","Address":null,"StateName":null,"Zip4":null,"MAK":null,"AddressType":null,"RBDI":null,"Results":null,"NoSuffix":""},{"Number":"","Street":"standish","Suffix":"way","City":"","State":"","Zip":"02657","StreetName":"Standish Way","Address":null,"StateName":null,"Zip4":null,"MAK":null,"AddressType":null,"RBDI":null,"Results":null,"NoSuffix":""},{"Number":"","Street":"stearns","Suffix":"ave","City":"","State":"","Zip":"02657","StreetName":"Stearns Ave","Address":null,"StateName":null,"Zip4":null,"MAK":null,"AddressType":null,"RBDI":null,"Results":null,"NoSuffix":""},{"Number":"","Street":"telegraph hill","Suffix":"rd","City":"","State":"","Zip":"02657","StreetName":"Telegraph Hill Rd","Address":null,"StateName":null,"Zip4":null,"MAK":null,"AddressType":null,"RBDI":null,"Results":null,"NoSuffix":""},{"Number":"","Street":"thistlemore","Suffix":"rd","City":"","State":"","Zip":"02657","StreetName":"Thistlemore Rd","Address":null,"StateName":null,"Zip4":null,"MAK":null,"AddressType":null,"RBDI":null,"Results":null,"NoSuffix":""},{"Number":"","Street":"thistlemore","Suffix":"way","City":"","State":"","Zip":"02657","StreetName":"Thistlemore Way","Address":null,"StateName":null,"Zip4":null,"MAK":null,"AddressType":null,"RBDI":null,"Results":null,"NoSuffix":""},{"Number":"","Street":"tin pan","Suffix":"aly","City":"","State":"","Zip":"02657","StreetName":"Tin Pan Aly","Address":null,"StateName":null,"Zip4":null,"MAK":null,"AddressType":null,"RBDI":null,"Results":null,"NoSuffix":""},{"Number":"","Street":"tinys","Suffix":"way","City":"","State":"","Zip":"02657","StreetName":"Tinys Way","Address":null,"StateName":null,"Zip4":null,"MAK":null,"AddressType":null,"RBDI":null,"Results":null,"NoSuffix":""},{"Number":"","Street":"tremont","Suffix":"st","City":"","State":"","Zip":"02657","StreetName":"Tremont St","Address":null,"StateName":null,"Zip4":null,"MAK":null,"AddressType":null,"RBDI":null,"Results":null,"NoSuffix":""},{"Number":"","Street":"upper miller hill","Suffix":"rd","City":"","State":"","Zip":"02657","StreetName":"Upper Miller Hill Rd","Address":null,"StateName":null,"Zip4":null,"MAK":null,"AddressType":null,"RBDI":null,"Results":null,"NoSuffix":""},{"Number":"","Street":"vine","Suffix":"st","City":"","State":"","Zip":"02657","StreetName":"Vine St","Address":null,"StateName":null,"Zip4":null,"MAK":null,"AddressType":null,"RBDI":null,"Results":null,"NoSuffix":""},{"Number":"","Street":"vorse","Suffix":"ln","City":"","State":"","Zip":"02657","StreetName":"Vorse Ln","Address":null,"StateName":null,"Zip4":null,"MAK":null,"AddressType":null,"RBDI":null,"Results":null,"NoSuffix":""},{"Number":"","Street":"wareham","Suffix":"rd","City":"","State":"","Zip":"02657","StreetName":"Wareham Rd","Address":null,"StateName":null,"Zip4":null,"MAK":null,"AddressType":null,"RBDI":null,"Results":null,"NoSuffix":""},{"Number":"","Street":"washington","Suffix":"ave","City":"","State":"","Zip":"02657","StreetName":"Washington Ave","Address":null,"StateName":null,"Zip4":null,"MAK":null,"AddressType":null,"RBDI":null,"Results":null,"NoSuffix":""},{"Number":"","Street":"watsons","Suffix":"ct","City":"","State":"","Zip":"02657","StreetName":"Watsons Ct","Address":null,"StateName":null,"Zip4":null,"MAK":null,"AddressType":null,"RBDI":null,"Results":null,"NoSuffix":""},{"Number":"","Street":"webster","Suffix":"ave","City":"","State":"","Zip":"02657","StreetName":"Webster Ave","Address":null,"StateName":null,"Zip4":null,"MAK":null,"AddressType":null,"RBDI":null,"Results":null,"NoSuffix":""},{"Number":"","Street":"webster","Suffix":"pl","City":"","State":"","Zip":"02657","StreetName":"Webster Pl","Address":null,"StateName":null,"Zip4":null,"MAK":null,"AddressType":null,"RBDI":null,"Results":null,"NoSuffix":""},{"Number":"","Street":"whorfs","Suffix":"ct","City":"","State":"","Zip":"02657","StreetName":"Whorfs Ct","Address":null,"StateName":null,"Zip4":null,"MAK":null,"AddressType":null,"RBDI":null,"Results":null,"NoSuffix":""},{"Number":"","Street":"willow","Suffix":"dr","City":"","State":"","Zip":"02657","StreetName":"Willow Dr","Address":null,"StateName":null,"Zip4":null,"MAK":null,"AddressType":null,"RBDI":null,"Results":null,"NoSuffix":""},{"Number":"","Street":"winslow","Suffix":"st","City":"","State":"","Zip":"02657","StreetName":"Winslow St","Address":null,"StateName":null,"Zip4":null,"MAK":null,"AddressType":null,"RBDI":null,"Results":null,"NoSuffix":""},{"Number":"","Street":"winston","Suffix":"ave","City":"","State":"","Zip":"02657","StreetName":"Winston Ave","Address":null,"StateName":null,"Zip4":null,"MAK":null,"AddressType":null,"RBDI":null,"Results":null,"NoSuffix":""},{"Number":"","Street":"winston","Suffix":"ct","City":"","State":"","Zip":"02657","StreetName":"Winston Ct","Address":null,"StateName":null,"Zip4":null,"MAK":null,"AddressType":null,"RBDI":null,"Results":null,"NoSuffix":""},{"Number":"","Street":"winthrop","Suffix":"pl","City":"","State":"","Zip":"02657","StreetName":"Winthrop Pl","Address":null,"StateName":null,"Zip4":null,"MAK":null,"AddressType":null,"RBDI":null,"Results":null,"NoSuffix":""},{"Number":"","Street":"winthrop","Suffix":"st","City":"","State":"","Zip":"02657","StreetName":"Winthrop St","Address":null,"StateName":null,"Zip4":null,"MAK":null,"AddressType":null,"RBDI":null,"Results":null,"NoSuffix":""},{"Number":"","Street":"youngs","Suffix":"ct","City":"","State":"","Zip":"02657","StreetName":"Youngs Ct","Address":null,"StateName":null,"Zip4":null,"MAK":null,"AddressType":null,"RBDI":null,"Results":null,"NoSuffix":""}]