[{"Number":"","Street":"acrebrook","Suffix":"dr","City":"","State":"","Zip":"01033","StreetName":"Acrebrook Dr","Address":null,"StateName":null,"Zip4":null,"MAK":null,"AddressType":null,"RBDI":null,"Results":null,"NoSuffix":""},{"Number":"","Street":"aldrich","Suffix":"st","City":"","State":"","Zip":"01033","StreetName":"Aldrich St","Address":null,"StateName":null,"Zip4":null,"MAK":null,"AddressType":null,"RBDI":null,"Results":null,"NoSuffix":""},{"Number":"","Street":"amherst","Suffix":"rd","City":"","State":"","Zip":"01033","StreetName":"Amherst Rd","Address":null,"StateName":null,"Zip4":null,"MAK":null,"AddressType":null,"RBDI":null,"Results":null,"NoSuffix":""},{"Number":"","Street":"amherst","Suffix":"st","City":"","State":"","Zip":"01033","StreetName":"Amherst St","Address":null,"StateName":null,"Zip4":null,"MAK":null,"AddressType":null,"RBDI":null,"Results":null,"NoSuffix":""},{"Number":"","Street":"baggs hill","Suffix":"rd","City":"","State":"","Zip":"01033","StreetName":"Baggs Hill Rd","Address":null,"StateName":null,"Zip4":null,"MAK":null,"AddressType":null,"RBDI":null,"Results":null,"NoSuffix":""},{"Number":"","Street":"barton","Suffix":"st","City":"","State":"","Zip":"01033","StreetName":"Barton St","Address":null,"StateName":null,"Zip4":null,"MAK":null,"AddressType":null,"RBDI":null,"Results":null,"NoSuffix":""},{"Number":"","Street":"batchelor","Suffix":"st","City":"","State":"","Zip":"01033","StreetName":"Batchelor St","Address":null,"StateName":null,"Zip4":null,"MAK":null,"AddressType":null,"RBDI":null,"Results":null,"NoSuffix":""},{"Number":"","Street":"bittersweet","Suffix":"ln","City":"","State":"","Zip":"01033","StreetName":"Bittersweet Ln","Address":null,"StateName":null,"Zip4":null,"MAK":null,"AddressType":null,"RBDI":null,"Results":null,"NoSuffix":""},{"Number":"","Street":"breezy","Suffix":"ln","City":"","State":"","Zip":"01033","StreetName":"Breezy Ln","Address":null,"StateName":null,"Zip4":null,"MAK":null,"AddressType":null,"RBDI":null,"Results":null,"NoSuffix":""},{"Number":"","Street":"burke","Suffix":"ln","City":"","State":"","Zip":"01033","StreetName":"Burke Ln","Address":null,"StateName":null,"Zip4":null,"MAK":null,"AddressType":null,"RBDI":null,"Results":null,"NoSuffix":""},{"Number":"","Street":"burnett","Suffix":"st","City":"","State":"","Zip":"01033","StreetName":"Burnett St","Address":null,"StateName":null,"Zip4":null,"MAK":null,"AddressType":null,"RBDI":null,"Results":null,"NoSuffix":""},{"Number":"","Street":"carver","Suffix":"st","City":"","State":"","Zip":"01033","StreetName":"Carver St","Address":null,"StateName":null,"Zip4":null,"MAK":null,"AddressType":null,"RBDI":null,"Results":null,"NoSuffix":""},{"Number":"","Street":"cedar","Suffix":"dr","City":"","State":"","Zip":"01033","StreetName":"Cedar Dr","Address":null,"StateName":null,"Zip4":null,"MAK":null,"AddressType":null,"RBDI":null,"Results":null,"NoSuffix":""},{"Number":"","Street":"center","Suffix":"st","City":"","State":"","Zip":"01033","StreetName":"Center St","Address":null,"StateName":null,"Zip4":null,"MAK":null,"AddressType":null,"RBDI":null,"Results":null,"NoSuffix":""},{"Number":"","Street":"chicopee","Suffix":"st","City":"","State":"","Zip":"01033","StreetName":"Chicopee St","Address":null,"StateName":null,"Zip4":null,"MAK":null,"AddressType":null,"RBDI":null,"Results":null,"NoSuffix":""},{"Number":"","Street":"circle","Suffix":"dr","City":"","State":"","Zip":"01033","StreetName":"Circle Dr","Address":null,"StateName":null,"Zip4":null,"MAK":null,"AddressType":null,"RBDI":null,"Results":null,"NoSuffix":""},{"Number":"","Street":"cold hill","Suffix":"dr","City":"","State":"","Zip":"01033","StreetName":"Cold Hill Dr","Address":null,"StateName":null,"Zip4":null,"MAK":null,"AddressType":null,"RBDI":null,"Results":null,"NoSuffix":""},{"Number":"","Street":"cold hill","Suffix":"rd","City":"","State":"","Zip":"01033","StreetName":"Cold Hill Rd","Address":null,"StateName":null,"Zip4":null,"MAK":null,"AddressType":null,"RBDI":null,"Results":null,"NoSuffix":""},{"Number":"","Street":"common","Suffix":"st","City":"","State":"","Zip":"01033","StreetName":"Common St","Address":null,"StateName":null,"Zip4":null,"MAK":null,"AddressType":null,"RBDI":null,"Results":null,"NoSuffix":""},{"Number":"","Street":"country view","Suffix":"ln","City":"","State":"","Zip":"01033","StreetName":"Country View Ln","Address":null,"StateName":null,"Zip4":null,"MAK":null,"AddressType":null,"RBDI":null,"Results":null,"NoSuffix":""},{"Number":"","Street":"crescent","Suffix":"st","City":"","State":"","Zip":"01033","StreetName":"Crescent St","Address":null,"StateName":null,"Zip4":null,"MAK":null,"AddressType":null,"RBDI":null,"Results":null,"NoSuffix":""},{"Number":"","Street":"darrel","Suffix":"ave","City":"","State":"","Zip":"01033","StreetName":"Darrel Ave","Address":null,"StateName":null,"Zip4":null,"MAK":null,"AddressType":null,"RBDI":null,"Results":null,"NoSuffix":""},{"Number":"","Street":"deerbrook","Suffix":"dr","City":"","State":"","Zip":"01033","StreetName":"Deerbrook Dr","Address":null,"StateName":null,"Zip4":null,"MAK":null,"AddressType":null,"RBDI":null,"Results":null,"NoSuffix":""},{"Number":"","Street":"dian","Suffix":"st","City":"","State":"","Zip":"01033","StreetName":"Dian St","Address":null,"StateName":null,"Zip4":null,"MAK":null,"AddressType":null,"RBDI":null,"Results":null,"NoSuffix":""},{"Number":"","Street":"east","Suffix":"st","City":"","State":"","Zip":"01033","StreetName":"East St","Address":null,"StateName":null,"Zip4":null,"MAK":null,"AddressType":null,"RBDI":null,"Results":null,"NoSuffix":""},{"Number":"","Street":"easton","Suffix":"st","City":"","State":"","Zip":"01033","StreetName":"Easton St","Address":null,"StateName":null,"Zip4":null,"MAK":null,"AddressType":null,"RBDI":null,"Results":null,"NoSuffix":""},{"Number":"","Street":"ferry hill","Suffix":"rd","City":"","State":"","Zip":"01033","StreetName":"Ferry Hill Rd","Address":null,"StateName":null,"Zip4":null,"MAK":null,"AddressType":null,"RBDI":null,"Results":null,"NoSuffix":""},{"Number":"","Street":"forge pond","Suffix":"rd","City":"","State":"","Zip":"01033","StreetName":"Forge Pond Rd","Address":null,"StateName":null,"Zip4":null,"MAK":null,"AddressType":null,"RBDI":null,"Results":null,"NoSuffix":""},{"Number":"","Street":"fred ruel","Suffix":"rd","City":"","State":"","Zip":"01033","StreetName":"Fred Ruel Rd","Address":null,"StateName":null,"Zip4":null,"MAK":null,"AddressType":null,"RBDI":null,"Results":null,"NoSuffix":""},{"Number":"","Street":"granby","Suffix":"hts","City":"","State":"","Zip":"01033","StreetName":"Granby Hts","Address":null,"StateName":null,"Zip4":null,"MAK":null,"AddressType":null,"RBDI":null,"Results":null,"NoSuffix":""},{"Number":"","Street":"grandview","Suffix":"ave","City":"","State":"","Zip":"01033","StreetName":"Grandview Ave","Address":null,"StateName":null,"Zip4":null,"MAK":null,"AddressType":null,"RBDI":null,"Results":null,"NoSuffix":""},{"Number":"","Street":"greenmeadow","Suffix":"ln","City":"","State":"","Zip":"01033","StreetName":"Greenmeadow Ln","Address":null,"StateName":null,"Zip4":null,"MAK":null,"AddressType":null,"RBDI":null,"Results":null,"NoSuffix":""},{"Number":"","Street":"greystone","Suffix":"ave","City":"","State":"","Zip":"01033","StreetName":"Greystone Ave","Address":null,"StateName":null,"Zip4":null,"MAK":null,"AddressType":null,"RBDI":null,"Results":null,"NoSuffix":""},{"Number":"","Street":"griswold","Suffix":"cir","City":"","State":"","Zip":"01033","StreetName":"Griswold Cir","Address":null,"StateName":null,"Zip4":null,"MAK":null,"AddressType":null,"RBDI":null,"Results":null,"NoSuffix":""},{"Number":"","Street":"harris","Suffix":"st","City":"","State":"","Zip":"01033","StreetName":"Harris St","Address":null,"StateName":null,"Zip4":null,"MAK":null,"AddressType":null,"RBDI":null,"Results":null,"NoSuffix":""},{"Number":"","Street":"high","Suffix":"st","City":"","State":"","Zip":"01033","StreetName":"High St","Address":null,"StateName":null,"Zip4":null,"MAK":null,"AddressType":null,"RBDI":null,"Results":null,"NoSuffix":""},{"Number":"","Street":"hilltop acres","Suffix":"","City":"","State":"","Zip":"01033","StreetName":"Hilltop Acres","Address":null,"StateName":null,"Zip4":null,"MAK":null,"AddressType":null,"RBDI":null,"Results":null,"NoSuffix":"t"},{"Number":"","Street":"hubbard","Suffix":"dr","City":"","State":"","Zip":"01033","StreetName":"Hubbard Dr","Address":null,"StateName":null,"Zip4":null,"MAK":null,"AddressType":null,"RBDI":null,"Results":null,"NoSuffix":""},{"Number":"","Street":"jackielyn","Suffix":"cir","City":"","State":"","Zip":"01033","StreetName":"Jackielyn Cir","Address":null,"StateName":null,"Zip4":null,"MAK":null,"AddressType":null,"RBDI":null,"Results":null,"NoSuffix":""},{"Number":"","Street":"jennifer","Suffix":"dr","City":"","State":"","Zip":"01033","StreetName":"Jennifer Dr","Address":null,"StateName":null,"Zip4":null,"MAK":null,"AddressType":null,"RBDI":null,"Results":null,"NoSuffix":""},{"Number":"","Street":"jerry","Suffix":"ln","City":"","State":"","Zip":"01033","StreetName":"Jerry Ln","Address":null,"StateName":null,"Zip4":null,"MAK":null,"AddressType":null,"RBDI":null,"Results":null,"NoSuffix":""},{"Number":"","Street":"karen","Suffix":"dr","City":"","State":"","Zip":"01033","StreetName":"Karen Dr","Address":null,"StateName":null,"Zip4":null,"MAK":null,"AddressType":null,"RBDI":null,"Results":null,"NoSuffix":""},{"Number":"","Street":"kellogg","Suffix":"st","City":"","State":"","Zip":"01033","StreetName":"Kellogg St","Address":null,"StateName":null,"Zip4":null,"MAK":null,"AddressType":null,"RBDI":null,"Results":null,"NoSuffix":""},{"Number":"","Street":"ken","Suffix":"ln","City":"","State":"","Zip":"01033","StreetName":"Ken Ln","Address":null,"StateName":null,"Zip4":null,"MAK":null,"AddressType":null,"RBDI":null,"Results":null,"NoSuffix":""},{"Number":"","Street":"kendall","Suffix":"st","City":"","State":"","Zip":"01033","StreetName":"Kendall St","Address":null,"StateName":null,"Zip4":null,"MAK":null,"AddressType":null,"RBDI":null,"Results":null,"NoSuffix":""},{"Number":"","Street":"kizior","Suffix":"dr","City":"","State":"","Zip":"01033","StreetName":"Kizior Dr","Address":null,"StateName":null,"Zip4":null,"MAK":null,"AddressType":null,"RBDI":null,"Results":null,"NoSuffix":""},{"Number":"","Street":"lakeview","Suffix":"ave","City":"","State":"","Zip":"01033","StreetName":"Lakeview Ave","Address":null,"StateName":null,"Zip4":null,"MAK":null,"AddressType":null,"RBDI":null,"Results":null,"NoSuffix":""},{"Number":"","Street":"lanebrook","Suffix":"cir","City":"","State":"","Zip":"01033","StreetName":"Lanebrook Cir","Address":null,"StateName":null,"Zip4":null,"MAK":null,"AddressType":null,"RBDI":null,"Results":null,"NoSuffix":""},{"Number":"","Street":"leo","Suffix":"dr","City":"","State":"","Zip":"01033","StreetName":"Leo Dr","Address":null,"StateName":null,"Zip4":null,"MAK":null,"AddressType":null,"RBDI":null,"Results":null,"NoSuffix":""},{"Number":"","Street":"library","Suffix":"ln","City":"","State":"","Zip":"01033","StreetName":"Library Ln","Address":null,"StateName":null,"Zip4":null,"MAK":null,"AddressType":null,"RBDI":null,"Results":null,"NoSuffix":""},{"Number":"","Street":"lyman","Suffix":"st","City":"","State":"","Zip":"01033","StreetName":"Lyman St","Address":null,"StateName":null,"Zip4":null,"MAK":null,"AddressType":null,"RBDI":null,"Results":null,"NoSuffix":""},{"Number":"","Street":"lyn","Suffix":"dr","City":"","State":"","Zip":"01033","StreetName":"Lyn Dr","Address":null,"StateName":null,"Zip4":null,"MAK":null,"AddressType":null,"RBDI":null,"Results":null,"NoSuffix":""},{"Number":"","Street":"lyons","Suffix":"st","City":"","State":"","Zip":"01033","StreetName":"Lyons St","Address":null,"StateName":null,"Zip4":null,"MAK":null,"AddressType":null,"RBDI":null,"Results":null,"NoSuffix":""},{"Number":"","Street":"mary lyon","Suffix":"dr","City":"","State":"","Zip":"01033","StreetName":"Mary Lyon Dr","Address":null,"StateName":null,"Zip4":null,"MAK":null,"AddressType":null,"RBDI":null,"Results":null,"NoSuffix":""},{"Number":"","Street":"maximilian","Suffix":"dr","City":"","State":"","Zip":"01033","StreetName":"Maximilian Dr","Address":null,"StateName":null,"Zip4":null,"MAK":null,"AddressType":null,"RBDI":null,"Results":null,"NoSuffix":""},{"Number":"","Street":"mcdonald","Suffix":"ave","City":"","State":"","Zip":"01033","StreetName":"Mcdonald Ave","Address":null,"StateName":null,"Zip4":null,"MAK":null,"AddressType":null,"RBDI":null,"Results":null,"NoSuffix":""},{"Number":"","Street":"meadow glen","Suffix":"dr","City":"","State":"","Zip":"01033","StreetName":"Meadow Glen Dr","Address":null,"StateName":null,"Zip4":null,"MAK":null,"AddressType":null,"RBDI":null,"Results":null,"NoSuffix":""},{"Number":"","Street":"miller","Suffix":"st","City":"","State":"","Zip":"01033","StreetName":"Miller St","Address":null,"StateName":null,"Zip4":null,"MAK":null,"AddressType":null,"RBDI":null,"Results":null,"NoSuffix":""},{"Number":"","Street":"morgan","Suffix":"st","City":"","State":"","Zip":"01033","StreetName":"Morgan St","Address":null,"StateName":null,"Zip4":null,"MAK":null,"AddressType":null,"RBDI":null,"Results":null,"NoSuffix":""},{"Number":"","Street":"munsing","Suffix":"rdg","City":"","State":"","Zip":"01033","StreetName":"Munsing Rdg","Address":null,"StateName":null,"Zip4":null,"MAK":null,"AddressType":null,"RBDI":null,"Results":null,"NoSuffix":""},{"Number":"","Street":"new ludlow","Suffix":"rd","City":"","State":"","Zip":"01033","StreetName":"New Ludlow Rd","Address":null,"StateName":null,"Zip4":null,"MAK":null,"AddressType":null,"RBDI":null,"Results":null,"NoSuffix":""},{"Number":"","Street":"norman","Suffix":"ave","City":"","State":"","Zip":"01033","StreetName":"Norman Ave","Address":null,"StateName":null,"Zip4":null,"MAK":null,"AddressType":null,"RBDI":null,"Results":null,"NoSuffix":""},{"Number":"","Street":"north","Suffix":"st","City":"","State":"","Zip":"01033","StreetName":"North St","Address":null,"StateName":null,"Zip4":null,"MAK":null,"AddressType":null,"RBDI":null,"Results":null,"NoSuffix":""},{"Number":"","Street":"oak","Suffix":"dr","City":"","State":"","Zip":"01033","StreetName":"Oak Dr","Address":null,"StateName":null,"Zip4":null,"MAK":null,"AddressType":null,"RBDI":null,"Results":null,"NoSuffix":""},{"Number":"","Street":"old mill","Suffix":"ln","City":"","State":"","Zip":"01033","StreetName":"Old Mill Ln","Address":null,"StateName":null,"Zip4":null,"MAK":null,"AddressType":null,"RBDI":null,"Results":null,"NoSuffix":""},{"Number":"","Street":"parish hill","Suffix":"rd","City":"","State":"","Zip":"01033","StreetName":"Parish Hill Rd","Address":null,"StateName":null,"Zip4":null,"MAK":null,"AddressType":null,"RBDI":null,"Results":null,"NoSuffix":""},{"Number":"","Street":"pheasant","Suffix":"hl","City":"","State":"","Zip":"01033","StreetName":"Pheasant Hl","Address":null,"StateName":null,"Zip4":null,"MAK":null,"AddressType":null,"RBDI":null,"Results":null,"NoSuffix":""},{"Number":"","Street":"philip","Suffix":"cir","City":"","State":"","Zip":"01033","StreetName":"Philip Cir","Address":null,"StateName":null,"Zip4":null,"MAK":null,"AddressType":null,"RBDI":null,"Results":null,"NoSuffix":""},{"Number":"","Street":"phins hill","Suffix":"mnr","City":"","State":"","Zip":"01033","StreetName":"Phins Hill Mnr","Address":null,"StateName":null,"Zip4":null,"MAK":null,"AddressType":null,"RBDI":null,"Results":null,"NoSuffix":""},{"Number":"","Street":"pinebrook","Suffix":"cir","City":"","State":"","Zip":"01033","StreetName":"Pinebrook Cir","Address":null,"StateName":null,"Zip4":null,"MAK":null,"AddressType":null,"RBDI":null,"Results":null,"NoSuffix":""},{"Number":"","Street":"pleasant","Suffix":"st","City":"","State":"","Zip":"01033","StreetName":"Pleasant St","Address":null,"StateName":null,"Zip4":null,"MAK":null,"AddressType":null,"RBDI":null,"Results":null,"NoSuffix":""},{"Number":"","Street":"po box","Suffix":"","City":"","State":"","Zip":"01033","StreetName":"Po Box","Address":null,"StateName":null,"Zip4":null,"MAK":null,"AddressType":null,"RBDI":null,"Results":null,"NoSuffix":"t"},{"Number":"","Street":"porter","Suffix":"st","City":"","State":"","Zip":"01033","StreetName":"Porter St","Address":null,"StateName":null,"Zip4":null,"MAK":null,"AddressType":null,"RBDI":null,"Results":null,"NoSuffix":""},{"Number":"","Street":"ridge","Suffix":"path","City":"","State":"","Zip":"01033","StreetName":"Ridge Path","Address":null,"StateName":null,"Zip4":null,"MAK":null,"AddressType":null,"RBDI":null,"Results":null,"NoSuffix":""},{"Number":"","Street":"school","Suffix":"st","City":"","State":"","Zip":"01033","StreetName":"School St","Address":null,"StateName":null,"Zip4":null,"MAK":null,"AddressType":null,"RBDI":null,"Results":null,"NoSuffix":""},{"Number":"","Street":"sherwood","Suffix":"dr","City":"","State":"","Zip":"01033","StreetName":"Sherwood Dr","Address":null,"StateName":null,"Zip4":null,"MAK":null,"AddressType":null,"RBDI":null,"Results":null,"NoSuffix":""},{"Number":"","Street":"smith","Suffix":"ave","City":"","State":"","Zip":"01033","StreetName":"Smith Ave","Address":null,"StateName":null,"Zip4":null,"MAK":null,"AddressType":null,"RBDI":null,"Results":null,"NoSuffix":""},{"Number":"","Street":"south","Suffix":"st","City":"","State":"","Zip":"01033","StreetName":"South St","Address":null,"StateName":null,"Zip4":null,"MAK":null,"AddressType":null,"RBDI":null,"Results":null,"NoSuffix":""},{"Number":"","Street":"state","Suffix":"st","City":"","State":"","Zip":"01033","StreetName":"State St","Address":null,"StateName":null,"Zip4":null,"MAK":null,"AddressType":null,"RBDI":null,"Results":null,"NoSuffix":""},{"Number":"","Street":"taylor","Suffix":"st","City":"","State":"","Zip":"01033","StreetName":"Taylor St","Address":null,"StateName":null,"Zip4":null,"MAK":null,"AddressType":null,"RBDI":null,"Results":null,"NoSuffix":""},{"Number":"","Street":"trompke","Suffix":"ave","City":"","State":"","Zip":"01033","StreetName":"Trompke Ave","Address":null,"StateName":null,"Zip4":null,"MAK":null,"AddressType":null,"RBDI":null,"Results":null,"NoSuffix":""},{"Number":"","Street":"trout lily","Suffix":"ln","City":"","State":"","Zip":"01033","StreetName":"Trout Lily Ln","Address":null,"StateName":null,"Zip4":null,"MAK":null,"AddressType":null,"RBDI":null,"Results":null,"NoSuffix":""},{"Number":"","Street":"truby","Suffix":"st","City":"","State":"","Zip":"01033","StreetName":"Truby St","Address":null,"StateName":null,"Zip4":null,"MAK":null,"AddressType":null,"RBDI":null,"Results":null,"NoSuffix":""},{"Number":"","Street":"virginia","Suffix":"dr","City":"","State":"","Zip":"01033","StreetName":"Virginia Dr","Address":null,"StateName":null,"Zip4":null,"MAK":null,"AddressType":null,"RBDI":null,"Results":null,"NoSuffix":""},{"Number":"","Street":"west","Suffix":"st","City":"","State":"","Zip":"01033","StreetName":"West St","Address":null,"StateName":null,"Zip4":null,"MAK":null,"AddressType":null,"RBDI":null,"Results":null,"NoSuffix":""},{"Number":"","Street":"wood","Suffix":"ave","City":"","State":"","Zip":"01033","StreetName":"Wood Ave","Address":null,"StateName":null,"Zip4":null,"MAK":null,"AddressType":null,"RBDI":null,"Results":null,"NoSuffix":""},{"Number":"","Street":"woodside","Suffix":"ter","City":"","State":"","Zip":"01033","StreetName":"Woodside Ter","Address":null,"StateName":null,"Zip4":null,"MAK":null,"AddressType":null,"RBDI":null,"Results":null,"NoSuffix":""}]